campaign_name,day_of_week,hour,weeks_observed,weeks_high,weeks_low,weeks_dead,consistency,avg_cpa,avg_cpa_deviation_pct
"JM I DSA I FC'S I CAT'S",SUNDAY,0,4,3,0,1,confirmed,,
"JM I DSA I FC'S I CAT'S",SUNDAY,1,4,2,0,2,unconfirmed,,
"JM I DSA I FC'S I CAT'S",SUNDAY,2,4,0,0,4,confirmed,,
"JM I DSA I FC'S I CAT'S",SUNDAY,3,4,1,0,3,confirmed,,
"JM I DSA I FC'S I CAT'S",SUNDAY,4,4,2,0,2,unconfirmed,,
"JM I DSA I FC'S I CAT'S",SUNDAY,5,4,1,0,3,confirmed,,
"JM I DSA I FC'S I CAT'S",SUNDAY,6,4,0,0,4,confirmed,,
"JM I DSA I FC'S I CAT'S",SUNDAY,8,4,1,0,3,confirmed,,
"JM I DSA I FC'S I CAT'S",SUNDAY,9,4,3,0,1,confirmed,,
"JM I DSA I FC'S I CAT'S",SUNDAY,10,4,2,0,2,unconfirmed,,
"JM I DSA I FC'S I CAT'S",SUNDAY,11,4,2,0,2,unconfirmed,,
"JM I DSA I FC'S I CAT'S",SUNDAY,12,4,1,0,3,confirmed,,
"JM I DSA I FC'S I CAT'S",SUNDAY,13,4,1,0,3,confirmed,,
"JM I DSA I FC'S I CAT'S",SUNDAY,14,4,3,0,1,confirmed,,
"JM I DSA I FC'S I CAT'S",SUNDAY,15,4,4,0,0,confirmed,,
"JM I DSA I FC'S I CAT'S",SUNDAY,16,4,2,0,2,unconfirmed,,
"JM I DSA I FC'S I CAT'S",SUNDAY,17,4,3,0,1,confirmed,,
"JM I DSA I FC'S I CAT'S",SUNDAY,18,4,3,0,1,confirmed,,
"JM I DSA I FC'S I CAT'S",SUNDAY,19,4,3,1,0,confirmed,4.25,-75.3
"JM I DSA I FC'S I CAT'S",SUNDAY,20,4,4,0,0,confirmed,,
"JM I DSA I FC'S I CAT'S",SUNDAY,21,4,3,0,1,confirmed,,
"JM I DSA I FC'S I CAT'S",SUNDAY,22,4,2,0,2,unconfirmed,,
"JM I DSA I FC'S I CAT'S",SUNDAY,23,4,4,0,0,confirmed,,
"JM I DSA I FC'S I CAT'S",SUNDAY,7,3,0,0,3,insufficient,,
"JM I DSA I FC'S I CAT'S",MONDAY,0,4,3,0,1,confirmed,,
"JM I DSA I FC'S I CAT'S",MONDAY,1,4,2,0,2,unconfirmed,,
"JM I DSA I FC'S I CAT'S",MONDAY,2,4,1,0,3,confirmed,,
"JM I DSA I FC'S I CAT'S",MONDAY,3,4,0,0,4,confirmed,,
"JM I DSA I FC'S I CAT'S",MONDAY,4,4,1,0,3,confirmed,,
"JM I DSA I FC'S I CAT'S",MONDAY,6,4,2,0,2,unconfirmed,,
"JM I DSA I FC'S I CAT'S",MONDAY,7,4,3,0,1,confirmed,,
"JM I DSA I FC'S I CAT'S",MONDAY,8,4,2,1,1,unconfirmed,0.76,-95.6
"JM I DSA I FC'S I CAT'S",MONDAY,9,4,1,0,3,confirmed,,
"JM I DSA I FC'S I CAT'S",MONDAY,10,4,2,0,2,unconfirmed,,
"JM I DSA I FC'S I CAT'S",MONDAY,11,4,2,0,2,unconfirmed,,
"JM I DSA I FC'S I CAT'S",MONDAY,12,4,0,1,3,confirmed,0.89,-94.8
"JM I DSA I FC'S I CAT'S",MONDAY,13,4,1,0,3,confirmed,,
"JM I DSA I FC'S I CAT'S",MONDAY,14,4,3,0,1,confirmed,,
"JM I DSA I FC'S I CAT'S",MONDAY,15,4,2,0,2,unconfirmed,,
"JM I DSA I FC'S I CAT'S",MONDAY,16,4,3,0,1,confirmed,,
"JM I DSA I FC'S I CAT'S",MONDAY,17,4,3,0,1,confirmed,,
"JM I DSA I FC'S I CAT'S",MONDAY,18,4,3,0,1,confirmed,,
"JM I DSA I FC'S I CAT'S",MONDAY,19,4,4,0,0,confirmed,,
"JM I DSA I FC'S I CAT'S",MONDAY,20,4,4,0,0,confirmed,,
"JM I DSA I FC'S I CAT'S",MONDAY,21,4,2,0,2,unconfirmed,,
"JM I DSA I FC'S I CAT'S",MONDAY,22,4,4,0,0,confirmed,,
"JM I DSA I FC'S I CAT'S",MONDAY,23,4,3,0,1,confirmed,,
"JM I DSA I FC'S I CAT'S",MONDAY,5,3,3,0,0,insufficient,,
"JM I DSA I FC'S I CAT'S",TUESDAY,0,5,2,1,2,unconfirmed,5.97,-65.2
"JM I DSA I FC'S I CAT'S",TUESDAY,1,5,3,0,2,unconfirmed,,
"JM I DSA I FC'S I CAT'S",TUESDAY,2,5,3,0,2,unconfirmed,,
"JM I DSA I FC'S I CAT'S",TUESDAY,3,5,4,0,1,confirmed,,
"JM I DSA I FC'S I CAT'S",TUESDAY,5,5,2,0,3,unconfirmed,,
"JM I DSA I FC'S I CAT'S",TUESDAY,9,5,3,1,1,unconfirmed,16.86,-1.8
"JM I DSA I FC'S I CAT'S",TUESDAY,10,5,0,0,5,confirmed,,
"JM I DSA I FC'S I CAT'S",TUESDAY,11,5,4,0,1,confirmed,,
"JM I DSA I FC'S I CAT'S",TUESDAY,12,5,2,0,3,unconfirmed,,
"JM I DSA I FC'S I CAT'S",TUESDAY,13,5,4,0,1,confirmed,,
"JM I DSA I FC'S I CAT'S",TUESDAY,14,5,3,0,2,unconfirmed,,
"JM I DSA I FC'S I CAT'S",TUESDAY,15,5,3,0,2,unconfirmed,,
"JM I DSA I FC'S I CAT'S",TUESDAY,16,5,1,1,3,unconfirmed,3.16,-81.6
"JM I DSA I FC'S I CAT'S",TUESDAY,17,5,5,0,0,confirmed,,
"JM I DSA I FC'S I CAT'S",TUESDAY,18,5,3,1,1,unconfirmed,3.61,-79.0
"JM I DSA I FC'S I CAT'S",TUESDAY,19,5,3,2,0,unconfirmed,3.78,-78.0
"JM I DSA I FC'S I CAT'S",TUESDAY,20,5,5,0,0,confirmed,,
"JM I DSA I FC'S I CAT'S",TUESDAY,21,5,3,0,2,unconfirmed,,
"JM I DSA I FC'S I CAT'S",TUESDAY,22,5,4,0,1,confirmed,,
"JM I DSA I FC'S I CAT'S",TUESDAY,23,5,3,0,2,unconfirmed,,
"JM I DSA I FC'S I CAT'S",TUESDAY,4,4,2,0,2,unconfirmed,,
"JM I DSA I FC'S I CAT'S",TUESDAY,6,4,3,0,1,confirmed,,
"JM I DSA I FC'S I CAT'S",TUESDAY,7,4,2,0,2,unconfirmed,,
"JM I DSA I FC'S I CAT'S",TUESDAY,8,4,3,0,1,confirmed,,
"JM I DSA I FC'S I CAT'S",WEDNESDAY,0,5,4,0,1,confirmed,,
"JM I DSA I FC'S I CAT'S",WEDNESDAY,1,5,2,1,2,unconfirmed,8.24,-52.0
"JM I DSA I FC'S I CAT'S",WEDNESDAY,2,5,4,0,1,confirmed,,
"JM I DSA I FC'S I CAT'S",WEDNESDAY,3,5,2,0,3,unconfirmed,,
"JM I DSA I FC'S I CAT'S",WEDNESDAY,4,5,0,0,5,confirmed,,
"JM I DSA I FC'S I CAT'S",WEDNESDAY,5,5,0,1,4,confirmed,2.11,-87.7
"JM I DSA I FC'S I CAT'S",WEDNESDAY,6,5,3,0,2,unconfirmed,,
"JM I DSA I FC'S I CAT'S",WEDNESDAY,7,5,1,2,2,unconfirmed,0.91,-94.7
"JM I DSA I FC'S I CAT'S",WEDNESDAY,8,5,3,0,2,unconfirmed,,
"JM I DSA I FC'S I CAT'S",WEDNESDAY,9,5,3,0,2,unconfirmed,,
"JM I DSA I FC'S I CAT'S",WEDNESDAY,10,5,1,1,3,unconfirmed,8.03,-53.2
"JM I DSA I FC'S I CAT'S",WEDNESDAY,11,5,4,0,1,confirmed,,
"JM I DSA I FC'S I CAT'S",WEDNESDAY,12,5,2,0,3,unconfirmed,,
"JM I DSA I FC'S I CAT'S",WEDNESDAY,13,5,3,0,2,unconfirmed,,
"JM I DSA I FC'S I CAT'S",WEDNESDAY,14,5,1,0,4,confirmed,,
"JM I DSA I FC'S I CAT'S",WEDNESDAY,15,5,4,0,1,confirmed,,
"JM I DSA I FC'S I CAT'S",WEDNESDAY,16,5,2,0,3,unconfirmed,,
"JM I DSA I FC'S I CAT'S",WEDNESDAY,17,5,2,0,3,unconfirmed,,
"JM I DSA I FC'S I CAT'S",WEDNESDAY,18,5,4,0,1,confirmed,,
"JM I DSA I FC'S I CAT'S",WEDNESDAY,19,5,3,0,2,unconfirmed,,
"JM I DSA I FC'S I CAT'S",WEDNESDAY,20,5,5,0,0,confirmed,,
"JM I DSA I FC'S I CAT'S",WEDNESDAY,21,5,4,1,0,confirmed,4.30,-75.0
"JM I DSA I FC'S I CAT'S",WEDNESDAY,22,5,3,0,2,unconfirmed,,
"JM I DSA I FC'S I CAT'S",WEDNESDAY,23,5,2,1,2,unconfirmed,1.07,-93.8
"JM I DSA I FC'S I CAT'S",THURSDAY,0,4,2,0,2,unconfirmed,,
"JM I DSA I FC'S I CAT'S",THURSDAY,1,4,3,0,1,confirmed,,
"JM I DSA I FC'S I CAT'S",THURSDAY,2,4,1,0,3,confirmed,,
"JM I DSA I FC'S I CAT'S",THURSDAY,3,4,1,0,3,confirmed,,
"JM I DSA I FC'S I CAT'S",THURSDAY,4,4,0,0,4,confirmed,,
"JM I DSA I FC'S I CAT'S",THURSDAY,5,4,1,0,3,confirmed,,
"JM I DSA I FC'S I CAT'S",THURSDAY,6,4,1,0,3,confirmed,,
"JM I DSA I FC'S I CAT'S",THURSDAY,7,4,2,0,2,unconfirmed,,
"JM I DSA I FC'S I CAT'S",THURSDAY,8,4,4,0,0,confirmed,,
"JM I DSA I FC'S I CAT'S",THURSDAY,9,4,1,0,3,confirmed,,
"JM I DSA I FC'S I CAT'S",THURSDAY,10,4,0,0,4,confirmed,,
"JM I DSA I FC'S I CAT'S",THURSDAY,11,4,2,1,1,unconfirmed,0.86,-95.0
"JM I DSA I FC'S I CAT'S",THURSDAY,12,4,2,0,2,unconfirmed,,
"JM I DSA I FC'S I CAT'S",THURSDAY,13,4,1,0,3,confirmed,,
"JM I DSA I FC'S I CAT'S",THURSDAY,14,4,1,1,2,unconfirmed,2.94,-82.9
"JM I DSA I FC'S I CAT'S",THURSDAY,15,4,2,0,2,unconfirmed,,
"JM I DSA I FC'S I CAT'S",THURSDAY,16,4,2,0,2,unconfirmed,,
"JM I DSA I FC'S I CAT'S",THURSDAY,17,4,3,0,1,confirmed,,
"JM I DSA I FC'S I CAT'S",THURSDAY,18,4,4,0,0,confirmed,,
"JM I DSA I FC'S I CAT'S",THURSDAY,19,4,2,0,2,unconfirmed,,
"JM I DSA I FC'S I CAT'S",THURSDAY,20,4,3,0,1,confirmed,,
"JM I DSA I FC'S I CAT'S",THURSDAY,21,4,3,0,1,confirmed,,
"JM I DSA I FC'S I CAT'S",THURSDAY,22,4,4,0,0,confirmed,,
"JM I DSA I FC'S I CAT'S",THURSDAY,23,4,2,0,2,unconfirmed,,
"JM I DSA I FC'S I CAT'S",FRIDAY,0,4,2,1,1,unconfirmed,0.73,-95.8
"JM I DSA I FC'S I CAT'S",FRIDAY,1,4,2,0,2,unconfirmed,,
"JM I DSA I FC'S I CAT'S",FRIDAY,2,4,2,0,2,unconfirmed,,
"JM I DSA I FC'S I CAT'S",FRIDAY,3,4,2,0,2,unconfirmed,,
"JM I DSA I FC'S I CAT'S",FRIDAY,4,4,2,0,2,unconfirmed,,
"JM I DSA I FC'S I CAT'S",FRIDAY,5,4,1,0,3,confirmed,,
"JM I DSA I FC'S I CAT'S",FRIDAY,6,3,0,0,3,insufficient,,
"JM I DSA I FC'S I CAT'S",FRIDAY,7,4,3,0,1,confirmed,,
"JM I DSA I FC'S I CAT'S",FRIDAY,8,3,0,0,3,insufficient,,
"JM I DSA I FC'S I CAT'S",FRIDAY,9,4,1,0,3,confirmed,,
"JM I DSA I FC'S I CAT'S",FRIDAY,10,4,3,0,1,confirmed,,
"JM I DSA I FC'S I CAT'S",FRIDAY,11,4,3,0,1,confirmed,,
"JM I DSA I FC'S I CAT'S",FRIDAY,12,4,1,0,3,confirmed,,
"JM I DSA I FC'S I CAT'S",FRIDAY,13,4,2,0,2,unconfirmed,,
"JM I DSA I FC'S I CAT'S",FRIDAY,14,4,2,1,1,unconfirmed,2.73,-84.1
"JM I DSA I FC'S I CAT'S",FRIDAY,15,4,2,0,2,unconfirmed,,
"JM I DSA I FC'S I CAT'S",FRIDAY,16,4,4,0,0,confirmed,,
"JM I DSA I FC'S I CAT'S",FRIDAY,17,4,2,0,2,unconfirmed,,
"JM I DSA I FC'S I CAT'S",FRIDAY,18,4,4,0,0,confirmed,,
"JM I DSA I FC'S I CAT'S",FRIDAY,19,4,1,0,3,confirmed,,
"JM I DSA I FC'S I CAT'S",FRIDAY,20,4,2,0,2,unconfirmed,,
"JM I DSA I FC'S I CAT'S",FRIDAY,21,4,1,2,1,unconfirmed,2.42,-85.9
"JM I DSA I FC'S I CAT'S",FRIDAY,22,4,3,0,1,confirmed,,
"JM I DSA I FC'S I CAT'S",FRIDAY,23,4,4,0,0,confirmed,,
"JM I DSA I FC'S I CAT'S",SATURDAY,0,4,4,0,0,confirmed,,
"JM I DSA I FC'S I CAT'S",SATURDAY,1,4,2,0,2,unconfirmed,,
"JM I DSA I FC'S I CAT'S",SATURDAY,2,4,2,0,2,unconfirmed,,
"JM I DSA I FC'S I CAT'S",SATURDAY,4,4,3,0,1,confirmed,,
"JM I DSA I FC'S I CAT'S",SATURDAY,5,3,1,0,2,insufficient,,
"JM I DSA I FC'S I CAT'S",SATURDAY,6,4,0,0,4,confirmed,,
"JM I DSA I FC'S I CAT'S",SATURDAY,7,4,2,0,2,unconfirmed,,
"JM I DSA I FC'S I CAT'S",SATURDAY,8,4,2,0,2,unconfirmed,,
"JM I DSA I FC'S I CAT'S",SATURDAY,9,4,1,0,3,confirmed,,
"JM I DSA I FC'S I CAT'S",SATURDAY,10,4,2,1,1,unconfirmed,2.20,-87.2
"JM I DSA I FC'S I CAT'S",SATURDAY,11,4,2,0,2,unconfirmed,,
"JM I DSA I FC'S I CAT'S",SATURDAY,12,4,1,0,3,confirmed,,
"JM I DSA I FC'S I CAT'S",SATURDAY,13,4,2,0,2,unconfirmed,,
"JM I DSA I FC'S I CAT'S",SATURDAY,14,4,3,0,1,confirmed,,
"JM I DSA I FC'S I CAT'S",SATURDAY,15,4,1,1,2,unconfirmed,3.15,-81.7
"JM I DSA I FC'S I CAT'S",SATURDAY,16,4,2,0,2,unconfirmed,,
"JM I DSA I FC'S I CAT'S",SATURDAY,17,4,3,1,0,confirmed,19.11,11.3
"JM I DSA I FC'S I CAT'S",SATURDAY,18,4,3,0,1,confirmed,,
"JM I DSA I FC'S I CAT'S",SATURDAY,19,4,1,0,3,confirmed,,
"JM I DSA I FC'S I CAT'S",SATURDAY,20,4,3,1,0,confirmed,3.98,-76.8
"JM I DSA I FC'S I CAT'S",SATURDAY,21,4,3,0,1,confirmed,,
"JM I DSA I FC'S I CAT'S",SATURDAY,22,4,3,0,1,confirmed,,
"JM I DSA I FC'S I CAT'S",SATURDAY,23,4,4,0,0,confirmed,,
"JM I DSA I FC'S I CAT'S",SATURDAY,3,3,2,0,1,insufficient,,
"EX I EN I WW I TOF I BROAD I PUR I T-CPA II BROAD I NO PROMO I Kollektionen + Types",SUNDAY,0,4,4,0,0,confirmed,,
"EX I EN I WW I TOF I BROAD I PUR I T-CPA II BROAD I NO PROMO I Kollektionen + Types",SUNDAY,1,4,4,0,0,confirmed,,
"EX I EN I WW I TOF I BROAD I PUR I T-CPA II BROAD I NO PROMO I Kollektionen + Types",SUNDAY,2,4,3,0,1,confirmed,,
"EX I EN I WW I TOF I BROAD I PUR I T-CPA II BROAD I NO PROMO I Kollektionen + Types",SUNDAY,3,4,3,0,1,confirmed,,
"EX I EN I WW I TOF I BROAD I PUR I T-CPA II BROAD I NO PROMO I Kollektionen + Types",SUNDAY,4,4,4,0,0,confirmed,,
"EX I EN I WW I TOF I BROAD I PUR I T-CPA II BROAD I NO PROMO I Kollektionen + Types",SUNDAY,5,4,3,0,0,confirmed,91.24,56.1
"EX I EN I WW I TOF I BROAD I PUR I T-CPA II BROAD I NO PROMO I Kollektionen + Types",SUNDAY,6,4,4,0,0,confirmed,,
"EX I EN I WW I TOF I BROAD I PUR I T-CPA II BROAD I NO PROMO I Kollektionen + Types",SUNDAY,7,4,4,0,0,confirmed,,
"EX I EN I WW I TOF I BROAD I PUR I T-CPA II BROAD I NO PROMO I Kollektionen + Types",SUNDAY,8,4,3,1,0,confirmed,525.48,799.1
"EX I EN I WW I TOF I BROAD I PUR I T-CPA II BROAD I NO PROMO I Kollektionen + Types",SUNDAY,9,4,3,1,0,confirmed,92.57,58.4
"EX I EN I WW I TOF I BROAD I PUR I T-CPA II BROAD I NO PROMO I Kollektionen + Types",SUNDAY,10,4,4,0,0,confirmed,,
"EX I EN I WW I TOF I BROAD I PUR I T-CPA II BROAD I NO PROMO I Kollektionen + Types",SUNDAY,11,4,2,2,0,unconfirmed,31.80,-45.6
"EX I EN I WW I TOF I BROAD I PUR I T-CPA II BROAD I NO PROMO I Kollektionen + Types",SUNDAY,12,4,3,1,0,confirmed,64.66,10.6
"EX I EN I WW I TOF I BROAD I PUR I T-CPA II BROAD I NO PROMO I Kollektionen + Types",SUNDAY,13,4,4,0,0,confirmed,,
"EX I EN I WW I TOF I BROAD I PUR I T-CPA II BROAD I NO PROMO I Kollektionen + Types",SUNDAY,14,4,4,0,0,confirmed,,
"EX I EN I WW I TOF I BROAD I PUR I T-CPA II BROAD I NO PROMO I Kollektionen + Types",SUNDAY,15,4,3,1,0,confirmed,149.05,155.0
"EX I EN I WW I TOF I BROAD I PUR I T-CPA II BROAD I NO PROMO I Kollektionen + Types",SUNDAY,16,4,4,0,0,confirmed,,
"EX I EN I WW I TOF I BROAD I PUR I T-CPA II BROAD I NO PROMO I Kollektionen + Types",SUNDAY,17,4,4,0,0,confirmed,,
"EX I EN I WW I TOF I BROAD I PUR I T-CPA II BROAD I NO PROMO I Kollektionen + Types",SUNDAY,18,4,3,1,0,confirmed,22.24,-62.0
"EX I EN I WW I TOF I BROAD I PUR I T-CPA II BROAD I NO PROMO I Kollektionen + Types",SUNDAY,19,4,4,0,0,confirmed,,
"EX I EN I WW I TOF I BROAD I PUR I T-CPA II BROAD I NO PROMO I Kollektionen + Types",SUNDAY,20,4,4,0,0,confirmed,,
"EX I EN I WW I TOF I BROAD I PUR I T-CPA II BROAD I NO PROMO I Kollektionen + Types",SUNDAY,21,4,3,1,0,confirmed,47.43,-18.8
"EX I EN I WW I TOF I BROAD I PUR I T-CPA II BROAD I NO PROMO I Kollektionen + Types",SUNDAY,22,3,1,2,0,insufficient,15.76,-73.0
"EX I EN I WW I TOF I BROAD I PUR I T-CPA II BROAD I NO PROMO I Kollektionen + Types",SUNDAY,23,2,1,1,0,insufficient,11.97,-79.5
"EX I EN I WW I TOF I BROAD I PUR I T-CPA II BROAD I NO PROMO I Kollektionen + Types",MONDAY,0,4,3,1,0,confirmed,24.29,-58.4
"EX I EN I WW I TOF I BROAD I PUR I T-CPA II BROAD I NO PROMO I Kollektionen + Types",MONDAY,1,4,3,1,0,confirmed,23.67,-59.5
"EX I EN I WW I TOF I BROAD I PUR I T-CPA II BROAD I NO PROMO I Kollektionen + Types",MONDAY,2,4,3,1,0,confirmed,23.58,-59.7
"EX I EN I WW I TOF I BROAD I PUR I T-CPA II BROAD I NO PROMO I Kollektionen + Types",MONDAY,3,4,3,1,0,confirmed,23.92,-59.1
"EX I EN I WW I TOF I BROAD I PUR I T-CPA II BROAD I NO PROMO I Kollektionen + Types",MONDAY,4,4,4,0,0,confirmed,,
"EX I EN I WW I TOF I BROAD I PUR I T-CPA II BROAD I NO PROMO I Kollektionen + Types",MONDAY,5,4,3,1,0,confirmed,37.67,-35.5
"EX I EN I WW I TOF I BROAD I PUR I T-CPA II BROAD I NO PROMO I Kollektionen + Types",MONDAY,6,4,3,1,0,confirmed,15.96,-72.7
"EX I EN I WW I TOF I BROAD I PUR I T-CPA II BROAD I NO PROMO I Kollektionen + Types",MONDAY,7,4,3,1,0,confirmed,39.12,-33.1
"EX I EN I WW I TOF I BROAD I PUR I T-CPA II BROAD I NO PROMO I Kollektionen + Types",MONDAY,8,4,3,1,0,confirmed,30.46,-47.9
"EX I EN I WW I TOF I BROAD I PUR I T-CPA II BROAD I NO PROMO I Kollektionen + Types",MONDAY,9,4,3,1,0,confirmed,39.29,-32.8
"EX I EN I WW I TOF I BROAD I PUR I T-CPA II BROAD I NO PROMO I Kollektionen + Types",MONDAY,10,4,3,1,0,confirmed,15.86,-72.9
"EX I EN I WW I TOF I BROAD I PUR I T-CPA II BROAD I NO PROMO I Kollektionen + Types",MONDAY,11,4,4,0,0,confirmed,,
"EX I EN I WW I TOF I BROAD I PUR I T-CPA II BROAD I NO PROMO I Kollektionen + Types",MONDAY,12,4,2,2,0,unconfirmed,24.89,-57.4
"EX I EN I WW I TOF I BROAD I PUR I T-CPA II BROAD I NO PROMO I Kollektionen + Types",MONDAY,13,4,4,0,0,confirmed,,
"EX I EN I WW I TOF I BROAD I PUR I T-CPA II BROAD I NO PROMO I Kollektionen + Types",MONDAY,14,4,3,1,0,confirmed,30.17,-48.4
"EX I EN I WW I TOF I BROAD I PUR I T-CPA II BROAD I NO PROMO I Kollektionen + Types",MONDAY,15,4,3,1,0,confirmed,30.20,-48.3
"EX I EN I WW I TOF I BROAD I PUR I T-CPA II BROAD I NO PROMO I Kollektionen + Types",MONDAY,16,4,4,0,0,confirmed,,
"EX I EN I WW I TOF I BROAD I PUR I T-CPA II BROAD I NO PROMO I Kollektionen + Types",MONDAY,17,4,4,0,0,confirmed,,
"EX I EN I WW I TOF I BROAD I PUR I T-CPA II BROAD I NO PROMO I Kollektionen + Types",MONDAY,18,4,4,0,0,confirmed,,
"EX I EN I WW I TOF I BROAD I PUR I T-CPA II BROAD I NO PROMO I Kollektionen + Types",MONDAY,19,4,4,0,0,confirmed,,
"EX I EN I WW I TOF I BROAD I PUR I T-CPA II BROAD I NO PROMO I Kollektionen + Types",MONDAY,20,4,4,0,0,confirmed,,
"EX I EN I WW I TOF I BROAD I PUR I T-CPA II BROAD I NO PROMO I Kollektionen + Types",MONDAY,21,4,3,1,0,confirmed,46.69,-20.1
"EX I EN I WW I TOF I BROAD I PUR I T-CPA II BROAD I NO PROMO I Kollektionen + Types",MONDAY,22,3,3,0,0,insufficient,,
"EX I EN I WW I TOF I BROAD I PUR I T-CPA II BROAD I NO PROMO I Kollektionen + Types",MONDAY,23,2,2,0,0,insufficient,,
"EX I EN I WW I TOF I BROAD I PUR I T-CPA II BROAD I NO PROMO I Kollektionen + Types",TUESDAY,0,5,5,0,0,confirmed,,
"EX I EN I WW I TOF I BROAD I PUR I T-CPA II BROAD I NO PROMO I Kollektionen + Types",TUESDAY,1,5,4,1,0,confirmed,21.04,-64.0
"EX I EN I WW I TOF I BROAD I PUR I T-CPA II BROAD I NO PROMO I Kollektionen + Types",TUESDAY,2,5,4,0,1,confirmed,,
"EX I EN I WW I TOF I BROAD I PUR I T-CPA II BROAD I NO PROMO I Kollektionen + Types",TUESDAY,3,5,3,2,0,unconfirmed,19.11,-67.3
"EX I EN I WW I TOF I BROAD I PUR I T-CPA II BROAD I NO PROMO I Kollektionen + Types",TUESDAY,4,5,5,0,0,confirmed,,
"EX I EN I WW I TOF I BROAD I PUR I T-CPA II BROAD I NO PROMO I Kollektionen + Types",TUESDAY,5,5,4,1,0,confirmed,18.45,-68.4
"EX I EN I WW I TOF I BROAD I PUR I T-CPA II BROAD I NO PROMO I Kollektionen + Types",TUESDAY,6,5,4,1,0,confirmed,34.65,-40.7
"EX I EN I WW I TOF I BROAD I PUR I T-CPA II BROAD I NO PROMO I Kollektionen + Types",TUESDAY,7,5,4,1,0,confirmed,17.68,-69.7
"EX I EN I WW I TOF I BROAD I PUR I T-CPA II BROAD I NO PROMO I Kollektionen + Types",TUESDAY,8,5,4,1,0,confirmed,28.67,-50.9
"EX I EN I WW I TOF I BROAD I PUR I T-CPA II BROAD I NO PROMO I Kollektionen + Types",TUESDAY,9,5,5,0,0,confirmed,,
"EX I EN I WW I TOF I BROAD I PUR I T-CPA II BROAD I NO PROMO I Kollektionen + Types",TUESDAY,10,5,5,0,0,confirmed,,
"EX I EN I WW I TOF I BROAD I PUR I T-CPA II BROAD I NO PROMO I Kollektionen + Types",TUESDAY,11,5,5,0,0,confirmed,,
"EX I EN I WW I TOF I BROAD I PUR I T-CPA II BROAD I NO PROMO I Kollektionen + Types",TUESDAY,12,5,5,0,0,confirmed,,
"EX I EN I WW I TOF I BROAD I PUR I T-CPA II BROAD I NO PROMO I Kollektionen + Types",TUESDAY,13,5,5,0,0,confirmed,434.56,643.5
"EX I EN I WW I TOF I BROAD I PUR I T-CPA II BROAD I NO PROMO I Kollektionen + Types",TUESDAY,14,5,5,0,0,confirmed,,
"EX I EN I WW I TOF I BROAD I PUR I T-CPA II BROAD I NO PROMO I Kollektionen + Types",TUESDAY,15,5,4,1,0,confirmed,706.81,1109.3
"EX I EN I WW I TOF I BROAD I PUR I T-CPA II BROAD I NO PROMO I Kollektionen + Types",TUESDAY,16,5,5,0,0,confirmed,,
"EX I EN I WW I TOF I BROAD I PUR I T-CPA II BROAD I NO PROMO I Kollektionen + Types",TUESDAY,17,5,5,0,0,confirmed,,
"EX I EN I WW I TOF I BROAD I PUR I T-CPA II BROAD I NO PROMO I Kollektionen + Types",TUESDAY,18,5,4,1,0,confirmed,36.48,-37.6
"EX I EN I WW I TOF I BROAD I PUR I T-CPA II BROAD I NO PROMO I Kollektionen + Types",TUESDAY,19,5,3,2,0,unconfirmed,16.05,-72.5
"EX I EN I WW I TOF I BROAD I PUR I T-CPA II BROAD I NO PROMO I Kollektionen + Types",TUESDAY,20,5,5,0,0,confirmed,,
"EX I EN I WW I TOF I BROAD I PUR I T-CPA II BROAD I NO PROMO I Kollektionen + Types",TUESDAY,21,5,3,2,0,unconfirmed,27.63,-52.7
"EX I EN I WW I TOF I BROAD I PUR I T-CPA II BROAD I NO PROMO I Kollektionen + Types",TUESDAY,22,4,3,1,0,confirmed,53.08,-9.2
"EX I EN I WW I TOF I BROAD I PUR I T-CPA II BROAD I NO PROMO I Kollektionen + Types",TUESDAY,23,3,3,0,0,insufficient,,
"EX I EN I WW I TOF I BROAD I PUR I T-CPA II BROAD I NO PROMO I Kollektionen + Types",WEDNESDAY,0,5,5,0,0,confirmed,,
"EX I EN I WW I TOF I BROAD I PUR I T-CPA II BROAD I NO PROMO I Kollektionen + Types",WEDNESDAY,1,5,5,0,0,confirmed,,
"EX I EN I WW I TOF I BROAD I PUR I T-CPA II BROAD I NO PROMO I Kollektionen + Types",WEDNESDAY,2,5,2,2,1,unconfirmed,11.87,-79.7
"EX I EN I WW I TOF I BROAD I PUR I T-CPA II BROAD I NO PROMO I Kollektionen + Types",WEDNESDAY,3,5,4,1,0,confirmed,37.05,-36.6
"EX I EN I WW I TOF I BROAD I PUR I T-CPA II BROAD I NO PROMO I Kollektionen + Types",WEDNESDAY,4,5,4,1,0,confirmed,29.54,-49.5
"EX I EN I WW I TOF I BROAD I PUR I T-CPA II BROAD I NO PROMO I Kollektionen + Types",WEDNESDAY,5,5,4,1,0,confirmed,14.70,-74.9
"EX I EN I WW I TOF I BROAD I PUR I T-CPA II BROAD I NO PROMO I Kollektionen + Types",WEDNESDAY,6,5,5,0,0,confirmed,,
"EX I EN I WW I TOF I BROAD I PUR I T-CPA II BROAD I NO PROMO I Kollektionen + Types",WEDNESDAY,7,5,5,0,0,confirmed,,
"EX I EN I WW I TOF I BROAD I PUR I T-CPA II BROAD I NO PROMO I Kollektionen + Types",WEDNESDAY,8,5,5,0,0,confirmed,,
"EX I EN I WW I TOF I BROAD I PUR I T-CPA II BROAD I NO PROMO I Kollektionen + Types",WEDNESDAY,9,5,4,1,0,confirmed,50.69,-13.3
"EX I EN I WW I TOF I BROAD I PUR I T-CPA II BROAD I NO PROMO I Kollektionen + Types",WEDNESDAY,10,5,5,0,0,confirmed,,
"EX I EN I WW I TOF I BROAD I PUR I T-CPA II BROAD I NO PROMO I Kollektionen + Types",WEDNESDAY,11,5,3,2,0,unconfirmed,26.33,-54.9
"EX I EN I WW I TOF I BROAD I PUR I T-CPA II BROAD I NO PROMO I Kollektionen + Types",WEDNESDAY,12,5,3,2,0,unconfirmed,16.02,-72.6
"EX I EN I WW I TOF I BROAD I PUR I T-CPA II BROAD I NO PROMO I Kollektionen + Types",WEDNESDAY,13,5,4,1,0,confirmed,43.67,-25.3
"EX I EN I WW I TOF I BROAD I PUR I T-CPA II BROAD I NO PROMO I Kollektionen + Types",WEDNESDAY,14,5,5,0,0,confirmed,,
"EX I EN I WW I TOF I BROAD I PUR I T-CPA II BROAD I NO PROMO I Kollektionen + Types",WEDNESDAY,15,5,5,0,0,confirmed,,
"EX I EN I WW I TOF I BROAD I PUR I T-CPA II BROAD I NO PROMO I Kollektionen + Types",WEDNESDAY,16,5,4,1,0,confirmed,101.17,73.1
"EX I EN I WW I TOF I BROAD I PUR I T-CPA II BROAD I NO PROMO I Kollektionen + Types",WEDNESDAY,17,5,4,0,1,confirmed,,
"EX I EN I WW I TOF I BROAD I PUR I T-CPA II BROAD I NO PROMO I Kollektionen + Types",WEDNESDAY,18,5,5,0,0,confirmed,,
"EX I EN I WW I TOF I BROAD I PUR I T-CPA II BROAD I NO PROMO I Kollektionen + Types",WEDNESDAY,19,5,3,2,0,unconfirmed,16.94,-71.0
"EX I EN I WW I TOF I BROAD I PUR I T-CPA II BROAD I NO PROMO I Kollektionen + Types",WEDNESDAY,20,5,2,3,0,unconfirmed,19.22,-67.1
"EX I EN I WW I TOF I BROAD I PUR I T-CPA II BROAD I NO PROMO I Kollektionen + Types",WEDNESDAY,21,5,4,1,0,confirmed,23.81,-59.3
"EX I EN I WW I TOF I BROAD I PUR I T-CPA II BROAD I NO PROMO I Kollektionen + Types",WEDNESDAY,22,5,5,0,0,confirmed,,
"EX I EN I WW I TOF I BROAD I PUR I T-CPA II BROAD I NO PROMO I Kollektionen + Types",WEDNESDAY,23,4,4,0,0,confirmed,,
"EX I EN I WW I TOF I BROAD I PUR I T-CPA II BROAD I NO PROMO I Kollektionen + Types",THURSDAY,0,4,4,0,0,confirmed,,
"EX I EN I WW I TOF I BROAD I PUR I T-CPA II BROAD I NO PROMO I Kollektionen + Types",THURSDAY,1,4,3,1,0,confirmed,17.93,-69.3
"EX I EN I WW I TOF I BROAD I PUR I T-CPA II BROAD I NO PROMO I Kollektionen + Types",THURSDAY,2,4,4,0,0,confirmed,,
"EX I EN I WW I TOF I BROAD I PUR I T-CPA II BROAD I NO PROMO I Kollektionen + Types",THURSDAY,3,4,4,0,0,confirmed,,
"EX I EN I WW I TOF I BROAD I PUR I T-CPA II BROAD I NO PROMO I Kollektionen + Types",THURSDAY,4,4,3,1,0,confirmed,35.49,-39.3
"EX I EN I WW I TOF I BROAD I PUR I T-CPA II BROAD I NO PROMO I Kollektionen + Types",THURSDAY,5,4,3,1,0,confirmed,24.98,-57.3
"EX I EN I WW I TOF I BROAD I PUR I T-CPA II BROAD I NO PROMO I Kollektionen + Types",THURSDAY,6,4,4,0,0,confirmed,,
"EX I EN I WW I TOF I BROAD I PUR I T-CPA II BROAD I NO PROMO I Kollektionen + Types",THURSDAY,7,4,4,0,0,confirmed,,
"EX I EN I WW I TOF I BROAD I PUR I T-CPA II BROAD I NO PROMO I Kollektionen + Types",THURSDAY,8,4,4,0,0,confirmed,,
"EX I EN I WW I TOF I BROAD I PUR I T-CPA II BROAD I NO PROMO I Kollektionen + Types",THURSDAY,9,4,4,0,0,confirmed,,
"EX I EN I WW I TOF I BROAD I PUR I T-CPA II BROAD I NO PROMO I Kollektionen + Types",THURSDAY,10,4,4,0,0,confirmed,,
"EX I EN I WW I TOF I BROAD I PUR I T-CPA II BROAD I NO PROMO I Kollektionen + Types",THURSDAY,11,4,4,0,0,confirmed,,
"EX I EN I WW I TOF I BROAD I PUR I T-CPA II BROAD I NO PROMO I Kollektionen + Types",THURSDAY,12,4,4,0,0,confirmed,,
"EX I EN I WW I TOF I BROAD I PUR I T-CPA II BROAD I NO PROMO I Kollektionen + Types",THURSDAY,13,4,4,0,0,confirmed,,
"EX I EN I WW I TOF I BROAD I PUR I T-CPA II BROAD I NO PROMO I Kollektionen + Types",THURSDAY,14,4,3,1,0,confirmed,40.49,-30.7
"EX I EN I WW I TOF I BROAD I PUR I T-CPA II BROAD I NO PROMO I Kollektionen + Types",THURSDAY,15,4,4,0,0,confirmed,,
"EX I EN I WW I TOF I BROAD I PUR I T-CPA II BROAD I NO PROMO I Kollektionen + Types",THURSDAY,16,4,4,0,0,confirmed,,
"EX I EN I WW I TOF I BROAD I PUR I T-CPA II BROAD I NO PROMO I Kollektionen + Types",THURSDAY,17,4,4,0,0,confirmed,,
"EX I EN I WW I TOF I BROAD I PUR I T-CPA II BROAD I NO PROMO I Kollektionen + Types",THURSDAY,18,4,4,0,0,confirmed,,
"EX I EN I WW I TOF I BROAD I PUR I T-CPA II BROAD I NO PROMO I Kollektionen + Types",THURSDAY,19,4,3,1,0,confirmed,102.18,74.8
"EX I EN I WW I TOF I BROAD I PUR I T-CPA II BROAD I NO PROMO I Kollektionen + Types",THURSDAY,20,3,2,1,0,insufficient,23.89,-59.1
"EX I EN I WW I TOF I BROAD I PUR I T-CPA II BROAD I NO PROMO I Kollektionen + Types",THURSDAY,21,3,3,0,0,insufficient,,
"EX I EN I WW I TOF I BROAD I PUR I T-CPA II BROAD I NO PROMO I Kollektionen + Types",THURSDAY,22,3,3,0,0,insufficient,,
"EX I EN I WW I TOF I BROAD I PUR I T-CPA II BROAD I NO PROMO I Kollektionen + Types",THURSDAY,23,1,1,0,0,insufficient,,
"EX I EN I WW I TOF I BROAD I PUR I T-CPA II BROAD I NO PROMO I Kollektionen + Types",FRIDAY,0,4,4,0,0,confirmed,,
"EX I EN I WW I TOF I BROAD I PUR I T-CPA II BROAD I NO PROMO I Kollektionen + Types",FRIDAY,1,4,4,0,0,confirmed,,
"EX I EN I WW I TOF I BROAD I PUR I T-CPA II BROAD I NO PROMO I Kollektionen + Types",FRIDAY,2,4,4,0,0,confirmed,,
"EX I EN I WW I TOF I BROAD I PUR I T-CPA II BROAD I NO PROMO I Kollektionen + Types",FRIDAY,3,4,4,0,0,confirmed,,
"EX I EN I WW I TOF I BROAD I PUR I T-CPA II BROAD I NO PROMO I Kollektionen + Types",FRIDAY,4,4,1,3,0,confirmed,9.38,-83.9
"EX I EN I WW I TOF I BROAD I PUR I T-CPA II BROAD I NO PROMO I Kollektionen + Types",FRIDAY,5,4,4,0,0,confirmed,,
"EX I EN I WW I TOF I BROAD I PUR I T-CPA II BROAD I NO PROMO I Kollektionen + Types",FRIDAY,6,4,4,0,0,confirmed,,
"EX I EN I WW I TOF I BROAD I PUR I T-CPA II BROAD I NO PROMO I Kollektionen + Types",FRIDAY,7,4,3,1,0,confirmed,21.64,-63.0
"EX I EN I WW I TOF I BROAD I PUR I T-CPA II BROAD I NO PROMO I Kollektionen + Types",FRIDAY,8,4,4,0,0,confirmed,,
"EX I EN I WW I TOF I BROAD I PUR I T-CPA II BROAD I NO PROMO I Kollektionen + Types",FRIDAY,9,4,3,1,0,confirmed,23.50,-59.8
"EX I EN I WW I TOF I BROAD I PUR I T-CPA II BROAD I NO PROMO I Kollektionen + Types",FRIDAY,10,4,3,0,1,confirmed,,
"EX I EN I WW I TOF I BROAD I PUR I T-CPA II BROAD I NO PROMO I Kollektionen + Types",FRIDAY,11,4,4,0,0,confirmed,,
"EX I EN I WW I TOF I BROAD I PUR I T-CPA II BROAD I NO PROMO I Kollektionen + Types",FRIDAY,12,4,3,0,0,confirmed,120.16,105.6
"EX I EN I WW I TOF I BROAD I PUR I T-CPA II BROAD I NO PROMO I Kollektionen + Types",FRIDAY,13,4,2,2,0,unconfirmed,13.15,-77.5
"EX I EN I WW I TOF I BROAD I PUR I T-CPA II BROAD I NO PROMO I Kollektionen + Types",FRIDAY,14,4,3,1,0,confirmed,40.21,-31.2
"EX I EN I WW I TOF I BROAD I PUR I T-CPA II BROAD I NO PROMO I Kollektionen + Types",FRIDAY,15,4,3,1,0,confirmed,34.49,-41.0
"EX I EN I WW I TOF I BROAD I PUR I T-CPA II BROAD I NO PROMO I Kollektionen + Types",FRIDAY,16,4,3,1,0,confirmed,56.57,-3.2
"EX I EN I WW I TOF I BROAD I PUR I T-CPA II BROAD I NO PROMO I Kollektionen + Types",FRIDAY,17,4,3,1,0,confirmed,63.74,9.0
"EX I EN I WW I TOF I BROAD I PUR I T-CPA II BROAD I NO PROMO I Kollektionen + Types",FRIDAY,18,4,3,0,1,confirmed,,
"EX I EN I WW I TOF I BROAD I PUR I T-CPA II BROAD I NO PROMO I Kollektionen + Types",FRIDAY,19,4,3,1,0,confirmed,32.92,-43.7
"EX I EN I WW I TOF I BROAD I PUR I T-CPA II BROAD I NO PROMO I Kollektionen + Types",FRIDAY,20,4,3,1,0,confirmed,30.50,-47.8
"EX I EN I WW I TOF I BROAD I PUR I T-CPA II BROAD I NO PROMO I Kollektionen + Types",FRIDAY,21,4,3,1,0,confirmed,24.99,-57.2
"EX I EN I WW I TOF I BROAD I PUR I T-CPA II BROAD I NO PROMO I Kollektionen + Types",FRIDAY,22,3,3,0,0,insufficient,,
"EX I EN I WW I TOF I BROAD I PUR I T-CPA II BROAD I NO PROMO I Kollektionen + Types",FRIDAY,23,3,3,0,0,insufficient,,
"EX I EN I WW I TOF I BROAD I PUR I T-CPA II BROAD I NO PROMO I Kollektionen + Types",SATURDAY,0,4,3,1,0,confirmed,24.01,-58.9
"EX I EN I WW I TOF I BROAD I PUR I T-CPA II BROAD I NO PROMO I Kollektionen + Types",SATURDAY,1,4,3,1,0,confirmed,56.49,-3.4
"EX I EN I WW I TOF I BROAD I PUR I T-CPA II BROAD I NO PROMO I Kollektionen + Types",SATURDAY,2,4,3,1,0,confirmed,73.62,26.0
"EX I EN I WW I TOF I BROAD I PUR I T-CPA II BROAD I NO PROMO I Kollektionen + Types",SATURDAY,3,4,4,0,0,confirmed,,
"EX I EN I WW I TOF I BROAD I PUR I T-CPA II BROAD I NO PROMO I Kollektionen + Types",SATURDAY,4,4,3,0,0,confirmed,102.45,75.3
"EX I EN I WW I TOF I BROAD I PUR I T-CPA II BROAD I NO PROMO I Kollektionen + Types",SATURDAY,5,4,3,1,0,confirmed,39.18,-33.0
"EX I EN I WW I TOF I BROAD I PUR I T-CPA II BROAD I NO PROMO I Kollektionen + Types",SATURDAY,6,4,1,3,0,confirmed,9.77,-83.3
"EX I EN I WW I TOF I BROAD I PUR I T-CPA II BROAD I NO PROMO I Kollektionen + Types",SATURDAY,7,4,4,0,0,confirmed,,
"EX I EN I WW I TOF I BROAD I PUR I T-CPA II BROAD I NO PROMO I Kollektionen + Types",SATURDAY,8,4,4,0,0,confirmed,,
"EX I EN I WW I TOF I BROAD I PUR I T-CPA II BROAD I NO PROMO I Kollektionen + Types",SATURDAY,9,4,2,1,0,unconfirmed,48.88,-16.4
"EX I EN I WW I TOF I BROAD I PUR I T-CPA II BROAD I NO PROMO I Kollektionen + Types",SATURDAY,10,4,3,1,0,confirmed,36.78,-37.1
"EX I EN I WW I TOF I BROAD I PUR I T-CPA II BROAD I NO PROMO I Kollektionen + Types",SATURDAY,11,4,1,3,0,confirmed,22.32,-61.8
"EX I EN I WW I TOF I BROAD I PUR I T-CPA II BROAD I NO PROMO I Kollektionen + Types",SATURDAY,12,4,4,0,0,confirmed,,
"EX I EN I WW I TOF I BROAD I PUR I T-CPA II BROAD I NO PROMO I Kollektionen + Types",SATURDAY,13,4,3,1,0,confirmed,70.21,20.1
"EX I EN I WW I TOF I BROAD I PUR I T-CPA II BROAD I NO PROMO I Kollektionen + Types",SATURDAY,14,4,3,1,0,confirmed,31.05,-46.9
"EX I EN I WW I TOF I BROAD I PUR I T-CPA II BROAD I NO PROMO I Kollektionen + Types",SATURDAY,15,4,3,1,0,confirmed,27.12,-53.6
"EX I EN I WW I TOF I BROAD I PUR I T-CPA II BROAD I NO PROMO I Kollektionen + Types",SATURDAY,16,4,3,1,0,confirmed,29.60,-49.4
"EX I EN I WW I TOF I BROAD I PUR I T-CPA II BROAD I NO PROMO I Kollektionen + Types",SATURDAY,17,4,4,0,0,confirmed,,
"EX I EN I WW I TOF I BROAD I PUR I T-CPA II BROAD I NO PROMO I Kollektionen + Types",SATURDAY,18,4,3,1,0,confirmed,46.74,-20.0
"EX I EN I WW I TOF I BROAD I PUR I T-CPA II BROAD I NO PROMO I Kollektionen + Types",SATURDAY,19,4,4,0,0,confirmed,,
"EX I EN I WW I TOF I BROAD I PUR I T-CPA II BROAD I NO PROMO I Kollektionen + Types",SATURDAY,20,4,4,0,0,confirmed,,
"EX I EN I WW I TOF I BROAD I PUR I T-CPA II BROAD I NO PROMO I Kollektionen + Types",SATURDAY,21,4,4,0,0,confirmed,,
"EX I EN I WW I TOF I BROAD I PUR I T-CPA II BROAD I NO PROMO I Kollektionen + Types",SATURDAY,22,4,2,1,1,unconfirmed,10.80,-81.5
"EX I EN I WW I TOF I BROAD I PUR I T-CPA II BROAD I NO PROMO I Kollektionen + Types",SATURDAY,23,4,4,0,0,confirmed,,
"EX I SHOPPING I FOKUSPRODUKTE",SUNDAY,0,4,4,0,0,confirmed,,
"EX I SHOPPING I FOKUSPRODUKTE",SUNDAY,1,4,3,1,0,confirmed,25.39,-47.4
"EX I SHOPPING I FOKUSPRODUKTE",SUNDAY,2,4,3,1,0,confirmed,73.87,53.1
"EX I SHOPPING I FOKUSPRODUKTE",SUNDAY,3,4,1,1,2,unconfirmed,14.34,-70.3
"EX I SHOPPING I FOKUSPRODUKTE",SUNDAY,4,4,3,0,1,confirmed,,
"EX I SHOPPING I FOKUSPRODUKTE",SUNDAY,5,4,4,0,0,confirmed,,
"EX I SHOPPING I FOKUSPRODUKTE",SUNDAY,6,4,3,0,1,confirmed,,
"EX I SHOPPING I FOKUSPRODUKTE",SUNDAY,7,4,2,0,2,unconfirmed,,
"EX I SHOPPING I FOKUSPRODUKTE",SUNDAY,8,4,4,0,0,confirmed,,
"EX I SHOPPING I FOKUSPRODUKTE",SUNDAY,9,4,2,2,0,unconfirmed,13.94,-71.1
"EX I SHOPPING I FOKUSPRODUKTE",SUNDAY,10,4,3,0,1,confirmed,,
"EX I SHOPPING I FOKUSPRODUKTE",SUNDAY,11,4,2,1,0,unconfirmed,90.87,88.3
"EX I SHOPPING I FOKUSPRODUKTE",SUNDAY,12,4,2,2,0,unconfirmed,36.63,-24.1
"EX I SHOPPING I FOKUSPRODUKTE",SUNDAY,13,4,3,1,0,confirmed,40.31,-16.5
"EX I SHOPPING I FOKUSPRODUKTE",SUNDAY,14,4,2,1,0,unconfirmed,49.50,2.6
"EX I SHOPPING I FOKUSPRODUKTE",SUNDAY,15,4,2,2,0,unconfirmed,38.55,-20.1
"EX I SHOPPING I FOKUSPRODUKTE",SUNDAY,16,4,3,1,0,confirmed,73.29,51.9
"EX I SHOPPING I FOKUSPRODUKTE",SUNDAY,17,4,2,1,0,unconfirmed,20.59,-57.3
"EX I SHOPPING I FOKUSPRODUKTE",SUNDAY,18,4,3,1,0,confirmed,37.78,-21.7
"EX I SHOPPING I FOKUSPRODUKTE",SUNDAY,19,4,4,0,0,confirmed,,
"EX I SHOPPING I FOKUSPRODUKTE",SUNDAY,20,4,2,2,0,unconfirmed,50.72,5.1
"EX I SHOPPING I FOKUSPRODUKTE",SUNDAY,21,4,4,0,0,confirmed,,
"EX I SHOPPING I FOKUSPRODUKTE",SUNDAY,22,4,3,1,0,confirmed,66.28,37.4
"EX I SHOPPING I FOKUSPRODUKTE",SUNDAY,23,4,3,1,0,confirmed,40.82,-15.4
"EX I SHOPPING I FOKUSPRODUKTE",MONDAY,0,4,3,1,0,confirmed,35.85,-25.7
"EX I SHOPPING I FOKUSPRODUKTE",MONDAY,1,4,4,0,0,confirmed,,
"EX I SHOPPING I FOKUSPRODUKTE",MONDAY,2,4,3,0,1,confirmed,106.09,119.9
"EX I SHOPPING I FOKUSPRODUKTE",MONDAY,3,4,4,0,0,confirmed,,
"EX I SHOPPING I FOKUSPRODUKTE",MONDAY,4,4,3,0,1,confirmed,,
"EX I SHOPPING I FOKUSPRODUKTE",MONDAY,5,4,2,1,1,unconfirmed,27.99,-42.0
"EX I SHOPPING I FOKUSPRODUKTE",MONDAY,6,4,2,0,2,unconfirmed,,
"EX I SHOPPING I FOKUSPRODUKTE",MONDAY,7,4,3,0,1,confirmed,,
"EX I SHOPPING I FOKUSPRODUKTE",MONDAY,8,4,2,2,0,unconfirmed,14.78,-69.4
"EX I SHOPPING I FOKUSPRODUKTE",MONDAY,9,4,4,0,0,confirmed,,
"EX I SHOPPING I FOKUSPRODUKTE",MONDAY,10,4,4,0,0,confirmed,,
"EX I SHOPPING I FOKUSPRODUKTE",MONDAY,11,4,3,1,0,confirmed,39.98,-17.2
"EX I SHOPPING I FOKUSPRODUKTE",MONDAY,12,4,3,1,0,confirmed,29.68,-38.5
"EX I SHOPPING I FOKUSPRODUKTE",MONDAY,13,4,4,0,0,confirmed,,
"EX I SHOPPING I FOKUSPRODUKTE",MONDAY,14,4,3,1,0,confirmed,42.84,-11.2
"EX I SHOPPING I FOKUSPRODUKTE",MONDAY,15,4,3,1,0,confirmed,65.42,35.6
"EX I SHOPPING I FOKUSPRODUKTE",MONDAY,16,4,3,1,0,confirmed,28.24,-41.5
"EX I SHOPPING I FOKUSPRODUKTE",MONDAY,17,4,3,1,0,confirmed,23.18,-52.0
"EX I SHOPPING I FOKUSPRODUKTE",MONDAY,18,4,2,2,0,unconfirmed,33.21,-31.2
"EX I SHOPPING I FOKUSPRODUKTE",MONDAY,19,4,4,0,0,confirmed,,
"EX I SHOPPING I FOKUSPRODUKTE",MONDAY,20,4,2,2,0,unconfirmed,65.42,35.6
"EX I SHOPPING I FOKUSPRODUKTE",MONDAY,21,4,2,1,0,unconfirmed,45.60,-5.5
"EX I SHOPPING I FOKUSPRODUKTE",MONDAY,22,4,2,1,0,unconfirmed,54.76,13.5
"EX I SHOPPING I FOKUSPRODUKTE",MONDAY,23,4,3,1,0,confirmed,77.56,60.8
"EX I SHOPPING I FOKUSPRODUKTE",TUESDAY,0,5,2,2,0,unconfirmed,25.07,-48.0
"EX I SHOPPING I FOKUSPRODUKTE",TUESDAY,1,5,3,1,0,unconfirmed,41.79,-13.4
"EX I SHOPPING I FOKUSPRODUKTE",TUESDAY,2,5,5,0,0,confirmed,,
"EX I SHOPPING I FOKUSPRODUKTE",TUESDAY,3,5,2,0,3,unconfirmed,,
"EX I SHOPPING I FOKUSPRODUKTE",TUESDAY,4,5,3,0,2,unconfirmed,,
"EX I SHOPPING I FOKUSPRODUKTE",TUESDAY,5,5,0,3,2,unconfirmed,8.66,-82.0
"EX I SHOPPING I FOKUSPRODUKTE",TUESDAY,6,5,4,0,1,confirmed,,
"EX I SHOPPING I FOKUSPRODUKTE",TUESDAY,7,5,2,0,2,unconfirmed,53.49,10.9
"EX I SHOPPING I FOKUSPRODUKTE",TUESDAY,8,5,5,0,0,confirmed,,
"EX I SHOPPING I FOKUSPRODUKTE",TUESDAY,9,5,5,0,0,confirmed,,
"EX I SHOPPING I FOKUSPRODUKTE",TUESDAY,10,5,4,1,0,confirmed,50.31,4.3
"EX I SHOPPING I FOKUSPRODUKTE",TUESDAY,11,5,5,0,0,confirmed,,
"EX I SHOPPING I FOKUSPRODUKTE",TUESDAY,12,5,3,1,0,unconfirmed,35.19,-27.1
"EX I SHOPPING I FOKUSPRODUKTE",TUESDAY,13,5,3,1,0,unconfirmed,29.58,-38.7
"EX I SHOPPING I FOKUSPRODUKTE",TUESDAY,14,5,4,1,0,confirmed,103.31,114.1
"EX I SHOPPING I FOKUSPRODUKTE",TUESDAY,15,5,3,2,0,unconfirmed,22.23,-53.9
"EX I SHOPPING I FOKUSPRODUKTE",TUESDAY,16,5,5,0,0,confirmed,,
"EX I SHOPPING I FOKUSPRODUKTE",TUESDAY,17,5,4,0,0,confirmed,65.68,36.1
"EX I SHOPPING I FOKUSPRODUKTE",TUESDAY,18,5,4,0,0,confirmed,89.30,85.1
"EX I SHOPPING I FOKUSPRODUKTE",TUESDAY,19,5,3,2,0,unconfirmed,43.55,-9.7
"EX I SHOPPING I FOKUSPRODUKTE",TUESDAY,20,5,1,2,0,unconfirmed,29.86,-38.1
"EX I SHOPPING I FOKUSPRODUKTE",TUESDAY,21,5,4,1,0,confirmed,124.54,158.1
"EX I SHOPPING I FOKUSPRODUKTE",TUESDAY,22,5,3,1,0,unconfirmed,51.93,7.6
"EX I SHOPPING I FOKUSPRODUKTE",TUESDAY,23,4,3,1,0,confirmed,45.95,-4.8
"EX I SHOPPING I FOKUSPRODUKTE",WEDNESDAY,0,5,5,0,0,confirmed,,
"EX I SHOPPING I FOKUSPRODUKTE",WEDNESDAY,1,5,2,2,0,unconfirmed,18.18,-62.3
"EX I SHOPPING I FOKUSPRODUKTE",WEDNESDAY,2,5,3,1,1,unconfirmed,65.99,36.8
"EX I SHOPPING I FOKUSPRODUKTE",WEDNESDAY,3,5,3,0,2,unconfirmed,,
"EX I SHOPPING I FOKUSPRODUKTE",WEDNESDAY,4,5,3,1,1,unconfirmed,43.73,-9.4
"EX I SHOPPING I FOKUSPRODUKTE",WEDNESDAY,5,5,3,0,2,unconfirmed,,
"EX I SHOPPING I FOKUSPRODUKTE",WEDNESDAY,6,5,4,0,1,confirmed,,
"EX I SHOPPING I FOKUSPRODUKTE",WEDNESDAY,7,5,5,0,0,confirmed,,
"EX I SHOPPING I FOKUSPRODUKTE",WEDNESDAY,8,5,5,0,0,confirmed,,
"EX I SHOPPING I FOKUSPRODUKTE",WEDNESDAY,9,5,5,0,0,confirmed,,
"EX I SHOPPING I FOKUSPRODUKTE",WEDNESDAY,10,5,5,0,0,confirmed,,
"EX I SHOPPING I FOKUSPRODUKTE",WEDNESDAY,11,5,3,1,1,unconfirmed,52.81,9.5
"EX I SHOPPING I FOKUSPRODUKTE",WEDNESDAY,12,5,4,1,0,confirmed,25.71,-46.7
"EX I SHOPPING I FOKUSPRODUKTE",WEDNESDAY,13,5,5,0,0,confirmed,,
"EX I SHOPPING I FOKUSPRODUKTE",WEDNESDAY,14,5,5,0,0,confirmed,,
"EX I SHOPPING I FOKUSPRODUKTE",WEDNESDAY,15,5,4,1,0,confirmed,88.47,83.4
"EX I SHOPPING I FOKUSPRODUKTE",WEDNESDAY,16,5,5,0,0,confirmed,,
"EX I SHOPPING I FOKUSPRODUKTE",WEDNESDAY,17,5,4,1,0,confirmed,93.22,93.2
"EX I SHOPPING I FOKUSPRODUKTE",WEDNESDAY,18,5,3,1,0,unconfirmed,29.12,-39.6
"EX I SHOPPING I FOKUSPRODUKTE",WEDNESDAY,19,5,5,0,0,confirmed,,
"EX I SHOPPING I FOKUSPRODUKTE",WEDNESDAY,20,5,3,2,0,unconfirmed,9.40,-80.5
"EX I SHOPPING I FOKUSPRODUKTE",WEDNESDAY,21,5,5,0,0,confirmed,,
"EX I SHOPPING I FOKUSPRODUKTE",WEDNESDAY,22,5,3,2,0,unconfirmed,62.16,28.8
"EX I SHOPPING I FOKUSPRODUKTE",WEDNESDAY,23,4,2,2,0,unconfirmed,17.67,-63.4
"EX I SHOPPING I FOKUSPRODUKTE",THURSDAY,0,4,4,0,0,confirmed,,
"EX I SHOPPING I FOKUSPRODUKTE",THURSDAY,1,4,4,0,0,confirmed,,
"EX I SHOPPING I FOKUSPRODUKTE",THURSDAY,2,4,3,0,1,confirmed,,
"EX I SHOPPING I FOKUSPRODUKTE",THURSDAY,3,4,2,1,1,unconfirmed,12.77,-73.5
"EX I SHOPPING I FOKUSPRODUKTE",THURSDAY,4,4,3,0,1,confirmed,,
"EX I SHOPPING I FOKUSPRODUKTE",THURSDAY,5,4,4,0,0,confirmed,,
"EX I SHOPPING I FOKUSPRODUKTE",THURSDAY,6,4,2,1,1,unconfirmed,14.02,-70.9
"EX I SHOPPING I FOKUSPRODUKTE",THURSDAY,7,4,4,0,0,confirmed,,
"EX I SHOPPING I FOKUSPRODUKTE",THURSDAY,8,4,2,2,0,unconfirmed,13.32,-72.4
"EX I SHOPPING I FOKUSPRODUKTE",THURSDAY,9,4,2,2,0,unconfirmed,37.75,-21.8
"EX I SHOPPING I FOKUSPRODUKTE",THURSDAY,10,4,3,1,0,confirmed,40.73,-15.6
"EX I SHOPPING I FOKUSPRODUKTE",THURSDAY,11,4,3,1,0,confirmed,17.56,-63.6
"EX I SHOPPING I FOKUSPRODUKTE",THURSDAY,12,4,3,1,0,confirmed,53.45,10.8
"EX I SHOPPING I FOKUSPRODUKTE",THURSDAY,13,4,3,0,1,confirmed,,
"EX I SHOPPING I FOKUSPRODUKTE",THURSDAY,14,4,2,1,0,unconfirmed,25.06,-48.1
"EX I SHOPPING I FOKUSPRODUKTE",THURSDAY,15,4,3,1,0,confirmed,37.97,-21.3
"EX I SHOPPING I FOKUSPRODUKTE",THURSDAY,16,4,4,0,0,confirmed,,
"EX I SHOPPING I FOKUSPRODUKTE",THURSDAY,17,4,4,0,0,confirmed,,
"EX I SHOPPING I FOKUSPRODUKTE",THURSDAY,18,4,4,0,0,confirmed,,
"EX I SHOPPING I FOKUSPRODUKTE",THURSDAY,19,4,3,1,0,confirmed,28.29,-41.4
"EX I SHOPPING I FOKUSPRODUKTE",THURSDAY,20,4,4,0,0,confirmed,,
"EX I SHOPPING I FOKUSPRODUKTE",THURSDAY,21,4,2,2,0,unconfirmed,26.48,-45.1
"EX I SHOPPING I FOKUSPRODUKTE",THURSDAY,22,4,3,1,0,confirmed,51.08,5.9
"EX I SHOPPING I FOKUSPRODUKTE",THURSDAY,23,4,4,0,0,confirmed,,
"EX I SHOPPING I FOKUSPRODUKTE",FRIDAY,0,4,4,0,0,confirmed,,
"EX I SHOPPING I FOKUSPRODUKTE",FRIDAY,1,4,3,1,0,confirmed,26.17,-45.8
"EX I SHOPPING I FOKUSPRODUKTE",FRIDAY,2,4,2,1,1,unconfirmed,8.94,-81.5
"EX I SHOPPING I FOKUSPRODUKTE",FRIDAY,3,4,3,0,1,confirmed,,
"EX I SHOPPING I FOKUSPRODUKTE",FRIDAY,4,4,2,0,2,unconfirmed,,
"EX I SHOPPING I FOKUSPRODUKTE",FRIDAY,5,4,3,0,1,confirmed,,
"EX I SHOPPING I FOKUSPRODUKTE",FRIDAY,6,4,3,0,1,confirmed,,
"EX I SHOPPING I FOKUSPRODUKTE",FRIDAY,7,4,2,1,1,unconfirmed,71.05,47.3
"EX I SHOPPING I FOKUSPRODUKTE",FRIDAY,8,4,3,1,0,confirmed,19.78,-59.0
"EX I SHOPPING I FOKUSPRODUKTE",FRIDAY,9,4,2,2,0,unconfirmed,15.02,-68.9
"EX I SHOPPING I FOKUSPRODUKTE",FRIDAY,10,4,2,0,1,unconfirmed,85.58,77.4
"EX I SHOPPING I FOKUSPRODUKTE",FRIDAY,11,4,4,0,0,confirmed,,
"EX I SHOPPING I FOKUSPRODUKTE",FRIDAY,12,4,4,0,0,confirmed,8169.96,16832.4
"EX I SHOPPING I FOKUSPRODUKTE",FRIDAY,13,4,4,0,0,confirmed,,
"EX I SHOPPING I FOKUSPRODUKTE",FRIDAY,14,4,3,1,0,confirmed,27.24,-43.5
"EX I SHOPPING I FOKUSPRODUKTE",FRIDAY,15,4,3,1,0,confirmed,17.41,-63.9
"EX I SHOPPING I FOKUSPRODUKTE",FRIDAY,16,4,2,2,0,unconfirmed,6.82,-85.9
"EX I SHOPPING I FOKUSPRODUKTE",FRIDAY,17,4,4,0,0,confirmed,,
"EX I SHOPPING I FOKUSPRODUKTE",FRIDAY,18,4,2,2,0,unconfirmed,13.77,-71.5
"EX I SHOPPING I FOKUSPRODUKTE",FRIDAY,19,4,3,1,0,confirmed,22.94,-52.4
"EX I SHOPPING I FOKUSPRODUKTE",FRIDAY,20,4,2,2,0,unconfirmed,13.55,-71.9
"EX I SHOPPING I FOKUSPRODUKTE",FRIDAY,21,4,4,0,0,confirmed,,
"EX I SHOPPING I FOKUSPRODUKTE",FRIDAY,22,4,2,2,0,unconfirmed,17.79,-63.1
"EX I SHOPPING I FOKUSPRODUKTE",FRIDAY,23,4,3,1,0,confirmed,45.04,-6.7
"EX I SHOPPING I FOKUSPRODUKTE",SATURDAY,0,4,4,0,0,confirmed,,
"EX I SHOPPING I FOKUSPRODUKTE",SATURDAY,1,4,4,0,0,confirmed,,
"EX I SHOPPING I FOKUSPRODUKTE",SATURDAY,2,4,4,0,0,confirmed,,
"EX I SHOPPING I FOKUSPRODUKTE",SATURDAY,3,4,3,0,1,confirmed,,
"EX I SHOPPING I FOKUSPRODUKTE",SATURDAY,4,4,1,0,3,confirmed,,
"EX I SHOPPING I FOKUSPRODUKTE",SATURDAY,5,4,3,0,1,confirmed,,
"EX I SHOPPING I FOKUSPRODUKTE",SATURDAY,6,4,1,1,2,unconfirmed,16.78,-65.2
"EX I SHOPPING I FOKUSPRODUKTE",SATURDAY,7,4,3,0,1,confirmed,,
"EX I SHOPPING I FOKUSPRODUKTE",SATURDAY,8,4,2,0,2,unconfirmed,,
"EX I SHOPPING I FOKUSPRODUKTE",SATURDAY,9,4,3,1,0,confirmed,21.45,-55.5
"EX I SHOPPING I FOKUSPRODUKTE",SATURDAY,10,4,3,1,0,confirmed,56.36,16.8
"EX I SHOPPING I FOKUSPRODUKTE",SATURDAY,11,4,4,0,0,confirmed,,
"EX I SHOPPING I FOKUSPRODUKTE",SATURDAY,12,4,3,1,0,confirmed,41.40,-14.2
"EX I SHOPPING I FOKUSPRODUKTE",SATURDAY,13,4,3,1,0,confirmed,23.89,-50.5
"EX I SHOPPING I FOKUSPRODUKTE",SATURDAY,14,4,3,1,0,confirmed,171.30,255.0
"EX I SHOPPING I FOKUSPRODUKTE",SATURDAY,15,4,3,1,0,confirmed,20.90,-56.7
"EX I SHOPPING I FOKUSPRODUKTE",SATURDAY,16,4,2,2,0,unconfirmed,15.99,-66.9
"EX I SHOPPING I FOKUSPRODUKTE",SATURDAY,17,4,3,1,0,confirmed,68.59,42.2
"EX I SHOPPING I FOKUSPRODUKTE",SATURDAY,18,4,3,1,0,confirmed,27.80,-42.4
"EX I SHOPPING I FOKUSPRODUKTE",SATURDAY,19,4,4,0,0,confirmed,,
"EX I SHOPPING I FOKUSPRODUKTE",SATURDAY,20,4,1,2,0,unconfirmed,16.92,-64.9
"EX I SHOPPING I FOKUSPRODUKTE",SATURDAY,21,4,3,1,0,confirmed,34.06,-29.4
"EX I SHOPPING I FOKUSPRODUKTE",SATURDAY,22,4,3,1,0,confirmed,22.89,-52.6
"EX I SHOPPING I FOKUSPRODUKTE",SATURDAY,23,4,3,1,0,confirmed,30.45,-36.9
"EX | USA | SEARCH | BRAND",SUNDAY,0,4,4,0,0,confirmed,,
"EX | USA | SEARCH | BRAND",SUNDAY,1,4,4,0,0,confirmed,,
"EX | USA | SEARCH | BRAND",SUNDAY,2,4,2,2,0,unconfirmed,1.64,-11.2
"EX | USA | SEARCH | BRAND",SUNDAY,3,4,2,0,0,unconfirmed,3.77,103.4
"EX | USA | SEARCH | BRAND",SUNDAY,4,4,2,2,0,unconfirmed,0.75,-59.3
"EX | USA | SEARCH | BRAND",SUNDAY,5,4,1,0,0,unconfirmed,1.84,-0.6
"EX | USA | SEARCH | BRAND",SUNDAY,6,4,3,1,0,confirmed,3.62,95.6
"EX | USA | SEARCH | BRAND",SUNDAY,7,4,3,1,0,confirmed,0.76,-58.9
"EX | USA | SEARCH | BRAND",SUNDAY,8,4,2,2,0,unconfirmed,0.15,-92.0
"EX | USA | SEARCH | BRAND",SUNDAY,9,4,4,0,0,confirmed,,
"EX | USA | SEARCH | BRAND",SUNDAY,10,4,4,0,0,confirmed,,
"EX | USA | SEARCH | BRAND",SUNDAY,11,4,4,0,0,confirmed,,
"EX | USA | SEARCH | BRAND",SUNDAY,12,3,3,0,0,insufficient,,
"EX | USA | SEARCH | BRAND",SUNDAY,13,3,2,0,1,insufficient,,
"EX | USA | SEARCH | BRAND",SUNDAY,14,4,4,0,0,confirmed,8.77,373.7
"EX | USA | SEARCH | BRAND",SUNDAY,15,4,1,2,0,unconfirmed,0.70,-62.2
"EX | USA | SEARCH | BRAND",SUNDAY,16,4,3,0,1,confirmed,,
"EX | USA | SEARCH | BRAND",SUNDAY,17,4,2,2,0,unconfirmed,2.35,27.0
"EX | USA | SEARCH | BRAND",SUNDAY,18,4,2,2,0,unconfirmed,0.83,-55.3
"EX | USA | SEARCH | BRAND",SUNDAY,19,4,2,1,0,unconfirmed,3.55,92.0
"EX | USA | SEARCH | BRAND",SUNDAY,20,4,2,2,0,unconfirmed,1.51,-18.3
"EX | USA | SEARCH | BRAND",SUNDAY,21,4,2,1,0,unconfirmed,1.14,-38.3
"EX | USA | SEARCH | BRAND",SUNDAY,22,4,2,2,0,unconfirmed,1.50,-18.9
"EX | USA | SEARCH | BRAND",SUNDAY,23,4,4,0,0,confirmed,6.62,257.9
"EX | USA | SEARCH | BRAND",MONDAY,0,4,3,1,0,confirmed,2.53,36.8
"EX | USA | SEARCH | BRAND",MONDAY,1,4,0,2,0,unconfirmed,0.86,-53.5
"EX | USA | SEARCH | BRAND",MONDAY,2,4,4,0,0,confirmed,22.59,1120.4
"EX | USA | SEARCH | BRAND",MONDAY,3,4,3,1,0,confirmed,1.02,-44.9
"EX | USA | SEARCH | BRAND",MONDAY,4,4,1,2,0,unconfirmed,1.38,-25.4
"EX | USA | SEARCH | BRAND",MONDAY,5,4,3,1,0,confirmed,1.86,0.2
"EX | USA | SEARCH | BRAND",MONDAY,6,4,1,3,0,confirmed,0.39,-78.8
"EX | USA | SEARCH | BRAND",MONDAY,7,4,2,1,0,unconfirmed,1.46,-21.3
"EX | USA | SEARCH | BRAND",MONDAY,8,4,3,1,0,confirmed,0.50,-73.2
"EX | USA | SEARCH | BRAND",MONDAY,9,4,2,2,0,unconfirmed,0.10,-94.8
"EX | USA | SEARCH | BRAND",MONDAY,10,4,3,1,0,confirmed,0.40,-78.3
"EX | USA | SEARCH | BRAND",MONDAY,11,4,3,1,0,confirmed,0.99,-46.6
"EX | USA | SEARCH | BRAND",MONDAY,12,4,2,2,0,unconfirmed,0.28,-84.7
"EX | USA | SEARCH | BRAND",MONDAY,13,4,4,0,0,confirmed,,
"EX | USA | SEARCH | BRAND",MONDAY,14,4,4,0,0,confirmed,,
"EX | USA | SEARCH | BRAND",MONDAY,15,4,3,1,0,confirmed,0.35,-80.9
"EX | USA | SEARCH | BRAND",MONDAY,16,4,1,3,0,confirmed,0.22,-88.1
"EX | USA | SEARCH | BRAND",MONDAY,17,4,4,0,0,confirmed,,
"EX | USA | SEARCH | BRAND",MONDAY,18,4,1,3,0,confirmed,1.09,-41.0
"EX | USA | SEARCH | BRAND",MONDAY,19,4,4,0,0,confirmed,,
"EX | USA | SEARCH | BRAND",MONDAY,20,4,2,1,0,unconfirmed,1.62,-12.4
"EX | USA | SEARCH | BRAND",MONDAY,21,4,3,1,0,confirmed,2.74,47.9
"EX | USA | SEARCH | BRAND",MONDAY,22,4,2,2,0,unconfirmed,0.21,-88.9
"EX | USA | SEARCH | BRAND",MONDAY,23,4,2,2,0,unconfirmed,0.67,-63.8
"EX | USA | SEARCH | BRAND",TUESDAY,0,5,2,2,0,unconfirmed,5.00,170.1
"EX | USA | SEARCH | BRAND",TUESDAY,1,5,4,1,0,confirmed,11.25,508.0
"EX | USA | SEARCH | BRAND",TUESDAY,2,5,5,0,0,confirmed,,
"EX | USA | SEARCH | BRAND",TUESDAY,3,5,1,3,0,unconfirmed,0.60,-67.8
"EX | USA | SEARCH | BRAND",TUESDAY,4,5,2,3,0,unconfirmed,1.13,-39.1
"EX | USA | SEARCH | BRAND",TUESDAY,5,5,4,0,0,confirmed,5.44,194.2
"EX | USA | SEARCH | BRAND",TUESDAY,6,5,3,1,0,unconfirmed,2.45,32.2
"EX | USA | SEARCH | BRAND",TUESDAY,7,5,3,1,0,unconfirmed,0.83,-55.2
"EX | USA | SEARCH | BRAND",TUESDAY,8,5,3,1,1,unconfirmed,0.89,-51.9
"EX | USA | SEARCH | BRAND",TUESDAY,9,5,4,1,0,confirmed,0.59,-68.4
"EX | USA | SEARCH | BRAND",TUESDAY,10,3,3,0,0,insufficient,,
"EX | USA | SEARCH | BRAND",TUESDAY,11,4,2,0,2,unconfirmed,,
"EX | USA | SEARCH | BRAND",TUESDAY,12,5,5,0,0,confirmed,,
"EX | USA | SEARCH | BRAND",TUESDAY,13,5,4,0,1,confirmed,,
"EX | USA | SEARCH | BRAND",TUESDAY,14,5,4,0,1,confirmed,,
"EX | USA | SEARCH | BRAND",TUESDAY,15,5,5,0,0,confirmed,,
"EX | USA | SEARCH | BRAND",TUESDAY,16,5,3,2,0,unconfirmed,0.78,-57.6
"EX | USA | SEARCH | BRAND",TUESDAY,17,5,2,2,0,unconfirmed,0.88,-52.5
"EX | USA | SEARCH | BRAND",TUESDAY,18,5,4,1,0,confirmed,16.96,816.6
"EX | USA | SEARCH | BRAND",TUESDAY,19,5,3,2,0,unconfirmed,2.09,13.1
"EX | USA | SEARCH | BRAND",TUESDAY,20,5,4,1,0,confirmed,1.86,0.4
"EX | USA | SEARCH | BRAND",TUESDAY,21,5,4,1,0,confirmed,0.81,-56.3
"EX | USA | SEARCH | BRAND",TUESDAY,22,5,4,1,0,confirmed,1.84,-0.5
"EX | USA | SEARCH | BRAND",TUESDAY,23,5,2,2,0,unconfirmed,1.70,-8.0
"EX | USA | SEARCH | BRAND",WEDNESDAY,0,5,3,1,0,unconfirmed,2.41,30.2
"EX | USA | SEARCH | BRAND",WEDNESDAY,1,5,3,2,0,unconfirmed,0.93,-49.8
"EX | USA | SEARCH | BRAND",WEDNESDAY,2,5,4,1,0,confirmed,2.70,45.6
"EX | USA | SEARCH | BRAND",WEDNESDAY,3,5,2,2,0,unconfirmed,1.02,-44.8
"EX | USA | SEARCH | BRAND",WEDNESDAY,4,5,2,3,0,unconfirmed,3.26,76.4
"EX | USA | SEARCH | BRAND",WEDNESDAY,5,5,2,3,0,unconfirmed,0.53,-71.2
"EX | USA | SEARCH | BRAND",WEDNESDAY,6,5,5,0,0,confirmed,,
"EX | USA | SEARCH | BRAND",WEDNESDAY,7,5,4,1,0,confirmed,3.00,62.0
"EX | USA | SEARCH | BRAND",WEDNESDAY,8,5,4,1,0,confirmed,2.63,41.8
"EX | USA | SEARCH | BRAND",WEDNESDAY,9,5,5,0,0,confirmed,,
"EX | USA | SEARCH | BRAND",WEDNESDAY,10,5,3,2,0,unconfirmed,1.02,-45.2
"EX | USA | SEARCH | BRAND",WEDNESDAY,11,5,4,1,0,confirmed,1.95,5.4
"EX | USA | SEARCH | BRAND",WEDNESDAY,12,5,4,0,1,confirmed,,
"EX | USA | SEARCH | BRAND",WEDNESDAY,13,5,3,2,0,unconfirmed,0.52,-71.9
"EX | USA | SEARCH | BRAND",WEDNESDAY,14,5,4,1,0,confirmed,1.76,-5.0
"EX | USA | SEARCH | BRAND",WEDNESDAY,15,5,4,1,0,confirmed,1.84,-0.5
"EX | USA | SEARCH | BRAND",WEDNESDAY,16,5,4,1,0,confirmed,4.82,160.6
"EX | USA | SEARCH | BRAND",WEDNESDAY,17,5,2,2,0,unconfirmed,1.97,6.4
"EX | USA | SEARCH | BRAND",WEDNESDAY,18,5,3,2,0,unconfirmed,1.83,-1.3
"EX | USA | SEARCH | BRAND",WEDNESDAY,19,5,2,3,0,unconfirmed,0.36,-80.3
"EX | USA | SEARCH | BRAND",WEDNESDAY,20,5,4,1,0,confirmed,3.16,71.0
"EX | USA | SEARCH | BRAND",WEDNESDAY,21,5,4,1,0,confirmed,2.59,39.7
"EX | USA | SEARCH | BRAND",WEDNESDAY,22,5,3,1,0,unconfirmed,3.45,86.5
"EX | USA | SEARCH | BRAND",WEDNESDAY,23,5,5,0,0,confirmed,5.09,175.0
"EX | USA | SEARCH | BRAND",THURSDAY,0,4,3,1,0,confirmed,2.50,35.0
"EX | USA | SEARCH | BRAND",THURSDAY,1,4,3,1,0,confirmed,1.50,-18.9
"EX | USA | SEARCH | BRAND",THURSDAY,2,4,3,1,0,confirmed,3.33,80.1
"EX | USA | SEARCH | BRAND",THURSDAY,3,4,3,1,0,confirmed,2.08,12.5
"EX | USA | SEARCH | BRAND",THURSDAY,4,4,3,1,0,confirmed,4.45,140.5
"EX | USA | SEARCH | BRAND",THURSDAY,5,4,0,1,0,unconfirmed,1.58,-14.5
"EX | USA | SEARCH | BRAND",THURSDAY,6,4,2,2,0,unconfirmed,0.62,-66.7
"EX | USA | SEARCH | BRAND",THURSDAY,7,4,2,2,0,unconfirmed,0.82,-55.9
"EX | USA | SEARCH | BRAND",THURSDAY,8,4,2,1,0,unconfirmed,1.04,-44.0
"EX | USA | SEARCH | BRAND",THURSDAY,9,3,3,0,0,insufficient,,
"EX | USA | SEARCH | BRAND",THURSDAY,10,4,4,0,0,confirmed,,
"EX | USA | SEARCH | BRAND",THURSDAY,11,4,3,1,0,confirmed,1.42,-23.3
"EX | USA | SEARCH | BRAND",THURSDAY,12,4,3,1,0,confirmed,3.13,69.1
"EX | USA | SEARCH | BRAND",THURSDAY,13,4,2,2,0,unconfirmed,1.68,-9.0
"EX | USA | SEARCH | BRAND",THURSDAY,14,4,2,2,0,unconfirmed,0.78,-58.0
"EX | USA | SEARCH | BRAND",THURSDAY,15,4,2,2,0,unconfirmed,0.22,-88.3
"EX | USA | SEARCH | BRAND",THURSDAY,16,4,4,0,0,confirmed,,
"EX | USA | SEARCH | BRAND",THURSDAY,17,4,2,2,0,unconfirmed,0.65,-64.8
"EX | USA | SEARCH | BRAND",THURSDAY,18,4,3,0,0,confirmed,6.32,241.7
"EX | USA | SEARCH | BRAND",THURSDAY,19,4,3,0,0,confirmed,5.35,189.2
"EX | USA | SEARCH | BRAND",THURSDAY,20,4,3,1,0,confirmed,0.99,-46.4
"EX | USA | SEARCH | BRAND",THURSDAY,21,4,3,1,0,confirmed,2.06,11.5
"EX | USA | SEARCH | BRAND",THURSDAY,22,4,3,1,0,confirmed,1.05,-43.5
"EX | USA | SEARCH | BRAND",THURSDAY,23,4,2,1,0,unconfirmed,2.72,47.1
"EX | USA | SEARCH | BRAND",FRIDAY,0,4,1,3,0,confirmed,0.63,-66.2
"EX | USA | SEARCH | BRAND",FRIDAY,1,4,2,1,0,unconfirmed,2.54,37.0
"EX | USA | SEARCH | BRAND",FRIDAY,2,4,1,3,0,confirmed,0.60,-67.5
"EX | USA | SEARCH | BRAND",FRIDAY,3,4,3,1,0,confirmed,1.40,-24.1
"EX | USA | SEARCH | BRAND",FRIDAY,4,4,4,0,0,confirmed,17.31,835.2
"EX | USA | SEARCH | BRAND",FRIDAY,5,4,2,2,0,unconfirmed,0.93,-49.9
"EX | USA | SEARCH | BRAND",FRIDAY,6,4,2,1,0,unconfirmed,0.53,-71.5
"EX | USA | SEARCH | BRAND",FRIDAY,7,4,4,0,0,confirmed,,
"EX | USA | SEARCH | BRAND",FRIDAY,8,4,2,1,0,unconfirmed,0.87,-53.2
"EX | USA | SEARCH | BRAND",FRIDAY,9,4,3,1,0,confirmed,4.54,145.1
"EX | USA | SEARCH | BRAND",FRIDAY,10,2,2,0,0,insufficient,,
"EX | USA | SEARCH | BRAND",FRIDAY,11,4,1,1,2,unconfirmed,1.24,-33.0
"EX | USA | SEARCH | BRAND",FRIDAY,13,4,4,0,0,confirmed,,
"EX | USA | SEARCH | BRAND",FRIDAY,14,4,3,1,0,confirmed,1.60,-13.8
"EX | USA | SEARCH | BRAND",FRIDAY,15,4,3,1,0,confirmed,2.99,61.3
"EX | USA | SEARCH | BRAND",FRIDAY,16,4,4,0,0,confirmed,,
"EX | USA | SEARCH | BRAND",FRIDAY,17,4,4,0,0,confirmed,6.27,238.6
"EX | USA | SEARCH | BRAND",FRIDAY,18,4,1,3,0,confirmed,0.73,-60.7
"EX | USA | SEARCH | BRAND",FRIDAY,19,4,3,1,0,confirmed,1.43,-23.0
"EX | USA | SEARCH | BRAND",FRIDAY,20,4,2,2,0,unconfirmed,1.06,-42.9
"EX | USA | SEARCH | BRAND",FRIDAY,21,4,1,3,0,confirmed,0.13,-92.8
"EX | USA | SEARCH | BRAND",FRIDAY,22,4,3,0,0,confirmed,9.81,429.9
"EX | USA | SEARCH | BRAND",FRIDAY,23,4,4,0,0,confirmed,,
"EX | USA | SEARCH | BRAND",FRIDAY,12,3,3,0,0,insufficient,,
"EX | USA | SEARCH | BRAND",SATURDAY,0,4,3,1,0,confirmed,5.62,203.6
"EX | USA | SEARCH | BRAND",SATURDAY,1,4,2,2,0,unconfirmed,0.74,-59.9
"EX | USA | SEARCH | BRAND",SATURDAY,2,4,1,3,0,confirmed,0.57,-69.0
"EX | USA | SEARCH | BRAND",SATURDAY,3,4,2,1,0,unconfirmed,1.46,-21.2
"EX | USA | SEARCH | BRAND",SATURDAY,4,4,4,0,0,confirmed,,
"EX | USA | SEARCH | BRAND",SATURDAY,5,4,2,2,0,unconfirmed,0.93,-49.9
"EX | USA | SEARCH | BRAND",SATURDAY,6,4,3,1,0,confirmed,0.60,-67.6
"EX | USA | SEARCH | BRAND",SATURDAY,7,4,4,0,0,confirmed,,
"EX | USA | SEARCH | BRAND",SATURDAY,8,4,2,2,0,unconfirmed,1.66,-10.3
"EX | USA | SEARCH | BRAND",SATURDAY,9,4,4,0,0,confirmed,,
"EX | USA | SEARCH | BRAND",SATURDAY,10,3,2,0,1,insufficient,,
"EX | USA | SEARCH | BRAND",SATURDAY,11,3,3,0,0,insufficient,,
"EX | USA | SEARCH | BRAND",SATURDAY,12,3,2,1,0,insufficient,0.96,-48.1
"EX | USA | SEARCH | BRAND",SATURDAY,13,4,2,2,0,unconfirmed,1.17,-36.7
"EX | USA | SEARCH | BRAND",SATURDAY,14,4,2,2,0,unconfirmed,1.01,-45.6
"EX | USA | SEARCH | BRAND",SATURDAY,15,4,2,2,0,unconfirmed,0.09,-95.4
"EX | USA | SEARCH | BRAND",SATURDAY,16,4,4,0,0,confirmed,14.01,657.0
"EX | USA | SEARCH | BRAND",SATURDAY,17,4,3,1,0,confirmed,1.00,-45.8
"EX | USA | SEARCH | BRAND",SATURDAY,18,4,3,1,0,confirmed,3.74,101.8
"EX | USA | SEARCH | BRAND",SATURDAY,19,4,2,2,0,unconfirmed,0.96,-48.1
"EX | USA | SEARCH | BRAND",SATURDAY,20,4,3,1,0,confirmed,0.96,-48.4
"EX | USA | SEARCH | BRAND",SATURDAY,21,4,4,0,0,confirmed,7.14,285.9
"EX | USA | SEARCH | BRAND",SATURDAY,22,4,3,1,0,confirmed,2.94,58.9
"EX | USA | SEARCH | BRAND",SATURDAY,23,4,4,0,0,confirmed,,
"EX | SKANDI | SEARCH | BRAND",SUNDAY,0,4,3,1,0,confirmed,3.11,-24.1
"EX | SKANDI | SEARCH | BRAND",SUNDAY,1,4,3,0,0,confirmed,5.82,42.2
"EX | SKANDI | SEARCH | BRAND",SUNDAY,3,1,1,0,0,insufficient,,
"EX | SKANDI | SEARCH | BRAND",SUNDAY,4,3,3,0,0,insufficient,,
"EX | SKANDI | SEARCH | BRAND",SUNDAY,9,3,3,0,0,insufficient,,
"EX | SKANDI | SEARCH | BRAND",SUNDAY,10,4,4,0,0,confirmed,,
"EX | SKANDI | SEARCH | BRAND",SUNDAY,11,4,3,0,0,confirmed,10.27,150.9
"EX | SKANDI | SEARCH | BRAND",SUNDAY,12,4,2,2,0,unconfirmed,0.46,-88.8
"EX | SKANDI | SEARCH | BRAND",SUNDAY,13,4,3,0,0,confirmed,8.17,99.7
"EX | SKANDI | SEARCH | BRAND",SUNDAY,14,4,3,0,1,confirmed,,
"EX | SKANDI | SEARCH | BRAND",SUNDAY,15,4,4,0,0,confirmed,106.11,2492.5
"EX | SKANDI | SEARCH | BRAND",SUNDAY,16,4,3,1,0,confirmed,1.84,-55.1
"EX | SKANDI | SEARCH | BRAND",SUNDAY,17,4,3,1,0,confirmed,4.47,9.1
"EX | SKANDI | SEARCH | BRAND",SUNDAY,18,4,3,1,0,confirmed,2.38,-41.8
"EX | SKANDI | SEARCH | BRAND",SUNDAY,19,4,2,2,0,unconfirmed,0.99,-75.9
"EX | SKANDI | SEARCH | BRAND",SUNDAY,20,4,2,0,2,unconfirmed,,
"EX | SKANDI | SEARCH | BRAND",SUNDAY,21,4,4,0,0,confirmed,,
"EX | SKANDI | SEARCH | BRAND",SUNDAY,22,4,3,1,0,confirmed,2.95,-27.8
"EX | SKANDI | SEARCH | BRAND",SUNDAY,23,4,3,0,1,confirmed,,
"EX | SKANDI | SEARCH | BRAND",SUNDAY,2,2,0,0,1,insufficient,3.80,-7.2
"EX | SKANDI | SEARCH | BRAND",SUNDAY,5,2,2,0,0,insufficient,,
"EX | SKANDI | SEARCH | BRAND",SUNDAY,6,2,2,0,0,insufficient,,
"EX | SKANDI | SEARCH | BRAND",SUNDAY,7,3,2,0,1,insufficient,,
"EX | SKANDI | SEARCH | BRAND",SUNDAY,8,2,1,1,0,insufficient,1.64,-59.9
"EX | SKANDI | SEARCH | BRAND",MONDAY,0,4,3,1,0,confirmed,2.75,-32.9
"EX | SKANDI | SEARCH | BRAND",MONDAY,2,3,2,0,1,insufficient,,
"EX | SKANDI | SEARCH | BRAND",MONDAY,4,1,0,1,0,insufficient,1.06,-74.0
"EX | SKANDI | SEARCH | BRAND",MONDAY,6,2,1,0,1,insufficient,,
"EX | SKANDI | SEARCH | BRAND",MONDAY,8,4,3,1,0,confirmed,1.78,-56.6
"EX | SKANDI | SEARCH | BRAND",MONDAY,9,4,4,0,0,confirmed,,
"EX | SKANDI | SEARCH | BRAND",MONDAY,10,4,4,0,0,confirmed,,
"EX | SKANDI | SEARCH | BRAND",MONDAY,11,4,3,0,1,confirmed,,
"EX | SKANDI | SEARCH | BRAND",MONDAY,12,4,3,1,0,confirmed,2.00,-51.1
"EX | SKANDI | SEARCH | BRAND",MONDAY,13,4,4,0,0,confirmed,,
"EX | SKANDI | SEARCH | BRAND",MONDAY,14,4,2,2,0,unconfirmed,2.06,-49.7
"EX | SKANDI | SEARCH | BRAND",MONDAY,15,4,3,1,0,confirmed,2.66,-35.1
"EX | SKANDI | SEARCH | BRAND",MONDAY,16,4,4,0,0,confirmed,68.37,1570.6
"EX | SKANDI | SEARCH | BRAND",MONDAY,17,4,3,1,0,confirmed,5.19,26.9
"EX | SKANDI | SEARCH | BRAND",MONDAY,18,4,4,0,0,confirmed,,
"EX | SKANDI | SEARCH | BRAND",MONDAY,19,4,4,0,0,confirmed,,
"EX | SKANDI | SEARCH | BRAND",MONDAY,20,4,4,0,0,confirmed,,
"EX | SKANDI | SEARCH | BRAND",MONDAY,21,4,3,0,0,confirmed,12.98,217.2
"EX | SKANDI | SEARCH | BRAND",MONDAY,22,4,3,0,1,confirmed,,
"EX | SKANDI | SEARCH | BRAND",MONDAY,23,4,1,2,1,unconfirmed,2.01,-51.0
"EX | SKANDI | SEARCH | BRAND",MONDAY,1,3,2,1,0,insufficient,1.39,-66.0
"EX | SKANDI | SEARCH | BRAND",MONDAY,3,3,3,0,0,insufficient,,
"EX | SKANDI | SEARCH | BRAND",MONDAY,7,3,1,0,2,insufficient,,
"EX | SKANDI | SEARCH | BRAND",MONDAY,5,1,1,0,0,insufficient,,
"EX | SKANDI | SEARCH | BRAND",TUESDAY,0,5,5,0,0,confirmed,,
"EX | SKANDI | SEARCH | BRAND",TUESDAY,1,5,2,0,3,unconfirmed,,
"EX | SKANDI | SEARCH | BRAND",TUESDAY,4,4,2,0,2,unconfirmed,,
"EX | SKANDI | SEARCH | BRAND",TUESDAY,5,4,3,1,0,confirmed,1.59,-61.2
"EX | SKANDI | SEARCH | BRAND",TUESDAY,7,5,4,1,0,confirmed,0.63,-84.6
"EX | SKANDI | SEARCH | BRAND",TUESDAY,8,5,5,0,0,confirmed,31.24,663.2
"EX | SKANDI | SEARCH | BRAND",TUESDAY,9,5,4,0,0,confirmed,12.90,215.2
"EX | SKANDI | SEARCH | BRAND",TUESDAY,10,5,3,2,0,unconfirmed,1.14,-72.1
"EX | SKANDI | SEARCH | BRAND",TUESDAY,11,5,4,0,1,confirmed,,
"EX | SKANDI | SEARCH | BRAND",TUESDAY,12,4,3,0,0,confirmed,41.52,914.5
"EX | SKANDI | SEARCH | BRAND",TUESDAY,13,5,5,0,0,confirmed,,
"EX | SKANDI | SEARCH | BRAND",TUESDAY,14,5,3,2,0,unconfirmed,1.85,-54.7
"EX | SKANDI | SEARCH | BRAND",TUESDAY,15,5,4,0,0,confirmed,117.48,2770.4
"EX | SKANDI | SEARCH | BRAND",TUESDAY,16,5,4,1,0,confirmed,1.71,-58.3
"EX | SKANDI | SEARCH | BRAND",TUESDAY,17,5,4,1,0,confirmed,3.22,-21.2
"EX | SKANDI | SEARCH | BRAND",TUESDAY,18,4,3,1,0,confirmed,0.93,-77.3
"EX | SKANDI | SEARCH | BRAND",TUESDAY,19,5,4,1,0,confirmed,23.77,480.8
"EX | SKANDI | SEARCH | BRAND",TUESDAY,20,5,3,2,0,unconfirmed,2.70,-34.0
"EX | SKANDI | SEARCH | BRAND",TUESDAY,21,5,3,2,0,unconfirmed,2.36,-42.4
"EX | SKANDI | SEARCH | BRAND",TUESDAY,22,5,4,1,0,confirmed,8.24,101.3
"EX | SKANDI | SEARCH | BRAND",TUESDAY,23,5,3,1,1,unconfirmed,3.01,-26.5
"EX | SKANDI | SEARCH | BRAND",TUESDAY,2,3,2,0,1,insufficient,,
"EX | SKANDI | SEARCH | BRAND",TUESDAY,3,3,2,0,1,insufficient,,
"EX | SKANDI | SEARCH | BRAND",TUESDAY,6,4,1,1,2,unconfirmed,0.28,-93.3
"EX | SKANDI | SEARCH | BRAND",WEDNESDAY,0,5,3,2,0,unconfirmed,4.62,12.9
"EX | SKANDI | SEARCH | BRAND",WEDNESDAY,1,3,2,0,1,insufficient,,
"EX | SKANDI | SEARCH | BRAND",WEDNESDAY,2,4,1,1,2,unconfirmed,0.38,-90.8
"EX | SKANDI | SEARCH | BRAND",WEDNESDAY,5,3,2,0,1,insufficient,,
"EX | SKANDI | SEARCH | BRAND",WEDNESDAY,6,3,2,0,1,insufficient,,
"EX | SKANDI | SEARCH | BRAND",WEDNESDAY,7,5,3,0,2,unconfirmed,,
"EX | SKANDI | SEARCH | BRAND",WEDNESDAY,8,5,2,2,0,unconfirmed,3.02,-26.3
"EX | SKANDI | SEARCH | BRAND",WEDNESDAY,9,5,3,0,2,unconfirmed,,
"EX | SKANDI | SEARCH | BRAND",WEDNESDAY,10,5,2,3,0,unconfirmed,1.37,-66.6
"EX | SKANDI | SEARCH | BRAND",WEDNESDAY,11,5,3,2,0,unconfirmed,2.39,-41.6
"EX | SKANDI | SEARCH | BRAND",WEDNESDAY,12,5,5,0,0,confirmed,,
"EX | SKANDI | SEARCH | BRAND",WEDNESDAY,13,5,4,1,0,confirmed,28.07,585.8
"EX | SKANDI | SEARCH | BRAND",WEDNESDAY,14,5,4,0,0,confirmed,18.83,360.1
"EX | SKANDI | SEARCH | BRAND",WEDNESDAY,15,5,4,1,0,confirmed,2.56,-37.5
"EX | SKANDI | SEARCH | BRAND",WEDNESDAY,16,5,3,0,2,unconfirmed,,
"EX | SKANDI | SEARCH | BRAND",WEDNESDAY,17,5,3,2,0,unconfirmed,2.25,-45.1
"EX | SKANDI | SEARCH | BRAND",WEDNESDAY,18,5,4,0,1,confirmed,,
"EX | SKANDI | SEARCH | BRAND",WEDNESDAY,19,5,2,2,0,unconfirmed,1.64,-60.0
"EX | SKANDI | SEARCH | BRAND",WEDNESDAY,20,5,5,0,0,confirmed,,
"EX | SKANDI | SEARCH | BRAND",WEDNESDAY,21,5,5,0,0,confirmed,,
"EX | SKANDI | SEARCH | BRAND",WEDNESDAY,22,5,5,0,0,confirmed,23.73,479.7
"EX | SKANDI | SEARCH | BRAND",WEDNESDAY,23,5,3,1,1,unconfirmed,5.98,46.1
"EX | SKANDI | SEARCH | BRAND",WEDNESDAY,3,4,3,0,1,confirmed,,
"EX | SKANDI | SEARCH | BRAND",WEDNESDAY,4,2,0,0,2,insufficient,,
"EX | SKANDI | SEARCH | BRAND",THURSDAY,0,4,3,1,0,confirmed,8.00,95.5
"EX | SKANDI | SEARCH | BRAND",THURSDAY,1,3,3,0,0,insufficient,,
"EX | SKANDI | SEARCH | BRAND",THURSDAY,7,3,2,0,1,insufficient,,
"EX | SKANDI | SEARCH | BRAND",THURSDAY,8,4,4,0,0,confirmed,,
"EX | SKANDI | SEARCH | BRAND",THURSDAY,9,4,4,0,0,confirmed,,
"EX | SKANDI | SEARCH | BRAND",THURSDAY,10,4,3,1,0,confirmed,0.46,-88.7
"EX | SKANDI | SEARCH | BRAND",THURSDAY,11,4,4,0,0,confirmed,,
"EX | SKANDI | SEARCH | BRAND",THURSDAY,12,4,3,1,0,confirmed,2.85,-30.5
"EX | SKANDI | SEARCH | BRAND",THURSDAY,13,4,3,0,1,confirmed,,
"EX | SKANDI | SEARCH | BRAND",THURSDAY,14,4,4,0,0,confirmed,,
"EX | SKANDI | SEARCH | BRAND",THURSDAY,15,4,2,0,2,unconfirmed,,
"EX | SKANDI | SEARCH | BRAND",THURSDAY,16,4,2,2,0,unconfirmed,1.59,-61.2
"EX | SKANDI | SEARCH | BRAND",THURSDAY,17,4,3,1,0,confirmed,2.00,-51.1
"EX | SKANDI | SEARCH | BRAND",THURSDAY,18,4,4,0,0,confirmed,,
"EX | SKANDI | SEARCH | BRAND",THURSDAY,19,4,3,1,0,confirmed,5.08,24.2
"EX | SKANDI | SEARCH | BRAND",THURSDAY,20,4,4,0,0,confirmed,,
"EX | SKANDI | SEARCH | BRAND",THURSDAY,21,4,3,1,0,confirmed,5.26,28.6
"EX | SKANDI | SEARCH | BRAND",THURSDAY,22,4,4,0,0,confirmed,,
"EX | SKANDI | SEARCH | BRAND",THURSDAY,23,4,3,1,0,confirmed,1.95,-52.5
"EX | SKANDI | SEARCH | BRAND",THURSDAY,3,1,1,0,0,insufficient,,
"EX | SKANDI | SEARCH | BRAND",THURSDAY,4,2,1,0,1,insufficient,,
"EX | SKANDI | SEARCH | BRAND",THURSDAY,2,2,1,1,0,insufficient,2.33,-43.1
"EX | SKANDI | SEARCH | BRAND",THURSDAY,6,2,2,0,0,insufficient,,
"EX | SKANDI | SEARCH | BRAND",FRIDAY,0,4,3,0,1,confirmed,41.62,917.0
"EX | SKANDI | SEARCH | BRAND",FRIDAY,4,4,4,0,0,confirmed,,
"EX | SKANDI | SEARCH | BRAND",FRIDAY,5,3,2,0,1,insufficient,,
"EX | SKANDI | SEARCH | BRAND",FRIDAY,6,3,3,0,0,insufficient,,
"EX | SKANDI | SEARCH | BRAND",FRIDAY,8,4,2,1,1,unconfirmed,0.64,-84.5
"EX | SKANDI | SEARCH | BRAND",FRIDAY,9,4,2,1,0,unconfirmed,0.61,-85.2
"EX | SKANDI | SEARCH | BRAND",FRIDAY,10,4,3,0,1,confirmed,582.73,14137.7
"EX | SKANDI | SEARCH | BRAND",FRIDAY,11,4,3,1,0,confirmed,5.69,39.0
"EX | SKANDI | SEARCH | BRAND",FRIDAY,12,4,3,1,0,confirmed,0.68,-83.4
"EX | SKANDI | SEARCH | BRAND",FRIDAY,13,4,3,1,0,confirmed,1.54,-62.5
"EX | SKANDI | SEARCH | BRAND",FRIDAY,14,4,1,1,2,unconfirmed,0.58,-85.7
"EX | SKANDI | SEARCH | BRAND",FRIDAY,15,4,3,0,1,confirmed,,
"EX | SKANDI | SEARCH | BRAND",FRIDAY,16,4,2,2,0,unconfirmed,1.03,-74.8
"EX | SKANDI | SEARCH | BRAND",FRIDAY,17,4,3,0,0,confirmed,11.79,188.0
"EX | SKANDI | SEARCH | BRAND",FRIDAY,18,4,3,1,0,confirmed,1.35,-67.0
"EX | SKANDI | SEARCH | BRAND",FRIDAY,19,4,3,0,1,confirmed,,
"EX | SKANDI | SEARCH | BRAND",FRIDAY,20,4,3,1,0,confirmed,1.56,-61.8
"EX | SKANDI | SEARCH | BRAND",FRIDAY,21,4,3,1,0,confirmed,3.15,-23.0
"EX | SKANDI | SEARCH | BRAND",FRIDAY,22,4,3,1,0,confirmed,6.47,58.1
"EX | SKANDI | SEARCH | BRAND",FRIDAY,23,4,4,0,0,confirmed,,
"EX | SKANDI | SEARCH | BRAND",FRIDAY,1,2,2,0,0,insufficient,,
"EX | SKANDI | SEARCH | BRAND",FRIDAY,2,3,3,0,0,insufficient,,
"EX | SKANDI | SEARCH | BRAND",FRIDAY,3,2,1,0,1,insufficient,,
"EX | SKANDI | SEARCH | BRAND",FRIDAY,7,2,2,0,0,insufficient,,
"EX | SKANDI | SEARCH | BRAND",SATURDAY,0,4,3,0,1,confirmed,,
"EX | SKANDI | SEARCH | BRAND",SATURDAY,1,4,4,0,0,confirmed,,
"EX | SKANDI | SEARCH | BRAND",SATURDAY,2,2,2,0,0,insufficient,,
"EX | SKANDI | SEARCH | BRAND",SATURDAY,6,3,3,0,0,insufficient,,
"EX | SKANDI | SEARCH | BRAND",SATURDAY,9,3,3,0,0,insufficient,,
"EX | SKANDI | SEARCH | BRAND",SATURDAY,10,4,4,0,0,confirmed,123.80,2924.8
"EX | SKANDI | SEARCH | BRAND",SATURDAY,11,4,3,1,0,confirmed,1.58,-61.5
"EX | SKANDI | SEARCH | BRAND",SATURDAY,12,4,3,1,0,confirmed,4.56,11.5
"EX | SKANDI | SEARCH | BRAND",SATURDAY,13,4,4,0,0,confirmed,,
"EX | SKANDI | SEARCH | BRAND",SATURDAY,14,4,2,2,0,unconfirmed,1.21,-70.5
"EX | SKANDI | SEARCH | BRAND",SATURDAY,15,4,4,0,0,confirmed,,
"EX | SKANDI | SEARCH | BRAND",SATURDAY,16,4,3,1,0,confirmed,1.01,-75.3
"EX | SKANDI | SEARCH | BRAND",SATURDAY,17,4,4,0,0,confirmed,293.37,7068.0
"EX | SKANDI | SEARCH | BRAND",SATURDAY,18,4,4,0,0,confirmed,,
"EX | SKANDI | SEARCH | BRAND",SATURDAY,19,4,2,2,0,unconfirmed,2.16,-47.3
"EX | SKANDI | SEARCH | BRAND",SATURDAY,20,3,3,0,0,insufficient,,
"EX | SKANDI | SEARCH | BRAND",SATURDAY,21,4,3,0,1,confirmed,,
"EX | SKANDI | SEARCH | BRAND",SATURDAY,22,4,3,1,0,confirmed,1.09,-73.2
"EX | SKANDI | SEARCH | BRAND",SATURDAY,23,4,3,0,1,confirmed,,
"EX | SKANDI | SEARCH | BRAND",SATURDAY,3,2,2,0,0,insufficient,,
"EX | SKANDI | SEARCH | BRAND",SATURDAY,4,2,0,0,2,insufficient,,
"EX | SKANDI | SEARCH | BRAND",SATURDAY,5,1,0,0,1,insufficient,,
"EX | SKANDI | SEARCH | BRAND",SATURDAY,8,3,2,1,0,insufficient,0.41,-90.1
"EX | SKANDI | SEARCH | BRAND",SATURDAY,7,2,1,0,1,insufficient,,
"EX | DE | SEARCH | BRAND",SUNDAY,0,4,1,3,0,confirmed,0.45,-70.8
"EX | DE | SEARCH | BRAND",SUNDAY,1,4,2,1,0,unconfirmed,1.04,-32.0
"EX | DE | SEARCH | BRAND",SUNDAY,2,3,1,2,0,insufficient,0.52,-66.1
"EX | DE | SEARCH | BRAND",SUNDAY,3,4,4,0,0,confirmed,,
"EX | DE | SEARCH | BRAND",SUNDAY,4,4,3,1,0,confirmed,2.87,87.2
"EX | DE | SEARCH | BRAND",SUNDAY,5,3,3,0,0,insufficient,,
"EX | DE | SEARCH | BRAND",SUNDAY,6,4,4,0,0,confirmed,,
"EX | DE | SEARCH | BRAND",SUNDAY,7,4,4,0,0,confirmed,,
"EX | DE | SEARCH | BRAND",SUNDAY,8,4,2,1,0,unconfirmed,1.20,-21.7
"EX | DE | SEARCH | BRAND",SUNDAY,9,4,3,1,0,confirmed,9.48,518.3
"EX | DE | SEARCH | BRAND",SUNDAY,10,4,1,2,0,unconfirmed,1.97,28.5
"EX | DE | SEARCH | BRAND",SUNDAY,11,4,2,1,0,unconfirmed,0.97,-36.9
"EX | DE | SEARCH | BRAND",SUNDAY,12,4,1,2,0,unconfirmed,0.98,-35.9
"EX | DE | SEARCH | BRAND",SUNDAY,13,4,3,1,0,confirmed,4.62,201.3
"EX | DE | SEARCH | BRAND",SUNDAY,14,4,1,2,0,unconfirmed,1.71,11.4
"EX | DE | SEARCH | BRAND",SUNDAY,15,4,2,0,0,unconfirmed,5.66,269.2
"EX | DE | SEARCH | BRAND",SUNDAY,16,4,2,1,0,unconfirmed,2.00,30.2
"EX | DE | SEARCH | BRAND",SUNDAY,17,4,3,1,0,confirmed,2.67,73.9
"EX | DE | SEARCH | BRAND",SUNDAY,18,4,3,1,0,confirmed,1.90,24.0
"EX | DE | SEARCH | BRAND",SUNDAY,19,4,0,3,0,confirmed,0.79,-48.3
"EX | DE | SEARCH | BRAND",SUNDAY,20,4,2,1,0,unconfirmed,1.85,20.8
"EX | DE | SEARCH | BRAND",SUNDAY,21,4,0,2,0,unconfirmed,0.74,-51.6
"EX | DE | SEARCH | BRAND",SUNDAY,22,4,0,3,0,confirmed,0.60,-60.6
"EX | DE | SEARCH | BRAND",SUNDAY,23,4,3,1,0,confirmed,1.99,29.6
"EX | DE | SEARCH | BRAND",MONDAY,0,4,2,2,0,unconfirmed,2.00,30.3
"EX | DE | SEARCH | BRAND",MONDAY,1,4,3,0,0,confirmed,7.33,378.1
"EX | DE | SEARCH | BRAND",MONDAY,2,4,2,1,1,unconfirmed,0.45,-70.4
"EX | DE | SEARCH | BRAND",MONDAY,3,4,3,1,0,confirmed,0.52,-66.4
"EX | DE | SEARCH | BRAND",MONDAY,6,4,3,1,0,confirmed,1.73,13.0
"EX | DE | SEARCH | BRAND",MONDAY,7,4,3,1,0,confirmed,1.66,8.3
"EX | DE | SEARCH | BRAND",MONDAY,8,4,2,2,0,unconfirmed,0.67,-56.4
"EX | DE | SEARCH | BRAND",MONDAY,9,4,1,2,0,unconfirmed,1.01,-34.1
"EX | DE | SEARCH | BRAND",MONDAY,10,4,3,0,0,confirmed,4.58,198.7
"EX | DE | SEARCH | BRAND",MONDAY,11,4,2,2,0,unconfirmed,1.82,19.0
"EX | DE | SEARCH | BRAND",MONDAY,12,4,2,0,0,unconfirmed,4.40,186.8
"EX | DE | SEARCH | BRAND",MONDAY,13,4,2,2,0,unconfirmed,1.67,9.1
"EX | DE | SEARCH | BRAND",MONDAY,14,4,1,2,0,unconfirmed,1.48,-3.2
"EX | DE | SEARCH | BRAND",MONDAY,15,4,2,1,0,unconfirmed,1.20,-22.0
"EX | DE | SEARCH | BRAND",MONDAY,16,4,2,1,0,unconfirmed,3.75,144.9
"EX | DE | SEARCH | BRAND",MONDAY,17,4,3,0,0,confirmed,2.84,85.2
"EX | DE | SEARCH | BRAND",MONDAY,18,4,1,1,0,unconfirmed,1.92,25.0
"EX | DE | SEARCH | BRAND",MONDAY,19,4,2,2,0,unconfirmed,3.70,141.4
"EX | DE | SEARCH | BRAND",MONDAY,20,4,1,2,0,unconfirmed,1.76,14.7
"EX | DE | SEARCH | BRAND",MONDAY,21,4,0,2,0,unconfirmed,0.89,-41.9
"EX | DE | SEARCH | BRAND",MONDAY,22,4,2,2,0,unconfirmed,1.76,14.7
"EX | DE | SEARCH | BRAND",MONDAY,23,4,2,1,0,unconfirmed,1.42,-7.5
"EX | DE | SEARCH | BRAND",MONDAY,4,3,1,0,2,insufficient,,
"EX | DE | SEARCH | BRAND",MONDAY,5,3,1,2,0,insufficient,0.38,-75.0
"EX | DE | SEARCH | BRAND",TUESDAY,0,5,1,2,0,unconfirmed,1.08,-29.3
"EX | DE | SEARCH | BRAND",TUESDAY,1,5,1,3,0,unconfirmed,0.62,-59.8
"EX | DE | SEARCH | BRAND",TUESDAY,2,5,4,0,0,confirmed,4.53,195.5
"EX | DE | SEARCH | BRAND",TUESDAY,3,5,3,2,0,unconfirmed,2.30,50.2
"EX | DE | SEARCH | BRAND",TUESDAY,4,5,5,0,0,confirmed,,
"EX | DE | SEARCH | BRAND",TUESDAY,5,5,2,3,0,unconfirmed,0.20,-86.9
"EX | DE | SEARCH | BRAND",TUESDAY,6,5,3,1,1,unconfirmed,2.46,60.6
"EX | DE | SEARCH | BRAND",TUESDAY,7,5,2,1,0,unconfirmed,3.23,110.4
"EX | DE | SEARCH | BRAND",TUESDAY,8,5,3,1,0,unconfirmed,2.62,70.6
"EX | DE | SEARCH | BRAND",TUESDAY,9,5,2,2,0,unconfirmed,1.81,18.0
"EX | DE | SEARCH | BRAND",TUESDAY,10,5,2,3,0,unconfirmed,2.18,42.2
"EX | DE | SEARCH | BRAND",TUESDAY,11,5,3,2,0,unconfirmed,1.55,1.0
"EX | DE | SEARCH | BRAND",TUESDAY,12,5,0,2,0,unconfirmed,0.97,-36.4
"EX | DE | SEARCH | BRAND",TUESDAY,13,5,3,2,0,unconfirmed,2.03,32.6
"EX | DE | SEARCH | BRAND",TUESDAY,14,5,3,1,0,unconfirmed,2.80,82.7
"EX | DE | SEARCH | BRAND",TUESDAY,15,5,2,2,0,unconfirmed,1.76,14.8
"EX | DE | SEARCH | BRAND",TUESDAY,16,5,0,0,0,unconfirmed,1.66,8.2
"EX | DE | SEARCH | BRAND",TUESDAY,17,5,1,4,0,confirmed,1.48,-3.6
"EX | DE | SEARCH | BRAND",TUESDAY,18,5,3,2,0,unconfirmed,2.42,58.0
"EX | DE | SEARCH | BRAND",TUESDAY,19,5,3,1,0,unconfirmed,2.82,84.2
"EX | DE | SEARCH | BRAND",TUESDAY,20,5,1,2,0,unconfirmed,1.11,-27.3
"EX | DE | SEARCH | BRAND",TUESDAY,21,5,1,2,0,unconfirmed,1.05,-31.7
"EX | DE | SEARCH | BRAND",TUESDAY,22,5,1,1,0,unconfirmed,2.05,34.0
"EX | DE | SEARCH | BRAND",TUESDAY,23,5,2,3,0,unconfirmed,0.82,-46.7
"EX | DE | SEARCH | BRAND",WEDNESDAY,0,5,2,2,0,unconfirmed,1.23,-19.9
"EX | DE | SEARCH | BRAND",WEDNESDAY,1,5,2,2,0,unconfirmed,1.25,-18.6
"EX | DE | SEARCH | BRAND",WEDNESDAY,2,4,4,0,0,confirmed,,
"EX | DE | SEARCH | BRAND",WEDNESDAY,3,3,3,0,0,insufficient,,
"EX | DE | SEARCH | BRAND",WEDNESDAY,4,5,4,1,0,confirmed,2.75,79.2
"EX | DE | SEARCH | BRAND",WEDNESDAY,5,5,4,1,0,confirmed,0.52,-66.1
"EX | DE | SEARCH | BRAND",WEDNESDAY,6,5,3,0,0,unconfirmed,2.07,34.7
"EX | DE | SEARCH | BRAND",WEDNESDAY,7,5,2,3,0,unconfirmed,1.02,-33.6
"EX | DE | SEARCH | BRAND",WEDNESDAY,8,5,3,1,0,unconfirmed,1.44,-6.3
"EX | DE | SEARCH | BRAND",WEDNESDAY,9,5,2,2,0,unconfirmed,1.26,-18.0
"EX | DE | SEARCH | BRAND",WEDNESDAY,10,5,4,1,0,confirmed,2.79,82.2
"EX | DE | SEARCH | BRAND",WEDNESDAY,11,5,3,1,0,unconfirmed,1.49,-3.0
"EX | DE | SEARCH | BRAND",WEDNESDAY,12,5,2,1,0,unconfirmed,0.90,-41.1
"EX | DE | SEARCH | BRAND",WEDNESDAY,13,5,4,1,0,confirmed,2.14,39.5
"EX | DE | SEARCH | BRAND",WEDNESDAY,14,5,3,2,0,unconfirmed,1.64,7.2
"EX | DE | SEARCH | BRAND",WEDNESDAY,15,5,2,1,0,unconfirmed,1.69,10.3
"EX | DE | SEARCH | BRAND",WEDNESDAY,16,5,4,0,0,confirmed,3.60,135.2
"EX | DE | SEARCH | BRAND",WEDNESDAY,17,5,2,1,0,unconfirmed,1.75,14.3
"EX | DE | SEARCH | BRAND",WEDNESDAY,18,5,3,1,0,unconfirmed,2.20,43.6
"EX | DE | SEARCH | BRAND",WEDNESDAY,19,5,2,1,0,unconfirmed,1.53,-0.2
"EX | DE | SEARCH | BRAND",WEDNESDAY,20,5,2,2,0,unconfirmed,1.29,-15.7
"EX | DE | SEARCH | BRAND",WEDNESDAY,21,5,1,4,0,confirmed,0.76,-50.5
"EX | DE | SEARCH | BRAND",WEDNESDAY,22,5,2,2,0,unconfirmed,1.32,-14.0
"EX | DE | SEARCH | BRAND",WEDNESDAY,23,5,3,2,0,unconfirmed,1.66,8.2
"EX | DE | SEARCH | BRAND",THURSDAY,0,4,2,2,0,unconfirmed,1.10,-28.3
"EX | DE | SEARCH | BRAND",THURSDAY,1,4,4,0,0,confirmed,7.01,357.3
"EX | DE | SEARCH | BRAND",THURSDAY,2,4,3,1,0,confirmed,0.47,-69.7
"EX | DE | SEARCH | BRAND",THURSDAY,3,3,2,1,0,insufficient,163.26,10549.7
"EX | DE | SEARCH | BRAND",THURSDAY,4,4,2,1,1,unconfirmed,0.48,-68.5
"EX | DE | SEARCH | BRAND",THURSDAY,5,3,3,0,0,insufficient,,
"EX | DE | SEARCH | BRAND",THURSDAY,6,4,3,0,0,confirmed,2.21,43.9
"EX | DE | SEARCH | BRAND",THURSDAY,7,4,1,2,0,unconfirmed,0.67,-56.3
"EX | DE | SEARCH | BRAND",THURSDAY,8,4,3,1,0,confirmed,2.36,54.2
"EX | DE | SEARCH | BRAND",THURSDAY,9,4,1,0,0,unconfirmed,2.62,70.6
"EX | DE | SEARCH | BRAND",THURSDAY,10,4,1,1,0,unconfirmed,1.16,-24.0
"EX | DE | SEARCH | BRAND",THURSDAY,11,4,1,2,0,unconfirmed,0.62,-59.6
"EX | DE | SEARCH | BRAND",THURSDAY,12,4,2,2,0,unconfirmed,0.89,-41.8
"EX | DE | SEARCH | BRAND",THURSDAY,13,4,2,1,0,unconfirmed,1.81,18.3
"EX | DE | SEARCH | BRAND",THURSDAY,14,4,1,0,0,unconfirmed,1.95,27.1
"EX | DE | SEARCH | BRAND",THURSDAY,15,4,2,2,0,unconfirmed,1.84,20.1
"EX | DE | SEARCH | BRAND",THURSDAY,16,4,1,2,0,unconfirmed,0.80,-47.5
"EX | DE | SEARCH | BRAND",THURSDAY,17,4,3,0,0,confirmed,9.80,539.5
"EX | DE | SEARCH | BRAND",THURSDAY,18,4,1,3,0,confirmed,1.07,-30.4
"EX | DE | SEARCH | BRAND",THURSDAY,19,4,2,2,0,unconfirmed,1.31,-14.7
"EX | DE | SEARCH | BRAND",THURSDAY,20,4,2,2,0,unconfirmed,0.79,-48.2
"EX | DE | SEARCH | BRAND",THURSDAY,21,4,1,2,0,unconfirmed,0.96,-37.5
"EX | DE | SEARCH | BRAND",THURSDAY,22,4,1,2,0,unconfirmed,2.49,62.3
"EX | DE | SEARCH | BRAND",THURSDAY,23,4,3,1,0,confirmed,2.78,81.1
"EX | DE | SEARCH | BRAND",FRIDAY,0,4,1,2,0,unconfirmed,1.08,-29.3
"EX | DE | SEARCH | BRAND",FRIDAY,1,4,3,1,0,confirmed,2.11,37.7
"EX | DE | SEARCH | BRAND",FRIDAY,2,4,4,0,0,confirmed,,
"EX | DE | SEARCH | BRAND",FRIDAY,4,4,4,0,0,confirmed,6.26,308.4
"EX | DE | SEARCH | BRAND",FRIDAY,5,4,2,1,1,unconfirmed,11.10,624.2
"EX | DE | SEARCH | BRAND",FRIDAY,6,4,0,3,0,confirmed,1.07,-30.5
"EX | DE | SEARCH | BRAND",FRIDAY,7,4,0,3,0,confirmed,1.10,-28.1
"EX | DE | SEARCH | BRAND",FRIDAY,8,4,1,1,0,unconfirmed,1.12,-27.1
"EX | DE | SEARCH | BRAND",FRIDAY,9,4,1,3,0,confirmed,1.06,-31.1
"EX | DE | SEARCH | BRAND",FRIDAY,10,4,0,3,0,confirmed,0.92,-39.7
"EX | DE | SEARCH | BRAND",FRIDAY,11,4,2,1,0,unconfirmed,1.55,1.1
"EX | DE | SEARCH | BRAND",FRIDAY,12,4,2,1,0,unconfirmed,1.58,3.2
"EX | DE | SEARCH | BRAND",FRIDAY,13,4,2,2,0,unconfirmed,2.08,35.8
"EX | DE | SEARCH | BRAND",FRIDAY,14,4,3,1,0,confirmed,3.76,145.4
"EX | DE | SEARCH | BRAND",FRIDAY,15,4,0,4,0,confirmed,0.55,-64.4
"EX | DE | SEARCH | BRAND",FRIDAY,16,4,0,3,0,confirmed,0.92,-39.8
"EX | DE | SEARCH | BRAND",FRIDAY,17,4,2,1,0,unconfirmed,1.73,12.6
"EX | DE | SEARCH | BRAND",FRIDAY,18,4,1,1,0,unconfirmed,1.19,-22.1
"EX | DE | SEARCH | BRAND",FRIDAY,19,4,0,3,0,confirmed,0.69,-55.1
"EX | DE | SEARCH | BRAND",FRIDAY,20,4,2,2,0,unconfirmed,1.44,-6.0
"EX | DE | SEARCH | BRAND",FRIDAY,21,4,2,2,0,unconfirmed,1.53,-0.4
"EX | DE | SEARCH | BRAND",FRIDAY,22,4,1,2,0,unconfirmed,0.93,-39.3
"EX | DE | SEARCH | BRAND",FRIDAY,23,4,3,1,0,confirmed,1.35,-12.3
"EX | DE | SEARCH | BRAND",FRIDAY,3,3,2,0,1,insufficient,,
"EX | DE | SEARCH | BRAND",SATURDAY,0,4,3,1,0,confirmed,1.91,24.9
"EX | DE | SEARCH | BRAND",SATURDAY,1,4,3,0,0,confirmed,6.48,322.6
"EX | DE | SEARCH | BRAND",SATURDAY,2,4,3,1,0,confirmed,1.60,4.4
"EX | DE | SEARCH | BRAND",SATURDAY,3,3,3,0,0,insufficient,,
"EX | DE | SEARCH | BRAND",SATURDAY,4,4,2,0,1,unconfirmed,1.99,30.0
"EX | DE | SEARCH | BRAND",SATURDAY,5,3,3,0,0,insufficient,,
"EX | DE | SEARCH | BRAND",SATURDAY,6,4,4,0,0,confirmed,,
"EX | DE | SEARCH | BRAND",SATURDAY,7,4,3,0,0,confirmed,6.69,336.3
"EX | DE | SEARCH | BRAND",SATURDAY,8,4,0,2,0,unconfirmed,1.31,-14.8
"EX | DE | SEARCH | BRAND",SATURDAY,9,4,2,2,0,unconfirmed,0.74,-51.6
"EX | DE | SEARCH | BRAND",SATURDAY,10,4,1,0,0,unconfirmed,1.91,24.3
"EX | DE | SEARCH | BRAND",SATURDAY,11,4,1,2,0,unconfirmed,1.00,-34.8
"EX | DE | SEARCH | BRAND",SATURDAY,12,4,1,1,0,unconfirmed,1.12,-26.7
"EX | DE | SEARCH | BRAND",SATURDAY,13,4,0,3,0,confirmed,1.06,-31.0
"EX | DE | SEARCH | BRAND",SATURDAY,14,4,1,1,0,unconfirmed,1.33,-13.2
"EX | DE | SEARCH | BRAND",SATURDAY,15,4,1,1,0,unconfirmed,1.47,-3.8
"EX | DE | SEARCH | BRAND",SATURDAY,16,4,2,1,0,unconfirmed,1.83,19.4
"EX | DE | SEARCH | BRAND",SATURDAY,17,4,3,0,0,confirmed,3.29,114.9
"EX | DE | SEARCH | BRAND",SATURDAY,18,4,1,3,0,confirmed,0.79,-48.6
"EX | DE | SEARCH | BRAND",SATURDAY,19,4,0,0,0,unconfirmed,1.46,-4.5
"EX | DE | SEARCH | BRAND",SATURDAY,20,4,3,0,0,confirmed,4.74,208.9
"EX | DE | SEARCH | BRAND",SATURDAY,21,4,1,2,0,unconfirmed,1.06,-30.6
"EX | DE | SEARCH | BRAND",SATURDAY,22,4,0,2,0,unconfirmed,0.77,-49.7
"EX | DE | SEARCH | BRAND",SATURDAY,23,4,1,3,0,confirmed,0.77,-50.0
"EX | FRA | SEARCH | BRAND",SUNDAY,0,4,2,2,0,unconfirmed,0.74,-29.8
"EX | FRA | SEARCH | BRAND",SUNDAY,1,4,3,1,0,confirmed,0.86,-17.9
"EX | FRA | SEARCH | BRAND",SUNDAY,2,4,2,1,1,unconfirmed,0.34,-68.0
"EX | FRA | SEARCH | BRAND",SUNDAY,5,3,3,0,0,insufficient,,
"EX | FRA | SEARCH | BRAND",SUNDAY,7,2,1,1,0,insufficient,0.21,-80.1
"EX | FRA | SEARCH | BRAND",SUNDAY,8,4,3,1,0,confirmed,1.08,3.0
"EX | FRA | SEARCH | BRAND",SUNDAY,9,4,4,0,0,confirmed,25.10,2293.9
"EX | FRA | SEARCH | BRAND",SUNDAY,10,4,3,1,0,confirmed,0.61,-42.1
"EX | FRA | SEARCH | BRAND",SUNDAY,11,4,3,1,0,confirmed,0.61,-42.0
"EX | FRA | SEARCH | BRAND",SUNDAY,12,4,2,1,0,unconfirmed,1.21,15.4
"EX | FRA | SEARCH | BRAND",SUNDAY,13,4,2,2,0,unconfirmed,0.47,-54.8
"EX | FRA | SEARCH | BRAND",SUNDAY,14,4,1,3,0,confirmed,0.44,-58.3
"EX | FRA | SEARCH | BRAND",SUNDAY,15,4,3,0,0,confirmed,4.32,311.5
"EX | FRA | SEARCH | BRAND",SUNDAY,16,4,2,2,0,unconfirmed,0.80,-23.7
"EX | FRA | SEARCH | BRAND",SUNDAY,17,4,3,0,0,confirmed,3.28,212.9
"EX | FRA | SEARCH | BRAND",SUNDAY,18,4,4,0,0,confirmed,,
"EX | FRA | SEARCH | BRAND",SUNDAY,19,4,2,1,0,unconfirmed,1.28,21.7
"EX | FRA | SEARCH | BRAND",SUNDAY,20,4,4,0,0,confirmed,16.70,1492.4
"EX | FRA | SEARCH | BRAND",SUNDAY,21,4,2,1,0,unconfirmed,0.85,-18.8
"EX | FRA | SEARCH | BRAND",SUNDAY,22,4,0,4,0,confirmed,0.16,-84.4
"EX | FRA | SEARCH | BRAND",SUNDAY,23,4,3,0,0,confirmed,3.40,224.2
"EX | FRA | SEARCH | BRAND",SUNDAY,3,1,1,0,0,insufficient,,
"EX | FRA | SEARCH | BRAND",SUNDAY,4,2,2,0,0,insufficient,,
"EX | FRA | SEARCH | BRAND",SUNDAY,6,1,1,0,0,insufficient,,
"EX | FRA | SEARCH | BRAND",MONDAY,0,4,4,0,0,confirmed,,
"EX | FRA | SEARCH | BRAND",MONDAY,1,4,4,0,0,confirmed,,
"EX | FRA | SEARCH | BRAND",MONDAY,2,4,4,0,0,confirmed,,
"EX | FRA | SEARCH | BRAND",MONDAY,3,4,4,0,0,confirmed,,
"EX | FRA | SEARCH | BRAND",MONDAY,7,3,3,0,0,insufficient,,
"EX | FRA | SEARCH | BRAND",MONDAY,8,4,2,2,0,unconfirmed,0.46,-56.1
"EX | FRA | SEARCH | BRAND",MONDAY,9,3,3,0,0,insufficient,,
"EX | FRA | SEARCH | BRAND",MONDAY,10,4,2,1,0,unconfirmed,0.60,-43.0
"EX | FRA | SEARCH | BRAND",MONDAY,11,4,4,0,0,confirmed,,
"EX | FRA | SEARCH | BRAND",MONDAY,12,4,3,1,0,confirmed,0.48,-53.9
"EX | FRA | SEARCH | BRAND",MONDAY,13,4,3,0,0,confirmed,1.89,80.3
"EX | FRA | SEARCH | BRAND",MONDAY,14,4,2,1,0,unconfirmed,2.15,105.3
"EX | FRA | SEARCH | BRAND",MONDAY,15,4,4,0,0,confirmed,,
"EX | FRA | SEARCH | BRAND",MONDAY,16,4,3,0,0,confirmed,2.50,138.8
"EX | FRA | SEARCH | BRAND",MONDAY,17,4,2,0,0,unconfirmed,1.55,47.5
"EX | FRA | SEARCH | BRAND",MONDAY,18,4,3,1,0,confirmed,1.26,20.0
"EX | FRA | SEARCH | BRAND",MONDAY,19,4,3,0,0,confirmed,2.62,149.5
"EX | FRA | SEARCH | BRAND",MONDAY,20,4,2,1,0,unconfirmed,0.97,-7.0
"EX | FRA | SEARCH | BRAND",MONDAY,21,4,3,1,0,confirmed,2.16,105.7
"EX | FRA | SEARCH | BRAND",MONDAY,22,4,3,1,0,confirmed,2.36,125.1
"EX | FRA | SEARCH | BRAND",MONDAY,23,4,4,0,0,confirmed,,
"EX | FRA | SEARCH | BRAND",MONDAY,5,2,1,0,1,insufficient,,
"EX | FRA | SEARCH | BRAND",MONDAY,6,3,3,0,0,insufficient,,
"EX | FRA | SEARCH | BRAND",TUESDAY,0,5,5,0,0,confirmed,10.32,884.0
"EX | FRA | SEARCH | BRAND",TUESDAY,1,5,2,3,0,unconfirmed,0.24,-77.3
"EX | FRA | SEARCH | BRAND",TUESDAY,2,5,4,1,0,confirmed,2.28,117.6
"EX | FRA | SEARCH | BRAND",TUESDAY,3,5,5,0,0,confirmed,7.28,594.2
"EX | FRA | SEARCH | BRAND",TUESDAY,4,3,2,0,1,insufficient,,
"EX | FRA | SEARCH | BRAND",TUESDAY,5,3,2,0,1,insufficient,,
"EX | FRA | SEARCH | BRAND",TUESDAY,6,5,5,0,0,confirmed,,
"EX | FRA | SEARCH | BRAND",TUESDAY,8,5,2,1,0,unconfirmed,0.77,-26.3
"EX | FRA | SEARCH | BRAND",TUESDAY,9,5,5,0,0,confirmed,17.10,1530.8
"EX | FRA | SEARCH | BRAND",TUESDAY,10,5,4,1,0,confirmed,0.87,-17.4
"EX | FRA | SEARCH | BRAND",TUESDAY,11,5,4,1,0,confirmed,1.29,22.5
"EX | FRA | SEARCH | BRAND",TUESDAY,12,5,5,0,0,confirmed,,
"EX | FRA | SEARCH | BRAND",TUESDAY,13,5,4,1,0,confirmed,1.98,88.7
"EX | FRA | SEARCH | BRAND",TUESDAY,14,5,3,0,0,unconfirmed,1.99,89.9
"EX | FRA | SEARCH | BRAND",TUESDAY,15,5,0,4,0,confirmed,0.37,-65.0
"EX | FRA | SEARCH | BRAND",TUESDAY,16,5,4,1,0,confirmed,1.13,7.9
"EX | FRA | SEARCH | BRAND",TUESDAY,17,5,5,0,0,confirmed,9.18,775.8
"EX | FRA | SEARCH | BRAND",TUESDAY,18,5,2,3,0,unconfirmed,0.50,-52.2
"EX | FRA | SEARCH | BRAND",TUESDAY,19,5,1,4,0,confirmed,0.43,-59.3
"EX | FRA | SEARCH | BRAND",TUESDAY,20,5,1,4,0,confirmed,0.41,-60.7
"EX | FRA | SEARCH | BRAND",TUESDAY,21,5,3,0,0,unconfirmed,2.16,106.2
"EX | FRA | SEARCH | BRAND",TUESDAY,22,5,3,0,0,unconfirmed,2.33,122.1
"EX | FRA | SEARCH | BRAND",TUESDAY,23,5,4,1,0,confirmed,3.32,216.6
"EX | FRA | SEARCH | BRAND",TUESDAY,7,4,4,0,0,confirmed,,
"EX | FRA | SEARCH | BRAND",WEDNESDAY,0,5,4,1,0,confirmed,1.55,48.2
"EX | FRA | SEARCH | BRAND",WEDNESDAY,1,5,3,2,0,unconfirmed,0.96,-8.6
"EX | FRA | SEARCH | BRAND",WEDNESDAY,2,4,4,0,0,confirmed,,
"EX | FRA | SEARCH | BRAND",WEDNESDAY,3,4,3,0,1,confirmed,,
"EX | FRA | SEARCH | BRAND",WEDNESDAY,4,3,2,1,0,insufficient,0.25,-76.2
"EX | FRA | SEARCH | BRAND",WEDNESDAY,5,3,2,1,0,insufficient,0.44,-58.0
"EX | FRA | SEARCH | BRAND",WEDNESDAY,6,3,3,0,0,insufficient,,
"EX | FRA | SEARCH | BRAND",WEDNESDAY,7,5,4,0,1,confirmed,,
"EX | FRA | SEARCH | BRAND",WEDNESDAY,8,5,3,2,0,unconfirmed,0.64,-39.2
"EX | FRA | SEARCH | BRAND",WEDNESDAY,9,5,5,0,0,confirmed,,
"EX | FRA | SEARCH | BRAND",WEDNESDAY,10,5,4,1,0,confirmed,2.68,155.1
"EX | FRA | SEARCH | BRAND",WEDNESDAY,11,5,4,1,0,confirmed,1.60,52.6
"EX | FRA | SEARCH | BRAND",WEDNESDAY,12,5,3,1,0,unconfirmed,0.84,-20.1
"EX | FRA | SEARCH | BRAND",WEDNESDAY,14,5,3,1,0,unconfirmed,1.69,60.8
"EX | FRA | SEARCH | BRAND",WEDNESDAY,15,5,4,1,0,confirmed,0.87,-16.6
"EX | FRA | SEARCH | BRAND",WEDNESDAY,16,5,4,1,0,confirmed,3.90,271.7
"EX | FRA | SEARCH | BRAND",WEDNESDAY,17,5,3,1,0,unconfirmed,1.02,-2.7
"EX | FRA | SEARCH | BRAND",WEDNESDAY,18,5,4,1,0,confirmed,0.72,-31.1
"EX | FRA | SEARCH | BRAND",WEDNESDAY,19,5,3,2,0,unconfirmed,0.28,-73.4
"EX | FRA | SEARCH | BRAND",WEDNESDAY,20,5,4,1,0,confirmed,0.70,-33.7
"EX | FRA | SEARCH | BRAND",WEDNESDAY,21,5,4,0,0,confirmed,3.48,231.5
"EX | FRA | SEARCH | BRAND",WEDNESDAY,22,5,4,1,0,confirmed,4.66,344.4
"EX | FRA | SEARCH | BRAND",WEDNESDAY,23,5,5,0,0,confirmed,,
"EX | FRA | SEARCH | BRAND",WEDNESDAY,13,4,4,0,0,confirmed,,
"EX | FRA | SEARCH | BRAND",THURSDAY,0,4,2,1,0,unconfirmed,0.74,-29.1
"EX | FRA | SEARCH | BRAND",THURSDAY,1,4,3,1,0,confirmed,0.51,-51.4
"EX | FRA | SEARCH | BRAND",THURSDAY,2,4,4,0,0,confirmed,,
"EX | FRA | SEARCH | BRAND",THURSDAY,3,3,2,1,0,insufficient,0.66,-37.3
"EX | FRA | SEARCH | BRAND",THURSDAY,5,1,1,0,0,insufficient,,
"EX | FRA | SEARCH | BRAND",THURSDAY,6,3,2,1,0,insufficient,0.52,-50.8
"EX | FRA | SEARCH | BRAND",THURSDAY,7,3,1,2,0,insufficient,0.30,-71.6
"EX | FRA | SEARCH | BRAND",THURSDAY,8,4,3,0,0,confirmed,1.19,13.8
"EX | FRA | SEARCH | BRAND",THURSDAY,9,4,4,0,0,confirmed,6.00,472.4
"EX | FRA | SEARCH | BRAND",THURSDAY,10,4,1,3,0,confirmed,0.54,-48.9
"EX | FRA | SEARCH | BRAND",THURSDAY,11,4,3,1,0,confirmed,1.07,1.7
"EX | FRA | SEARCH | BRAND",THURSDAY,12,4,2,2,0,unconfirmed,0.55,-47.3
"EX | FRA | SEARCH | BRAND",THURSDAY,13,4,2,2,0,unconfirmed,2.15,105.3
"EX | FRA | SEARCH | BRAND",THURSDAY,14,4,2,2,0,unconfirmed,0.54,-48.5
"EX | FRA | SEARCH | BRAND",THURSDAY,15,4,2,1,0,unconfirmed,1.25,18.9
"EX | FRA | SEARCH | BRAND",THURSDAY,16,4,2,1,0,unconfirmed,0.81,-22.8
"EX | FRA | SEARCH | BRAND",THURSDAY,17,4,3,1,0,confirmed,2.43,131.8
"EX | FRA | SEARCH | BRAND",THURSDAY,18,4,1,2,0,unconfirmed,0.87,-17.3
"EX | FRA | SEARCH | BRAND",THURSDAY,19,4,2,2,0,unconfirmed,0.69,-34.7
"EX | FRA | SEARCH | BRAND",THURSDAY,20,4,3,1,0,confirmed,1.62,54.4
"EX | FRA | SEARCH | BRAND",THURSDAY,21,4,3,0,0,confirmed,3.60,243.6
"EX | FRA | SEARCH | BRAND",THURSDAY,22,4,2,1,0,unconfirmed,0.50,-52.1
"EX | FRA | SEARCH | BRAND",THURSDAY,23,4,3,1,0,confirmed,0.96,-8.1
"EX | FRA | SEARCH | BRAND",THURSDAY,4,2,2,0,0,insufficient,,
"EX | FRA | SEARCH | BRAND",FRIDAY,0,4,3,1,0,confirmed,0.54,-48.4
"EX | FRA | SEARCH | BRAND",FRIDAY,1,4,2,2,0,unconfirmed,0.26,-75.6
"EX | FRA | SEARCH | BRAND",FRIDAY,2,3,1,1,1,insufficient,0.36,-66.1
"EX | FRA | SEARCH | BRAND",FRIDAY,4,3,2,1,0,insufficient,0.36,-65.6
"EX | FRA | SEARCH | BRAND",FRIDAY,6,3,3,0,0,insufficient,,
"EX | FRA | SEARCH | BRAND",FRIDAY,7,3,2,1,0,insufficient,0.46,-56.1
"EX | FRA | SEARCH | BRAND",FRIDAY,8,4,4,0,0,confirmed,,
"EX | FRA | SEARCH | BRAND",FRIDAY,9,4,4,0,0,confirmed,,
"EX | FRA | SEARCH | BRAND",FRIDAY,10,4,3,1,0,confirmed,1.69,60.7
"EX | FRA | SEARCH | BRAND",FRIDAY,11,4,1,3,0,confirmed,0.47,-54.8
"EX | FRA | SEARCH | BRAND",FRIDAY,12,4,2,1,0,unconfirmed,0.80,-24.1
"EX | FRA | SEARCH | BRAND",FRIDAY,13,4,3,0,0,confirmed,2.69,156.5
"EX | FRA | SEARCH | BRAND",FRIDAY,14,4,2,2,0,unconfirmed,0.73,-30.4
"EX | FRA | SEARCH | BRAND",FRIDAY,15,4,2,1,0,unconfirmed,0.63,-39.9
"EX | FRA | SEARCH | BRAND",FRIDAY,16,4,4,0,0,confirmed,328.87,31261.2
"EX | FRA | SEARCH | BRAND",FRIDAY,17,4,4,0,0,confirmed,,
"EX | FRA | SEARCH | BRAND",FRIDAY,18,4,2,2,0,unconfirmed,0.45,-57.6
"EX | FRA | SEARCH | BRAND",FRIDAY,19,4,1,3,0,confirmed,0.60,-42.8
"EX | FRA | SEARCH | BRAND",FRIDAY,20,4,1,3,0,confirmed,0.57,-45.9
"EX | FRA | SEARCH | BRAND",FRIDAY,21,4,3,0,0,confirmed,4.32,311.8
"EX | FRA | SEARCH | BRAND",FRIDAY,22,4,2,2,0,unconfirmed,1.21,15.7
"EX | FRA | SEARCH | BRAND",FRIDAY,23,4,4,0,0,confirmed,,
"EX | FRA | SEARCH | BRAND",FRIDAY,5,3,3,0,0,insufficient,,
"EX | FRA | SEARCH | BRAND",FRIDAY,3,2,1,0,0,insufficient,1.05,0.1
"EX | FRA | SEARCH | BRAND",SATURDAY,0,4,4,0,0,confirmed,3.89,270.9
"EX | FRA | SEARCH | BRAND",SATURDAY,1,3,1,2,0,insufficient,0.20,-80.9
"EX | FRA | SEARCH | BRAND",SATURDAY,2,4,2,1,1,unconfirmed,0.69,-34.3
"EX | FRA | SEARCH | BRAND",SATURDAY,3,3,3,0,0,insufficient,,
"EX | FRA | SEARCH | BRAND",SATURDAY,6,3,3,0,0,insufficient,,
"EX | FRA | SEARCH | BRAND",SATURDAY,7,3,2,1,0,insufficient,0.71,-32.2
"EX | FRA | SEARCH | BRAND",SATURDAY,8,4,4,0,0,confirmed,111.70,10552.0
"EX | FRA | SEARCH | BRAND",SATURDAY,9,4,4,0,0,confirmed,,
"EX | FRA | SEARCH | BRAND",SATURDAY,10,4,4,0,0,confirmed,4.03,284.7
"EX | FRA | SEARCH | BRAND",SATURDAY,11,4,3,1,0,confirmed,0.60,-42.3
"EX | FRA | SEARCH | BRAND",SATURDAY,12,4,2,0,0,unconfirmed,1.28,21.7
"EX | FRA | SEARCH | BRAND",SATURDAY,13,4,1,3,0,confirmed,0.59,-43.8
"EX | FRA | SEARCH | BRAND",SATURDAY,14,4,3,1,0,confirmed,0.83,-21.1
"EX | FRA | SEARCH | BRAND",SATURDAY,15,4,4,0,0,confirmed,17.00,1520.8
"EX | FRA | SEARCH | BRAND",SATURDAY,16,4,3,1,0,confirmed,1.40,33.8
"EX | FRA | SEARCH | BRAND",SATURDAY,17,4,3,1,0,confirmed,1.63,55.2
"EX | FRA | SEARCH | BRAND",SATURDAY,18,4,2,2,0,unconfirmed,0.69,-34.5
"EX | FRA | SEARCH | BRAND",SATURDAY,19,4,3,1,0,confirmed,0.89,-15.1
"EX | FRA | SEARCH | BRAND",SATURDAY,20,4,4,0,0,confirmed,,
"EX | FRA | SEARCH | BRAND",SATURDAY,21,4,2,2,0,unconfirmed,0.65,-37.9
"EX | FRA | SEARCH | BRAND",SATURDAY,22,4,3,1,0,confirmed,1.10,4.5
"EX | FRA | SEARCH | BRAND",SATURDAY,23,4,1,2,0,unconfirmed,0.82,-22.2
"EX | FRA | SEARCH | BRAND",SATURDAY,4,2,1,1,0,insufficient,0.32,-70.0
"EX | FRA | SEARCH | BRAND",SATURDAY,5,2,2,0,0,insufficient,,
"EX I WW I PMAX I SCALING I FEED ONLY I PROSPECTING",SUNDAY,0,4,3,0,0,confirmed,51.84,13.5
"EX I WW I PMAX I SCALING I FEED ONLY I PROSPECTING",SUNDAY,1,4,4,0,0,confirmed,,
"EX I WW I PMAX I SCALING I FEED ONLY I PROSPECTING",SUNDAY,2,4,2,1,1,unconfirmed,30.30,-33.6
"EX I WW I PMAX I SCALING I FEED ONLY I PROSPECTING",SUNDAY,3,4,3,0,1,confirmed,,
"EX I WW I PMAX I SCALING I FEED ONLY I PROSPECTING",SUNDAY,4,4,3,0,1,confirmed,99.11,117.1
"EX I WW I PMAX I SCALING I FEED ONLY I PROSPECTING",SUNDAY,5,4,0,0,3,confirmed,60.07,31.6
"EX I WW I PMAX I SCALING I FEED ONLY I PROSPECTING",SUNDAY,6,4,2,0,2,unconfirmed,,
"EX I WW I PMAX I SCALING I FEED ONLY I PROSPECTING",SUNDAY,7,4,1,0,2,unconfirmed,45.50,-0.4
"EX I WW I PMAX I SCALING I FEED ONLY I PROSPECTING",SUNDAY,8,4,3,0,1,confirmed,,
"EX I WW I PMAX I SCALING I FEED ONLY I PROSPECTING",SUNDAY,9,4,4,0,0,confirmed,,
"EX I WW I PMAX I SCALING I FEED ONLY I PROSPECTING",SUNDAY,10,4,4,0,0,confirmed,8406.28,18312.3
"EX I WW I PMAX I SCALING I FEED ONLY I PROSPECTING",SUNDAY,11,4,4,0,0,confirmed,,
"EX I WW I PMAX I SCALING I FEED ONLY I PROSPECTING",SUNDAY,12,4,3,0,1,confirmed,,
"EX I WW I PMAX I SCALING I FEED ONLY I PROSPECTING",SUNDAY,13,4,4,0,0,confirmed,,
"EX I WW I PMAX I SCALING I FEED ONLY I PROSPECTING",SUNDAY,14,4,2,2,0,unconfirmed,20.33,-55.5
"EX I WW I PMAX I SCALING I FEED ONLY I PROSPECTING",SUNDAY,15,4,4,0,0,confirmed,,
"EX I WW I PMAX I SCALING I FEED ONLY I PROSPECTING",SUNDAY,16,4,4,0,0,confirmed,,
"EX I WW I PMAX I SCALING I FEED ONLY I PROSPECTING",SUNDAY,17,4,4,0,0,confirmed,,
"EX I WW I PMAX I SCALING I FEED ONLY I PROSPECTING",SUNDAY,18,4,4,0,0,confirmed,,
"EX I WW I PMAX I SCALING I FEED ONLY I PROSPECTING",SUNDAY,19,4,4,0,0,confirmed,,
"EX I WW I PMAX I SCALING I FEED ONLY I PROSPECTING",SUNDAY,20,4,2,2,0,unconfirmed,24.23,-46.9
"EX I WW I PMAX I SCALING I FEED ONLY I PROSPECTING",SUNDAY,21,4,3,1,0,confirmed,55.15,20.8
"EX I WW I PMAX I SCALING I FEED ONLY I PROSPECTING",SUNDAY,22,4,3,1,0,confirmed,10.06,-78.0
"EX I WW I PMAX I SCALING I FEED ONLY I PROSPECTING",SUNDAY,23,4,4,0,0,confirmed,,
"EX I WW I PMAX I SCALING I FEED ONLY I PROSPECTING",MONDAY,0,4,3,0,0,confirmed,42.53,-6.8
"EX I WW I PMAX I SCALING I FEED ONLY I PROSPECTING",MONDAY,1,4,3,1,0,confirmed,28.75,-37.0
"EX I WW I PMAX I SCALING I FEED ONLY I PROSPECTING",MONDAY,2,4,2,0,1,unconfirmed,64.66,41.6
"EX I WW I PMAX I SCALING I FEED ONLY I PROSPECTING",MONDAY,3,4,2,0,2,unconfirmed,,
"EX I WW I PMAX I SCALING I FEED ONLY I PROSPECTING",MONDAY,4,4,3,0,1,confirmed,,
"EX I WW I PMAX I SCALING I FEED ONLY I PROSPECTING",MONDAY,5,4,1,0,3,confirmed,,
"EX I WW I PMAX I SCALING I FEED ONLY I PROSPECTING",MONDAY,6,4,3,0,1,confirmed,,
"EX I WW I PMAX I SCALING I FEED ONLY I PROSPECTING",MONDAY,7,4,3,1,0,confirmed,36.14,-20.8
"EX I WW I PMAX I SCALING I FEED ONLY I PROSPECTING",MONDAY,8,4,4,0,0,confirmed,,
"EX I WW I PMAX I SCALING I FEED ONLY I PROSPECTING",MONDAY,9,4,4,0,0,confirmed,,
"EX I WW I PMAX I SCALING I FEED ONLY I PROSPECTING",MONDAY,10,4,4,0,0,confirmed,,
"EX I WW I PMAX I SCALING I FEED ONLY I PROSPECTING",MONDAY,11,4,3,1,0,confirmed,25.26,-44.7
"EX I WW I PMAX I SCALING I FEED ONLY I PROSPECTING",MONDAY,12,4,3,0,0,confirmed,74.78,63.8
"EX I WW I PMAX I SCALING I FEED ONLY I PROSPECTING",MONDAY,13,4,4,0,0,confirmed,,
"EX I WW I PMAX I SCALING I FEED ONLY I PROSPECTING",MONDAY,14,4,3,1,0,confirmed,25.62,-43.9
"EX I WW I PMAX I SCALING I FEED ONLY I PROSPECTING",MONDAY,15,4,4,0,0,confirmed,,
"EX I WW I PMAX I SCALING I FEED ONLY I PROSPECTING",MONDAY,16,4,4,0,0,confirmed,,
"EX I WW I PMAX I SCALING I FEED ONLY I PROSPECTING",MONDAY,17,4,3,1,0,confirmed,31.51,-31.0
"EX I WW I PMAX I SCALING I FEED ONLY I PROSPECTING",MONDAY,18,4,4,0,0,confirmed,,
"EX I WW I PMAX I SCALING I FEED ONLY I PROSPECTING",MONDAY,19,4,3,0,0,confirmed,57.70,26.4
"EX I WW I PMAX I SCALING I FEED ONLY I PROSPECTING",MONDAY,20,4,4,0,0,confirmed,,
"EX I WW I PMAX I SCALING I FEED ONLY I PROSPECTING",MONDAY,21,4,3,1,0,confirmed,64.46,41.2
"EX I WW I PMAX I SCALING I FEED ONLY I PROSPECTING",MONDAY,22,4,2,2,0,unconfirmed,12.56,-72.5
"EX I WW I PMAX I SCALING I FEED ONLY I PROSPECTING",MONDAY,23,4,4,0,0,confirmed,,
"EX I WW I PMAX I SCALING I FEED ONLY I PROSPECTING",TUESDAY,0,5,3,2,0,unconfirmed,12.72,-72.1
"EX I WW I PMAX I SCALING I FEED ONLY I PROSPECTING",TUESDAY,1,5,3,1,1,unconfirmed,43.14,-5.5
"EX I WW I PMAX I SCALING I FEED ONLY I PROSPECTING",TUESDAY,2,5,3,1,1,unconfirmed,24.35,-46.7
"EX I WW I PMAX I SCALING I FEED ONLY I PROSPECTING",TUESDAY,3,5,5,0,0,confirmed,,
"EX I WW I PMAX I SCALING I FEED ONLY I PROSPECTING",TUESDAY,4,5,4,1,0,confirmed,17.22,-62.3
"EX I WW I PMAX I SCALING I FEED ONLY I PROSPECTING",TUESDAY,5,5,3,0,2,unconfirmed,,
"EX I WW I PMAX I SCALING I FEED ONLY I PROSPECTING",TUESDAY,6,5,4,0,1,confirmed,,
"EX I WW I PMAX I SCALING I FEED ONLY I PROSPECTING",TUESDAY,7,5,3,0,2,unconfirmed,,
"EX I WW I PMAX I SCALING I FEED ONLY I PROSPECTING",TUESDAY,8,5,5,0,0,confirmed,,
"EX I WW I PMAX I SCALING I FEED ONLY I PROSPECTING",TUESDAY,9,5,3,1,1,unconfirmed,204.10,347.0
"EX I WW I PMAX I SCALING I FEED ONLY I PROSPECTING",TUESDAY,10,5,4,1,0,confirmed,46.40,1.6
"EX I WW I PMAX I SCALING I FEED ONLY I PROSPECTING",TUESDAY,11,5,3,2,0,unconfirmed,18.05,-60.5
"EX I WW I PMAX I SCALING I FEED ONLY I PROSPECTING",TUESDAY,12,5,4,1,0,confirmed,44.05,-3.5
"EX I WW I PMAX I SCALING I FEED ONLY I PROSPECTING",TUESDAY,13,5,3,1,0,unconfirmed,27.44,-39.9
"EX I WW I PMAX I SCALING I FEED ONLY I PROSPECTING",TUESDAY,14,5,3,1,0,unconfirmed,53.61,17.4
"EX I WW I PMAX I SCALING I FEED ONLY I PROSPECTING",TUESDAY,15,5,4,0,1,confirmed,,
"EX I WW I PMAX I SCALING I FEED ONLY I PROSPECTING",TUESDAY,16,5,3,2,0,unconfirmed,35.64,-21.9
"EX I WW I PMAX I SCALING I FEED ONLY I PROSPECTING",TUESDAY,17,5,3,2,0,unconfirmed,27.75,-39.2
"EX I WW I PMAX I SCALING I FEED ONLY I PROSPECTING",TUESDAY,18,5,3,1,0,unconfirmed,38.60,-15.5
"EX I WW I PMAX I SCALING I FEED ONLY I PROSPECTING",TUESDAY,19,5,4,1,0,confirmed,78.39,71.7
"EX I WW I PMAX I SCALING I FEED ONLY I PROSPECTING",TUESDAY,20,5,3,0,0,unconfirmed,58.94,29.1
"EX I WW I PMAX I SCALING I FEED ONLY I PROSPECTING",TUESDAY,21,5,3,1,0,unconfirmed,38.59,-15.5
"EX I WW I PMAX I SCALING I FEED ONLY I PROSPECTING",TUESDAY,22,5,5,0,0,confirmed,,
"EX I WW I PMAX I SCALING I FEED ONLY I PROSPECTING",TUESDAY,23,5,4,1,0,confirmed,68.90,50.9
"EX I WW I PMAX I SCALING I FEED ONLY I PROSPECTING",WEDNESDAY,0,5,2,2,1,unconfirmed,20.76,-54.5
"EX I WW I PMAX I SCALING I FEED ONLY I PROSPECTING",WEDNESDAY,1,5,3,0,1,unconfirmed,124.07,171.8
"EX I WW I PMAX I SCALING I FEED ONLY I PROSPECTING",WEDNESDAY,2,5,0,3,2,unconfirmed,16.71,-63.4
"EX I WW I PMAX I SCALING I FEED ONLY I PROSPECTING",WEDNESDAY,3,5,1,2,2,unconfirmed,16.63,-63.6
"EX I WW I PMAX I SCALING I FEED ONLY I PROSPECTING",WEDNESDAY,4,5,3,0,2,unconfirmed,,
"EX I WW I PMAX I SCALING I FEED ONLY I PROSPECTING",WEDNESDAY,5,5,2,0,2,unconfirmed,86.91,90.4
"EX I WW I PMAX I SCALING I FEED ONLY I PROSPECTING",WEDNESDAY,6,5,4,0,1,confirmed,,
"EX I WW I PMAX I SCALING I FEED ONLY I PROSPECTING",WEDNESDAY,7,5,0,3,2,unconfirmed,13.91,-69.5
"EX I WW I PMAX I SCALING I FEED ONLY I PROSPECTING",WEDNESDAY,8,5,4,0,0,confirmed,3147.31,6793.6
"EX I WW I PMAX I SCALING I FEED ONLY I PROSPECTING",WEDNESDAY,9,5,4,0,1,confirmed,,
"EX I WW I PMAX I SCALING I FEED ONLY I PROSPECTING",WEDNESDAY,10,5,4,1,0,confirmed,46.24,1.3
"EX I WW I PMAX I SCALING I FEED ONLY I PROSPECTING",WEDNESDAY,11,5,3,2,0,unconfirmed,28.68,-37.2
"EX I WW I PMAX I SCALING I FEED ONLY I PROSPECTING",WEDNESDAY,12,5,5,0,0,confirmed,,
"EX I WW I PMAX I SCALING I FEED ONLY I PROSPECTING",WEDNESDAY,13,5,4,1,0,confirmed,46.93,2.8
"EX I WW I PMAX I SCALING I FEED ONLY I PROSPECTING",WEDNESDAY,14,5,3,1,0,unconfirmed,19.53,-57.2
"EX I WW I PMAX I SCALING I FEED ONLY I PROSPECTING",WEDNESDAY,15,5,3,1,1,unconfirmed,22.32,-51.1
"EX I WW I PMAX I SCALING I FEED ONLY I PROSPECTING",WEDNESDAY,16,5,4,1,0,confirmed,52.48,14.9
"EX I WW I PMAX I SCALING I FEED ONLY I PROSPECTING",WEDNESDAY,17,5,3,1,0,unconfirmed,29.41,-35.6
"EX I WW I PMAX I SCALING I FEED ONLY I PROSPECTING",WEDNESDAY,18,5,3,1,0,unconfirmed,32.46,-28.9
"EX I WW I PMAX I SCALING I FEED ONLY I PROSPECTING",WEDNESDAY,19,5,3,1,0,unconfirmed,51.89,13.6
"EX I WW I PMAX I SCALING I FEED ONLY I PROSPECTING",WEDNESDAY,20,5,2,3,0,unconfirmed,22.87,-49.9
"EX I WW I PMAX I SCALING I FEED ONLY I PROSPECTING",WEDNESDAY,21,5,4,1,0,confirmed,33.39,-26.9
"EX I WW I PMAX I SCALING I FEED ONLY I PROSPECTING",WEDNESDAY,22,5,4,1,0,confirmed,37.07,-18.8
"EX I WW I PMAX I SCALING I FEED ONLY I PROSPECTING",WEDNESDAY,23,5,4,1,0,confirmed,79.57,74.3
"EX I WW I PMAX I SCALING I FEED ONLY I PROSPECTING",THURSDAY,0,4,3,1,0,confirmed,28.68,-37.2
"EX I WW I PMAX I SCALING I FEED ONLY I PROSPECTING",THURSDAY,1,4,3,0,1,confirmed,,
"EX I WW I PMAX I SCALING I FEED ONLY I PROSPECTING",THURSDAY,2,4,2,0,1,unconfirmed,63.38,38.8
"EX I WW I PMAX I SCALING I FEED ONLY I PROSPECTING",THURSDAY,3,4,3,0,1,confirmed,,
"EX I WW I PMAX I SCALING I FEED ONLY I PROSPECTING",THURSDAY,4,4,0,1,3,confirmed,16.47,-63.9
"EX I WW I PMAX I SCALING I FEED ONLY I PROSPECTING",THURSDAY,5,4,3,0,1,confirmed,,
"EX I WW I PMAX I SCALING I FEED ONLY I PROSPECTING",THURSDAY,6,4,3,1,0,confirmed,35.81,-21.6
"EX I WW I PMAX I SCALING I FEED ONLY I PROSPECTING",THURSDAY,7,4,3,0,1,confirmed,,
"EX I WW I PMAX I SCALING I FEED ONLY I PROSPECTING",THURSDAY,8,4,4,0,0,confirmed,,
"EX I WW I PMAX I SCALING I FEED ONLY I PROSPECTING",THURSDAY,9,4,2,2,0,unconfirmed,15.91,-65.1
"EX I WW I PMAX I SCALING I FEED ONLY I PROSPECTING",THURSDAY,10,4,3,0,0,confirmed,51.37,12.5
"EX I WW I PMAX I SCALING I FEED ONLY I PROSPECTING",THURSDAY,11,4,4,0,0,confirmed,,
"EX I WW I PMAX I SCALING I FEED ONLY I PROSPECTING",THURSDAY,12,4,2,1,0,unconfirmed,21.77,-52.3
"EX I WW I PMAX I SCALING I FEED ONLY I PROSPECTING",THURSDAY,13,4,2,1,0,unconfirmed,38.38,-15.9
"EX I WW I PMAX I SCALING I FEED ONLY I PROSPECTING",THURSDAY,14,4,2,1,0,unconfirmed,22.39,-51.0
"EX I WW I PMAX I SCALING I FEED ONLY I PROSPECTING",THURSDAY,15,4,3,0,0,confirmed,461.29,910.4
"EX I WW I PMAX I SCALING I FEED ONLY I PROSPECTING",THURSDAY,16,4,4,0,0,confirmed,,
"EX I WW I PMAX I SCALING I FEED ONLY I PROSPECTING",THURSDAY,17,4,3,0,1,confirmed,,
"EX I WW I PMAX I SCALING I FEED ONLY I PROSPECTING",THURSDAY,18,4,4,0,0,confirmed,,
"EX I WW I PMAX I SCALING I FEED ONLY I PROSPECTING",THURSDAY,19,4,2,2,0,unconfirmed,17.46,-61.7
"EX I WW I PMAX I SCALING I FEED ONLY I PROSPECTING",THURSDAY,20,4,4,0,0,confirmed,,
"EX I WW I PMAX I SCALING I FEED ONLY I PROSPECTING",THURSDAY,21,4,1,1,1,unconfirmed,33.80,-26.0
"EX I WW I PMAX I SCALING I FEED ONLY I PROSPECTING",THURSDAY,22,4,4,0,0,confirmed,,
"EX I WW I PMAX I SCALING I FEED ONLY I PROSPECTING",THURSDAY,23,4,4,0,0,confirmed,,
"EX I WW I PMAX I SCALING I FEED ONLY I PROSPECTING",FRIDAY,0,4,4,0,0,confirmed,,
"EX I WW I PMAX I SCALING I FEED ONLY I PROSPECTING",FRIDAY,1,4,1,3,0,confirmed,5.30,-88.4
"EX I WW I PMAX I SCALING I FEED ONLY I PROSPECTING",FRIDAY,2,4,3,0,1,confirmed,,
"EX I WW I PMAX I SCALING I FEED ONLY I PROSPECTING",FRIDAY,3,4,2,0,2,unconfirmed,,
"EX I WW I PMAX I SCALING I FEED ONLY I PROSPECTING",FRIDAY,4,4,3,0,1,confirmed,,
"EX I WW I PMAX I SCALING I FEED ONLY I PROSPECTING",FRIDAY,5,4,1,0,3,confirmed,,
"EX I WW I PMAX I SCALING I FEED ONLY I PROSPECTING",FRIDAY,6,4,3,0,1,confirmed,,
"EX I WW I PMAX I SCALING I FEED ONLY I PROSPECTING",FRIDAY,7,4,2,0,2,unconfirmed,,
"EX I WW I PMAX I SCALING I FEED ONLY I PROSPECTING",FRIDAY,8,4,3,0,1,confirmed,,
"EX I WW I PMAX I SCALING I FEED ONLY I PROSPECTING",FRIDAY,9,4,4,0,0,confirmed,,
"EX I WW I PMAX I SCALING I FEED ONLY I PROSPECTING",FRIDAY,10,4,4,0,0,confirmed,,
"EX I WW I PMAX I SCALING I FEED ONLY I PROSPECTING",FRIDAY,11,4,3,0,1,confirmed,,
"EX I WW I PMAX I SCALING I FEED ONLY I PROSPECTING",FRIDAY,12,4,3,1,0,confirmed,268.71,488.6
"EX I WW I PMAX I SCALING I FEED ONLY I PROSPECTING",FRIDAY,13,4,3,1,0,confirmed,14.12,-69.1
"EX I WW I PMAX I SCALING I FEED ONLY I PROSPECTING",FRIDAY,14,4,4,0,0,confirmed,,
"EX I WW I PMAX I SCALING I FEED ONLY I PROSPECTING",FRIDAY,15,4,3,1,0,confirmed,19.82,-56.6
"EX I WW I PMAX I SCALING I FEED ONLY I PROSPECTING",FRIDAY,16,4,3,1,0,confirmed,37.98,-16.8
"EX I WW I PMAX I SCALING I FEED ONLY I PROSPECTING",FRIDAY,17,4,2,1,1,unconfirmed,7.87,-82.8
"EX I WW I PMAX I SCALING I FEED ONLY I PROSPECTING",FRIDAY,18,4,2,2,0,unconfirmed,10.01,-78.1
"EX I WW I PMAX I SCALING I FEED ONLY I PROSPECTING",FRIDAY,19,4,3,1,0,confirmed,11.41,-75.0
"EX I WW I PMAX I SCALING I FEED ONLY I PROSPECTING",FRIDAY,20,4,4,0,0,confirmed,109.18,139.1
"EX I WW I PMAX I SCALING I FEED ONLY I PROSPECTING",FRIDAY,21,4,2,1,0,unconfirmed,46.19,1.2
"EX I WW I PMAX I SCALING I FEED ONLY I PROSPECTING",FRIDAY,22,4,3,0,0,confirmed,46.13,1.0
"EX I WW I PMAX I SCALING I FEED ONLY I PROSPECTING",FRIDAY,23,4,4,0,0,confirmed,,
"EX I WW I PMAX I SCALING I FEED ONLY I PROSPECTING",SATURDAY,0,4,2,1,0,unconfirmed,23.74,-48.0
"EX I WW I PMAX I SCALING I FEED ONLY I PROSPECTING",SATURDAY,1,4,3,0,1,confirmed,,
"EX I WW I PMAX I SCALING I FEED ONLY I PROSPECTING",SATURDAY,2,4,2,1,1,unconfirmed,25.07,-45.1
"EX I WW I PMAX I SCALING I FEED ONLY I PROSPECTING",SATURDAY,3,4,3,0,0,confirmed,39.29,-13.9
"EX I WW I PMAX I SCALING I FEED ONLY I PROSPECTING",SATURDAY,4,4,2,0,2,unconfirmed,,
"EX I WW I PMAX I SCALING I FEED ONLY I PROSPECTING",SATURDAY,5,4,2,0,2,unconfirmed,,
"EX I WW I PMAX I SCALING I FEED ONLY I PROSPECTING",SATURDAY,6,4,1,0,3,confirmed,,
"EX I WW I PMAX I SCALING I FEED ONLY I PROSPECTING",SATURDAY,7,4,1,1,2,unconfirmed,21.72,-52.4
"EX I WW I PMAX I SCALING I FEED ONLY I PROSPECTING",SATURDAY,8,4,3,1,0,confirmed,18.01,-60.6
"EX I WW I PMAX I SCALING I FEED ONLY I PROSPECTING",SATURDAY,9,4,2,2,0,unconfirmed,19.62,-57.0
"EX I WW I PMAX I SCALING I FEED ONLY I PROSPECTING",SATURDAY,10,4,3,0,0,confirmed,44.07,-3.5
"EX I WW I PMAX I SCALING I FEED ONLY I PROSPECTING",SATURDAY,11,4,2,0,1,unconfirmed,78.02,70.9
"EX I WW I PMAX I SCALING I FEED ONLY I PROSPECTING",SATURDAY,12,4,4,0,0,confirmed,,
"EX I WW I PMAX I SCALING I FEED ONLY I PROSPECTING",SATURDAY,13,4,4,0,0,confirmed,,
"EX I WW I PMAX I SCALING I FEED ONLY I PROSPECTING",SATURDAY,14,4,3,0,0,confirmed,53.45,17.1
"EX I WW I PMAX I SCALING I FEED ONLY I PROSPECTING",SATURDAY,15,4,3,1,0,confirmed,104.26,128.4
"EX I WW I PMAX I SCALING I FEED ONLY I PROSPECTING",SATURDAY,16,4,4,0,0,confirmed,,
"EX I WW I PMAX I SCALING I FEED ONLY I PROSPECTING",SATURDAY,17,4,3,1,0,confirmed,9.32,-79.6
"EX I WW I PMAX I SCALING I FEED ONLY I PROSPECTING",SATURDAY,18,4,3,0,1,confirmed,,
"EX I WW I PMAX I SCALING I FEED ONLY I PROSPECTING",SATURDAY,19,4,2,1,0,unconfirmed,21.57,-52.8
"EX I WW I PMAX I SCALING I FEED ONLY I PROSPECTING",SATURDAY,20,4,3,1,0,confirmed,51.87,13.6
"EX I WW I PMAX I SCALING I FEED ONLY I PROSPECTING",SATURDAY,21,4,3,1,0,confirmed,19.55,-57.2
"EX I WW I PMAX I SCALING I FEED ONLY I PROSPECTING",SATURDAY,22,4,4,0,0,confirmed,,
"EX I WW I PMAX I SCALING I FEED ONLY I PROSPECTING",SATURDAY,23,3,1,1,1,insufficient,3.01,-93.4
"EX I WW I PMAX I SCALING I FEED ONLY I OVER-INDEX + INDEX + NEAR-INDEX",SUNDAY,0,1,1,0,0,insufficient,,
"EX I WW I PMAX I SCALING I FEED ONLY I OVER-INDEX + INDEX + NEAR-INDEX",SUNDAY,1,1,1,0,0,insufficient,,
"EX I WW I PMAX I SCALING I FEED ONLY I OVER-INDEX + INDEX + NEAR-INDEX",SUNDAY,2,1,1,0,0,insufficient,,
"EX I WW I PMAX I SCALING I FEED ONLY I OVER-INDEX + INDEX + NEAR-INDEX",SUNDAY,3,1,1,0,0,insufficient,,
"EX I WW I PMAX I SCALING I FEED ONLY I OVER-INDEX + INDEX + NEAR-INDEX",SUNDAY,4,1,1,0,0,insufficient,,
"EX I WW I PMAX I SCALING I FEED ONLY I OVER-INDEX + INDEX + NEAR-INDEX",SUNDAY,5,1,1,0,0,insufficient,,
"EX I WW I PMAX I SCALING I FEED ONLY I OVER-INDEX + INDEX + NEAR-INDEX",SUNDAY,6,1,1,0,0,insufficient,,
"EX I WW I PMAX I SCALING I FEED ONLY I OVER-INDEX + INDEX + NEAR-INDEX",SUNDAY,7,1,1,0,0,insufficient,,
"EX I WW I PMAX I SCALING I FEED ONLY I OVER-INDEX + INDEX + NEAR-INDEX",SUNDAY,8,1,1,0,0,insufficient,,
"EX I WW I PMAX I SCALING I FEED ONLY I OVER-INDEX + INDEX + NEAR-INDEX",SUNDAY,9,1,1,0,0,insufficient,,
"EX I WW I PMAX I SCALING I FEED ONLY I OVER-INDEX + INDEX + NEAR-INDEX",SUNDAY,10,1,0,1,0,insufficient,2.57,-95.0
"EX I WW I PMAX I SCALING I FEED ONLY I OVER-INDEX + INDEX + NEAR-INDEX",SUNDAY,11,1,1,0,0,insufficient,,
"EX I WW I PMAX I SCALING I FEED ONLY I OVER-INDEX + INDEX + NEAR-INDEX",SUNDAY,12,1,1,0,0,insufficient,,
"EX I WW I PMAX I SCALING I FEED ONLY I OVER-INDEX + INDEX + NEAR-INDEX",SUNDAY,13,1,1,0,0,insufficient,,
"EX I WW I PMAX I SCALING I FEED ONLY I OVER-INDEX + INDEX + NEAR-INDEX",SUNDAY,14,1,0,0,1,insufficient,,
"EX I WW I PMAX I SCALING I FEED ONLY I OVER-INDEX + INDEX + NEAR-INDEX",SUNDAY,15,1,0,0,1,insufficient,,
"EX I WW I PMAX I SCALING I FEED ONLY I OVER-INDEX + INDEX + NEAR-INDEX",SUNDAY,16,1,1,0,0,insufficient,,
"EX I WW I PMAX I SCALING I FEED ONLY I OVER-INDEX + INDEX + NEAR-INDEX",SUNDAY,17,1,0,0,1,insufficient,,
"EX I WW I PMAX I SCALING I FEED ONLY I OVER-INDEX + INDEX + NEAR-INDEX",SUNDAY,18,1,0,0,1,insufficient,,
"EX I WW I PMAX I SCALING I FEED ONLY I OVER-INDEX + INDEX + NEAR-INDEX",SUNDAY,19,1,0,0,1,insufficient,,
"EX I WW I PMAX I SCALING I FEED ONLY I OVER-INDEX + INDEX + NEAR-INDEX",SUNDAY,20,1,0,0,1,insufficient,,
"EX I WW I PMAX I SCALING I FEED ONLY I OVER-INDEX + INDEX + NEAR-INDEX",SUNDAY,21,1,1,0,0,insufficient,,
"EX I WW I PMAX I SCALING I FEED ONLY I OVER-INDEX + INDEX + NEAR-INDEX",SUNDAY,22,1,1,0,0,insufficient,,
"EX I WW I PMAX I SCALING I FEED ONLY I OVER-INDEX + INDEX + NEAR-INDEX",SUNDAY,23,1,1,0,0,insufficient,,
"EX I WW I PMAX I SCALING I FEED ONLY I OVER-INDEX + INDEX + NEAR-INDEX",MONDAY,0,1,1,0,0,insufficient,,
"EX I WW I PMAX I SCALING I FEED ONLY I OVER-INDEX + INDEX + NEAR-INDEX",MONDAY,1,1,1,0,0,insufficient,,
"EX I WW I PMAX I SCALING I FEED ONLY I OVER-INDEX + INDEX + NEAR-INDEX",MONDAY,2,1,1,0,0,insufficient,,
"EX I WW I PMAX I SCALING I FEED ONLY I OVER-INDEX + INDEX + NEAR-INDEX",MONDAY,3,1,1,0,0,insufficient,,
"EX I WW I PMAX I SCALING I FEED ONLY I OVER-INDEX + INDEX + NEAR-INDEX",MONDAY,4,1,1,0,0,insufficient,,
"EX I WW I PMAX I SCALING I FEED ONLY I OVER-INDEX + INDEX + NEAR-INDEX",MONDAY,5,1,1,0,0,insufficient,,
"EX I WW I PMAX I SCALING I FEED ONLY I OVER-INDEX + INDEX + NEAR-INDEX",MONDAY,6,1,1,0,0,insufficient,,
"EX I WW I PMAX I SCALING I FEED ONLY I OVER-INDEX + INDEX + NEAR-INDEX",MONDAY,7,1,1,0,0,insufficient,,
"EX I WW I PMAX I SCALING I FEED ONLY I OVER-INDEX + INDEX + NEAR-INDEX",MONDAY,8,1,1,0,0,insufficient,,
"EX I WW I PMAX I SCALING I FEED ONLY I OVER-INDEX + INDEX + NEAR-INDEX",MONDAY,9,1,1,0,0,insufficient,,
"EX I WW I PMAX I SCALING I FEED ONLY I OVER-INDEX + INDEX + NEAR-INDEX",MONDAY,10,1,1,0,0,insufficient,,
"EX I WW I PMAX I SCALING I FEED ONLY I OVER-INDEX + INDEX + NEAR-INDEX",MONDAY,11,1,1,0,0,insufficient,,
"EX I WW I PMAX I SCALING I FEED ONLY I OVER-INDEX + INDEX + NEAR-INDEX",MONDAY,12,1,1,0,0,insufficient,,
"EX I WW I PMAX I SCALING I FEED ONLY I OVER-INDEX + INDEX + NEAR-INDEX",MONDAY,13,1,1,0,0,insufficient,,
"EX I WW I PMAX I SCALING I FEED ONLY I OVER-INDEX + INDEX + NEAR-INDEX",MONDAY,14,1,1,0,0,insufficient,,
"EX I WW I PMAX I SCALING I FEED ONLY I OVER-INDEX + INDEX + NEAR-INDEX",MONDAY,15,1,1,0,0,insufficient,,
"EX I WW I PMAX I SCALING I FEED ONLY I OVER-INDEX + INDEX + NEAR-INDEX",MONDAY,16,1,1,0,0,insufficient,,
"EX I WW I PMAX I SCALING I FEED ONLY I OVER-INDEX + INDEX + NEAR-INDEX",MONDAY,17,1,0,1,0,insufficient,5.30,-89.7
"EX I WW I PMAX I SCALING I FEED ONLY I OVER-INDEX + INDEX + NEAR-INDEX",MONDAY,18,1,1,0,0,insufficient,,
"EX I WW I PMAX I SCALING I FEED ONLY I OVER-INDEX + INDEX + NEAR-INDEX",MONDAY,19,1,1,0,0,insufficient,,
"EX I WW I PMAX I SCALING I FEED ONLY I OVER-INDEX + INDEX + NEAR-INDEX",MONDAY,21,1,1,0,0,insufficient,,
"EX I WW I PMAX I SCALING I FEED ONLY I OVER-INDEX + INDEX + NEAR-INDEX",MONDAY,22,1,1,0,0,insufficient,,
"EX I WW I PMAX I SCALING I FEED ONLY I OVER-INDEX + INDEX + NEAR-INDEX",TUESDAY,0,2,2,0,0,insufficient,,
"EX I WW I PMAX I SCALING I FEED ONLY I OVER-INDEX + INDEX + NEAR-INDEX",TUESDAY,1,2,1,1,0,insufficient,14.60,-71.5
"EX I WW I PMAX I SCALING I FEED ONLY I OVER-INDEX + INDEX + NEAR-INDEX",TUESDAY,2,2,2,0,0,insufficient,,
"EX I WW I PMAX I SCALING I FEED ONLY I OVER-INDEX + INDEX + NEAR-INDEX",TUESDAY,3,2,2,0,0,insufficient,,
"EX I WW I PMAX I SCALING I FEED ONLY I OVER-INDEX + INDEX + NEAR-INDEX",TUESDAY,4,2,2,0,0,insufficient,,
"EX I WW I PMAX I SCALING I FEED ONLY I OVER-INDEX + INDEX + NEAR-INDEX",TUESDAY,5,2,1,0,1,insufficient,,
"EX I WW I PMAX I SCALING I FEED ONLY I OVER-INDEX + INDEX + NEAR-INDEX",TUESDAY,6,2,2,0,0,insufficient,,
"EX I WW I PMAX I SCALING I FEED ONLY I OVER-INDEX + INDEX + NEAR-INDEX",TUESDAY,7,2,0,0,2,insufficient,,
"EX I WW I PMAX I SCALING I FEED ONLY I OVER-INDEX + INDEX + NEAR-INDEX",TUESDAY,8,2,1,0,1,insufficient,,
"EX I WW I PMAX I SCALING I FEED ONLY I OVER-INDEX + INDEX + NEAR-INDEX",TUESDAY,9,2,2,0,0,insufficient,,
"EX I WW I PMAX I SCALING I FEED ONLY I OVER-INDEX + INDEX + NEAR-INDEX",TUESDAY,10,2,2,0,0,insufficient,,
"EX I WW I PMAX I SCALING I FEED ONLY I OVER-INDEX + INDEX + NEAR-INDEX",TUESDAY,11,2,2,0,0,insufficient,,
"EX I WW I PMAX I SCALING I FEED ONLY I OVER-INDEX + INDEX + NEAR-INDEX",TUESDAY,12,2,1,1,0,insufficient,1.97,-96.2
"EX I WW I PMAX I SCALING I FEED ONLY I OVER-INDEX + INDEX + NEAR-INDEX",TUESDAY,13,2,2,0,0,insufficient,,
"EX I WW I PMAX I SCALING I FEED ONLY I OVER-INDEX + INDEX + NEAR-INDEX",TUESDAY,14,2,2,0,0,insufficient,,
"EX I WW I PMAX I SCALING I FEED ONLY I OVER-INDEX + INDEX + NEAR-INDEX",TUESDAY,15,2,2,0,0,insufficient,,
"EX I WW I PMAX I SCALING I FEED ONLY I OVER-INDEX + INDEX + NEAR-INDEX",TUESDAY,16,2,2,0,0,insufficient,,
"EX I WW I PMAX I SCALING I FEED ONLY I OVER-INDEX + INDEX + NEAR-INDEX",TUESDAY,17,2,2,0,0,insufficient,,
"EX I WW I PMAX I SCALING I FEED ONLY I OVER-INDEX + INDEX + NEAR-INDEX",TUESDAY,18,2,1,0,1,insufficient,,
"EX I WW I PMAX I SCALING I FEED ONLY I OVER-INDEX + INDEX + NEAR-INDEX",TUESDAY,19,2,2,0,0,insufficient,,
"EX I WW I PMAX I SCALING I FEED ONLY I OVER-INDEX + INDEX + NEAR-INDEX",TUESDAY,20,2,1,0,1,insufficient,,
"EX I WW I PMAX I SCALING I FEED ONLY I OVER-INDEX + INDEX + NEAR-INDEX",TUESDAY,21,2,2,0,0,insufficient,,
"EX I WW I PMAX I SCALING I FEED ONLY I OVER-INDEX + INDEX + NEAR-INDEX",TUESDAY,22,2,1,0,1,insufficient,,
"EX I WW I PMAX I SCALING I FEED ONLY I OVER-INDEX + INDEX + NEAR-INDEX",TUESDAY,23,2,2,0,0,insufficient,,
"EX I WW I PMAX I SCALING I FEED ONLY I OVER-INDEX + INDEX + NEAR-INDEX",WEDNESDAY,0,2,2,0,0,insufficient,,
"EX I WW I PMAX I SCALING I FEED ONLY I OVER-INDEX + INDEX + NEAR-INDEX",WEDNESDAY,1,2,2,0,0,insufficient,,
"EX I WW I PMAX I SCALING I FEED ONLY I OVER-INDEX + INDEX + NEAR-INDEX",WEDNESDAY,2,2,2,0,0,insufficient,,
"EX I WW I PMAX I SCALING I FEED ONLY I OVER-INDEX + INDEX + NEAR-INDEX",WEDNESDAY,3,2,1,0,1,insufficient,,
"EX I WW I PMAX I SCALING I FEED ONLY I OVER-INDEX + INDEX + NEAR-INDEX",WEDNESDAY,4,2,2,0,0,insufficient,,
"EX I WW I PMAX I SCALING I FEED ONLY I OVER-INDEX + INDEX + NEAR-INDEX",WEDNESDAY,5,2,2,0,0,insufficient,,
"EX I WW I PMAX I SCALING I FEED ONLY I OVER-INDEX + INDEX + NEAR-INDEX",WEDNESDAY,6,2,2,0,0,insufficient,,
"EX I WW I PMAX I SCALING I FEED ONLY I OVER-INDEX + INDEX + NEAR-INDEX",WEDNESDAY,7,2,2,0,0,insufficient,,
"EX I WW I PMAX I SCALING I FEED ONLY I OVER-INDEX + INDEX + NEAR-INDEX",WEDNESDAY,8,2,1,0,1,insufficient,,
"EX I WW I PMAX I SCALING I FEED ONLY I OVER-INDEX + INDEX + NEAR-INDEX",WEDNESDAY,9,2,2,0,0,insufficient,,
"EX I WW I PMAX I SCALING I FEED ONLY I OVER-INDEX + INDEX + NEAR-INDEX",WEDNESDAY,10,2,2,0,0,insufficient,,
"EX I WW I PMAX I SCALING I FEED ONLY I OVER-INDEX + INDEX + NEAR-INDEX",WEDNESDAY,11,2,2,0,0,insufficient,,
"EX I WW I PMAX I SCALING I FEED ONLY I OVER-INDEX + INDEX + NEAR-INDEX",WEDNESDAY,12,2,2,0,0,insufficient,,
"EX I WW I PMAX I SCALING I FEED ONLY I OVER-INDEX + INDEX + NEAR-INDEX",WEDNESDAY,13,2,2,0,0,insufficient,,
"EX I WW I PMAX I SCALING I FEED ONLY I OVER-INDEX + INDEX + NEAR-INDEX",WEDNESDAY,14,2,1,1,0,insufficient,28.36,-44.7
"EX I WW I PMAX I SCALING I FEED ONLY I OVER-INDEX + INDEX + NEAR-INDEX",WEDNESDAY,15,2,1,1,0,insufficient,6.89,-86.6
"EX I WW I PMAX I SCALING I FEED ONLY I OVER-INDEX + INDEX + NEAR-INDEX",WEDNESDAY,16,2,2,0,0,insufficient,,
"EX I WW I PMAX I SCALING I FEED ONLY I OVER-INDEX + INDEX + NEAR-INDEX",WEDNESDAY,17,1,1,0,0,insufficient,,
"EX I WW I PMAX I SCALING I FEED ONLY I OVER-INDEX + INDEX + NEAR-INDEX",WEDNESDAY,18,1,1,0,0,insufficient,,
"EX I WW I PMAX I SCALING I FEED ONLY I OVER-INDEX + INDEX + NEAR-INDEX",WEDNESDAY,19,1,1,0,0,insufficient,,
"EX I WW I PMAX I SCALING I FEED ONLY I OVER-INDEX + INDEX + NEAR-INDEX",WEDNESDAY,20,1,1,0,0,insufficient,,
"EX I WW I PMAX I SCALING I FEED ONLY I OVER-INDEX + INDEX + NEAR-INDEX",WEDNESDAY,21,1,0,0,1,insufficient,,
"EX I WW I PMAX I SCALING I FEED ONLY I OVER-INDEX + INDEX + NEAR-INDEX",WEDNESDAY,22,1,1,0,0,insufficient,,
"EX I WW I PMAX I SCALING I FEED ONLY I OVER-INDEX + INDEX + NEAR-INDEX",WEDNESDAY,23,1,1,0,0,insufficient,,
"EX I WW I PMAX I SCALING I FEED ONLY I OVER-INDEX + INDEX + NEAR-INDEX",THURSDAY,0,1,1,0,0,insufficient,,
"EX I WW I PMAX I SCALING I FEED ONLY I OVER-INDEX + INDEX + NEAR-INDEX",THURSDAY,1,1,1,0,0,insufficient,,
"EX I WW I PMAX I SCALING I FEED ONLY I OVER-INDEX + INDEX + NEAR-INDEX",THURSDAY,2,1,1,0,0,insufficient,,
"EX I WW I PMAX I SCALING I FEED ONLY I OVER-INDEX + INDEX + NEAR-INDEX",THURSDAY,3,1,1,0,0,insufficient,,
"EX I WW I PMAX I SCALING I FEED ONLY I OVER-INDEX + INDEX + NEAR-INDEX",THURSDAY,4,1,1,0,0,insufficient,,
"EX I WW I PMAX I SCALING I FEED ONLY I OVER-INDEX + INDEX + NEAR-INDEX",THURSDAY,5,1,0,0,1,insufficient,,
"EX I WW I PMAX I SCALING I FEED ONLY I OVER-INDEX + INDEX + NEAR-INDEX",THURSDAY,6,1,1,0,0,insufficient,,
"EX I WW I PMAX I SCALING I FEED ONLY I OVER-INDEX + INDEX + NEAR-INDEX",THURSDAY,7,1,1,0,0,insufficient,,
"EX I WW I PMAX I SCALING I FEED ONLY I OVER-INDEX + INDEX + NEAR-INDEX",THURSDAY,8,1,1,0,0,insufficient,,
"EX I WW I PMAX I SCALING I FEED ONLY I OVER-INDEX + INDEX + NEAR-INDEX",THURSDAY,9,1,1,0,0,insufficient,,
"EX I WW I PMAX I SCALING I FEED ONLY I OVER-INDEX + INDEX + NEAR-INDEX",THURSDAY,10,1,1,0,0,insufficient,,
"EX I WW I PMAX I SCALING I FEED ONLY I OVER-INDEX + INDEX + NEAR-INDEX",THURSDAY,11,1,1,0,0,insufficient,,
"EX I WW I PMAX I SCALING I FEED ONLY I OVER-INDEX + INDEX + NEAR-INDEX",THURSDAY,12,1,1,0,0,insufficient,,
"EX I WW I PMAX I SCALING I FEED ONLY I OVER-INDEX + INDEX + NEAR-INDEX",THURSDAY,13,1,0,0,1,insufficient,,
"EX I WW I PMAX I SCALING I FEED ONLY I OVER-INDEX + INDEX + NEAR-INDEX",THURSDAY,14,1,1,0,0,insufficient,,
"EX I WW I PMAX I SCALING I FEED ONLY I OVER-INDEX + INDEX + NEAR-INDEX",THURSDAY,15,1,1,0,0,insufficient,,
"EX I WW I PMAX I SCALING I FEED ONLY I OVER-INDEX + INDEX + NEAR-INDEX",THURSDAY,16,1,1,0,0,insufficient,,
"EX I WW I PMAX I SCALING I FEED ONLY I OVER-INDEX + INDEX + NEAR-INDEX",THURSDAY,17,1,1,0,0,insufficient,,
"EX I WW I PMAX I SCALING I FEED ONLY I OVER-INDEX + INDEX + NEAR-INDEX",THURSDAY,18,1,1,0,0,insufficient,,
"EX I WW I PMAX I SCALING I FEED ONLY I OVER-INDEX + INDEX + NEAR-INDEX",THURSDAY,19,1,1,0,0,insufficient,,
"EX I WW I PMAX I SCALING I FEED ONLY I OVER-INDEX + INDEX + NEAR-INDEX",THURSDAY,20,1,0,0,1,insufficient,,
"EX I WW I PMAX I SCALING I FEED ONLY I OVER-INDEX + INDEX + NEAR-INDEX",THURSDAY,21,1,0,0,1,insufficient,,
"EX I WW I PMAX I SCALING I FEED ONLY I OVER-INDEX + INDEX + NEAR-INDEX",THURSDAY,22,1,0,0,1,insufficient,,
"EX I WW I PMAX I SCALING I FEED ONLY I OVER-INDEX + INDEX + NEAR-INDEX",THURSDAY,23,1,0,0,1,insufficient,,
"EX I WW I PMAX I SCALING I FEED ONLY I OVER-INDEX + INDEX + NEAR-INDEX",FRIDAY,0,1,0,0,1,insufficient,,
"EX I WW I PMAX I SCALING I FEED ONLY I OVER-INDEX + INDEX + NEAR-INDEX",FRIDAY,1,1,0,0,1,insufficient,,
"EX I WW I PMAX I SCALING I FEED ONLY I OVER-INDEX + INDEX + NEAR-INDEX",FRIDAY,2,1,0,0,1,insufficient,,
"EX I WW I PMAX I SCALING I FEED ONLY I OVER-INDEX + INDEX + NEAR-INDEX",FRIDAY,3,1,0,0,1,insufficient,,
"EX I WW I PMAX I SCALING I FEED ONLY I OVER-INDEX + INDEX + NEAR-INDEX",FRIDAY,4,1,0,0,1,insufficient,,
"EX I WW I PMAX I SCALING I FEED ONLY I OVER-INDEX + INDEX + NEAR-INDEX",FRIDAY,5,1,0,0,1,insufficient,,
"EX I WW I PMAX I SCALING I FEED ONLY I OVER-INDEX + INDEX + NEAR-INDEX",FRIDAY,6,1,0,0,1,insufficient,,
"EX I WW I PMAX I SCALING I FEED ONLY I OVER-INDEX + INDEX + NEAR-INDEX",FRIDAY,7,1,0,0,1,insufficient,,
"EX I WW I PMAX I SCALING I FEED ONLY I OVER-INDEX + INDEX + NEAR-INDEX",FRIDAY,8,1,0,0,1,insufficient,,
"EX I WW I PMAX I SCALING I FEED ONLY I OVER-INDEX + INDEX + NEAR-INDEX",FRIDAY,9,1,0,0,1,insufficient,,
"EX I WW I PMAX I SCALING I FEED ONLY I OVER-INDEX + INDEX + NEAR-INDEX",FRIDAY,10,1,1,0,0,insufficient,,
"EX I WW I PMAX I SCALING I FEED ONLY I OVER-INDEX + INDEX + NEAR-INDEX",FRIDAY,11,1,1,0,0,insufficient,,
"EX I WW I PMAX I SCALING I FEED ONLY I OVER-INDEX + INDEX + NEAR-INDEX",FRIDAY,12,1,1,0,0,insufficient,,
"EX I WW I PMAX I SCALING I FEED ONLY I OVER-INDEX + INDEX + NEAR-INDEX",FRIDAY,13,1,0,0,1,insufficient,,
"EX I WW I PMAX I SCALING I FEED ONLY I OVER-INDEX + INDEX + NEAR-INDEX",FRIDAY,14,1,1,0,0,insufficient,,
"EX I WW I PMAX I SCALING I FEED ONLY I OVER-INDEX + INDEX + NEAR-INDEX",FRIDAY,15,1,1,0,0,insufficient,,
"EX I WW I PMAX I SCALING I FEED ONLY I OVER-INDEX + INDEX + NEAR-INDEX",FRIDAY,16,1,1,0,0,insufficient,,
"EX I WW I PMAX I SCALING I FEED ONLY I OVER-INDEX + INDEX + NEAR-INDEX",FRIDAY,17,1,1,0,0,insufficient,,
"EX I WW I PMAX I SCALING I FEED ONLY I OVER-INDEX + INDEX + NEAR-INDEX",FRIDAY,18,1,1,0,0,insufficient,,
"EX I WW I PMAX I SCALING I FEED ONLY I OVER-INDEX + INDEX + NEAR-INDEX",FRIDAY,19,1,1,0,0,insufficient,,
"EX I WW I PMAX I SCALING I FEED ONLY I OVER-INDEX + INDEX + NEAR-INDEX",FRIDAY,20,1,0,1,0,insufficient,2.33,-95.5
"EX I WW I PMAX I SCALING I FEED ONLY I OVER-INDEX + INDEX + NEAR-INDEX",FRIDAY,21,1,1,0,0,insufficient,,
"EX I WW I PMAX I SCALING I FEED ONLY I OVER-INDEX + INDEX + NEAR-INDEX",FRIDAY,22,1,1,0,0,insufficient,,
"EX I WW I PMAX I SCALING I FEED ONLY I OVER-INDEX + INDEX + NEAR-INDEX",FRIDAY,23,1,1,0,0,insufficient,,
"EX I WW I PMAX I SCALING I FEED ONLY I OVER-INDEX + INDEX + NEAR-INDEX",SATURDAY,0,1,1,0,0,insufficient,,
"EX I WW I PMAX I SCALING I FEED ONLY I OVER-INDEX + INDEX + NEAR-INDEX",SATURDAY,1,1,1,0,0,insufficient,,
"EX I WW I PMAX I SCALING I FEED ONLY I OVER-INDEX + INDEX + NEAR-INDEX",SATURDAY,2,1,1,0,0,insufficient,,
"EX I WW I PMAX I SCALING I FEED ONLY I OVER-INDEX + INDEX + NEAR-INDEX",SATURDAY,3,1,1,0,0,insufficient,,
"EX I WW I PMAX I SCALING I FEED ONLY I OVER-INDEX + INDEX + NEAR-INDEX",SATURDAY,4,1,0,0,1,insufficient,,
"EX I WW I PMAX I SCALING I FEED ONLY I OVER-INDEX + INDEX + NEAR-INDEX",SATURDAY,5,1,1,0,0,insufficient,,
"EX I WW I PMAX I SCALING I FEED ONLY I OVER-INDEX + INDEX + NEAR-INDEX",SATURDAY,6,1,1,0,0,insufficient,,
"EX I WW I PMAX I SCALING I FEED ONLY I OVER-INDEX + INDEX + NEAR-INDEX",SATURDAY,7,1,1,0,0,insufficient,,
"EX I WW I PMAX I SCALING I FEED ONLY I OVER-INDEX + INDEX + NEAR-INDEX",SATURDAY,8,1,0,1,0,insufficient,6.24,-87.8
"EX I WW I PMAX I SCALING I FEED ONLY I OVER-INDEX + INDEX + NEAR-INDEX",SATURDAY,9,1,1,0,0,insufficient,,
"EX I WW I PMAX I SCALING I FEED ONLY I OVER-INDEX + INDEX + NEAR-INDEX",SATURDAY,10,1,1,0,0,insufficient,,
"EX I WW I PMAX I SCALING I FEED ONLY I OVER-INDEX + INDEX + NEAR-INDEX",SATURDAY,11,1,1,0,0,insufficient,,
"EX I WW I PMAX I SCALING I FEED ONLY I OVER-INDEX + INDEX + NEAR-INDEX",SATURDAY,12,1,1,0,0,insufficient,,
"EX I WW I PMAX I SCALING I FEED ONLY I OVER-INDEX + INDEX + NEAR-INDEX",SATURDAY,13,1,1,0,0,insufficient,,
"EX I WW I PMAX I SCALING I FEED ONLY I OVER-INDEX + INDEX + NEAR-INDEX",SATURDAY,14,1,1,0,0,insufficient,,
"EX I WW I PMAX I SCALING I FEED ONLY I OVER-INDEX + INDEX + NEAR-INDEX",SATURDAY,15,1,1,0,0,insufficient,,
"EX I WW I PMAX I SCALING I FEED ONLY I OVER-INDEX + INDEX + NEAR-INDEX",SATURDAY,16,1,1,0,0,insufficient,,
"EX I WW I PMAX I SCALING I FEED ONLY I OVER-INDEX + INDEX + NEAR-INDEX",SATURDAY,17,1,1,0,0,insufficient,,
"EX I WW I PMAX I SCALING I FEED ONLY I OVER-INDEX + INDEX + NEAR-INDEX",SATURDAY,18,1,1,0,0,insufficient,,
"EX I WW I PMAX I SCALING I FEED ONLY I OVER-INDEX + INDEX + NEAR-INDEX",SATURDAY,19,1,0,0,1,insufficient,,
"EX I WW I PMAX I SCALING I FEED ONLY I OVER-INDEX + INDEX + NEAR-INDEX",SATURDAY,20,1,0,0,1,insufficient,,
"EX I WW I PMAX I SCALING I FEED ONLY I OVER-INDEX + INDEX + NEAR-INDEX",SATURDAY,21,1,1,0,0,insufficient,,
"EX I SHOPPING I PUR I T-ROAS I NEAR INDEX",TUESDAY,0,1,0,0,1,insufficient,,
"EX I SHOPPING I PUR I T-ROAS I NEAR INDEX",TUESDAY,1,1,0,0,1,insufficient,,
"EX I SHOPPING I PUR I T-ROAS I NEAR INDEX",TUESDAY,2,1,0,0,1,insufficient,,
"EX I SHOPPING I PUR I T-ROAS I NEAR INDEX",TUESDAY,3,1,0,0,1,insufficient,,
"EX I SHOPPING I PUR I T-ROAS I NEAR INDEX",TUESDAY,4,1,0,0,1,insufficient,,
"EX I SHOPPING I PUR I T-ROAS I NEAR INDEX",TUESDAY,5,1,0,0,1,insufficient,,
"EX I SHOPPING I PUR I T-ROAS I NEAR INDEX",TUESDAY,6,1,0,0,1,insufficient,,
"EX I SHOPPING I PUR I T-ROAS I NEAR INDEX",TUESDAY,7,1,0,0,1,insufficient,,
"EX I SHOPPING I PUR I T-ROAS I NEAR INDEX",TUESDAY,8,1,0,0,1,insufficient,,
"EX I SHOPPING I PUR I T-ROAS I NEAR INDEX",TUESDAY,9,1,0,0,1,insufficient,,
"EX I SHOPPING I PUR I T-ROAS I NEAR INDEX",TUESDAY,10,1,0,0,1,insufficient,,
"EX I SHOPPING I PUR I T-ROAS I NEAR INDEX",TUESDAY,11,1,0,0,1,insufficient,,
"EX I SHOPPING I PUR I T-ROAS I NEAR INDEX",TUESDAY,12,1,0,1,0,insufficient,3.33,-97.6
"EX I SHOPPING I PUR I T-ROAS I NEAR INDEX",TUESDAY,13,1,0,0,1,insufficient,,
"EX I SHOPPING I PUR I T-ROAS I NEAR INDEX",TUESDAY,14,1,0,0,1,insufficient,,
"EX I SHOPPING I PUR I T-ROAS I NEAR INDEX",TUESDAY,15,1,0,0,1,insufficient,,
"EX I SHOPPING I PUR I T-ROAS I NEAR INDEX",TUESDAY,16,1,1,0,0,insufficient,,
"EX I SHOPPING I PUR I T-ROAS I NEAR INDEX",TUESDAY,17,1,0,0,1,insufficient,,
"EX I SHOPPING I PUR I T-ROAS I NEAR INDEX",TUESDAY,18,1,0,0,1,insufficient,,
"EX I SHOPPING I PUR I T-ROAS I NEAR INDEX",TUESDAY,19,1,0,0,1,insufficient,,
"EX I SHOPPING I PUR I T-ROAS I NEAR INDEX",TUESDAY,20,1,0,0,1,insufficient,,
"EX I SHOPPING I PUR I T-ROAS I NEAR INDEX",TUESDAY,21,1,0,0,1,insufficient,,
"EX I SHOPPING I PUR I T-ROAS I NEAR INDEX",TUESDAY,23,1,0,0,1,insufficient,,
"EX I SHOPPING I PUR I T-ROAS I NEAR INDEX",WEDNESDAY,0,1,0,0,1,insufficient,,
"EX I SHOPPING I PUR I T-ROAS I NEAR INDEX",WEDNESDAY,1,1,0,0,1,insufficient,,
"EX I SHOPPING I PUR I T-ROAS I NEAR INDEX",WEDNESDAY,2,1,0,0,1,insufficient,,
"EX I SHOPPING I PUR I T-ROAS I NEAR INDEX",WEDNESDAY,3,1,0,0,1,insufficient,,
"EX I SHOPPING I PUR I T-ROAS I NEAR INDEX",WEDNESDAY,4,1,0,0,1,insufficient,,
"EX I SHOPPING I PUR I T-ROAS I NEAR INDEX",WEDNESDAY,5,1,0,0,1,insufficient,,
"EX I SHOPPING I PUR I T-ROAS I NEAR INDEX",WEDNESDAY,6,1,0,0,1,insufficient,,
"EX I SHOPPING I PUR I T-ROAS I NEAR INDEX",WEDNESDAY,7,1,0,0,1,insufficient,,
"EX I SHOPPING I PUR I T-ROAS I NEAR INDEX",WEDNESDAY,9,1,0,0,1,insufficient,,
"EX I SHOPPING I PUR I T-ROAS I NEAR INDEX",WEDNESDAY,10,1,0,0,1,insufficient,,
"EX I SHOPPING I PUR I T-ROAS I NEAR INDEX",WEDNESDAY,11,1,0,0,1,insufficient,,
"EX I SHOPPING I PUR I T-ROAS I NEAR INDEX",WEDNESDAY,12,1,0,0,1,insufficient,,
"EX I SHOPPING I PUR I T-ROAS I NEAR INDEX",WEDNESDAY,13,1,0,0,1,insufficient,,
"EX I SHOPPING I PUR I T-ROAS I NEAR INDEX",WEDNESDAY,14,2,0,0,2,insufficient,,
"EX I SHOPPING I PUR I T-ROAS I NEAR INDEX",WEDNESDAY,15,2,2,0,0,insufficient,,
"EX I SHOPPING I PUR I T-ROAS I NEAR INDEX",WEDNESDAY,16,2,1,0,1,insufficient,,
"EX I SHOPPING I PUR I T-ROAS I NEAR INDEX",WEDNESDAY,17,2,1,0,1,insufficient,,
"EX I SHOPPING I PUR I T-ROAS I NEAR INDEX",WEDNESDAY,18,2,1,0,1,insufficient,,
"EX I SHOPPING I PUR I T-ROAS I NEAR INDEX",WEDNESDAY,19,2,1,0,1,insufficient,,
"EX I SHOPPING I PUR I T-ROAS I NEAR INDEX",WEDNESDAY,20,2,1,0,1,insufficient,,
"EX I SHOPPING I PUR I T-ROAS I NEAR INDEX",WEDNESDAY,21,2,1,0,1,insufficient,,
"EX I SHOPPING I PUR I T-ROAS I NEAR INDEX",WEDNESDAY,22,2,1,0,1,insufficient,,
"EX I SHOPPING I PUR I T-ROAS I NEAR INDEX",WEDNESDAY,23,2,1,0,1,insufficient,,
"EX I SHOPPING I PUR I T-ROAS I NEAR INDEX",THURSDAY,0,1,0,0,1,insufficient,,
"EX I SHOPPING I PUR I T-ROAS I NEAR INDEX",THURSDAY,1,1,0,0,1,insufficient,,
"EX I SHOPPING I PUR I T-ROAS I NEAR INDEX",THURSDAY,2,1,0,0,1,insufficient,,
"EX I SHOPPING I PUR I T-ROAS I NEAR INDEX",THURSDAY,3,1,0,0,1,insufficient,,
"EX I SHOPPING I PUR I T-ROAS I NEAR INDEX",THURSDAY,4,1,0,0,1,insufficient,,
"EX I SHOPPING I PUR I T-ROAS I NEAR INDEX",THURSDAY,5,1,0,0,1,insufficient,,
"EX I SHOPPING I PUR I T-ROAS I NEAR INDEX",THURSDAY,6,1,0,0,1,insufficient,,
"EX I SHOPPING I PUR I T-ROAS I NEAR INDEX",THURSDAY,7,1,1,0,0,insufficient,,
"EX I SHOPPING I PUR I T-ROAS I NEAR INDEX",THURSDAY,8,1,0,0,1,insufficient,,
"EX I SHOPPING I PUR I T-ROAS I NEAR INDEX",THURSDAY,9,1,0,0,1,insufficient,,
"EX I SHOPPING I PUR I T-ROAS I NEAR INDEX",THURSDAY,10,1,1,0,0,insufficient,,
"EX I SHOPPING I PUR I T-ROAS I NEAR INDEX",THURSDAY,11,1,0,0,1,insufficient,,
"EX I SHOPPING I PUR I T-ROAS I NEAR INDEX",THURSDAY,12,1,1,0,0,insufficient,,
"EX I SHOPPING I PUR I T-ROAS I NEAR INDEX",THURSDAY,13,1,1,0,0,insufficient,,
"EX I SHOPPING I PUR I T-ROAS I NEAR INDEX",THURSDAY,14,1,1,0,0,insufficient,,
"EX I SHOPPING I PUR I T-ROAS I NEAR INDEX",THURSDAY,15,1,1,0,0,insufficient,,
