keyword_text,match_type,campaign_name,ad_group_name,campaign_id,ad_group_id,criterion_id,status,approval_status,impressions,clicks,cost,blended_conversions,primary_conversions,effective_conversions,effective_conv_value,primary_cpa,effective_cpa,effective_roas,ctr,spend_share,conversion_share,quality_score,expected_ctr,ad_relevance,landing_page_exp,tier,prior_tier,tier_shifted,is_hero_spender,bidding_mode,campaign_target_cpa,campaign_target_roas,target_source,portfolio_name,break_even_cpa,break_even_roas,primary_kpi,is_core_term,patience_multiplier,pause_spend_threshold,efficiency_severity_tier,efficiency_severity_label,efficiency_severity_ratio,efficiency_impact,excess_spend,missing_conversion_value
collabo,BROAD,EX | 25 | CH | SEARCH | LEAD | Brand,Kollabo Name,1509955426,57909492917,309201501,ENABLED,APPROVED,39,12,3.70,0.00,0.00,0.00,0.00,,,0.00,30.77,0.98,0.00,9,ABOVE_AVERAGE,AVERAGE,ABOVE_AVERAGE,INSUFFICIENT_DATA,ACTIVE,DEGRADED,false,SMART,15.59,0.00,fallback,,75.00,,cpa,false,1.0,150.00,,,,,,
kollabo,BROAD,EX | 25 | CH | SEARCH | LEAD | Brand,Kollabo Name,1509955426,57909492917,303574768005,ENABLED,APPROVED,1178,453,130.55,11.50,11.50,11.50,0.00,11.35,11.35,0.00,38.46,34.57,47.47,10,ABOVE_AVERAGE,ABOVE_AVERAGE,ABOVE_AVERAGE,HERO,HERO,STABLE,false,SMART,15.59,0.00,fallback,,75.00,,cpa,true,1.5,225.00,,,,,,
kolabo,BROAD,EX | 25 | CH | SEARCH | LEAD | Brand,Kollabo Name,1509955426,57909492917,377200356224,ENABLED,APPROVED,99,43,7.15,1.00,1.00,1.00,0.00,7.15,7.15,0.00,43.43,1.89,4.13,10,ABOVE_AVERAGE,ABOVE_AVERAGE,ABOVE_AVERAGE,ACTIVE,INSUFFICIENT_DATA,IMPROVED,false,SMART,15.59,0.00,fallback,,75.00,,cpa,false,1.0,150.00,,,,,,
kolaboo,EXACT,EX | 25 | CH | SEARCH | LEAD | Brand,Kollabo Name,1509955426,57909492917,425940767453,ENABLED,APPROVED,0,0,0.00,0.00,0.00,0.00,0.00,,,,,0.00,0.00,10,ABOVE_AVERAGE,ABOVE_AVERAGE,ABOVE_AVERAGE,ZOMBIE,INSUFFICIENT_DATA,DEGRADED,false,SMART,15.59,0.00,fallback,,75.00,,cpa,false,1.0,150.00,,,,,,
kollabo ag,BROAD,EX | 25 | CH | SEARCH | LEAD | Brand,Kollabo Name,1509955426,57909492917,1061773055407,ENABLED,APPROVED,1064,254,189.48,8.22,8.22,8.22,0.00,23.04,23.04,0.00,23.87,50.17,33.95,10,ABOVE_AVERAGE,ABOVE_AVERAGE,ABOVE_AVERAGE,HERO,HERO,STABLE,false,SMART,15.59,0.00,fallback,,75.00,,cpa,true,1.5,225.00,,,,,,
kollabro,EXACT,EX | 25 | CH | SEARCH | LEAD | Brand,Kollabo Name,1509955426,57909492917,1596575983402,ENABLED,APPROVED,0,0,0.00,0.00,0.00,0.00,0.00,,,,,0.00,0.00,,,,,ZOMBIE,ZOMBIE,STABLE,false,SMART,15.59,0.00,fallback,,75.00,,cpa,false,1.0,150.00,,,,,,
kollabi,PHRASE,EX | 25 | CH | SEARCH | LEAD | Brand,Kollabo Name,1509955426,57909492917,2170970398944,ENABLED,APPROVED,2,2,0.53,0.00,0.00,0.00,0.00,,,0.00,100.00,0.14,0.00,9,ABOVE_AVERAGE,AVERAGE,ABOVE_AVERAGE,INSUFFICIENT_DATA,INSUFFICIENT_DATA,STABLE,false,SMART,15.59,0.00,fallback,,75.00,,cpa,false,1.0,150.00,,,,,,
kollabo ag bern,PHRASE,EX | 25 | CH | SEARCH | LEAD | Brand,Kollabo Name,1509955426,57909492917,2170970399024,ENABLED,APPROVED,7,2,2.23,0.00,0.00,0.00,0.00,,,0.00,28.57,0.59,0.00,10,ABOVE_AVERAGE,ABOVE_AVERAGE,ABOVE_AVERAGE,INSUFFICIENT_DATA,INSUFFICIENT_DATA,STABLE,false,SMART,15.59,0.00,fallback,,75.00,,cpa,true,1.5,225.00,,,,,,
kollabo ag jobs,PHRASE,EX | 25 | CH | SEARCH | LEAD | Brand,Kollabo Name,1509955426,57909492917,2170970399184,ENABLED,APPROVED,19,10,7.96,2.00,2.00,2.00,0.00,3.98,3.98,0.00,52.63,2.11,8.26,10,ABOVE_AVERAGE,ABOVE_AVERAGE,ABOVE_AVERAGE,ACTIVE,INSUFFICIENT_DATA,IMPROVED,false,SMART,15.59,0.00,fallback,,75.00,,cpa,true,1.5,225.00,,,,,,
kollabo ag zürich,PHRASE,EX | 25 | CH | SEARCH | LEAD | Brand,Kollabo Name,1509955426,57909492917,2170970399464,ENABLED,APPROVED,32,12,11.14,0.00,0.00,0.00,0.00,,,0.00,37.50,2.95,0.00,10,ABOVE_AVERAGE,ABOVE_AVERAGE,ABOVE_AVERAGE,INSUFFICIENT_DATA,INSUFFICIENT_DATA,STABLE,false,SMART,15.59,0.00,fallback,,75.00,,cpa,true,1.5,225.00,,,,,,
kollabo basel,PHRASE,EX | 25 | CH | SEARCH | LEAD | Brand,Kollabo Name,1509955426,57909492917,2170970399664,ENABLED,APPROVED,14,3,2.74,0.00,0.00,0.00,0.00,,,0.00,21.43,0.73,0.00,10,ABOVE_AVERAGE,ABOVE_AVERAGE,ABOVE_AVERAGE,INSUFFICIENT_DATA,INSUFFICIENT_DATA,STABLE,false,SMART,15.59,0.00,fallback,,75.00,,cpa,true,1.5,225.00,,,,,,
kollabo ch,PHRASE,EX | 25 | CH | SEARCH | LEAD | Brand,Kollabo Name,1509955426,57909492917,2170970399744,ENABLED,APPROVED,40,15,7.33,0.25,0.25,0.25,0.00,29.32,29.32,0.00,37.50,1.94,1.03,9,ABOVE_AVERAGE,AVERAGE,ABOVE_AVERAGE,OVER_TARGET,ACTIVE,DEGRADED,false,SMART,15.59,0.00,fallback,,75.00,,cpa,true,1.5,225.00,2,material,1.88,3.43,3.43,
kollabo jobs,PHRASE,EX | 25 | CH | SEARCH | LEAD | Brand,Kollabo Name,1509955426,57909492917,2170970399984,ENABLED,APPROVED,20,10,3.93,0.25,0.25,0.25,0.00,15.72,15.72,0.00,50.00,1.04,1.03,10,ABOVE_AVERAGE,ABOVE_AVERAGE,ABOVE_AVERAGE,OVER_TARGET,INSUFFICIENT_DATA,IMPROVED,false,SMART,15.59,0.00,fallback,,75.00,,cpa,true,1.5,225.00,1,watch,1.01,0.03,0.03,
kollabo zürich,PHRASE,EX | 25 | CH | SEARCH | LEAD | Brand,Kollabo Name,1509955426,57909492917,2170970400624,ENABLED,APPROVED,10,3,2.90,0.00,0.00,0.00,0.00,,,0.00,30.00,0.77,0.00,10,ABOVE_AVERAGE,ABOVE_AVERAGE,ABOVE_AVERAGE,INSUFFICIENT_DATA,INSUFFICIENT_DATA,STABLE,false,SMART,15.59,0.00,fallback,,75.00,,cpa,true,1.5,225.00,,,,,,
kollabo ag winterthur,PHRASE,EX | 25 | CH | SEARCH | LEAD | Brand,Kollabo Name,1509955426,57909492917,2172567691666,ENABLED,APPROVED,0,0,0.00,0.00,0.00,0.00,0.00,,,,,0.00,0.00,10,ABOVE_AVERAGE,ABOVE_AVERAGE,ABOVE_AVERAGE,ZOMBIE,INSUFFICIENT_DATA,DEGRADED,false,SMART,15.59,0.00,fallback,,75.00,,cpa,true,1.5,225.00,,,,,,
kollabo ag basel,BROAD,EX | 25 | CH | SEARCH | LEAD | Brand,Kollabo Name,1509955426,57909492917,2384214352932,ENABLED,APPROVED,24,7,5.80,1.00,1.00,1.00,0.00,5.80,5.80,0.00,29.17,1.54,4.13,10,ABOVE_AVERAGE,ABOVE_AVERAGE,ABOVE_AVERAGE,ACTIVE,INSUFFICIENT_DATA,IMPROVED,false,SMART,15.59,0.00,fallback,,75.00,,cpa,true,1.5,225.00,,,,,,
kolabro,EXACT,EX | 25 | CH | SEARCH | LEAD | Brand,Kollabo Name,1509955426,57909492917,2436359465708,ENABLED,APPROVED,1,0,0.00,0.00,0.00,0.00,0.00,,,,0.00,0.00,0.00,8,AVERAGE,ABOVE_AVERAGE,ABOVE_AVERAGE,LOW_PERFORMER,ZOMBIE,IMPROVED,false,SMART,15.59,0.00,fallback,,75.00,,cpa,false,1.0,150.00,,,,,,
kollabo login,EXACT,EX | 25 | CH | SEARCH | LEAD | Brand,Kollabo Name,1509955426,57909492917,2465285297898,ENABLED,APPROVED,2,1,0.02,0.00,0.00,0.00,0.00,,,0.00,50.00,0.01,0.00,10,ABOVE_AVERAGE,ABOVE_AVERAGE,ABOVE_AVERAGE,INSUFFICIENT_DATA,INSUFFICIENT_DATA,STABLE,false,SMART,15.59,0.00,fallback,,75.00,,cpa,true,1.5,225.00,,,,,,
kollabo ag st gallen,PHRASE,EX | 25 | CH | SEARCH | LEAD | Brand,Kollabo Name,1509955426,57909492917,2478834240715,ENABLED,APPROVED,5,3,2.23,0.00,0.00,0.00,0.00,,,0.00,60.00,0.59,0.00,10,ABOVE_AVERAGE,ABOVE_AVERAGE,ABOVE_AVERAGE,INSUFFICIENT_DATA,INSUFFICIENT_DATA,STABLE,false,SMART,15.59,0.00,fallback,,75.00,,cpa,true,1.5,225.00,,,,,,
automatikmonteur efz,BROAD,EX | 25 | CH | SEARCH | LEAD | Automatikmonteur,AG | RSA | Automatikmonteur,20768068758,154000335045,309386030282,ENABLED,APPROVED,1,0,0.00,0.00,0.00,0.00,0.00,,,,0.00,0.00,0.00,,,,,LOW_PERFORMER,LOW_PERFORMER,STABLE,false,SMART,39.47,0.00,fallback,,75.00,,cpa,true,1.5,225.00,,,,,,
stellenangebote als produktionsmitarbeiter,EXACT,EX | 25 | CH | SEARCH | LEAD | Automatikmonteur,AG | RSA | Automatikmonteur,20768068758,154000335045,349617835084,ENABLED,APPROVED,27,2,3.00,0.00,0.00,0.00,0.00,,,0.00,7.41,2.55,0.00,,,,,INSUFFICIENT_DATA,INSUFFICIENT_DATA,STABLE,false,SMART,39.47,0.00,fallback,,75.00,,cpa,true,1.5,225.00,,,,,,
aufzüge jobs,PHRASE,EX | 25 | CH | SEARCH | LEAD | Automatikmonteur,AG | RSA | Automatikmonteur,20768068758,154000335045,362814121323,ENABLED,APPROVED,0,0,0.00,0.00,0.00,0.00,0.00,,,,,0.00,0.00,,,,,ZOMBIE,ZOMBIE,STABLE,false,SMART,39.47,0.00,fallback,,75.00,,cpa,true,1.5,225.00,,,,,,
automatikmonteur jobs,BROAD,EX | 25 | CH | SEARCH | LEAD | Automatikmonteur,AG | RSA | Automatikmonteur,20768068758,154000335045,368569501197,ENABLED,APPROVED,873,76,114.64,2.98,2.98,2.98,0.00,38.46,38.46,0.00,8.71,97.45,100.00,7,ABOVE_AVERAGE,ABOVE_AVERAGE,BELOW_AVERAGE,HERO,UNPROFITABLE,IMPROVED,false,SMART,39.47,0.00,fallback,,75.00,,cpa,true,1.5,225.00,,,,,,
autowerkstatt jobs,PHRASE,EX | 25 | CH | SEARCH | LEAD | Automatikmonteur,AG | RSA | Automatikmonteur,20768068758,154000335045,666718148349,ENABLED,APPROVED,24,0,0.00,0.00,0.00,0.00,0.00,,,,0.00,0.00,0.00,,,,,LOW_PERFORMER,ZOMBIE,IMPROVED,false,SMART,39.47,0.00,fallback,,75.00,,cpa,true,1.5,225.00,,,,,,
mechanical engineering jobs switzerland,EXACT,EX | 25 | CH | SEARCH | LEAD | Automatikmonteur,AG | RSA | Automatikmonteur,20768068758,154000335045,744707643328,ENABLED,APPROVED,1,0,0.00,0.00,0.00,0.00,0.00,,,,0.00,0.00,0.00,,,,,LOW_PERFORMER,LOW_PERFORMER,STABLE,false,SMART,39.47,0.00,fallback,,75.00,,cpa,true,1.5,225.00,,,,,,
automatikmonteur in efz,PHRASE,EX | 25 | CH | SEARCH | LEAD | Automatikmonteur,AG | RSA | Automatikmonteur,20768068758,154000335045,2474791555861,ENABLED,APPROVED,0,0,0.00,0.00,0.00,0.00,0.00,,,,,0.00,0.00,,,,,ZOMBIE,ZOMBIE,STABLE,false,SMART,39.47,0.00,fallback,,75.00,,cpa,true,1.5,225.00,,,,,,
maler schweiz,BROAD,EX | DE | DACH | SEARCH | LEAD | UMLAND TEST,STAN | HOME | BROAD,20685916051,154386686829,302654071829,ENABLED,APPROVED,203,31,24.39,1.00,1.00,1.00,0.00,24.39,24.39,0.00,15.27,5.25,7.15,,,,,OVER_TARGET,ACTIVE,DEGRADED,false,SMART,11.00,0.00,campaign_inline,,75.00,,cpa,true,1.5,225.00,2,material,2.22,13.39,13.39,
polymechaniker schweiz,BROAD,EX | DE | DACH | SEARCH | LEAD | UMLAND TEST,STAN | HOME | BROAD,20685916051,154386686829,303240766784,ENABLED,APPROVED,2331,262,284.61,7.00,7.00,7.00,0.00,40.66,40.66,0.00,11.24,61.29,50.07,6,AVERAGE,AVERAGE,AVERAGE,HERO,HERO,STABLE,false,SMART,11.00,0.00,campaign_inline,,75.00,,cpa,true,1.5,225.00,,,,,,
dachdecker jobs schweiz,BROAD,EX | DE | DACH | SEARCH | LEAD | UMLAND TEST,STAN | HOME | BROAD,20685916051,154386686829,304108247215,ENABLED,APPROVED,2,0,0.00,0.00,0.00,0.00,0.00,,,,0.00,0.00,0.00,5,AVERAGE,BELOW_AVERAGE,AVERAGE,LOW_PERFORMER,LOW_PERFORMER,STABLE,false,SMART,11.00,0.00,campaign_inline,,75.00,,cpa,true,1.5,225.00,,,,,,
schreiner jobs schweiz,BROAD,EX | DE | DACH | SEARCH | LEAD | UMLAND TEST,STAN | HOME | BROAD,20685916051,154386686829,312859575540,ENABLED,APPROVED,0,0,0.00,0.00,0.00,0.00,0.00,,,,,0.00,0.00,,,,,ZOMBIE,ZOMBIE,STABLE,false,SMART,11.00,0.00,campaign_inline,,75.00,,cpa,true,1.5,225.00,,,,,,
elektroniker jobs schweiz,BROAD,EX | DE | DACH | SEARCH | LEAD | UMLAND TEST,STAN | HOME | BROAD,20685916051,154386686829,312888247900,ENABLED,APPROVED,271,21,18.76,0.00,0.00,0.00,0.00,,,0.00,7.75,4.04,0.00,1,BELOW_AVERAGE,BELOW_AVERAGE,BELOW_AVERAGE,INSUFFICIENT_DATA,OVER_TARGET,DEGRADED,false,SMART,11.00,0.00,campaign_inline,,75.00,,cpa,true,1.5,225.00,,,,,,
welding jobs in switzerland,BROAD,EX | DE | DACH | SEARCH | LEAD | UMLAND TEST,STAN | HOME | BROAD,20685916051,154386686829,313032445606,ENABLED,APPROVED,0,0,0.00,0.00,0.00,0.00,0.00,,,,,0.00,0.00,,,,,ZOMBIE,ZOMBIE,STABLE,false,SMART,11.00,0.00,campaign_inline,,75.00,,cpa,true,1.5,225.00,,,,,,
schreiner jobs zürich,BROAD,EX | DE | DACH | SEARCH | LEAD | UMLAND TEST,STAN | HOME | BROAD,20685916051,154386686829,314589657304,ENABLED,APPROVED,104,18,15.74,1.00,1.00,1.00,0.00,15.74,15.74,0.00,17.31,3.39,7.15,,,,,OVER_TARGET,OVER_TARGET,STABLE,false,SMART,11.00,0.00,campaign_inline,,75.00,,cpa,true,1.5,225.00,1,watch,1.43,4.74,4.74,
handwerker jobs schweiz,BROAD,EX | DE | DACH | SEARCH | LEAD | UMLAND TEST,STAN | HOME | BROAD,20685916051,154386686829,315036540913,ENABLED,APPROVED,1240,130,120.90,4.98,4.98,4.98,0.00,24.28,24.28,0.00,10.48,26.03,35.62,7,ABOVE_AVERAGE,AVERAGE,AVERAGE,HERO,HERO,STABLE,false,SMART,11.00,0.00,campaign_inline,,75.00,,cpa,true,1.5,225.00,,,,,,
schweisser jobs schweiz,BROAD,EX | DE | DACH | SEARCH | LEAD | UMLAND TEST,STAN | HOME | BROAD,20685916051,154386686829,315747770388,ENABLED,APPROVED,0,0,0.00,0.00,0.00,0.00,0.00,,,,,0.00,0.00,5,AVERAGE,BELOW_AVERAGE,AVERAGE,ZOMBIE,LOW_PERFORMER,DEGRADED,false,SMART,11.00,0.00,campaign_inline,,75.00,,cpa,true,1.5,225.00,,,,,,
construction work switzerland,BROAD,EX | DE | DACH | SEARCH | LEAD | UMLAND TEST,STAN | HOME | BROAD,20685916051,154386686829,342318178938,ENABLED,APPROVED,16,0,0.00,0.00,0.00,0.00,0.00,,,,0.00,0.00,0.00,6,ABOVE_AVERAGE,BELOW_AVERAGE,AVERAGE,LOW_PERFORMER,LOW_PERFORMER,STABLE,false,SMART,11.00,0.00,campaign_inline,,75.00,,cpa,false,1.0,150.00,,,,,,
tischler jobs schweiz,PHRASE,EX | DE | DACH | SEARCH | LEAD | UMLAND TEST,STAN | HOME | BROAD,20685916051,154386686829,355425854790,ENABLED,APPROVED,0,0,0.00,0.00,0.00,0.00,0.00,,,,,0.00,0.00,,,,,ZOMBIE,ZOMBIE,STABLE,false,SMART,11.00,0.00,campaign_inline,,75.00,,cpa,true,1.5,225.00,,,,,,
montage schweiz jobs,PHRASE,EX | DE | DACH | SEARCH | LEAD | UMLAND TEST,STAN | HOME | BROAD,20685916051,154386686829,357042555507,ENABLED,APPROVED,0,0,0.00,0.00,0.00,0.00,0.00,,,,,0.00,0.00,,,,,ZOMBIE,ZOMBIE,STABLE,false,SMART,11.00,0.00,campaign_inline,,75.00,,cpa,true,1.5,225.00,,,,,,
metallbauer jobs schweiz,BROAD,EX | DE | DACH | SEARCH | LEAD | UMLAND TEST,STAN | HOME | BROAD,20685916051,154386686829,378269064195,ENABLED,APPROVED,0,0,0.00,0.00,0.00,0.00,0.00,,,,,0.00,0.00,,,,,ZOMBIE,ZOMBIE,STABLE,false,SMART,11.00,0.00,campaign_inline,,75.00,,cpa,true,1.5,225.00,,,,,,
schweiz bau jobs,BROAD,EX | DE | DACH | SEARCH | LEAD | UMLAND TEST,STAN | HOME | BROAD,20685916051,154386686829,385620786458,ENABLED,APPROVED,0,0,0.00,0.00,0.00,0.00,0.00,,,,,0.00,0.00,,,,,ZOMBIE,ZOMBIE,STABLE,false,SMART,11.00,0.00,campaign_inline,,75.00,,cpa,true,1.5,225.00,,,,,,
tischler stellenangebote schweiz,BROAD,EX | DE | DACH | SEARCH | LEAD | UMLAND TEST,STAN | HOME | BROAD,20685916051,154386686829,446945463342,ENABLED,APPROVED,0,0,0.00,0.00,0.00,0.00,0.00,,,,,0.00,0.00,,,,,ZOMBIE,ZOMBIE,STABLE,false,SMART,11.00,0.00,campaign_inline,,75.00,,cpa,true,1.5,225.00,,,,,,
automatiker jobs schweiz,BROAD,EX | DE | DACH | SEARCH | LEAD | UMLAND TEST,STAN | HOME | BROAD,20685916051,154386686829,449720661295,ENABLED,APPROVED,0,0,0.00,0.00,0.00,0.00,0.00,,,,,0.00,0.00,5,ABOVE_AVERAGE,BELOW_AVERAGE,BELOW_AVERAGE,ZOMBIE,ZOMBIE,STABLE,false,SMART,11.00,0.00,campaign_inline,,75.00,,cpa,true,1.5,225.00,,,,,,
maurer schweiz,BROAD,EX | DE | DACH | SEARCH | LEAD | UMLAND TEST,STAN | HOME | BROAD,20685916051,154386686829,506114805752,ENABLED,APPROVED,0,0,0.00,0.00,0.00,0.00,0.00,,,,,0.00,0.00,6,AVERAGE,AVERAGE,AVERAGE,ZOMBIE,LOW_PERFORMER,DEGRADED,false,SMART,11.00,0.00,campaign_inline,,75.00,,cpa,true,1.5,225.00,,,,,,
trockenbauer jobs schweiz,BROAD,EX | DE | DACH | SEARCH | LEAD | UMLAND TEST,STAN | HOME | BROAD,20685916051,154386686829,576617117712,ENABLED,APPROVED,1,0,0.00,0.00,0.00,0.00,0.00,,,,0.00,0.00,0.00,3,AVERAGE,BELOW_AVERAGE,BELOW_AVERAGE,LOW_PERFORMER,LOW_PERFORMER,STABLE,false,SMART,11.00,0.00,campaign_inline,,75.00,,cpa,true,1.5,225.00,,,,,,
schweisser jobs schweiz,PHRASE,EX | DE | DACH | SEARCH | LEAD | UMLAND TEST,STAN | HOME | BROAD,20685916051,154386686829,719863578150,ENABLED,APPROVED,0,0,0.00,0.00,0.00,0.00,0.00,,,,,0.00,0.00,5,AVERAGE,BELOW_AVERAGE,AVERAGE,ZOMBIE,ZOMBIE,STABLE,false,SMART,11.00,0.00,campaign_inline,,75.00,,cpa,true,1.5,225.00,,,,,,
metallbauer jobs schweiz,PHRASE,EX | DE | DACH | SEARCH | LEAD | UMLAND TEST,STAN | HOME | BROAD,20685916051,154386686829,1663887784483,ENABLED,APPROVED,0,0,0.00,0.00,0.00,0.00,0.00,,,,,0.00,0.00,,,,,ZOMBIE,ZOMBIE,STABLE,false,SMART,11.00,0.00,campaign_inline,,75.00,,cpa,true,1.5,225.00,,,,,,
bauarbeiter in der schweiz,PHRASE,EX | DE | DACH | SEARCH | LEAD | UMLAND TEST,STAN | HOME | BROAD,20685916051,154386686829,1886185132027,ENABLED,APPROVED,0,0,0.00,0.00,0.00,0.00,0.00,,,,,0.00,0.00,,,,,ZOMBIE,ZOMBIE,STABLE,false,SMART,11.00,0.00,campaign_inline,,75.00,,cpa,true,1.5,225.00,,,,,,
schweiz handwerker jobs,BROAD,EX | DE | DACH | SEARCH | LEAD | UMLAND TEST,STAN | HOME | BROAD,20685916051,154386686829,2227726921619,ENABLED,APPROVED,0,0,0.00,0.00,0.00,0.00,0.00,,,,,0.00,0.00,8,ABOVE_AVERAGE,ABOVE_AVERAGE,AVERAGE,ZOMBIE,INSUFFICIENT_DATA,DEGRADED,false,SMART,11.00,0.00,campaign_inline,,75.00,,cpa,true,1.5,225.00,,,,,,
Metallbauer schweiz,BROAD,EX | DE | DACH | SEARCH | LEAD | UMLAND TEST,STAN | HOME | BROAD,20685916051,154386686829,2454587382705,ENABLED,APPROVED,1,0,0.00,0.00,0.00,0.00,0.00,,,,0.00,0.00,0.00,8,ABOVE_AVERAGE,ABOVE_AVERAGE,AVERAGE,LOW_PERFORMER,INSUFFICIENT_DATA,DEGRADED,false,SMART,11.00,0.00,campaign_inline,,75.00,,cpa,true,1.5,225.00,,,,,,
polymechaniker schweiz,BROAD,EX | 25 | CH | SEARCH | LEAD | Polymechaniker,AG | RSA | Polymechaniker,20702215351,154917284156,303240766784,ENABLED,APPROVED,1346,86,145.56,1.50,1.50,1.50,0.00,97.04,97.04,0.00,6.39,83.69,98.28,6,AVERAGE,AVERAGE,AVERAGE,UNPROFITABLE,UNPROFITABLE,STABLE,true,SMART,113.95,0.00,fallback,,75.00,,cpa,true,1.5,225.00,1,watch,1.29,33.06,33.06,
polymechaniker stellen,PHRASE,EX | 25 | CH | SEARCH | LEAD | Polymechaniker,AG | RSA | Polymechaniker,20702215351,154917284156,306903066904,ENABLED,APPROVED,18,2,2.97,0.00,0.00,0.00,0.00,,,0.00,11.11,1.71,0.00,5,AVERAGE,ABOVE_AVERAGE,BELOW_AVERAGE,INSUFFICIENT_DATA,LOW_PERFORMER,IMPROVED,false,SMART,113.95,0.00,fallback,,75.00,,cpa,true,1.5,225.00,,,,,,
welder jobs,PHRASE,EX | 25 | CH | SEARCH | LEAD | Schweisser,AG | RSA | Schweisser,20691357994,155384660552,291852800,ENABLED,APPROVED,0,0,0.00,0.00,0.00,0.00,0.00,,,,,0.00,0.00,,,,,ZOMBIE,LOW_PERFORMER,DEGRADED,false,SMART,36.82,0.00,fallback,,75.00,,cpa,true,1.5,225.00,,,,,,
schweißer arbeit,BROAD,EX | 25 | CH | SEARCH | LEAD | Schweisser,AG | RSA | Schweisser,20691357994,155384660552,296631707400,ENABLED,APPROVED,1400,139,174.72,5.50,5.50,5.50,0.00,31.77,31.77,0.00,9.93,73.18,84.82,5,AVERAGE,ABOVE_AVERAGE,BELOW_AVERAGE,HERO,UNPROFITABLE,IMPROVED,false,SMART,36.82,0.00,fallback,,75.00,,cpa,true,1.5,225.00,,,,,,
schweisser jobs zürich,BROAD,EX | 25 | CH | SEARCH | LEAD | Schweisser,AG | RSA | Schweisser,20691357994,155384660552,315736754628,ENABLED,APPROVED,4,1,1.25,0.00,0.00,0.00,0.00,,,0.00,25.00,0.52,0.00,7,AVERAGE,ABOVE_AVERAGE,AVERAGE,INSUFFICIENT_DATA,LOW_PERFORMER,IMPROVED,false,SMART,36.82,0.00,fallback,,75.00,,cpa,true,1.5,225.00,,,,,,
schweisser job schweiz,BROAD,EX | 25 | CH | SEARCH | LEAD | Schweisser,AG | RSA | Schweisser,20691357994,155384660552,315747770348,ENABLED,APPROVED,484,45,50.84,0.00,0.00,0.00,0.00,,,0.00,9.30,21.29,0.00,6,ABOVE_AVERAGE,AVERAGE,BELOW_AVERAGE,INSUFFICIENT_DATA,HERO,DEGRADED,false,SMART,36.82,0.00,fallback,,75.00,,cpa,true,1.5,225.00,,,,,,
schweisser arbeit,BROAD,EX | 25 | CH | SEARCH | LEAD | Schweisser,AG | RSA | Schweisser,20691357994,155384660552,318072487572,ENABLED,APPROVED,1,0,0.00,0.00,0.00,0.00,0.00,,,,0.00,0.00,0.00,8,ABOVE_AVERAGE,ABOVE_AVERAGE,AVERAGE,LOW_PERFORMER,ZOMBIE,IMPROVED,false,SMART,36.82,0.00,fallback,,75.00,,cpa,true,1.5,225.00,,,,,,
stellenangebote schweisser schweiz,PHRASE,EX | 25 | CH | SEARCH | LEAD | Schweisser,AG | RSA | Schweisser,20691357994,155384660552,360112719821,ENABLED,APPROVED,0,0,0.00,0.00,0.00,0.00,0.00,,,,,0.00,0.00,,,,,ZOMBIE,ZOMBIE,STABLE,false,SMART,36.82,0.00,fallback,,75.00,,cpa,true,1.5,225.00,,,,,,
schweißen job,EXACT,EX | 25 | CH | SEARCH | LEAD | Schweisser,AG | RSA | Schweisser,20691357994,155384660552,499664467152,ENABLED,APPROVED,38,7,11.20,0.98,0.98,0.98,0.00,11.38,11.38,0.00,18.42,4.69,15.18,,,,,ACTIVE,INSUFFICIENT_DATA,IMPROVED,false,SMART,36.82,0.00,fallback,,75.00,,cpa,true,1.5,225.00,,,,,,
schweißer jobs in der nähe,EXACT,EX | 25 | CH | SEARCH | LEAD | Schweisser,AG | RSA | Schweisser,20691357994,155384660552,1169839126538,ENABLED,APPROVED,5,1,0.74,0.00,0.00,0.00,0.00,,,0.00,20.00,0.31,0.00,6,ABOVE_AVERAGE,AVERAGE,BELOW_AVERAGE,INSUFFICIENT_DATA,INSUFFICIENT_DATA,STABLE,false,SMART,36.82,0.00,fallback,,75.00,,cpa,true,1.5,225.00,,,,,,
job suchen schweißer,PHRASE,EX | 25 | CH | SEARCH | LEAD | Schweisser,AG | RSA | Schweisser,20691357994,155384660552,1642945796799,ENABLED,APPROVED,0,0,0.00,0.00,0.00,0.00,0.00,,,,,0.00,0.00,,,,,ZOMBIE,ZOMBIE,STABLE,false,SMART,36.82,0.00,fallback,,75.00,,cpa,true,1.5,225.00,,,,,,
jobs produktionsmechaniker,BROAD,EX | 25 | CH | SEARCH | LEAD | Produktionsmechaniker,AG | RSA | Produktionsmechaniker,20707086616,156511338642,314482536683,ENABLED,APPROVED,548,38,34.51,1.00,1.00,1.00,0.00,34.51,34.51,0.00,6.93,23.43,33.33,7,ABOVE_AVERAGE,ABOVE_AVERAGE,BELOW_AVERAGE,HERO,INSUFFICIENT_DATA,IMPROVED,false,SMART,49.10,0.00,fallback,,75.00,,cpa,true,1.5,225.00,,,,,,
stellenangebote produktionsmechaniker,EXACT,EX | 25 | CH | SEARCH | LEAD | Produktionsmechaniker,AG | RSA | Produktionsmechaniker,20707086616,156511338642,334216012461,ENABLED,APPROVED,0,0,0.00,0.00,0.00,0.00,0.00,,,,,0.00,0.00,,,,,ZOMBIE,ZOMBIE,STABLE,false,SMART,49.10,0.00,fallback,,75.00,,cpa,true,1.5,225.00,,,,,,
produktionsmechaniker offene stellen,BROAD,EX | 25 | CH | SEARCH | LEAD | Produktionsmechaniker,AG | RSA | Produktionsmechaniker,20707086616,156511338642,348277602609,ENABLED,APPROVED,539,39,26.80,2.00,2.00,2.00,0.00,13.40,13.40,0.00,7.24,18.19,66.67,,,,,HERO,INSUFFICIENT_DATA,IMPROVED,false,SMART,49.10,0.00,fallback,,75.00,,cpa,true,1.5,225.00,,,,,,
Produktionsmechaniker jobs,BROAD,EX | 25 | CH | SEARCH | LEAD | Produktionsmechaniker,AG | RSA | Produktionsmechaniker,20707086616,156511338642,349193614476,ENABLED,APPROVED,660,31,28.64,0.00,0.00,0.00,0.00,,,0.00,4.70,19.44,0.00,5,AVERAGE,ABOVE_AVERAGE,BELOW_AVERAGE,INSUFFICIENT_DATA,INSUFFICIENT_DATA,STABLE,false,SMART,49.10,0.00,fallback,,75.00,,cpa,true,1.5,225.00,,,,,,
Produktionsmechaniker stellen,BROAD,EX | 25 | CH | SEARCH | LEAD | Produktionsmechaniker,AG | RSA | Produktionsmechaniker,20707086616,156511338642,405390857242,ENABLED,APPROVED,420,22,19.82,0.00,0.00,0.00,0.00,,,0.00,5.24,13.46,0.00,5,AVERAGE,ABOVE_AVERAGE,BELOW_AVERAGE,INSUFFICIENT_DATA,INSUFFICIENT_DATA,STABLE,false,SMART,49.10,0.00,fallback,,75.00,,cpa,true,1.5,225.00,,,,,,
stellenangebote produktion st gallen,EXACT,EX | 25 | CH | SEARCH | LEAD | Produktionsmechaniker,AG | RSA | Produktionsmechaniker,20707086616,156511338642,534898021677,ENABLED,APPROVED,40,7,7.02,0.00,0.00,0.00,0.00,,,0.00,17.50,4.77,0.00,,,,,INSUFFICIENT_DATA,INSUFFICIENT_DATA,STABLE,false,SMART,49.10,0.00,fallback,,75.00,,cpa,true,1.5,225.00,,,,,,
produktionsmechaniker bewerbung,EXACT,EX | 25 | CH | SEARCH | LEAD | Produktionsmechaniker,AG | RSA | Produktionsmechaniker,20707086616,156511338642,608899076847,ENABLED,APPROVED,0,0,0.00,0.00,0.00,0.00,0.00,,,,,0.00,0.00,,,,,ZOMBIE,ZOMBIE,STABLE,false,SMART,49.10,0.00,fallback,,75.00,,cpa,true,1.5,225.00,,,,,,
arbeit produktionsmitarbeiter bern,PHRASE,EX | 25 | CH | SEARCH | LEAD | Produktionsmechaniker,AG | RSA | Produktionsmechaniker,20707086616,156511338642,665704676626,ENABLED,APPROVED,131,13,9.32,0.00,0.00,0.00,0.00,,,0.00,9.92,6.33,0.00,,,,,INSUFFICIENT_DATA,INSUFFICIENT_DATA,STABLE,false,SMART,49.10,0.00,fallback,,75.00,,cpa,true,1.5,225.00,,,,,,
produktionsmechaniker efz,EXACT,EX | 25 | CH | SEARCH | LEAD | Produktionsmechaniker,AG | RSA | Produktionsmechaniker,20707086616,156511338642,1313788095767,ENABLED,APPROVED,5,2,2.41,0.00,0.00,0.00,0.00,,,0.00,40.00,1.64,0.00,5,AVERAGE,ABOVE_AVERAGE,BELOW_AVERAGE,INSUFFICIENT_DATA,LOW_PERFORMER,IMPROVED,false,SMART,49.10,0.00,fallback,,75.00,,cpa,true,1.5,225.00,,,,,,
produktionsmechaniker in efz,EXACT,EX | 25 | CH | SEARCH | LEAD | Produktionsmechaniker,AG | RSA | Produktionsmechaniker,20707086616,156511338642,1655370848086,ENABLED,APPROVED,0,0,0.00,0.00,0.00,0.00,0.00,,,,,0.00,0.00,,,,,ZOMBIE,LOW_PERFORMER,DEGRADED,false,SMART,49.10,0.00,fallback,,75.00,,cpa,true,1.5,225.00,,,,,,
handwerk & produktion job suchen,PHRASE,EX | 25 | CH | SEARCH | LEAD | Produktionsmechaniker,AG | RSA | Produktionsmechaniker,20707086616,156511338642,1711647387580,ENABLED,APPROVED,320,16,17.96,0.00,0.00,0.00,0.00,,,0.00,5.00,12.19,0.00,,,,,INSUFFICIENT_DATA,HERO,DEGRADED,false,SMART,49.10,0.00,fallback,,75.00,,cpa,true,1.5,225.00,,,,,,
produktionsmechaniker jobs zürich,BROAD,EX | 25 | CH | SEARCH | LEAD | Produktionsmechaniker,AG | RSA | Produktionsmechaniker,20707086616,156511338642,2231074493478,ENABLED,APPROVED,6,1,0.82,0.00,0.00,0.00,0.00,,,0.00,16.67,0.56,0.00,7,ABOVE_AVERAGE,ABOVE_AVERAGE,BELOW_AVERAGE,INSUFFICIENT_DATA,INSUFFICIENT_DATA,STABLE,false,SMART,49.10,0.00,fallback,,75.00,,cpa,true,1.5,225.00,,,,,,
stellenangebote maurer,BROAD,EX | 26 | CH | SEARCH | LEAD | Maurer,AG | RSA | Maurer,23478250789,189117549302,1039261243,ENABLED,APPROVED,603,61,85.58,3.50,3.50,3.50,0.00,24.42,24.42,0.00,10.12,58.35,41.33,,,,,HERO,INSUFFICIENT_DATA,IMPROVED,false,SMART,17.30,0.00,fallback,,75.00,,cpa,true,1.5,225.00,,,,,,
maurer gesucht,PHRASE,EX | 26 | CH | SEARCH | LEAD | Maurer,AG | RSA | Maurer,23478250789,189117549302,4730694794,ENABLED,APPROVED,37,3,6.15,0.00,0.00,0.00,0.00,,,0.00,8.11,4.19,0.00,3,BELOW_AVERAGE,ABOVE_AVERAGE,BELOW_AVERAGE,INSUFFICIENT_DATA,INSUFFICIENT_DATA,STABLE,false,SMART,17.30,0.00,fallback,,75.00,,cpa,false,1.0,150.00,,,,,,
jobs maurer,PHRASE,EX | 26 | CH | SEARCH | LEAD | Maurer,AG | RSA | Maurer,23478250789,189117549302,303040627186,ENABLED,APPROVED,1,0,0.00,0.00,0.00,0.00,0.00,,,,0.00,0.00,0.00,5,AVERAGE,ABOVE_AVERAGE,BELOW_AVERAGE,LOW_PERFORMER,INSUFFICIENT_DATA,DEGRADED,false,SMART,17.30,0.00,fallback,,75.00,,cpa,true,1.5,225.00,,,,,,
arbeit als maurer,BROAD,EX | 26 | CH | SEARCH | LEAD | Maurer,AG | RSA | Maurer,23478250789,189117549302,312943866186,ENABLED,APPROVED,196,20,23.68,2.00,2.00,2.00,0.00,11.84,11.84,0.00,10.20,16.15,23.59,,,,,ACTIVE,INSUFFICIENT_DATA,IMPROVED,false,SMART,17.30,0.00,fallback,,75.00,,cpa,true,1.5,225.00,,,,,,
maurer jobs bern,EXACT,EX | 26 | CH | SEARCH | LEAD | Maurer,AG | RSA | Maurer,23478250789,189117549302,325350739840,ENABLED,APPROVED,3,0,0.00,0.00,0.00,0.00,0.00,,,,0.00,0.00,0.00,4,AVERAGE,AVERAGE,BELOW_AVERAGE,LOW_PERFORMER,INSUFFICIENT_DATA,DEGRADED,false,SMART,17.30,0.00,fallback,,75.00,,cpa,true,1.5,225.00,,,,,,
maurer jobs zürich,PHRASE,EX | 26 | CH | SEARCH | LEAD | Maurer,AG | RSA | Maurer,23478250789,189117549302,326459354854,ENABLED,APPROVED,2,0,0.00,0.00,0.00,0.00,0.00,,,,0.00,0.00,0.00,8,ABOVE_AVERAGE,ABOVE_AVERAGE,AVERAGE,LOW_PERFORMER,INSUFFICIENT_DATA,DEGRADED,false,SMART,17.30,0.00,fallback,,75.00,,cpa,true,1.5,225.00,,,,,,
maurer offene stellen,PHRASE,EX | 26 | CH | SEARCH | LEAD | Maurer,AG | RSA | Maurer,23478250789,189117549302,436687795640,ENABLED,APPROVED,67,12,15.46,1.97,1.97,1.97,0.00,7.83,7.83,0.00,17.91,10.54,23.28,3,BELOW_AVERAGE,ABOVE_AVERAGE,BELOW_AVERAGE,ACTIVE,LOW_PERFORMER,IMPROVED,false,SMART,17.30,0.00,fallback,,75.00,,cpa,true,1.5,225.00,,,,,,
maurer jobs aargau,PHRASE,EX | 26 | CH | SEARCH | LEAD | Maurer,AG | RSA | Maurer,23478250789,189117549302,485123639699,ENABLED,APPROVED,0,0,0.00,0.00,0.00,0.00,0.00,,,,,0.00,0.00,,,,,ZOMBIE,ZOMBIE,STABLE,false,SMART,17.30,0.00,fallback,,75.00,,cpa,true,1.5,225.00,,,,,,
offerte lavoro muratore vitto alloggio svizzera,PHRASE,EX | 26 | CH | SEARCH | LEAD | Maurer,AG | RSA | Maurer,23478250789,189117549302,753218508900,ENABLED,APPROVED,0,0,0.00,0.00,0.00,0.00,0.00,,,,,0.00,0.00,5,ABOVE_AVERAGE,BELOW_AVERAGE,BELOW_AVERAGE,ZOMBIE,LOW_PERFORMER,DEGRADED,false,SMART,17.30,0.00,fallback,,75.00,,cpa,false,1.0,150.00,,,,,,
maurer efz,EXACT,EX | 26 | CH | SEARCH | LEAD | Maurer,AG | RSA | Maurer,23478250789,189117549302,1188250874304,ENABLED,APPROVED,4,1,0.59,0.00,0.00,0.00,0.00,,,0.00,25.00,0.40,0.00,5,AVERAGE,ABOVE_AVERAGE,BELOW_AVERAGE,INSUFFICIENT_DATA,LOW_PERFORMER,IMPROVED,false,SMART,17.30,0.00,fallback,,75.00,,cpa,true,1.5,225.00,,,,,,
jobs maurer basel,PHRASE,EX | 26 | CH | SEARCH | LEAD | Maurer,AG | RSA | Maurer,23478250789,189117549302,1637289783961,ENABLED,APPROVED,1,0,0.00,0.00,0.00,0.00,0.00,,,,0.00,0.00,0.00,,,,,LOW_PERFORMER,ZOMBIE,IMPROVED,false,SMART,17.30,0.00,fallback,,75.00,,cpa,true,1.5,225.00,,,,,,
maurer temporär,PHRASE,EX | 26 | CH | SEARCH | LEAD | Maurer,AG | RSA | Maurer,23478250789,189117549302,1665913473564,ENABLED,APPROVED,39,12,15.20,1.00,1.00,1.00,0.00,15.20,15.20,0.00,30.77,10.36,11.80,8,ABOVE_AVERAGE,ABOVE_AVERAGE,AVERAGE,ACTIVE,INSUFFICIENT_DATA,IMPROVED,false,SMART,17.30,0.00,fallback,,75.00,,cpa,false,1.0,150.00,,,,,,
plumber job,PHRASE,EX | 25 | CH | SEARCH | LEAD | Sanitärinstallateur,AG | RSA | Sanitärinstallateur,15210620323,190557736766,779384056,ENABLED,APPROVED,0,0,0.00,0.00,0.00,0.00,0.00,,,,,0.00,0.00,,,,,ZOMBIE,LOW_PERFORMER,DEGRADED,false,SMART,102.77,0.00,fallback,,75.00,,cpa,true,1.5,225.00,,,,,,
sanitärinstallateur offene stellen,EXACT,EX | 25 | CH | SEARCH | LEAD | Sanitärinstallateur,AG | RSA | Sanitärinstallateur,15210620323,190557736766,23399998325,ENABLED,APPROVED,1,0,0.00,0.00,0.00,0.00,0.00,,,,0.00,0.00,0.00,5,AVERAGE,ABOVE_AVERAGE,BELOW_AVERAGE,LOW_PERFORMER,LOW_PERFORMER,STABLE,false,SMART,102.77,0.00,fallback,,75.00,,cpa,true,1.5,225.00,,,,,,
sanitär monteur,BROAD,EX | 25 | CH | SEARCH | LEAD | Sanitärinstallateur,AG | RSA | Sanitärinstallateur,15210620323,190557736766,296722256840,ENABLED,APPROVED,1,0,0.00,0.00,0.00,0.00,0.00,,,,0.00,0.00,0.00,,,,,LOW_PERFORMER,ZOMBIE,IMPROVED,false,SMART,102.77,0.00,fallback,,75.00,,cpa,false,1.0,150.00,,,,,,
sanitärinstallateur jobs,BROAD,EX | 25 | CH | SEARCH | LEAD | Sanitärinstallateur,AG | RSA | Sanitärinstallateur,15210620323,190557736766,313395867110,ENABLED,APPROVED,328,39,65.66,0.00,0.00,0.00,0.00,,,0.00,11.89,21.67,0.00,5,AVERAGE,ABOVE_AVERAGE,BELOW_AVERAGE,INSUFFICIENT_DATA,UNPROFITABLE,IMPROVED,false,SMART,102.77,0.00,fallback,,75.00,,cpa,true,1.5,225.00,,,,,,
sanitär stellen,PHRASE,EX | 25 | CH | SEARCH | LEAD | Sanitärinstallateur,AG | RSA | Sanitärinstallateur,15210620323,190557736766,314700652225,ENABLED,APPROVED,69,3,3.36,0.00,0.00,0.00,0.00,,,0.00,4.35,1.11,0.00,3,BELOW_AVERAGE,ABOVE_AVERAGE,BELOW_AVERAGE,INSUFFICIENT_DATA,INSUFFICIENT_DATA,STABLE,false,SMART,102.77,0.00,fallback,,75.00,,cpa,true,1.5,225.00,,,,,,
sanitärinstallateur offene stellen,PHRASE,EX | 25 | CH | SEARCH | LEAD | Sanitärinstallateur,AG | RSA | Sanitärinstallateur,15210620323,190557736766,327020830076,ENABLED,APPROVED,98,6,10.07,0.00,0.00,0.00,0.00,,,0.00,6.12,3.32,0.00,5,AVERAGE,ABOVE_AVERAGE,BELOW_AVERAGE,INSUFFICIENT_DATA,HERO,DEGRADED,false,SMART,102.77,0.00,fallback,,75.00,,cpa,true,1.5,225.00,,,,,,
arbeit sanitär meister,EXACT,EX | 25 | CH | SEARCH | LEAD | Sanitärinstallateur,AG | RSA | Sanitärinstallateur,15210620323,190557736766,334183386868,ENABLED,APPROVED,0,0,0.00,0.00,0.00,0.00,0.00,,,,,0.00,0.00,,,,,ZOMBIE,ZOMBIE,STABLE,false,SMART,102.77,0.00,fallback,,75.00,,cpa,true,1.5,225.00,,,,,,
sanitärinstallateur efz,BROAD,EX | 25 | CH | SEARCH | LEAD | Sanitärinstallateur,AG | RSA | Sanitärinstallateur,15210620323,190557736766,346622172633,ENABLED,APPROVED,0,0,0.00,0.00,0.00,0.00,0.00,,,,,0.00,0.00,5,AVERAGE,ABOVE_AVERAGE,BELOW_AVERAGE,ZOMBIE,LOW_PERFORMER,DEGRADED,false,SMART,102.77,0.00,fallback,,75.00,,cpa,true,1.5,225.00,,,,,,
sanitär jobangebote,BROAD,EX | 25 | CH | SEARCH | LEAD | Sanitärinstallateur,AG | RSA | Sanitärinstallateur,15210620323,190557736766,350967993775,ENABLED,APPROVED,1221,136,204.58,1.95,1.95,1.95,0.00,105.02,105.02,0.00,11.14,67.53,66.08,,,,,UNPROFITABLE,INSUFFICIENT_DATA,DEGRADED,true,SMART,102.77,0.00,fallback,,75.00,,cpa,true,1.5,225.00,1,watch,1.40,58.48,58.48,
sanitär offene stellen,EXACT,EX | 25 | CH | SEARCH | LEAD | Sanitärinstallateur,AG | RSA | Sanitärinstallateur,15210620323,190557736766,377642057436,ENABLED,APPROVED,25,1,0.77,1.00,1.00,1.00,0.00,0.77,0.77,0.00,4.00,0.25,33.92,4,AVERAGE,AVERAGE,BELOW_AVERAGE,HERO,INSUFFICIENT_DATA,IMPROVED,false,SMART,102.77,0.00,fallback,,75.00,,cpa,true,1.5,225.00,,,,,,
sanitärinstallateur jobs,PHRASE,EX | 25 | CH | SEARCH | LEAD | Sanitärinstallateur,AG | RSA | Sanitärinstallateur,15210620323,190557736766,426119976601,ENABLED,APPROVED,7,0,0.00,0.00,0.00,0.00,0.00,,,,0.00,0.00,0.00,5,AVERAGE,ABOVE_AVERAGE,BELOW_AVERAGE,LOW_PERFORMER,LOW_PERFORMER,STABLE,false,SMART,102.77,0.00,fallback,,75.00,,cpa,true,1.5,225.00,,,,,,
sanitärinstallateur in der nähe,BROAD,EX | 25 | CH | SEARCH | LEAD | Sanitärinstallateur,AG | RSA | Sanitärinstallateur,15210620323,190557736766,443982358753,ENABLED,APPROVED,0,0,0.00,0.00,0.00,0.00,0.00,,,,,0.00,0.00,,,,,ZOMBIE,ZOMBIE,STABLE,false,SMART,102.77,0.00,fallback,,75.00,,cpa,false,1.0,150.00,,,,,,
sanitär jobs luzern,PHRASE,EX | 25 | CH | SEARCH | LEAD | Sanitärinstallateur,AG | RSA | Sanitärinstallateur,15210620323,190557736766,748407943828,ENABLED,APPROVED,6,0,0.00,0.00,0.00,0.00,0.00,,,,0.00,0.00,0.00,4,AVERAGE,AVERAGE,BELOW_AVERAGE,LOW_PERFORMER,LOW_PERFORMER,STABLE,false,SMART,102.77,0.00,fallback,,75.00,,cpa,true,1.5,225.00,,,,,,
sanitärinstallateur in efz,EXACT,EX | 25 | CH | SEARCH | LEAD | Sanitärinstallateur,AG | RSA | Sanitärinstallateur,15210620323,190557736766,864714899161,ENABLED,APPROVED,0,0,0.00,0.00,0.00,0.00,0.00,,,,,0.00,0.00,,,,,ZOMBIE,LOW_PERFORMER,DEGRADED,false,SMART,102.77,0.00,fallback,,75.00,,cpa,true,1.5,225.00,,,,,,
sanitär stellen zürich,PHRASE,EX | 25 | CH | SEARCH | LEAD | Sanitärinstallateur,AG | RSA | Sanitärinstallateur,15210620323,190557736766,1463565428141,ENABLED,APPROVED,12,1,0.52,0.00,0.00,0.00,0.00,,,0.00,8.33,0.17,0.00,7,ABOVE_AVERAGE,ABOVE_AVERAGE,BELOW_AVERAGE,INSUFFICIENT_DATA,INSUFFICIENT_DATA,STABLE,false,SMART,102.77,0.00,fallback,,75.00,,cpa,true,1.5,225.00,,,,,,
Sanitärinstallateur temporär,PHRASE,EX | 25 | CH | SEARCH | LEAD | Sanitärinstallateur,AG | RSA | Sanitärinstallateur,15210620323,190557736766,2310212252332,ENABLED,APPROVED,37,9,17.99,0.00,0.00,0.00,0.00,,,0.00,24.32,5.94,0.00,7,ABOVE_AVERAGE,ABOVE_AVERAGE,BELOW_AVERAGE,INSUFFICIENT_DATA,INSUFFICIENT_DATA,STABLE,false,SMART,102.77,0.00,fallback,,75.00,,cpa,false,1.0,150.00,,,,,,
elektriker gesucht,PHRASE,EX | 26 | CH | SEARCH | LEAD | Elektroinstallateur,AG | RSA | Elektroinstallateur,23369525700,190690911095,305754466,ENABLED,APPROVED,145,8,14.44,2.00,2.00,2.00,0.00,7.22,7.22,0.00,5.52,2.53,15.99,,,,,ACTIVE,INSUFFICIENT_DATA,IMPROVED,false,SMART,45.65,0.00,fallback,,75.00,,cpa,false,1.0,150.00,,,,,,
elektriker stellenangebote,PHRASE,EX | 26 | CH | SEARCH | LEAD | Elektroinstallateur,AG | RSA | Elektroinstallateur,23369525700,190690911095,1373871036,ENABLED,APPROVED,82,6,8.10,0.00,0.00,0.00,0.00,,,0.00,7.32,1.42,0.00,,,,,INSUFFICIENT_DATA,LOW_PERFORMER,IMPROVED,false,SMART,45.65,0.00,fallback,,75.00,,cpa,true,1.5,225.00,,,,,,
elektriker stellenangebote,EXACT,EX | 26 | CH | SEARCH | LEAD | Elektroinstallateur,AG | RSA | Elektroinstallateur,23369525700,190690911095,2183921581,ENABLED,APPROVED,0,0,0.00,0.00,0.00,0.00,0.00,,,,,0.00,0.00,,,,,ZOMBIE,LOW_PERFORMER,DEGRADED,false,SMART,45.65,0.00,fallback,,75.00,,cpa,true,1.5,225.00,,,,,,
elektroinstallateur stellen,BROAD,EX | 26 | CH | SEARCH | LEAD | Elektroinstallateur,AG | RSA | Elektroinstallateur,23369525700,190690911095,3172281293,ENABLED,APPROVED,33,2,1.24,0.00,0.00,0.00,0.00,,,0.00,6.06,0.22,0.00,,,,,INSUFFICIENT_DATA,INSUFFICIENT_DATA,STABLE,false,SMART,45.65,0.00,fallback,,75.00,,cpa,true,1.5,225.00,,,,,,
elektroinstallateur jobs,BROAD,EX | 26 | CH | SEARCH | LEAD | Elektroinstallateur,AG | RSA | Elektroinstallateur,23369525700,190690911095,298491329911,ENABLED,APPROVED,640,49,86.05,3.00,3.00,3.00,0.00,28.68,28.68,0.00,7.66,15.07,23.98,5,AVERAGE,ABOVE_AVERAGE,BELOW_AVERAGE,ACTIVE,INSUFFICIENT_DATA,IMPROVED,false,SMART,45.65,0.00,fallback,,75.00,,cpa,true,1.5,225.00,,,,,,
elektroinstallateur schweiz,BROAD,EX | 26 | CH | SEARCH | LEAD | Elektroinstallateur,AG | RSA | Elektroinstallateur,23369525700,190690911095,333609685638,ENABLED,APPROVED,10,0,0.00,0.00,0.00,0.00,0.00,,,,0.00,0.00,0.00,,,,,LOW_PERFORMER,INSUFFICIENT_DATA,DEGRADED,false,SMART,45.65,0.00,fallback,,75.00,,cpa,true,1.5,225.00,,,,,,
elektroinstallateur temporär,EXACT,EX | 26 | CH | SEARCH | LEAD | Elektroinstallateur,AG | RSA | Elektroinstallateur,23369525700,190690911095,335901944824,ENABLED,APPROVED,20,3,5.80,0.00,0.00,0.00,0.00,,,0.00,15.00,1.02,0.00,8,ABOVE_AVERAGE,ABOVE_AVERAGE,AVERAGE,INSUFFICIENT_DATA,ACTIVE,DEGRADED,false,SMART,45.65,0.00,fallback,,75.00,,cpa,false,1.0,150.00,,,,,,
montage elektriker efz,EXACT,EX | 26 | CH | SEARCH | LEAD | Elektroinstallateur,AG | RSA | Elektroinstallateur,23369525700,190690911095,389508555555,ENABLED,APPROVED,0,0,0.00,0.00,0.00,0.00,0.00,,,,,0.00,0.00,,,,,ZOMBIE,ZOMBIE,STABLE,false,SMART,45.65,0.00,fallback,,75.00,,cpa,true,1.5,225.00,,,,,,
montage elektriker temporär,EXACT,EX | 26 | CH | SEARCH | LEAD | Elektroinstallateur,AG | RSA | Elektroinstallateur,23369525700,190690911095,1063019851674,ENABLED,APPROVED,1,0,0.00,0.00,0.00,0.00,0.00,,,,0.00,0.00,0.00,,,,,LOW_PERFORMER,LOW_PERFORMER,STABLE,false,SMART,45.65,0.00,fallback,,75.00,,cpa,false,1.0,150.00,,,,,,
electrician jobs switzerland,EXACT,EX | 26 | CH | SEARCH | LEAD | Elektroinstallateur,AG | RSA | Elektroinstallateur,23369525700,190690911095,1066748893805,ENABLED,APPROVED,4,0,0.00,0.00,0.00,0.00,0.00,,,,0.00,0.00,0.00,5,ABOVE_AVERAGE,BELOW_AVERAGE,BELOW_AVERAGE,LOW_PERFORMER,INSUFFICIENT_DATA,DEGRADED,false,SMART,45.65,0.00,fallback,,75.00,,cpa,true,1.5,225.00,,,,,,
electrician jobs switzerland,PHRASE,EX | 26 | CH | SEARCH | LEAD | Elektroinstallateur,AG | RSA | Elektroinstallateur,23369525700,190690911095,1232436323910,ENABLED,APPROVED,3,0,0.00,0.00,0.00,0.00,0.00,,,,0.00,0.00,0.00,5,ABOVE_AVERAGE,BELOW_AVERAGE,BELOW_AVERAGE,LOW_PERFORMER,LOW_PERFORMER,STABLE,false,SMART,45.65,0.00,fallback,,75.00,,cpa,true,1.5,225.00,,,,,,
elektroniker temporär,EXACT,EX | 26 | CH | SEARCH | LEAD | Elektroinstallateur,AG | RSA | Elektroinstallateur,23369525700,190690911095,1457116295429,ENABLED,APPROVED,37,6,10.42,0.00,0.00,0.00,0.00,,,0.00,16.22,1.82,0.00,7,ABOVE_AVERAGE,ABOVE_AVERAGE,BELOW_AVERAGE,INSUFFICIENT_DATA,INSUFFICIENT_DATA,STABLE,false,SMART,45.65,0.00,fallback,,75.00,,cpa,false,1.0,150.00,,,,,,
elektroinstallateur temporär,PHRASE,EX | 26 | CH | SEARCH | LEAD | Elektroinstallateur,AG | RSA | Elektroinstallateur,23369525700,190690911095,1457418674783,ENABLED,APPROVED,66,13,29.67,0.05,0.05,0.05,0.00,576.21,576.21,0.00,19.70,5.20,0.41,8,ABOVE_AVERAGE,ABOVE_AVERAGE,AVERAGE,UNPROFITABLE,OVER_TARGET,DEGRADED,false,SMART,45.65,0.00,fallback,,75.00,,cpa,false,1.0,150.00,3,severe,7.68,25.81,25.81,
efz jobs schweiz,BROAD,EX | 26 | CH | SEARCH | LEAD | Elektroinstallateur,AG | RSA | Elektroinstallateur,23369525700,190690911095,2228280178473,ENABLED,APPROVED,2897,215,415.37,7.46,7.46,7.46,0.00,55.70,55.70,0.00,7.42,72.73,59.62,,,,,HERO,UNPROFITABLE,IMPROVED,false,SMART,45.65,0.00,fallback,,75.00,,cpa,true,1.5,225.00,,,,,,
flachdachisoleur jobs,BROAD,EX | 26 | CH | SEARCH | LEAD | Abdichter,AG | RSA | Abdichter,23473547006,191108771999,303635393411,ENABLED,APPROVED,0,0,0.00,0.00,0.00,0.00,0.00,,,,,0.00,0.00,,,,,ZOMBIE,INSUFFICIENT_DATA,DEGRADED,false,SMART,147.81,0.00,fallback,,75.00,,cpa,true,1.5,225.00,,,,,,
isoleur jobs,BROAD,EX | 26 | CH | SEARCH | LEAD | Abdichter,AG | RSA | Abdichter,23473547006,191108771999,305326914697,ENABLED,APPROVED,0,0,0.00,0.00,0.00,0.00,0.00,,,,,0.00,0.00,2,BELOW_AVERAGE,AVERAGE,BELOW_AVERAGE,ZOMBIE,ZOMBIE,STABLE,false,SMART,147.81,0.00,fallback,,75.00,,cpa,true,1.5,225.00,,,,,,
bauwerksabdichter jobs,BROAD,EX | 26 | CH | SEARCH | LEAD | Abdichter,AG | RSA | Abdichter,23473547006,191108771999,323577835401,ENABLED,APPROVED,1044,124,146.18,1.00,1.00,1.00,0.00,146.18,146.18,0.00,11.88,98.90,100.00,,,,,UNPROFITABLE,HERO,DEGRADED,true,SMART,147.81,0.00,fallback,,75.00,,cpa,true,1.5,225.00,2,material,1.95,71.18,71.18,
abdichtung jobs,BROAD,EX | 26 | CH | SEARCH | LEAD | Abdichter,AG | RSA | Abdichter,23473547006,191108771999,376526791570,ENABLED,APPROVED,0,0,0.00,0.00,0.00,0.00,0.00,,,,,0.00,0.00,,,,,ZOMBIE,ZOMBIE,STABLE,false,SMART,147.81,0.00,fallback,,75.00,,cpa,true,1.5,225.00,,,,,,
abdichter jobs,BROAD,EX | 26 | CH | SEARCH | LEAD | Abdichter,AG | RSA | Abdichter,23473547006,191108771999,486338965163,ENABLED,APPROVED,5,1,1.63,0.00,0.00,0.00,0.00,,,0.00,20.00,1.10,0.00,5,AVERAGE,ABOVE_AVERAGE,BELOW_AVERAGE,INSUFFICIENT_DATA,INSUFFICIENT_DATA,STABLE,false,SMART,147.81,0.00,fallback,,75.00,,cpa,true,1.5,225.00,,,,,,
abdichter efz,EXACT,EX | 26 | CH | SEARCH | LEAD | Abdichter,AG | RSA | Abdichter,23473547006,191108771999,1427214547402,ENABLED,APPROVED,5,0,0.00,0.00,0.00,0.00,0.00,,,,0.00,0.00,0.00,2,BELOW_AVERAGE,AVERAGE,BELOW_AVERAGE,LOW_PERFORMER,LOW_PERFORMER,STABLE,false,SMART,147.81,0.00,fallback,,75.00,,cpa,true,1.5,225.00,,,,,,
stellenangebote dachdecker,BROAD,EX | 26 | CH | SEARCH | LEAD | Dachdecker,AG | RSA | Dachdecker,6496821254,191152991225,825828175,ENABLED,APPROVED,159,7,5.18,0.00,0.00,0.00,0.00,,,0.00,4.40,5.73,0.00,3,BELOW_AVERAGE,ABOVE_AVERAGE,BELOW_AVERAGE,INSUFFICIENT_DATA,INSUFFICIENT_DATA,STABLE,false,SMART,25.98,0.00,fallback,,75.00,,cpa,true,1.5,225.00,,,,,,
dachdecker jobs,PHRASE,EX | 26 | CH | SEARCH | LEAD | Dachdecker,AG | RSA | Dachdecker,6496821254,191152991225,4771722986,ENABLED,APPROVED,75,7,7.06,1.00,1.00,1.00,0.00,7.06,7.06,0.00,9.33,7.81,28.73,5,AVERAGE,ABOVE_AVERAGE,BELOW_AVERAGE,ACTIVE,INSUFFICIENT_DATA,IMPROVED,false,SMART,25.98,0.00,fallback,,75.00,,cpa,true,1.5,225.00,,,,,,
dachdecker jobs zürich,EXACT,EX | 26 | CH | SEARCH | LEAD | Dachdecker,AG | RSA | Dachdecker,6496821254,191152991225,356909859580,ENABLED,APPROVED,9,1,1.22,0.00,0.00,0.00,0.00,,,0.00,11.11,1.35,0.00,6,ABOVE_AVERAGE,AVERAGE,BELOW_AVERAGE,INSUFFICIENT_DATA,ZOMBIE,IMPROVED,false,SMART,25.98,0.00,fallback,,75.00,,cpa,true,1.5,225.00,,,,,,
dachdeckerarbeit,PHRASE,EX | 26 | CH | SEARCH | LEAD | Dachdecker,AG | RSA | Dachdecker,6496821254,191152991225,361642294270,ENABLED,APPROVED,0,0,0.00,0.00,0.00,0.00,0.00,,,,,0.00,0.00,,,,,ZOMBIE,ZOMBIE,STABLE,false,SMART,25.98,0.00,fallback,,75.00,,cpa,true,1.5,225.00,,,,,,
carpenter jobs in switzerland,EXACT,EX | 26 | CH | SEARCH | LEAD | Dachdecker,AG | RSA | Dachdecker,6496821254,191152991225,364881418790,ENABLED,APPROVED,0,0,0.00,0.00,0.00,0.00,0.00,,,,,0.00,0.00,,,,,ZOMBIE,LOW_PERFORMER,DEGRADED,false,SMART,25.98,0.00,fallback,,75.00,,cpa,true,1.5,225.00,,,,,,
gesucht dachdecker,BROAD,EX | 26 | CH | SEARCH | LEAD | Dachdecker,AG | RSA | Dachdecker,6496821254,191152991225,374574413906,ENABLED,APPROVED,170,19,18.57,1.50,1.50,1.50,0.00,12.38,12.38,0.00,11.18,20.54,43.09,,,,,HERO,INSUFFICIENT_DATA,IMPROVED,false,SMART,25.98,0.00,fallback,,75.00,,cpa,false,1.0,150.00,,,,,,
dachdecker flachdach jobs,PHRASE,EX | 26 | CH | SEARCH | LEAD | Dachdecker,AG | RSA | Dachdecker,6496821254,191152991225,668053509543,ENABLED,APPROVED,1,0,0.00,0.00,0.00,0.00,0.00,,,,0.00,0.00,0.00,3,AVERAGE,BELOW_AVERAGE,BELOW_AVERAGE,LOW_PERFORMER,ZOMBIE,IMPROVED,false,SMART,25.98,0.00,fallback,,75.00,,cpa,true,1.5,225.00,,,,,,
dachdecker efz,EXACT,EX | 26 | CH | SEARCH | LEAD | Dachdecker,AG | RSA | Dachdecker,6496821254,191152991225,958142388946,ENABLED,APPROVED,1,0,0.00,0.00,0.00,0.00,0.00,,,,0.00,0.00,0.00,6,ABOVE_AVERAGE,AVERAGE,BELOW_AVERAGE,LOW_PERFORMER,LOW_PERFORMER,STABLE,false,SMART,25.98,0.00,fallback,,75.00,,cpa,true,1.5,225.00,,,,,,
dachdecker arbeit suchen,PHRASE,EX | 26 | CH | SEARCH | LEAD | Dachdecker,AG | RSA | Dachdecker,6496821254,191152991225,1389846584570,ENABLED,APPROVED,17,3,4.38,0.00,0.00,0.00,0.00,,,0.00,17.65,4.84,0.00,6,ABOVE_AVERAGE,AVERAGE,BELOW_AVERAGE,INSUFFICIENT_DATA,INSUFFICIENT_DATA,STABLE,false,SMART,25.98,0.00,fallback,,75.00,,cpa,true,1.5,225.00,,,,,,
temporär dachdecker,BROAD,EX | 26 | CH | SEARCH | LEAD | Dachdecker,AG | RSA | Dachdecker,6496821254,191152991225,2438603311083,ENABLED,APPROVED,400,38,47.99,0.98,0.98,0.98,0.00,48.92,48.92,0.00,9.50,53.07,28.18,,,,,HERO,INSUFFICIENT_DATA,IMPROVED,false,SMART,25.98,0.00,fallback,,75.00,,cpa,false,1.0,150.00,,,,,,
offene stellen Dachdecker,BROAD,EX | 26 | CH | SEARCH | LEAD | Dachdecker,AG | RSA | Dachdecker,6496821254,191152991225,2462033038214,ENABLED,APPROVED,81,10,6.03,0.00,0.00,0.00,0.00,,,0.00,12.35,6.67,0.00,3,BELOW_AVERAGE,ABOVE_AVERAGE,BELOW_AVERAGE,INSUFFICIENT_DATA,INSUFFICIENT_DATA,STABLE,false,SMART,25.98,0.00,fallback,,75.00,,cpa,true,1.5,225.00,,,,,,
temporär Flachdach,BROAD,EX | 26 | CH | SEARCH | LEAD | Dachdecker,AG | RSA | Dachdecker,6496821254,191152991225,2462033038294,ENABLED,APPROVED,0,0,0.00,0.00,0.00,0.00,0.00,,,,,0.00,0.00,,,,,ZOMBIE,ZOMBIE,STABLE,false,SMART,25.98,0.00,fallback,,75.00,,cpa,false,1.0,150.00,,,,,,
arbeiter Dachdecker,BROAD,EX | 26 | CH | SEARCH | LEAD | Dachdecker,AG | RSA | Dachdecker,6496821254,191152991225,2462033038534,ENABLED,APPROVED,0,0,0.00,0.00,0.00,0.00,0.00,,,,,0.00,0.00,,,,,ZOMBIE,ZOMBIE,STABLE,false,SMART,25.98,0.00,fallback,,75.00,,cpa,true,1.5,225.00,,,,,,
steel job,PHRASE,EX | 25 | CH | SEARCH | LEAD | Metallbauer,AG | RSA | Metallbauer KW Testing,15347327648,191429218741,1279249759,ENABLED,APPROVED,0,0,0.00,0.00,0.00,0.00,0.00,,,,,0.00,0.00,,,,,ZOMBIE,ZOMBIE,STABLE,false,SMART,79.90,0.00,fallback,,75.00,,cpa,true,1.5,225.00,,,,,,
metallbauer stellenangebote,BROAD,EX | 25 | CH | SEARCH | LEAD | Metallbauer,AG | RSA | Metallbauer KW Testing,15347327648,191429218741,304628771918,ENABLED,APPROVED,223,28,44.63,0.00,0.00,0.00,0.00,,,0.00,12.56,17.54,0.00,5,AVERAGE,ABOVE_AVERAGE,BELOW_AVERAGE,INSUFFICIENT_DATA,HERO,DEGRADED,false,SMART,79.90,0.00,fallback,,75.00,,cpa,true,1.5,225.00,,,,,,
metallbauer jobs bern,EXACT,EX | 25 | CH | SEARCH | LEAD | Metallbauer,AG | RSA | Metallbauer KW Testing,15347327648,191429218741,327354285118,ENABLED,APPROVED,6,0,0.00,0.00,0.00,0.00,0.00,,,,0.00,0.00,0.00,,,,,LOW_PERFORMER,LOW_PERFORMER,STABLE,false,SMART,79.90,0.00,fallback,,75.00,,cpa,true,1.5,225.00,,,,,,
offene stellen metallbauer,EXACT,EX | 25 | CH | SEARCH | LEAD | Metallbauer,AG | RSA | Metallbauer KW Testing,15347327648,191429218741,336421229924,ENABLED,APPROVED,0,0,0.00,0.00,0.00,0.00,0.00,,,,,0.00,0.00,,,,,ZOMBIE,ZOMBIE,STABLE,false,SMART,79.90,0.00,fallback,,75.00,,cpa,true,1.5,225.00,,,,,,
metallbauer jobs,EXACT,EX | 25 | CH | SEARCH | LEAD | Metallbauer,AG | RSA | Metallbauer KW Testing,15347327648,191429218741,352943952127,ENABLED,APPROVED,4,1,0.67,0.00,0.00,0.00,0.00,,,0.00,25.00,0.26,0.00,3,BELOW_AVERAGE,ABOVE_AVERAGE,BELOW_AVERAGE,INSUFFICIENT_DATA,LOW_PERFORMER,IMPROVED,false,SMART,79.90,0.00,fallback,,75.00,,cpa,true,1.5,225.00,,,,,,
arbeit metallbau,PHRASE,EX | 25 | CH | SEARCH | LEAD | Metallbauer,AG | RSA | Metallbauer KW Testing,15347327648,191429218741,355904095337,ENABLED,APPROVED,0,0,0.00,0.00,0.00,0.00,0.00,,,,,0.00,0.00,5,ABOVE_AVERAGE,BELOW_AVERAGE,BELOW_AVERAGE,ZOMBIE,LOW_PERFORMER,DEGRADED,false,SMART,79.90,0.00,fallback,,75.00,,cpa,true,1.5,225.00,,,,,,
jobs metallbau,PHRASE,EX | 25 | CH | SEARCH | LEAD | Metallbauer,AG | RSA | Metallbauer KW Testing,15347327648,191429218741,362047562554,ENABLED,APPROVED,82,12,23.70,0.96,0.96,0.96,0.00,24.67,24.67,0.00,14.63,9.31,30.17,5,AVERAGE,ABOVE_AVERAGE,BELOW_AVERAGE,HERO,INSUFFICIENT_DATA,IMPROVED,false,SMART,79.90,0.00,fallback,,75.00,,cpa,true,1.5,225.00,,,,,,
metallbau monteur,EXACT,EX | 25 | CH | SEARCH | LEAD | Metallbauer,AG | RSA | Metallbauer KW Testing,15347327648,191429218741,387240862734,ENABLED,APPROVED,3,0,0.00,0.00,0.00,0.00,0.00,,,,0.00,0.00,0.00,5,AVERAGE,ABOVE_AVERAGE,BELOW_AVERAGE,LOW_PERFORMER,LOW_PERFORMER,STABLE,false,SMART,79.90,0.00,fallback,,75.00,,cpa,false,1.0,150.00,,,,,,
ironworkers working,PHRASE,EX | 25 | CH | SEARCH | LEAD | Metallbauer,AG | RSA | Metallbauer KW Testing,15347327648,191429218741,783474776124,ENABLED,APPROVED,0,0,0.00,0.00,0.00,0.00,0.00,,,,,0.00,0.00,,,,,ZOMBIE,ZOMBIE,STABLE,false,SMART,79.90,0.00,fallback,,75.00,,cpa,false,1.0,150.00,,,,,,
metallbauer efz,EXACT,EX | 25 | CH | SEARCH | LEAD | Metallbauer,AG | RSA | Metallbauer KW Testing,15347327648,191429218741,1463525312540,ENABLED,APPROVED,2,0,0.00,0.00,0.00,0.00,0.00,,,,0.00,0.00,0.00,3,BELOW_AVERAGE,ABOVE_AVERAGE,BELOW_AVERAGE,LOW_PERFORMER,LOW_PERFORMER,STABLE,false,SMART,79.90,0.00,fallback,,75.00,,cpa,true,1.5,225.00,,,,,,
metallbau jobs in der nähe,EXACT,EX | 25 | CH | SEARCH | LEAD | Metallbauer,AG | RSA | Metallbauer KW Testing,15347327648,191429218741,1608995248032,ENABLED,APPROVED,3,1,2.28,0.00,0.00,0.00,0.00,,,0.00,33.33,0.90,0.00,3,AVERAGE,BELOW_AVERAGE,BELOW_AVERAGE,INSUFFICIENT_DATA,ZOMBIE,IMPROVED,false,SMART,79.90,0.00,fallback,,75.00,,cpa,true,1.5,225.00,,,,,,
stahl arbeit,PHRASE,EX | 25 | CH | SEARCH | LEAD | Metallbauer,AG | RSA | Metallbauer KW Testing,15347327648,191429218741,2324174647864,ENABLED,APPROVED,0,0,0.00,0.00,0.00,0.00,0.00,,,,,0.00,0.00,3,BELOW_AVERAGE,ABOVE_AVERAGE,BELOW_AVERAGE,ZOMBIE,ZOMBIE,STABLE,false,SMART,79.90,0.00,fallback,,75.00,,cpa,true,1.5,225.00,,,,,,
zimmerer job,EXACT,EX | 25 | CH | SEARCH | LEAD | Zimmermann,AG | RSA | Zimmermann,23468591016,191553934309,4778905179,ENABLED,APPROVED,0,0,0.00,0.00,0.00,0.00,0.00,,,,,0.00,0.00,,,,,ZOMBIE,LOW_PERFORMER,DEGRADED,false,SMART,75.50,0.00,fallback,,75.00,,cpa,true,1.5,225.00,,,,,,
zimmermann jobs,BROAD,EX | 25 | CH | SEARCH | LEAD | Zimmermann,AG | RSA | Zimmermann,23468591016,191553934309,302323622056,ENABLED,APPROVED,285,32,38.52,1.00,1.00,1.00,0.00,38.52,38.52,0.00,11.23,25.51,50.00,5,AVERAGE,ABOVE_AVERAGE,BELOW_AVERAGE,HERO,INSUFFICIENT_DATA,IMPROVED,false,SMART,75.50,0.00,fallback,,75.00,,cpa,true,1.5,225.00,,,,,,
zimmermann arbeit,BROAD,EX | 25 | CH | SEARCH | LEAD | Zimmermann,AG | RSA | Zimmermann,23468591016,191553934309,303575974490,ENABLED,APPROVED,328,33,43.08,0.00,0.00,0.00,0.00,,,0.00,10.06,28.53,0.00,3,BELOW_AVERAGE,ABOVE_AVERAGE,BELOW_AVERAGE,INSUFFICIENT_DATA,HERO,DEGRADED,false,SMART,75.50,0.00,fallback,,75.00,,cpa,true,1.5,225.00,,,,,,
zimmerer stellenangebote,PHRASE,EX | 25 | CH | SEARCH | LEAD | Zimmermann,AG | RSA | Zimmermann,23468591016,191553934309,325929135078,ENABLED,APPROVED,0,0,0.00,0.00,0.00,0.00,0.00,,,,,0.00,0.00,,,,,ZOMBIE,INSUFFICIENT_DATA,DEGRADED,false,SMART,75.50,0.00,fallback,,75.00,,cpa,true,1.5,225.00,,,,,,
zimmermann stellen,BROAD,EX | 25 | CH | SEARCH | LEAD | Zimmermann,AG | RSA | Zimmermann,23468591016,191553934309,370943126124,ENABLED,APPROVED,0,0,0.00,0.00,0.00,0.00,0.00,,,,,0.00,0.00,5,AVERAGE,ABOVE_AVERAGE,BELOW_AVERAGE,ZOMBIE,ZOMBIE,STABLE,false,SMART,75.50,0.00,fallback,,75.00,,cpa,true,1.5,225.00,,,,,,
zimmermann jobsuche,BROAD,EX | 25 | CH | SEARCH | LEAD | Zimmermann,AG | RSA | Zimmermann,23468591016,191553934309,384172854614,ENABLED,APPROVED,166,9,14.22,1.00,1.00,1.00,0.00,14.22,14.22,0.00,5.42,9.42,50.00,,,,,HERO,INSUFFICIENT_DATA,IMPROVED,false,SMART,75.50,0.00,fallback,,75.00,,cpa,true,1.5,225.00,,,,,,
job als zimmermann,PHRASE,EX | 25 | CH | SEARCH | LEAD | Zimmermann,AG | RSA | Zimmermann,23468591016,191553934309,423073931757,ENABLED,APPROVED,2,0,0.00,0.00,0.00,0.00,0.00,,,,0.00,0.00,0.00,4,AVERAGE,AVERAGE,BELOW_AVERAGE,LOW_PERFORMER,ZOMBIE,IMPROVED,false,SMART,75.50,0.00,fallback,,75.00,,cpa,true,1.5,225.00,,,,,,
offene stellen zimmermann,BROAD,EX | 25 | CH | SEARCH | LEAD | Zimmermann,AG | RSA | Zimmermann,23468591016,191553934309,507156803752,ENABLED,APPROVED,285,25,37.64,0.00,0.00,0.00,0.00,,,0.00,8.77,24.93,0.00,7,AVERAGE,ABOVE_AVERAGE,AVERAGE,INSUFFICIENT_DATA,INSUFFICIENT_DATA,STABLE,false,SMART,75.50,0.00,fallback,,75.00,,cpa,true,1.5,225.00,,,,,,
stelle als zimmermann,PHRASE,EX | 25 | CH | SEARCH | LEAD | Zimmermann,AG | RSA | Zimmermann,23468591016,191553934309,833287141406,ENABLED,APPROVED,0,0,0.00,0.00,0.00,0.00,0.00,,,,,0.00,0.00,,,,,ZOMBIE,ZOMBIE,STABLE,false,SMART,75.50,0.00,fallback,,75.00,,cpa,true,1.5,225.00,,,,,,
zimmermann jobs zürich,BROAD,EX | 25 | CH | SEARCH | LEAD | Zimmermann,AG | RSA | Zimmermann,23468591016,191553934309,835671803435,ENABLED,APPROVED,182,14,17.55,0.00,0.00,0.00,0.00,,,0.00,7.69,11.62,0.00,,,,,INSUFFICIENT_DATA,HERO,DEGRADED,false,SMART,75.50,0.00,fallback,,75.00,,cpa,true,1.5,225.00,,,,,,
zimmermann temporär,PHRASE,EX | 25 | CH | SEARCH | LEAD | Zimmermann,AG | RSA | Zimmermann,23468591016,191553934309,1463173858027,ENABLED,APPROVED,1,0,0.00,0.00,0.00,0.00,0.00,,,,0.00,0.00,0.00,8,ABOVE_AVERAGE,ABOVE_AVERAGE,AVERAGE,LOW_PERFORMER,INSUFFICIENT_DATA,DEGRADED,false,SMART,75.50,0.00,fallback,,75.00,,cpa,false,1.0,150.00,,,,,,
zimmermann efz,PHRASE,EX | 25 | CH | SEARCH | LEAD | Zimmermann,AG | RSA | Zimmermann,23468591016,191553934309,1463785965289,ENABLED,APPROVED,1,0,0.00,0.00,0.00,0.00,0.00,,,,0.00,0.00,0.00,,,,,LOW_PERFORMER,LOW_PERFORMER,STABLE,false,SMART,75.50,0.00,fallback,,75.00,,cpa,true,1.5,225.00,,,,,,
cnc fräser jobs,PHRASE,EX | 25 | CH | SEARCH | LEAD | Polymechaniker,AG | RSA | Polymechaniker | KW Testing,20702215351,191651580382,304435562818,ENABLED,APPROVED,1,0,0.00,0.00,0.00,0.00,0.00,,,,0.00,0.00,0.00,5,AVERAGE,ABOVE_AVERAGE,BELOW_AVERAGE,LOW_PERFORMER,ZOMBIE,IMPROVED,false,SMART,113.95,0.00,fallback,,75.00,,cpa,true,1.5,225.00,,,,,,
schweiz polymechaniker,PHRASE,EX | 25 | CH | SEARCH | LEAD | Polymechaniker,AG | RSA | Polymechaniker | KW Testing,20702215351,191651580382,306658332149,ENABLED,APPROVED,0,0,0.00,0.00,0.00,0.00,0.00,,,,,0.00,0.00,,,,,ZOMBIE,ZOMBIE,STABLE,false,SMART,113.95,0.00,fallback,,75.00,,cpa,true,1.5,225.00,,,,,,
job polymechaniker,PHRASE,EX | 25 | CH | SEARCH | LEAD | Polymechaniker,AG | RSA | Polymechaniker | KW Testing,20702215351,191651580382,307384036218,ENABLED,APPROVED,91,4,6.91,0.00,0.00,0.00,0.00,,,0.00,4.40,3.97,0.00,5,AVERAGE,ABOVE_AVERAGE,BELOW_AVERAGE,INSUFFICIENT_DATA,INSUFFICIENT_DATA,STABLE,false,SMART,113.95,0.00,fallback,,75.00,,cpa,true,1.5,225.00,,,,,,
polymechaniker jobs schweiz,PHRASE,EX | 25 | CH | SEARCH | LEAD | Polymechaniker,AG | RSA | Polymechaniker | KW Testing,20702215351,191651580382,307788425175,ENABLED,APPROVED,25,0,0.00,0.00,0.00,0.00,0.00,,,,0.00,0.00,0.00,3,AVERAGE,BELOW_AVERAGE,BELOW_AVERAGE,LOW_PERFORMER,ZOMBIE,IMPROVED,false,SMART,113.95,0.00,fallback,,75.00,,cpa,true,1.5,225.00,,,,,,
polymechaniker schweiz jobs,PHRASE,EX | 25 | CH | SEARCH | LEAD | Polymechaniker,AG | RSA | Polymechaniker | KW Testing,20702215351,191651580382,307788425735,ENABLED,APPROVED,9,0,0.00,0.00,0.00,0.00,0.00,,,,0.00,0.00,0.00,,,,,LOW_PERFORMER,ZOMBIE,IMPROVED,false,SMART,113.95,0.00,fallback,,75.00,,cpa,true,1.5,225.00,,,,,,
polymechaniker montage jobs,EXACT,EX | 25 | CH | SEARCH | LEAD | Polymechaniker,AG | RSA | Polymechaniker | KW Testing,20702215351,191651580382,308156916617,ENABLED,APPROVED,3,0,0.00,0.00,0.00,0.00,0.00,,,,0.00,0.00,0.00,5,AVERAGE,ABOVE_AVERAGE,BELOW_AVERAGE,LOW_PERFORMER,LOW_PERFORMER,STABLE,false,SMART,113.95,0.00,fallback,,75.00,,cpa,true,1.5,225.00,,,,,,
cnc dreher jobs,PHRASE,EX | 25 | CH | SEARCH | LEAD | Polymechaniker,AG | RSA | Polymechaniker | KW Testing,20702215351,191651580382,312018690395,ENABLED,APPROVED,3,1,1.24,0.00,0.00,0.00,0.00,,,0.00,33.33,0.71,0.00,5,AVERAGE,ABOVE_AVERAGE,BELOW_AVERAGE,INSUFFICIENT_DATA,LOW_PERFORMER,IMPROVED,false,SMART,113.95,0.00,fallback,,75.00,,cpa,true,1.5,225.00,,,,,,
cnc mechaniker,PHRASE,EX | 25 | CH | SEARCH | LEAD | Polymechaniker,AG | RSA | Polymechaniker | KW Testing,20702215351,191651580382,312018691155,ENABLED,APPROVED,34,2,2.03,0.03,0.03,0.03,0.00,77.34,77.34,0.00,5.88,1.17,1.72,3,BELOW_AVERAGE,ABOVE_AVERAGE,BELOW_AVERAGE,UNPROFITABLE,INSUFFICIENT_DATA,DEGRADED,false,SMART,113.95,0.00,fallback,,75.00,,cpa,false,1.0,150.00,1,watch,1.03,0.06,0.06,
polymechaniker offene stellen,EXACT,EX | 25 | CH | SEARCH | LEAD | Polymechaniker,AG | RSA | Polymechaniker | KW Testing,20702215351,191651580382,334991226894,ENABLED,APPROVED,40,0,0.00,0.00,0.00,0.00,0.00,,,,0.00,0.00,0.00,5,AVERAGE,ABOVE_AVERAGE,BELOW_AVERAGE,LOW_PERFORMER,LOW_PERFORMER,STABLE,false,SMART,113.95,0.00,fallback,,75.00,,cpa,true,1.5,225.00,,,,,,
polymechaniker basel,PHRASE,EX | 25 | CH | SEARCH | LEAD | Polymechaniker,AG | RSA | Polymechaniker | KW Testing,20702215351,191651580382,354015075080,ENABLED,APPROVED,2,0,0.00,0.00,0.00,0.00,0.00,,,,0.00,0.00,0.00,7,ABOVE_AVERAGE,ABOVE_AVERAGE,BELOW_AVERAGE,LOW_PERFORMER,LOW_PERFORMER,STABLE,false,SMART,113.95,0.00,fallback,,75.00,,cpa,false,1.0,150.00,,,,,,
cnc mechaniker jobs,PHRASE,EX | 25 | CH | SEARCH | LEAD | Polymechaniker,AG | RSA | Polymechaniker | KW Testing,20702215351,191651580382,358184835242,ENABLED,APPROVED,33,1,1.71,0.00,0.00,0.00,0.00,,,0.00,3.03,0.98,0.00,5,AVERAGE,ABOVE_AVERAGE,BELOW_AVERAGE,INSUFFICIENT_DATA,INSUFFICIENT_DATA,STABLE,false,SMART,113.95,0.00,fallback,,75.00,,cpa,true,1.5,225.00,,,,,,
polymechaniker stellenangebote,PHRASE,EX | 25 | CH | SEARCH | LEAD | Polymechaniker,AG | RSA | Polymechaniker | KW Testing,20702215351,191651580382,358813546043,ENABLED,APPROVED,176,10,13.50,0.00,0.00,0.00,0.00,,,0.00,5.68,7.76,0.00,,,,,INSUFFICIENT_DATA,HERO,DEGRADED,false,SMART,113.95,0.00,fallback,,75.00,,cpa,true,1.5,225.00,,,,,,
cnc fräser stellen,PHRASE,EX | 25 | CH | SEARCH | LEAD | Polymechaniker,AG | RSA | Polymechaniker | KW Testing,20702215351,191651580382,358975880365,ENABLED,APPROVED,0,0,0.00,0.00,0.00,0.00,0.00,,,,,0.00,0.00,,,,,ZOMBIE,ZOMBIE,STABLE,false,SMART,113.95,0.00,fallback,,75.00,,cpa,true,1.5,225.00,,,,,,
polymechaniker cnc,PHRASE,EX | 25 | CH | SEARCH | LEAD | Polymechaniker,AG | RSA | Polymechaniker | KW Testing,20702215351,191651580382,470415828660,ENABLED,APPROVED,6,0,0.00,0.00,0.00,0.00,0.00,,,,0.00,0.00,0.00,5,AVERAGE,ABOVE_AVERAGE,BELOW_AVERAGE,LOW_PERFORMER,INSUFFICIENT_DATA,DEGRADED,false,SMART,113.95,0.00,fallback,,75.00,,cpa,false,1.0,150.00,,,,,,
polymechaniker aargau,PHRASE,EX | 25 | CH | SEARCH | LEAD | Polymechaniker,AG | RSA | Polymechaniker | KW Testing,20702215351,191651580382,666802741349,ENABLED,APPROVED,4,0,0.00,0.00,0.00,0.00,0.00,,,,0.00,0.00,0.00,3,BELOW_AVERAGE,ABOVE_AVERAGE,BELOW_AVERAGE,LOW_PERFORMER,ZOMBIE,IMPROVED,false,SMART,113.95,0.00,fallback,,75.00,,cpa,false,1.0,150.00,,,,,,
polymechaniker jobs schaffhausen,PHRASE,EX | 25 | CH | SEARCH | LEAD | Polymechaniker,AG | RSA | Polymechaniker | KW Testing,20702215351,191651580382,2470583520867,ENABLED,APPROVED,2,0,0.00,0.00,0.00,0.00,0.00,,,,0.00,0.00,0.00,5,AVERAGE,ABOVE_AVERAGE,BELOW_AVERAGE,LOW_PERFORMER,ZOMBIE,IMPROVED,false,SMART,113.95,0.00,fallback,,75.00,,cpa,true,1.5,225.00,,,,,,
fahrer jobs,BROAD,EX | 26 | CH | SEARCH | LEAD | Baumaschinenführer,AG | RSA | Baumaschinenführer,23473551299,191930702636,152416020,ENABLED,APPROVED,639,78,71.94,1.00,1.00,1.00,0.00,71.94,71.94,0.00,12.21,84.46,100.00,6,ABOVE_AVERAGE,AVERAGE,BELOW_AVERAGE,HERO,HERO,STABLE,false,SMART,85.18,0.00,fallback,,75.00,,cpa,true,1.5,225.00,,,,,,
forklift jobs,PHRASE,EX | 26 | CH | SEARCH | LEAD | Baumaschinenführer,AG | RSA | Baumaschinenführer,23473551299,191930702636,669705312,ENABLED,APPROVED,0,0,0.00,0.00,0.00,0.00,0.00,,,,,0.00,0.00,,,,,ZOMBIE,ZOMBIE,STABLE,false,SMART,85.18,0.00,fallback,,75.00,,cpa,true,1.5,225.00,,,,,,
baumaschinenführer jobs schweiz,BROAD,EX | 26 | CH | SEARCH | LEAD | Baumaschinenführer,AG | RSA | Baumaschinenführer,23473551299,191930702636,303466263761,ENABLED,APPROVED,0,0,0.00,0.00,0.00,0.00,0.00,,,,,0.00,0.00,,,,,ZOMBIE,ZOMBIE,STABLE,false,SMART,85.18,0.00,fallback,,75.00,,cpa,true,1.5,225.00,,,,,,
maschinist arbeit,BROAD,EX | 26 | CH | SEARCH | LEAD | Baumaschinenführer,AG | RSA | Baumaschinenführer,23473551299,191930702636,304335009041,ENABLED,APPROVED,36,2,0.41,0.00,0.00,0.00,0.00,,,0.00,5.56,0.48,0.00,,,,,INSUFFICIENT_DATA,LOW_PERFORMER,IMPROVED,false,SMART,85.18,0.00,fallback,,75.00,,cpa,true,1.5,225.00,,,,,,
maschinist job,BROAD,EX | 26 | CH | SEARCH | LEAD | Baumaschinenführer,AG | RSA | Baumaschinenführer,23473551299,191930702636,304335009081,ENABLED,APPROVED,3,0,0.00,0.00,0.00,0.00,0.00,,,,0.00,0.00,0.00,,,,,LOW_PERFORMER,INSUFFICIENT_DATA,DEGRADED,false,SMART,85.18,0.00,fallback,,75.00,,cpa,true,1.5,225.00,,,,,,
maschinen arbeit,PHRASE,EX | 26 | CH | SEARCH | LEAD | Baumaschinenführer,AG | RSA | Baumaschinenführer,23473551299,191930702636,307520010190,ENABLED,APPROVED,52,5,4.36,0.00,0.00,0.00,0.00,,,0.00,9.62,5.12,0.00,,,,,INSUFFICIENT_DATA,INSUFFICIENT_DATA,STABLE,false,SMART,85.18,0.00,fallback,,75.00,,cpa,true,1.5,225.00,,,,,,
baumaschinenführer schweiz,BROAD,EX | 26 | CH | SEARCH | LEAD | Baumaschinenführer,AG | RSA | Baumaschinenführer,23473551299,191930702636,313815677242,ENABLED,APPROVED,1,0,0.00,0.00,0.00,0.00,0.00,,,,0.00,0.00,0.00,,,,,LOW_PERFORMER,LOW_PERFORMER,STABLE,false,SMART,85.18,0.00,fallback,,75.00,,cpa,true,1.5,225.00,,,,,,
baumaschinenführer stellen,BROAD,EX | 26 | CH | SEARCH | LEAD | Baumaschinenführer,AG | RSA | Baumaschinenführer,23473551299,191930702636,314810564129,ENABLED,APPROVED,24,0,0.00,0.00,0.00,0.00,0.00,,,,0.00,0.00,0.00,,,,,LOW_PERFORMER,INSUFFICIENT_DATA,DEGRADED,false,SMART,85.18,0.00,fallback,,75.00,,cpa,true,1.5,225.00,,,,,,
baumaschinenführer jobs,EXACT,EX | 26 | CH | SEARCH | LEAD | Baumaschinenführer,AG | RSA | Baumaschinenführer,23473551299,191930702636,324309311478,ENABLED,APPROVED,11,0,0.00,0.00,0.00,0.00,0.00,,,,0.00,0.00,0.00,5,AVERAGE,ABOVE_AVERAGE,BELOW_AVERAGE,LOW_PERFORMER,INSUFFICIENT_DATA,DEGRADED,false,SMART,85.18,0.00,fallback,,75.00,,cpa,true,1.5,225.00,,,,,,
staplerfahrer arbeit,PHRASE,EX | 26 | CH | SEARCH | LEAD | Baumaschinenführer,AG | RSA | Baumaschinenführer,23473551299,191930702636,339454217412,ENABLED,APPROVED,114,10,8.13,0.00,0.00,0.00,0.00,,,0.00,8.77,9.54,0.00,,,,,INSUFFICIENT_DATA,INSUFFICIENT_DATA,STABLE,false,SMART,85.18,0.00,fallback,,75.00,,cpa,true,1.5,225.00,,,,,,
baumaschinenführer stellenangebote,BROAD,EX | 26 | CH | SEARCH | LEAD | Baumaschinenführer,AG | RSA | Baumaschinenführer,23473551299,191930702636,348293297704,ENABLED,APPROVED,0,0,0.00,0.00,0.00,0.00,0.00,,,,,0.00,0.00,,,,,ZOMBIE,ZOMBIE,STABLE,false,SMART,85.18,0.00,fallback,,75.00,,cpa,true,1.5,225.00,,,,,,
stelle als baumaschinenführer,EXACT,EX | 26 | CH | SEARCH | LEAD | Baumaschinenführer,AG | RSA | Baumaschinenführer,23473551299,191930702636,358531216765,ENABLED,APPROVED,0,0,0.00,0.00,0.00,0.00,0.00,,,,,0.00,0.00,,,,,ZOMBIE,ZOMBIE,STABLE,false,SMART,85.18,0.00,fallback,,75.00,,cpa,true,1.5,225.00,,,,,,
baumaschinenführer arbeit,BROAD,EX | 26 | CH | SEARCH | LEAD | Baumaschinenführer,AG | RSA | Baumaschinenführer,23473551299,191930702636,382656882926,ENABLED,APPROVED,15,1,0.34,0.00,0.00,0.00,0.00,,,0.00,6.67,0.40,0.00,,,,,INSUFFICIENT_DATA,INSUFFICIENT_DATA,STABLE,false,SMART,85.18,0.00,fallback,,75.00,,cpa,true,1.5,225.00,,,,,,
baumaschinenführer jobs in der nähe,BROAD,EX | 26 | CH | SEARCH | LEAD | Baumaschinenführer,AG | RSA | Baumaschinenführer,23473551299,191930702636,1663715971137,ENABLED,APPROVED,0,0,0.00,0.00,0.00,0.00,0.00,,,,,0.00,0.00,3,BELOW_AVERAGE,ABOVE_AVERAGE,BELOW_AVERAGE,ZOMBIE,ZOMBIE,STABLE,false,SMART,85.18,0.00,fallback,,75.00,,cpa,true,1.5,225.00,,,,,,
baumaschinenführer efz,EXACT,EX | 26 | CH | SEARCH | LEAD | Baumaschinenführer,AG | RSA | Baumaschinenführer,23473551299,191930702636,2264253328013,ENABLED,APPROVED,0,0,0.00,0.00,0.00,0.00,0.00,,,,,0.00,0.00,,,,,ZOMBIE,ZOMBIE,STABLE,false,SMART,85.18,0.00,fallback,,75.00,,cpa,true,1.5,225.00,,,,,,
carpenter work,PHRASE,EX | 26 | CH | SEARCH | LEAD | Montage-Schreiner,AG | RSA | Montage-Schreiner,23468574954,192099072219,248250997,ENABLED,APPROVED,1,1,0.50,0.00,0.00,0.00,0.00,,,0.00,100.00,0.42,0.00,3,BELOW_AVERAGE,ABOVE_AVERAGE,BELOW_AVERAGE,INSUFFICIENT_DATA,LOW_PERFORMER,IMPROVED,false,SMART,94.98,0.00,fallback,,75.00,,cpa,false,1.0,150.00,,,,,,
stellenangebote schreiner,PHRASE,EX | 26 | CH | SEARCH | LEAD | Montage-Schreiner,AG | RSA | Montage-Schreiner,23468574954,192099072219,761371831,ENABLED,APPROVED,40,3,5.12,0.00,0.00,0.00,0.00,,,0.00,7.50,4.31,0.00,,,,,INSUFFICIENT_DATA,INSUFFICIENT_DATA,STABLE,false,SMART,94.98,0.00,fallback,,75.00,,cpa,true,1.5,225.00,,,,,,
jobs schreiner,PHRASE,EX | 26 | CH | SEARCH | LEAD | Montage-Schreiner,AG | RSA | Montage-Schreiner,23468574954,192099072219,1588395022,ENABLED,APPROVED,27,1,1.14,0.00,0.00,0.00,0.00,,,0.00,3.70,0.96,0.00,5,AVERAGE,ABOVE_AVERAGE,BELOW_AVERAGE,INSUFFICIENT_DATA,INSUFFICIENT_DATA,STABLE,false,SMART,94.98,0.00,fallback,,75.00,,cpa,true,1.5,225.00,,,,,,
schreiner stellen,PHRASE,EX | 26 | CH | SEARCH | LEAD | Montage-Schreiner,AG | RSA | Montage-Schreiner,23468574954,192099072219,19998755523,ENABLED,APPROVED,53,4,3.53,0.00,0.00,0.00,0.00,,,0.00,7.55,2.97,0.00,3,BELOW_AVERAGE,ABOVE_AVERAGE,BELOW_AVERAGE,INSUFFICIENT_DATA,INSUFFICIENT_DATA,STABLE,false,SMART,94.98,0.00,fallback,,75.00,,cpa,true,1.5,225.00,,,,,,
schreiner job,PHRASE,EX | 26 | CH | SEARCH | LEAD | Montage-Schreiner,AG | RSA | Montage-Schreiner,23468574954,192099072219,297476803591,ENABLED,APPROVED,9,1,3.14,0.00,0.00,0.00,0.00,,,0.00,11.11,2.64,0.00,5,AVERAGE,ABOVE_AVERAGE,BELOW_AVERAGE,INSUFFICIENT_DATA,LOW_PERFORMER,IMPROVED,false,SMART,94.98,0.00,fallback,,75.00,,cpa,true,1.5,225.00,,,,,,
schreiner offene stellen,PHRASE,EX | 26 | CH | SEARCH | LEAD | Montage-Schreiner,AG | RSA | Montage-Schreiner,23468574954,192099072219,297476803831,ENABLED,APPROVED,173,22,40.79,0.25,0.25,0.25,0.00,163.16,163.16,0.00,12.72,34.36,20.00,5,AVERAGE,ABOVE_AVERAGE,BELOW_AVERAGE,UNPROFITABLE,INSUFFICIENT_DATA,DEGRADED,true,SMART,94.98,0.00,fallback,,75.00,,cpa,true,1.5,225.00,2,material,2.18,22.04,22.04,
montagemitarbeiter jobs,PHRASE,EX | 26 | CH | SEARCH | LEAD | Montage-Schreiner,AG | RSA | Montage-Schreiner,23468574954,192099072219,297806797578,ENABLED,APPROVED,447,30,40.64,1.00,1.00,1.00,0.00,40.64,40.64,0.00,6.71,34.23,80.00,5,AVERAGE,ABOVE_AVERAGE,BELOW_AVERAGE,HERO,UNPROFITABLE,IMPROVED,false,SMART,94.98,0.00,fallback,,75.00,,cpa,true,1.5,225.00,,,,,,
stellenangebot tischler,PHRASE,EX | 26 | CH | SEARCH | LEAD | Montage-Schreiner,AG | RSA | Montage-Schreiner,23468574954,192099072219,304226754625,ENABLED,APPROVED,1,0,0.00,0.00,0.00,0.00,0.00,,,,0.00,0.00,0.00,,,,,LOW_PERFORMER,ZOMBIE,IMPROVED,false,SMART,94.98,0.00,fallback,,75.00,,cpa,true,1.5,225.00,,,,,,
offene stellen tischler,PHRASE,EX | 26 | CH | SEARCH | LEAD | Montage-Schreiner,AG | RSA | Montage-Schreiner,23468574954,192099072219,320464070594,ENABLED,APPROVED,0,0,0.00,0.00,0.00,0.00,0.00,,,,,0.00,0.00,,,,,ZOMBIE,ZOMBIE,STABLE,false,SMART,94.98,0.00,fallback,,75.00,,cpa,true,1.5,225.00,,,,,,
tischler jobs,PHRASE,EX | 26 | CH | SEARCH | LEAD | Montage-Schreiner,AG | RSA | Montage-Schreiner,23468574954,192099072219,320464075154,ENABLED,APPROVED,0,0,0.00,0.00,0.00,0.00,0.00,,,,,0.00,0.00,,,,,ZOMBIE,INSUFFICIENT_DATA,DEGRADED,false,SMART,94.98,0.00,fallback,,75.00,,cpa,true,1.5,225.00,,,,,,
summer jobs switzerland,PHRASE,EX | 26 | CH | SEARCH | LEAD | Montage-Schreiner,AG | RSA | Montage-Schreiner,23468574954,192099072219,338429129462,ENABLED,APPROVED,20,4,4.76,0.00,0.00,0.00,0.00,,,0.00,20.00,4.01,0.00,,,,,INSUFFICIENT_DATA,INSUFFICIENT_DATA,STABLE,false,SMART,94.98,0.00,fallback,,75.00,,cpa,true,1.5,225.00,,,,,,
schreiner efz,EXACT,EX | 26 | CH | SEARCH | LEAD | Montage-Schreiner,AG | RSA | Montage-Schreiner,23468574954,192099072219,385174399813,ENABLED,APPROVED,5,1,0.20,0.00,0.00,0.00,0.00,,,0.00,20.00,0.17,0.00,,,,,INSUFFICIENT_DATA,LOW_PERFORMER,IMPROVED,false,SMART,94.98,0.00,fallback,,75.00,,cpa,true,1.5,225.00,,,,,,
offene stellen montage,PHRASE,EX | 26 | CH | SEARCH | LEAD | Montage-Schreiner,AG | RSA | Montage-Schreiner,23468574954,192099072219,410587689748,ENABLED,APPROVED,131,12,15.51,0.00,0.00,0.00,0.00,,,0.00,9.16,13.06,0.00,7,ABOVE_AVERAGE,ABOVE_AVERAGE,BELOW_AVERAGE,INSUFFICIENT_DATA,INSUFFICIENT_DATA,STABLE,false,SMART,94.98,0.00,fallback,,75.00,,cpa,true,1.5,225.00,,,,,,
montageschreiner,EXACT,EX | 26 | CH | SEARCH | LEAD | Montage-Schreiner,AG | RSA | Montage-Schreiner,23468574954,192099072219,419071964394,ENABLED,APPROVED,0,0,0.00,0.00,0.00,0.00,0.00,,,,,0.00,0.00,5,AVERAGE,ABOVE_AVERAGE,BELOW_AVERAGE,ZOMBIE,LOW_PERFORMER,DEGRADED,false,SMART,94.98,0.00,fallback,,75.00,,cpa,false,1.0,150.00,,,,,,
schreiner monteur jobs,PHRASE,EX | 26 | CH | SEARCH | LEAD | Montage-Schreiner,AG | RSA | Montage-Schreiner,23468574954,192099072219,437460696862,ENABLED,APPROVED,2,0,0.00,0.00,0.00,0.00,0.00,,,,0.00,0.00,0.00,5,AVERAGE,ABOVE_AVERAGE,BELOW_AVERAGE,LOW_PERFORMER,INSUFFICIENT_DATA,DEGRADED,false,SMART,94.98,0.00,fallback,,75.00,,cpa,true,1.5,225.00,,,,,,
montage schreiner,PHRASE,EX | 26 | CH | SEARCH | LEAD | Montage-Schreiner,AG | RSA | Montage-Schreiner,23468574954,192099072219,645895805501,ENABLED,APPROVED,7,2,3.39,0.00,0.00,0.00,0.00,,,0.00,28.57,2.86,0.00,5,BELOW_AVERAGE,ABOVE_AVERAGE,AVERAGE,INSUFFICIENT_DATA,LOW_PERFORMER,IMPROVED,false,SMART,94.98,0.00,fallback,,75.00,,cpa,false,1.0,150.00,,,,,,
montage schreiner job,EXACT,EX | 26 | CH | SEARCH | LEAD | Montage-Schreiner,AG | RSA | Montage-Schreiner,23468574954,192099072219,1247004352302,ENABLED,APPROVED,0,0,0.00,0.00,0.00,0.00,0.00,,,,,0.00,0.00,,,,,ZOMBIE,LOW_PERFORMER,DEGRADED,false,SMART,94.98,0.00,fallback,,75.00,,cpa,true,1.5,225.00,,,,,,
schreiner jobs in der nähe,PHRASE,EX | 26 | CH | SEARCH | LEAD | Montage-Schreiner,AG | RSA | Montage-Schreiner,23468574954,192099072219,1462458495529,ENABLED,APPROVED,1,0,0.00,0.00,0.00,0.00,0.00,,,,0.00,0.00,0.00,5,AVERAGE,ABOVE_AVERAGE,BELOW_AVERAGE,LOW_PERFORMER,ZOMBIE,IMPROVED,false,SMART,94.98,0.00,fallback,,75.00,,cpa,true,1.5,225.00,,,,,,
trockenbauer,EXACT,EX | 26 | CH | SEARCH | LEAD | Trockenbauer,AG | RSA | Trockenbauer,23473633574,192620715275,921401031,ENABLED,APPROVED,41,4,12.16,0.00,0.00,0.00,0.00,,,0.00,9.76,15.30,0.00,3,BELOW_AVERAGE,ABOVE_AVERAGE,BELOW_AVERAGE,INSUFFICIENT_DATA,INSUFFICIENT_DATA,STABLE,false,SMART,79.48,0.00,fallback,,75.00,,cpa,false,1.0,150.00,,,,,,
trockenbauer job,EXACT,EX | 26 | CH | SEARCH | LEAD | Trockenbauer,AG | RSA | Trockenbauer,23473633574,192620715275,303055946766,ENABLED,APPROVED,22,6,16.57,0.00,0.00,0.00,0.00,,,0.00,27.27,20.85,0.00,3,BELOW_AVERAGE,ABOVE_AVERAGE,BELOW_AVERAGE,INSUFFICIENT_DATA,INSUFFICIENT_DATA,STABLE,false,SMART,79.48,0.00,fallback,,75.00,,cpa,true,1.5,225.00,,,,,,
jobsuche trockenbau,PHRASE,EX | 26 | CH | SEARCH | LEAD | Trockenbauer,AG | RSA | Trockenbauer,23473633574,192620715275,354110690153,ENABLED,APPROVED,21,1,5.17,0.00,0.00,0.00,0.00,,,0.00,4.76,6.50,0.00,,,,,INSUFFICIENT_DATA,INSUFFICIENT_DATA,STABLE,false,SMART,79.48,0.00,fallback,,75.00,,cpa,true,1.5,225.00,,,,,,
job trockenbauer,PHRASE,EX | 26 | CH | SEARCH | LEAD | Trockenbauer,AG | RSA | Trockenbauer,23473633574,192620715275,355892099179,ENABLED,APPROVED,16,1,3.44,0.00,0.00,0.00,0.00,,,0.00,6.25,4.33,0.00,,,,,INSUFFICIENT_DATA,INSUFFICIENT_DATA,STABLE,false,SMART,79.48,0.00,fallback,,75.00,,cpa,true,1.5,225.00,,,,,,
trockenbauer schweiz,EXACT,EX | 26 | CH | SEARCH | LEAD | Trockenbauer,AG | RSA | Trockenbauer,23473633574,192620715275,356964460218,ENABLED,APPROVED,1,0,0.00,0.00,0.00,0.00,0.00,,,,0.00,0.00,0.00,,,,,LOW_PERFORMER,INSUFFICIENT_DATA,DEGRADED,false,SMART,79.48,0.00,fallback,,75.00,,cpa,true,1.5,225.00,,,,,,
stellenangebote trockenbauer,PHRASE,EX | 26 | CH | SEARCH | LEAD | Trockenbauer,AG | RSA | Trockenbauer,23473633574,192620715275,358678554869,ENABLED,APPROVED,42,4,7.66,1.00,1.00,1.00,0.00,7.66,7.66,0.00,9.52,9.64,100.00,,,,,HERO,INSUFFICIENT_DATA,IMPROVED,false,SMART,79.48,0.00,fallback,,75.00,,cpa,true,1.5,225.00,,,,,,
trockenbauer arbeit,PHRASE,EX | 26 | CH | SEARCH | LEAD | Trockenbauer,AG | RSA | Trockenbauer,23473633574,192620715275,370604877060,ENABLED,APPROVED,5,0,0.00,0.00,0.00,0.00,0.00,,,,0.00,0.00,0.00,,,,,LOW_PERFORMER,INSUFFICIENT_DATA,DEGRADED,false,SMART,79.48,0.00,fallback,,75.00,,cpa,true,1.5,225.00,,,,,,
trockenbau stelle,EXACT,EX | 26 | CH | SEARCH | LEAD | Trockenbauer,AG | RSA | Trockenbauer,23473633574,192620715275,420111006874,ENABLED,APPROVED,0,0,0.00,0.00,0.00,0.00,0.00,,,,,0.00,0.00,5,AVERAGE,ABOVE_AVERAGE,BELOW_AVERAGE,ZOMBIE,ZOMBIE,STABLE,false,SMART,79.48,0.00,fallback,,75.00,,cpa,true,1.5,225.00,,,,,,
trockenbau jobs in der nähe,EXACT,EX | 26 | CH | SEARCH | LEAD | Trockenbauer,AG | RSA | Trockenbauer,23473633574,192620715275,458215943491,ENABLED,APPROVED,3,2,7.99,0.00,0.00,0.00,0.00,,,0.00,66.67,10.05,0.00,,,,,INSUFFICIENT_DATA,INSUFFICIENT_DATA,STABLE,false,SMART,79.48,0.00,fallback,,75.00,,cpa,true,1.5,225.00,,,,,,
stellen trockenbau,PHRASE,EX | 26 | CH | SEARCH | LEAD | Trockenbauer,AG | RSA | Trockenbauer,23473633574,192620715275,667466656716,ENABLED,APPROVED,0,0,0.00,0.00,0.00,0.00,0.00,,,,,0.00,0.00,,,,,ZOMBIE,ZOMBIE,STABLE,false,SMART,79.48,0.00,fallback,,75.00,,cpa,true,1.5,225.00,,,,,,
trockenbauer jobs schweiz,PHRASE,EX | 26 | CH | SEARCH | LEAD | Trockenbauer,AG | RSA | Trockenbauer,23473633574,192620715275,1255054755777,ENABLED,APPROVED,33,9,26.49,0.00,0.00,0.00,0.00,,,0.00,27.27,33.33,0.00,5,AVERAGE,ABOVE_AVERAGE,BELOW_AVERAGE,INSUFFICIENT_DATA,INSUFFICIENT_DATA,STABLE,false,SMART,79.48,0.00,fallback,,75.00,,cpa,true,1.5,225.00,,,,,,
jobplattformen,BROAD,EX | 25 | CH | SEARCH | LEAD | Metallbauer,AG | RSA | Metallbauer,15347327648,193279372073,326507360554,ENABLED,APPROVED,1637,133,183.23,2.22,2.22,2.22,0.00,82.37,82.37,0.00,8.12,71.99,69.83,,,,,UNPROFITABLE,UNPROFITABLE,STABLE,true,SMART,79.90,0.00,fallback,,75.00,,cpa,true,1.5,225.00,1,watch,1.10,16.40,16.40,
jobs im metallbau,BROAD,EX | 25 | CH | SEARCH | LEAD | Metallbauer,AG | RSA | Metallbauer,15347327648,193279372073,359447328941,ENABLED,APPROVED,18,0,0.00,0.00,0.00,0.00,0.00,,,,0.00,0.00,0.00,,,,,LOW_PERFORMER,ZOMBIE,IMPROVED,false,SMART,79.90,0.00,fallback,,75.00,,cpa,true,1.5,225.00,,,,,,
kranführer job,EXACT,EX | 26 | CH | SEARCH | LEAD | Kranführer,AG | RSA | Kranführer,23468568174,193352510633,302606088147,ENABLED,APPROVED,20,1,0.73,0.00,0.00,0.00,0.00,,,0.00,5.00,0.60,0.00,5,AVERAGE,ABOVE_AVERAGE,BELOW_AVERAGE,INSUFFICIENT_DATA,INSUFFICIENT_DATA,STABLE,false,SMART,121.14,0.00,fallback,,75.00,,cpa,true,1.5,225.00,,,,,,
kranführer jobs zürich,EXACT,EX | 26 | CH | SEARCH | LEAD | Kranführer,AG | RSA | Kranführer,23468568174,193352510633,327342289158,ENABLED,APPROVED,10,1,5.73,0.00,0.00,0.00,0.00,,,0.00,10.00,4.73,0.00,5,AVERAGE,ABOVE_AVERAGE,BELOW_AVERAGE,INSUFFICIENT_DATA,INSUFFICIENT_DATA,STABLE,false,SMART,121.14,0.00,fallback,,75.00,,cpa,true,1.5,225.00,,,,,,
kran jobs,EXACT,EX | 26 | CH | SEARCH | LEAD | Kranführer,AG | RSA | Kranführer,23468568174,193352510633,331193987227,ENABLED,APPROVED,2,0,0.00,0.00,0.00,0.00,0.00,,,,0.00,0.00,0.00,,,,,LOW_PERFORMER,ZOMBIE,IMPROVED,false,SMART,121.14,0.00,fallback,,75.00,,cpa,true,1.5,225.00,,,,,,
suche job als kranführer,EXACT,EX | 26 | CH | SEARCH | LEAD | Kranführer,AG | RSA | Kranführer,23468568174,193352510633,359112182818,ENABLED,APPROVED,0,0,0.00,0.00,0.00,0.00,0.00,,,,,0.00,0.00,,,,,ZOMBIE,INSUFFICIENT_DATA,DEGRADED,false,SMART,121.14,0.00,fallback,,75.00,,cpa,true,1.5,225.00,,,,,,
kranführer job schweiz,EXACT,EX | 26 | CH | SEARCH | LEAD | Kranführer,AG | RSA | Kranführer,23468568174,193352510633,359200254876,ENABLED,APPROVED,0,0,0.00,0.00,0.00,0.00,0.00,,,,,0.00,0.00,7,AVERAGE,ABOVE_AVERAGE,AVERAGE,ZOMBIE,LOW_PERFORMER,DEGRADED,false,SMART,121.14,0.00,fallback,,75.00,,cpa,true,1.5,225.00,,,,,,
kranführer jobs schweiz,EXACT,EX | 26 | CH | SEARCH | LEAD | Kranführer,AG | RSA | Kranführer,23468568174,193352510633,359200255116,ENABLED,APPROVED,9,3,3.02,0.00,0.00,0.00,0.00,,,0.00,33.33,2.49,0.00,5,AVERAGE,ABOVE_AVERAGE,BELOW_AVERAGE,INSUFFICIENT_DATA,HERO,DEGRADED,false,SMART,121.14,0.00,fallback,,75.00,,cpa,true,1.5,225.00,,,,,,
kranführer bern,EXACT,EX | 26 | CH | SEARCH | LEAD | Kranführer,AG | RSA | Kranführer,23468568174,193352510633,369247916550,ENABLED,APPROVED,5,0,0.00,0.00,0.00,0.00,0.00,,,,0.00,0.00,0.00,5,AVERAGE,ABOVE_AVERAGE,BELOW_AVERAGE,LOW_PERFORMER,LOW_PERFORMER,STABLE,false,SMART,121.14,0.00,fallback,,75.00,,cpa,false,1.0,150.00,,,,,,
kranführer zürich,EXACT,EX | 26 | CH | SEARCH | LEAD | Kranführer,AG | RSA | Kranführer,23468568174,193352510633,369247916830,ENABLED,APPROVED,4,0,0.00,0.00,0.00,0.00,0.00,,,,0.00,0.00,0.00,5,AVERAGE,ABOVE_AVERAGE,BELOW_AVERAGE,LOW_PERFORMER,INSUFFICIENT_DATA,DEGRADED,false,SMART,121.14,0.00,fallback,,75.00,,cpa,false,1.0,150.00,,,,,,
jobs als kranführer,PHRASE,EX | 26 | CH | SEARCH | LEAD | Kranführer,AG | RSA | Kranführer,23468568174,193352510633,412719787167,ENABLED,APPROVED,50,7,11.73,0.00,0.00,0.00,0.00,,,0.00,14.00,9.68,0.00,5,AVERAGE,ABOVE_AVERAGE,BELOW_AVERAGE,INSUFFICIENT_DATA,INSUFFICIENT_DATA,STABLE,false,SMART,121.14,0.00,fallback,,75.00,,cpa,true,1.5,225.00,,,,,,
Arbeit Kranführer,BROAD,EX | 26 | CH | SEARCH | LEAD | Kranführer,AG | RSA | Kranführer,23468568174,193352510633,588892320683,ENABLED,APPROVED,302,23,27.81,0.00,0.00,0.00,0.00,,,0.00,7.62,22.96,0.00,,,,,INSUFFICIENT_DATA,INSUFFICIENT_DATA,STABLE,false,SMART,121.14,0.00,fallback,,75.00,,cpa,true,1.5,225.00,,,,,,
hallenkranführer jobs,PHRASE,EX | 26 | CH | SEARCH | LEAD | Kranführer,AG | RSA | Kranführer,23468568174,193352510633,2228075776985,ENABLED,APPROVED,1,0,0.00,0.00,0.00,0.00,0.00,,,,0.00,0.00,0.00,3,BELOW_AVERAGE,ABOVE_AVERAGE,BELOW_AVERAGE,LOW_PERFORMER,LOW_PERFORMER,STABLE,false,SMART,121.14,0.00,fallback,,75.00,,cpa,true,1.5,225.00,,,,,,
job Kran,BROAD,EX | 26 | CH | SEARCH | LEAD | Kranführer,AG | RSA | Kranführer,23468568174,193352510633,2461768970563,ENABLED,APPROVED,5,0,0.00,0.00,0.00,0.00,0.00,,,,0.00,0.00,0.00,,,,,LOW_PERFORMER,ZOMBIE,IMPROVED,false,SMART,121.14,0.00,fallback,,75.00,,cpa,true,1.5,225.00,,,,,,
stellenangebot Kranführer,BROAD,EX | 26 | CH | SEARCH | LEAD | Kranführer,AG | RSA | Kranführer,23468568174,193352510633,2461768970603,ENABLED,APPROVED,262,30,42.07,1.00,1.00,1.00,0.00,42.07,42.07,0.00,11.45,34.73,100.00,,,,,HERO,HERO,STABLE,false,SMART,121.14,0.00,fallback,,75.00,,cpa,true,1.5,225.00,,,,,,
stellen Kran,BROAD,EX | 26 | CH | SEARCH | LEAD | Kranführer,AG | RSA | Kranführer,23468568174,193352510633,2461768970763,ENABLED,APPROVED,268,21,30.05,0.00,0.00,0.00,0.00,,,0.00,7.84,24.81,0.00,,,,,INSUFFICIENT_DATA,INSUFFICIENT_DATA,STABLE,false,SMART,121.14,0.00,fallback,,75.00,,cpa,true,1.5,225.00,,,,,,
jobs maler,BROAD,EX | 26 | CH | SEARCH | LEAD | Maler,AG | RSA | Maler,6503042592,193358511562,295373083586,ENABLED,APPROVED,265,21,28.09,2.00,2.00,2.00,0.00,14.04,14.04,0.00,7.92,8.50,44.44,3,BELOW_AVERAGE,ABOVE_AVERAGE,BELOW_AVERAGE,HERO,INSUFFICIENT_DATA,IMPROVED,false,SMART,73.47,0.00,fallback,,75.00,,cpa,true,1.5,225.00,,,,,,
arbeit maler,BROAD,EX | 26 | CH | SEARCH | LEAD | Maler,AG | RSA | Maler,6503042592,193358511562,297337521976,ENABLED,APPROVED,600,59,94.08,1.00,1.00,1.00,0.00,94.08,94.08,0.00,9.83,28.46,22.22,5,AVERAGE,ABOVE_AVERAGE,BELOW_AVERAGE,UNPROFITABLE,INSUFFICIENT_DATA,DEGRADED,false,SMART,73.47,0.00,fallback,,75.00,,cpa,true,1.5,225.00,1,watch,1.25,19.08,19.08,
freie stellen maler,PHRASE,EX | 26 | CH | SEARCH | LEAD | Maler,AG | RSA | Maler,6503042592,193358511562,298579994595,ENABLED,APPROVED,239,32,37.50,0.00,0.00,0.00,0.00,,,0.00,13.39,11.34,0.00,,,,,INSUFFICIENT_DATA,INSUFFICIENT_DATA,STABLE,false,SMART,73.47,0.00,fallback,,75.00,,cpa,true,1.5,225.00,,,,,,
stelle maler,BROAD,EX | 26 | CH | SEARCH | LEAD | Maler,AG | RSA | Maler,6503042592,193358511562,303050255928,ENABLED,APPROVED,367,39,64.77,1.50,1.50,1.50,0.00,43.18,43.18,0.00,10.63,19.59,33.33,,,,,HERO,INSUFFICIENT_DATA,IMPROVED,false,SMART,73.47,0.00,fallback,,75.00,,cpa,true,1.5,225.00,,,,,,
maler job zürich,PHRASE,EX | 26 | CH | SEARCH | LEAD | Maler,AG | RSA | Maler,6503042592,193358511562,327133999643,ENABLED,APPROVED,72,10,20.05,0.00,0.00,0.00,0.00,,,0.00,13.89,6.06,0.00,5,AVERAGE,ABOVE_AVERAGE,BELOW_AVERAGE,INSUFFICIENT_DATA,INSUFFICIENT_DATA,STABLE,false,SMART,73.47,0.00,fallback,,75.00,,cpa,true,1.5,225.00,,,,,,
maler job schweiz,EXACT,EX | 26 | CH | SEARCH | LEAD | Maler,AG | RSA | Maler,6503042592,193358511562,356733197182,ENABLED,APPROVED,13,3,3.60,0.00,0.00,0.00,0.00,,,0.00,23.08,1.09,0.00,,,,,INSUFFICIENT_DATA,LOW_PERFORMER,IMPROVED,false,SMART,73.47,0.00,fallback,,75.00,,cpa,true,1.5,225.00,,,,,,
maler job schweiz,PHRASE,EX | 26 | CH | SEARCH | LEAD | Maler,AG | RSA | Maler,6503042592,193358511562,358674935749,ENABLED,APPROVED,29,2,3.17,0.00,0.00,0.00,0.00,,,0.00,6.90,0.96,0.00,,,,,INSUFFICIENT_DATA,INSUFFICIENT_DATA,STABLE,false,SMART,73.47,0.00,fallback,,75.00,,cpa,true,1.5,225.00,,,,,,
maler jobs basel,PHRASE,EX | 26 | CH | SEARCH | LEAD | Maler,AG | RSA | Maler,6503042592,193358511562,358674935909,ENABLED,APPROVED,78,6,9.48,0.00,0.00,0.00,0.00,,,0.00,7.69,2.87,0.00,5,AVERAGE,ABOVE_AVERAGE,BELOW_AVERAGE,INSUFFICIENT_DATA,INSUFFICIENT_DATA,STABLE,false,SMART,73.47,0.00,fallback,,75.00,,cpa,true,1.5,225.00,,,,,,
maler gipser jobs,EXACT,EX | 26 | CH | SEARCH | LEAD | Maler,AG | RSA | Maler,6503042592,193358511562,485332785837,ENABLED,APPROVED,0,0,0.00,0.00,0.00,0.00,0.00,,,,,0.00,0.00,7,ABOVE_AVERAGE,ABOVE_AVERAGE,BELOW_AVERAGE,ZOMBIE,ZOMBIE,STABLE,false,SMART,73.47,0.00,fallback,,75.00,,cpa,true,1.5,225.00,,,,,,
temporärbüro maler,BROAD,EX | 26 | CH | SEARCH | LEAD | Maler,AG | RSA | Maler,6503042592,193358511562,489606454027,ENABLED,APPROVED,218,34,61.79,0.00,0.00,0.00,0.00,,,0.00,15.60,18.69,0.00,8,ABOVE_AVERAGE,ABOVE_AVERAGE,AVERAGE,INSUFFICIENT_DATA,UNPROFITABLE,IMPROVED,false,SMART,73.47,0.00,fallback,,75.00,,cpa,false,1.0,150.00,,,,,,
maler gipser jobs,PHRASE,EX | 26 | CH | SEARCH | LEAD | Maler,AG | RSA | Maler,6503042592,193358511562,501052987324,ENABLED,APPROVED,19,3,3.42,0.00,0.00,0.00,0.00,,,0.00,15.79,1.03,0.00,7,ABOVE_AVERAGE,ABOVE_AVERAGE,BELOW_AVERAGE,INSUFFICIENT_DATA,INSUFFICIENT_DATA,STABLE,false,SMART,73.47,0.00,fallback,,75.00,,cpa,true,1.5,225.00,,,,,,
maler arbeit schweiz,PHRASE,EX | 26 | CH | SEARCH | LEAD | Maler,AG | RSA | Maler,6503042592,193358511562,577093092630,ENABLED,APPROVED,34,2,3.21,0.00,0.00,0.00,0.00,,,0.00,5.88,0.97,0.00,7,ABOVE_AVERAGE,ABOVE_AVERAGE,BELOW_AVERAGE,INSUFFICIENT_DATA,INSUFFICIENT_DATA,STABLE,false,SMART,73.47,0.00,fallback,,75.00,,cpa,true,1.5,225.00,,,,,,
maler jobs festanstellung,PHRASE,EX | 26 | CH | SEARCH | LEAD | Maler,AG | RSA | Maler,6503042592,193358511562,1254100010360,ENABLED,APPROVED,15,1,0.86,0.00,0.00,0.00,0.00,,,0.00,6.67,0.26,0.00,5,AVERAGE,ABOVE_AVERAGE,BELOW_AVERAGE,INSUFFICIENT_DATA,LOW_PERFORMER,IMPROVED,false,SMART,73.47,0.00,fallback,,75.00,,cpa,true,1.5,225.00,,,,,,
maler jobs in der nähe,PHRASE,EX | 26 | CH | SEARCH | LEAD | Maler,AG | RSA | Maler,6503042592,193358511562,1409648890488,ENABLED,APPROVED,16,1,0.59,0.00,0.00,0.00,0.00,,,0.00,6.25,0.18,0.00,7,ABOVE_AVERAGE,ABOVE_AVERAGE,BELOW_AVERAGE,INSUFFICIENT_DATA,LOW_PERFORMER,IMPROVED,false,SMART,73.47,0.00,fallback,,75.00,,cpa,true,1.5,225.00,,,,,,
Automatisierungstechnik stellen,BROAD,EX | 25 | CH | SEARCH | LEAD | Automatiker,AG | RSA | Automatiker,15210620317,193394861642,1638179144,ENABLED,APPROVED,3,0,0.00,0.00,0.00,0.00,0.00,,,,0.00,0.00,0.00,,,,,LOW_PERFORMER,ZOMBIE,IMPROVED,false,SMART,53.24,0.00,fallback,,75.00,,cpa,true,1.5,225.00,,,,,,
Automatisierungstechnik jobs,BROAD,EX | 25 | CH | SEARCH | LEAD | Automatiker,AG | RSA | Automatiker,15210620317,193394861642,1638179234,ENABLED,APPROVED,0,0,0.00,0.00,0.00,0.00,0.00,,,,,0.00,0.00,,,,,ZOMBIE,ZOMBIE,STABLE,false,SMART,53.24,0.00,fallback,,75.00,,cpa,true,1.5,225.00,,,,,,
automatiker job,BROAD,EX | 25 | CH | SEARCH | LEAD | Automatiker,AG | RSA | Automatiker,15210620317,193394861642,43624916610,ENABLED,APPROVED,60,7,8.87,0.00,0.00,0.00,0.00,,,0.00,11.67,3.33,0.00,5,AVERAGE,ABOVE_AVERAGE,BELOW_AVERAGE,INSUFFICIENT_DATA,OVER_TARGET,DEGRADED,false,SMART,53.24,0.00,fallback,,75.00,,cpa,true,1.5,225.00,,,,,,
stelle als automatiker,BROAD,EX | 25 | CH | SEARCH | LEAD | Automatiker,AG | RSA | Automatiker,15210620317,193394861642,376757387003,ENABLED,APPROVED,463,34,64.44,1.00,1.00,1.00,0.00,64.44,64.44,0.00,7.34,24.21,20.00,,,,,OVER_TARGET,UNPROFITABLE,IMPROVED,false,SMART,53.24,0.00,fallback,,75.00,,cpa,true,1.5,225.00,1,watch,1.21,11.20,11.20,
automatiker schweiz,PHRASE,EX | 25 | CH | SEARCH | LEAD | Automatiker,AG | RSA | Automatiker,15210620317,193394861642,667051310810,ENABLED,APPROVED,0,0,0.00,0.00,0.00,0.00,0.00,,,,,0.00,0.00,,,,,ZOMBIE,ZOMBIE,STABLE,false,SMART,53.24,0.00,fallback,,75.00,,cpa,true,1.5,225.00,,,,,,
automatiker jobs zürich,BROAD,EX | 25 | CH | SEARCH | LEAD | Automatiker,AG | RSA | Automatiker,15210620317,193394861642,1207845613866,ENABLED,APPROVED,379,18,21.76,0.00,0.00,0.00,0.00,,,0.00,4.75,8.17,0.00,5,AVERAGE,ABOVE_AVERAGE,BELOW_AVERAGE,INSUFFICIENT_DATA,INSUFFICIENT_DATA,STABLE,false,SMART,53.24,0.00,fallback,,75.00,,cpa,true,1.5,225.00,,,,,,
factory worker switzerland,PHRASE,EX | 25 | CH | SEARCH | LEAD | Automatiker,AG | RSA | Automatiker,15210620317,193394861642,2077977426867,ENABLED,APPROVED,41,12,17.20,0.00,0.00,0.00,0.00,,,0.00,29.27,6.46,0.00,,,,,INSUFFICIENT_DATA,INSUFFICIENT_DATA,STABLE,false,SMART,53.24,0.00,fallback,,75.00,,cpa,false,1.0,150.00,,,,,,
automatiker temporär,BROAD,EX | 25 | CH | SEARCH | LEAD | Automatiker,AG | RSA | Automatiker,15210620317,193394861642,2200950237112,ENABLED,APPROVED,853,74,137.18,4.00,4.00,4.00,0.00,34.30,34.30,0.00,8.68,51.53,80.00,8,ABOVE_AVERAGE,ABOVE_AVERAGE,AVERAGE,HERO,HERO,STABLE,false,SMART,53.24,0.00,fallback,,75.00,,cpa,false,1.0,150.00,,,,,,
Automatiker stellenangebote,BROAD,EX | 25 | CH | SEARCH | LEAD | Automatiker,AG | RSA | Automatiker,15210620317,193394861642,2225764523455,ENABLED,APPROVED,217,14,16.75,0.00,0.00,0.00,0.00,,,0.00,6.45,6.29,0.00,,,,,INSUFFICIENT_DATA,INSUFFICIENT_DATA,STABLE,false,SMART,53.24,0.00,fallback,,75.00,,cpa,true,1.5,225.00,,,,,,
strassenbau jobs,BROAD,EX | 26 | CH | SEARCH | LEAD | Strassenbauer,AG | RSA | Strassenbauer,23478262294,193437338762,5309773897,ENABLED,APPROVED,176,19,20.22,0.01,0.01,0.01,0.00,2138.10,2138.10,0.00,10.80,5.75,0.31,7,ABOVE_AVERAGE,ABOVE_AVERAGE,BELOW_AVERAGE,UNPROFITABLE,INSUFFICIENT_DATA,DEGRADED,false,SMART,115.57,0.00,fallback,,75.00,,cpa,true,1.5,225.00,3,severe,28.51,19.51,19.51,
strassenbau stellen,BROAD,EX | 26 | CH | SEARCH | LEAD | Strassenbauer,AG | RSA | Strassenbauer,23478262294,193437338762,11102613116,ENABLED,APPROVED,449,38,50.23,1.98,1.98,1.98,0.00,25.35,25.35,0.00,8.46,14.30,65.16,7,ABOVE_AVERAGE,ABOVE_AVERAGE,BELOW_AVERAGE,HERO,INSUFFICIENT_DATA,IMPROVED,false,SMART,115.57,0.00,fallback,,75.00,,cpa,true,1.5,225.00,,,,,,
offene stellen strassenbau,BROAD,EX | 26 | CH | SEARCH | LEAD | Strassenbauer,AG | RSA | Strassenbauer,23478262294,193437338762,298317240901,ENABLED,APPROVED,461,48,76.65,0.05,0.05,0.05,0.00,1543.19,1543.19,0.00,10.41,21.82,1.63,5,AVERAGE,ABOVE_AVERAGE,BELOW_AVERAGE,UNPROFITABLE,INSUFFICIENT_DATA,DEGRADED,false,SMART,115.57,0.00,fallback,,75.00,,cpa,true,1.5,225.00,3,severe,20.58,72.92,72.92,
strassenbauer jobs,BROAD,EX | 26 | CH | SEARCH | LEAD | Strassenbauer,AG | RSA | Strassenbauer,23478262294,193437338762,298317241341,ENABLED,APPROVED,305,27,39.01,0.00,0.00,0.00,0.00,,,0.00,8.85,11.10,0.00,5,AVERAGE,ABOVE_AVERAGE,BELOW_AVERAGE,INSUFFICIENT_DATA,HERO,DEGRADED,false,SMART,115.57,0.00,fallback,,75.00,,cpa,true,1.5,225.00,,,,,,
strassenbauer stellen,BROAD,EX | 26 | CH | SEARCH | LEAD | Strassenbauer,AG | RSA | Strassenbauer,23478262294,193437338762,298317241381,ENABLED,APPROVED,14,0,0.00,0.00,0.00,0.00,0.00,,,,0.00,0.00,0.00,,,,,LOW_PERFORMER,INSUFFICIENT_DATA,DEGRADED,false,SMART,115.57,0.00,fallback,,75.00,,cpa,true,1.5,225.00,,,,,,
asphalt work,PHRASE,EX | 26 | CH | SEARCH | LEAD | Strassenbauer,AG | RSA | Strassenbauer,23478262294,193437338762,302375533651,ENABLED,APPROVED,0,0,0.00,0.00,0.00,0.00,0.00,,,,,0.00,0.00,,,,,ZOMBIE,ZOMBIE,STABLE,false,SMART,115.57,0.00,fallback,,75.00,,cpa,false,1.0,150.00,,,,,,
strassenbau stellenangebote,BROAD,EX | 26 | CH | SEARCH | LEAD | Strassenbauer,AG | RSA | Strassenbauer,23478262294,193437338762,304451261231,ENABLED,APPROVED,0,0,0.00,0.00,0.00,0.00,0.00,,,,,0.00,0.00,,,,,ZOMBIE,LOW_PERFORMER,DEGRADED,false,SMART,115.57,0.00,fallback,,75.00,,cpa,true,1.5,225.00,,,,,,
city work,PHRASE,EX | 26 | CH | SEARCH | LEAD | Strassenbauer,AG | RSA | Strassenbauer,23478262294,193437338762,318591052251,ENABLED,APPROVED,1,0,0.00,0.00,0.00,0.00,0.00,,,,0.00,0.00,0.00,4,AVERAGE,AVERAGE,BELOW_AVERAGE,LOW_PERFORMER,LOW_PERFORMER,STABLE,false,SMART,115.57,0.00,fallback,,75.00,,cpa,false,1.0,150.00,,,,,,
straßenbau stellenangebote,PHRASE,EX | 26 | CH | SEARCH | LEAD | Strassenbauer,AG | RSA | Strassenbauer,23478262294,193437338762,324041043065,ENABLED,APPROVED,1,0,0.00,0.00,0.00,0.00,0.00,,,,0.00,0.00,0.00,3,BELOW_AVERAGE,ABOVE_AVERAGE,BELOW_AVERAGE,LOW_PERFORMER,LOW_PERFORMER,STABLE,false,SMART,115.57,0.00,fallback,,75.00,,cpa,true,1.5,225.00,,,,,,
job als strassenbauer,EXACT,EX | 26 | CH | SEARCH | LEAD | Strassenbauer,AG | RSA | Strassenbauer,23478262294,193437338762,359065875338,ENABLED,APPROVED,2,1,1.46,0.00,0.00,0.00,0.00,,,0.00,50.00,0.42,0.00,7,ABOVE_AVERAGE,ABOVE_AVERAGE,BELOW_AVERAGE,INSUFFICIENT_DATA,ZOMBIE,IMPROVED,false,SMART,115.57,0.00,fallback,,75.00,,cpa,true,1.5,225.00,,,,,,
jobs strassenbauer,BROAD,EX | 26 | CH | SEARCH | LEAD | Strassenbauer,AG | RSA | Strassenbauer,23478262294,193437338762,384759846418,ENABLED,APPROVED,351,24,39.80,0.00,0.00,0.00,0.00,,,0.00,6.84,11.33,0.00,,,,,INSUFFICIENT_DATA,INSUFFICIENT_DATA,STABLE,false,SMART,115.57,0.00,fallback,,75.00,,cpa,true,1.5,225.00,,,,,,
strassenbauer efz,EXACT,EX | 26 | CH | SEARCH | LEAD | Strassenbauer,AG | RSA | Strassenbauer,23478262294,193437338762,887518821049,ENABLED,APPROVED,1,0,0.00,0.00,0.00,0.00,0.00,,,,0.00,0.00,0.00,5,AVERAGE,ABOVE_AVERAGE,BELOW_AVERAGE,LOW_PERFORMER,LOW_PERFORMER,STABLE,false,SMART,115.57,0.00,fallback,,75.00,,cpa,true,1.5,225.00,,,,,,
strassenbauer jobs schweiz,PHRASE,EX | 26 | CH | SEARCH | LEAD | Strassenbauer,AG | RSA | Strassenbauer,23478262294,193437338762,1720220764245,ENABLED,APPROVED,0,0,0.00,0.00,0.00,0.00,0.00,,,,,0.00,0.00,7,ABOVE_AVERAGE,ABOVE_AVERAGE,BELOW_AVERAGE,ZOMBIE,LOW_PERFORMER,DEGRADED,false,SMART,115.57,0.00,fallback,,75.00,,cpa,true,1.5,225.00,,,,,,
asphalt arbeit,PHRASE,EX | 26 | CH | SEARCH | LEAD | Strassenbauer,AG | RSA | Strassenbauer,23478262294,193437338762,2421361806925,ENABLED,APPROVED,0,0,0.00,0.00,0.00,0.00,0.00,,,,,0.00,0.00,,,,,ZOMBIE,ZOMBIE,STABLE,false,SMART,115.57,0.00,fallback,,75.00,,cpa,true,1.5,225.00,,,,,,
temporär Strassenbauer,BROAD,EX | 26 | CH | SEARCH | LEAD | Strassenbauer,AG | RSA | Strassenbauer,23478262294,193437338762,2464253372875,ENABLED,APPROVED,642,68,123.98,1.00,1.00,1.00,0.00,123.98,123.98,0.00,10.59,35.29,32.89,,,,,UNPROFITABLE,HERO,DEGRADED,true,SMART,115.57,0.00,fallback,,75.00,,cpa,false,1.0,150.00,2,material,1.65,48.98,48.98,
Adecco,BROAD,EX | 26 | CH | SEARCH | LEAD | Compeditor,AG | RSA | Compeditor,23619183073,193899557756,26492691,ENABLED,APPROVED,682,37,57.25,3.49,3.49,3.49,0.00,16.39,16.39,0.00,5.43,9.60,20.01,1,BELOW_AVERAGE,BELOW_AVERAGE,BELOW_AVERAGE,ACTIVE,INSUFFICIENT_DATA,IMPROVED,false,SMART,34.16,0.00,fallback,,75.00,,cpa,false,1.0,150.00,,,,,,
manpower,EXACT,EX | 26 | CH | SEARCH | LEAD | Compeditor,AG | RSA | Compeditor,23619183073,193899557756,101714104,ENABLED,APPROVED,180,15,21.74,0.00,0.00,0.00,0.00,,,0.00,8.33,3.65,0.00,1,BELOW_AVERAGE,BELOW_AVERAGE,BELOW_AVERAGE,INSUFFICIENT_DATA,INSUFFICIENT_DATA,STABLE,false,SMART,34.16,0.00,fallback,,75.00,,cpa,false,1.0,150.00,,,,,,
adecco jobs,BROAD,EX | 26 | CH | SEARCH | LEAD | Compeditor,AG | RSA | Compeditor,23619183073,193899557756,108946645,ENABLED,APPROVED,9,0,0.00,0.00,0.00,0.00,0.00,,,,0.00,0.00,0.00,3,AVERAGE,BELOW_AVERAGE,BELOW_AVERAGE,LOW_PERFORMER,INSUFFICIENT_DATA,DEGRADED,false,SMART,34.16,0.00,fallback,,75.00,,cpa,true,1.5,225.00,,,,,,
Manpower jobs,BROAD,EX | 26 | CH | SEARCH | LEAD | Compeditor,AG | RSA | Compeditor,23619183073,193899557756,1373422821,ENABLED,APPROVED,260,12,23.34,0.50,0.50,0.50,0.00,46.68,46.68,0.00,4.62,3.91,2.86,3,AVERAGE,BELOW_AVERAGE,BELOW_AVERAGE,OVER_TARGET,ACTIVE,DEGRADED,false,SMART,34.16,0.00,fallback,,75.00,,cpa,true,1.5,225.00,1,watch,1.37,6.26,6.26,
Indeed jobs,PHRASE,EX | 26 | CH | SEARCH | LEAD | Compeditor,AG | RSA | Compeditor,23619183073,193899557756,310185476869,ENABLED,APPROVED,64,18,12.15,1.00,1.00,1.00,0.00,12.15,12.15,0.00,28.13,2.04,5.73,3,AVERAGE,BELOW_AVERAGE,BELOW_AVERAGE,ACTIVE,INSUFFICIENT_DATA,IMPROVED,false,SMART,34.16,0.00,fallback,,75.00,,cpa,true,1.5,225.00,,,,,,
Kelly Services jobs,BROAD,EX | 26 | CH | SEARCH | LEAD | Compeditor,AG | RSA | Compeditor,23619183073,193899557756,335737854154,ENABLED,APPROVED,0,0,0.00,0.00,0.00,0.00,0.00,,,,,0.00,0.00,,,,,ZOMBIE,ZOMBIE,STABLE,false,SMART,34.16,0.00,fallback,,75.00,,cpa,true,1.5,225.00,,,,,,
migros industrie jobs,BROAD,EX | 26 | CH | SEARCH | LEAD | Compeditor,AG | RSA | Compeditor,23619183073,193899557756,449216991273,ENABLED,APPROVED,0,0,0.00,0.00,0.00,0.00,0.00,,,,,0.00,0.00,,,,,ZOMBIE,ZOMBIE,STABLE,false,SMART,34.16,0.00,fallback,,75.00,,cpa,true,1.5,225.00,,,,,,
Jop.ch,BROAD,EX | 26 | CH | SEARCH | LEAD | Compeditor,AG | RSA | Compeditor,23619183073,193899557756,801030903974,ENABLED,APPROVED,1130,83,106.03,1.98,1.98,1.98,0.00,53.52,53.52,0.00,7.35,17.78,11.35,3,AVERAGE,BELOW_AVERAGE,BELOW_AVERAGE,OVER_TARGET,INSUFFICIENT_DATA,IMPROVED,false,SMART,34.16,0.00,fallback,,75.00,,cpa,false,1.0,150.00,2,material,1.57,38.36,38.36,
JobCloud,BROAD,EX | 26 | CH | SEARCH | LEAD | Compeditor,AG | RSA | Compeditor,23619183073,193899557756,803285459748,ENABLED,APPROVED,8,1,1.21,0.00,0.00,0.00,0.00,,,0.00,12.50,0.20,0.00,5,AVERAGE,BELOW_AVERAGE,AVERAGE,INSUFFICIENT_DATA,INSUFFICIENT_DATA,STABLE,false,SMART,34.16,0.00,fallback,,75.00,,cpa,true,1.5,225.00,,,,,,
Job24,BROAD,EX | 26 | CH | SEARCH | LEAD | Compeditor,AG | RSA | Compeditor,23619183073,193899557756,819775100802,ENABLED,APPROVED,3819,253,338.37,9.48,9.48,9.48,0.00,35.69,35.69,0.00,6.62,56.75,54.32,1,BELOW_AVERAGE,BELOW_AVERAGE,BELOW_AVERAGE,HERO,UNPROFITABLE,IMPROVED,false,SMART,34.16,0.00,fallback,,75.00,,cpa,true,1.5,225.00,,,,,,
Jooble jobs,BROAD,EX | 26 | CH | SEARCH | LEAD | Compeditor,AG | RSA | Compeditor,23619183073,193899557756,902262814519,ENABLED,APPROVED,0,0,0.00,0.00,0.00,0.00,0.00,,,,,0.00,0.00,,,,,ZOMBIE,ZOMBIE,STABLE,false,SMART,34.16,0.00,fallback,,75.00,,cpa,true,1.5,225.00,,,,,,
team.jobs,BROAD,EX | 26 | CH | SEARCH | LEAD | Compeditor,AG | RSA | Compeditor,23619183073,193899557756,2332015511973,ENABLED,APPROVED,35,0,0.00,0.00,0.00,0.00,0.00,,,,0.00,0.00,0.00,1,BELOW_AVERAGE,BELOW_AVERAGE,BELOW_AVERAGE,LOW_PERFORMER,LOW_PERFORMER,STABLE,false,SMART,34.16,0.00,fallback,,75.00,,cpa,true,1.5,225.00,,,,,,
OK Job,BROAD,EX | 26 | CH | SEARCH | LEAD | Compeditor,AG | RSA | Compeditor,23619183073,193899557756,2352403714734,ENABLED,APPROVED,22,1,2.16,0.00,0.00,0.00,0.00,,,0.00,4.55,0.36,0.00,3,AVERAGE,BELOW_AVERAGE,BELOW_AVERAGE,INSUFFICIENT_DATA,INSUFFICIENT_DATA,STABLE,false,SMART,34.16,0.00,fallback,,75.00,,cpa,true,1.5,225.00,,,,,,
WorkerJobs,BROAD,EX | 26 | CH | SEARCH | LEAD | Compeditor,AG | RSA | Compeditor,23619183073,193899557756,2467936205686,ENABLED,APPROVED,374,21,29.29,0.00,0.00,0.00,0.00,,,0.00,5.61,4.91,0.00,,,,,INSUFFICIENT_DATA,LOW_PERFORMER,IMPROVED,false,SMART,34.16,0.00,fallback,,75.00,,cpa,true,1.5,225.00,,,,,,
JobScout24 jobs,BROAD,EX | 26 | CH | SEARCH | LEAD | Compeditor,AG | RSA | Compeditor,23619183073,193899557756,2476541210294,ENABLED,APPROVED,41,2,1.86,1.00,1.00,1.00,0.00,1.86,1.86,0.00,4.88,0.31,5.73,,,,,ACTIVE,INSUFFICIENT_DATA,IMPROVED,false,SMART,34.16,0.00,fallback,,75.00,,cpa,true,1.5,225.00,,,,,,
Coople jobs,BROAD,EX | 26 | CH | SEARCH | LEAD | Compeditor,AG | RSA | Compeditor,23619183073,193899557756,2476541210334,ENABLED,APPROVED,201,2,2.84,0.00,0.00,0.00,0.00,,,0.00,1.00,0.48,0.00,5,AVERAGE,BELOW_AVERAGE,AVERAGE,INSUFFICIENT_DATA,INSUFFICIENT_DATA,STABLE,false,SMART,34.16,0.00,fallback,,75.00,,cpa,true,1.5,225.00,,,,,,
das team job,BROAD,EX | 26 | CH | SEARCH | LEAD | Compeditor,AG | RSA | Compeditor,23619183073,193899557756,2476541210374,ENABLED,APPROVED,16,0,0.00,0.00,0.00,0.00,0.00,,,,0.00,0.00,0.00,,,,,LOW_PERFORMER,ZOMBIE,IMPROVED,false,SMART,34.16,0.00,fallback,,75.00,,cpa,true,1.5,225.00,,,,,,
arbeit heizung,BROAD,EX | 25 | CH | SEARCH | LEAD | Heizungsinstallateur,AG | RSA | Heizungsinstallateur KW Testing,23473611323,194378322893,302308443980,ENABLED,APPROVED,0,0,0.00,0.00,0.00,0.00,0.00,,,,,0.00,0.00,,,,,ZOMBIE,ZOMBIE,STABLE,false,SMART,106.35,0.00,fallback,,75.00,,cpa,true,1.5,225.00,,,,,,
heizungsmonteur jobs,BROAD,EX | 25 | CH | SEARCH | LEAD | Heizungsinstallateur,AG | RSA | Heizungsinstallateur KW Testing,23473611323,194378322893,302308455100,ENABLED,APPROVED,3,0,0.00,0.00,0.00,0.00,0.00,,,,0.00,0.00,0.00,7,ABOVE_AVERAGE,ABOVE_AVERAGE,BELOW_AVERAGE,LOW_PERFORMER,INSUFFICIENT_DATA,DEGRADED,false,SMART,106.35,0.00,fallback,,75.00,,cpa,true,1.5,225.00,,,,,,
heizung job,BROAD,EX | 25 | CH | SEARCH | LEAD | Heizungsinstallateur,AG | RSA | Heizungsinstallateur KW Testing,23473611323,194378322893,303135343129,ENABLED,APPROVED,0,0,0.00,0.00,0.00,0.00,0.00,,,,,0.00,0.00,,,,,ZOMBIE,ZOMBIE,STABLE,false,SMART,106.35,0.00,fallback,,75.00,,cpa,true,1.5,225.00,,,,,,
heizungsmonteur stellenangebote,BROAD,EX | 25 | CH | SEARCH | LEAD | Heizungsinstallateur,AG | RSA | Heizungsinstallateur KW Testing,23473611323,194378322893,303135343649,ENABLED,APPROVED,541,71,114.33,1.00,1.00,1.00,0.00,114.33,114.33,0.00,13.12,21.56,20.06,,,,,UNPROFITABLE,INSUFFICIENT_DATA,DEGRADED,false,SMART,106.35,0.00,fallback,,75.00,,cpa,true,1.5,225.00,2,material,1.52,39.33,39.33,
servicetechniker heizung,BROAD,EX | 25 | CH | SEARCH | LEAD | Heizungsinstallateur,AG | RSA | Heizungsinstallateur KW Testing,23473611323,194378322893,308625970303,ENABLED,APPROVED,2,0,0.00,0.00,0.00,0.00,0.00,,,,0.00,0.00,0.00,4,AVERAGE,AVERAGE,BELOW_AVERAGE,LOW_PERFORMER,ZOMBIE,IMPROVED,false,SMART,106.35,0.00,fallback,,75.00,,cpa,false,1.0,150.00,,,,,,
heizungsinstallateur basel,BROAD,EX | 25 | CH | SEARCH | LEAD | Heizungsinstallateur,AG | RSA | Heizungsinstallateur KW Testing,23473611323,194378322893,315682387861,ENABLED,APPROVED,12,0,0.00,0.00,0.00,0.00,0.00,,,,0.00,0.00,0.00,8,ABOVE_AVERAGE,ABOVE_AVERAGE,AVERAGE,LOW_PERFORMER,LOW_PERFORMER,STABLE,false,SMART,106.35,0.00,fallback,,75.00,,cpa,false,1.0,150.00,,,,,,
stellenangebote heizung sanitär,BROAD,EX | 25 | CH | SEARCH | LEAD | Heizungsinstallateur,AG | RSA | Heizungsinstallateur KW Testing,23473611323,194378322893,319237167586,ENABLED,APPROVED,438,53,82.24,0.00,0.00,0.00,0.00,,,0.00,12.10,15.51,0.00,,,,,INSUFFICIENT_DATA,HERO,DEGRADED,false,SMART,106.35,0.00,fallback,,75.00,,cpa,true,1.5,225.00,,,,,,
heizung sanitär stellenangebote,PHRASE,EX | 25 | CH | SEARCH | LEAD | Heizungsinstallateur,AG | RSA | Heizungsinstallateur KW Testing,23473611323,194378322893,355326574705,ENABLED,APPROVED,3,0,0.00,0.00,0.00,0.00,0.00,,,,0.00,0.00,0.00,,,,,LOW_PERFORMER,INSUFFICIENT_DATA,DEGRADED,false,SMART,106.35,0.00,fallback,,75.00,,cpa,true,1.5,225.00,,,,,,
heizung sanitär job,PHRASE,EX | 25 | CH | SEARCH | LEAD | Heizungsinstallateur,AG | RSA | Heizungsinstallateur KW Testing,23473611323,194378322893,358983154445,ENABLED,APPROVED,58,3,5.51,0.00,0.00,0.00,0.00,,,0.00,5.17,1.04,0.00,5,AVERAGE,ABOVE_AVERAGE,BELOW_AVERAGE,INSUFFICIENT_DATA,INSUFFICIENT_DATA,STABLE,false,SMART,106.35,0.00,fallback,,75.00,,cpa,true,1.5,225.00,,,,,,
job als heizungsmonteur,BROAD,EX | 25 | CH | SEARCH | LEAD | Heizungsinstallateur,AG | RSA | Heizungsinstallateur KW Testing,23473611323,194378322893,447945944042,ENABLED,APPROVED,903,101,162.38,2.99,2.99,2.99,0.00,54.38,54.38,0.00,11.18,30.62,59.89,,,,,HERO,UNPROFITABLE,IMPROVED,false,SMART,106.35,0.00,fallback,,75.00,,cpa,true,1.5,225.00,,,,,,
heizung job,PHRASE,EX | 25 | CH | SEARCH | LEAD | Heizungsinstallateur,AG | RSA | Heizungsinstallateur KW Testing,23473611323,194378322893,516416236054,ENABLED,APPROVED,23,1,1.03,0.00,0.00,0.00,0.00,,,0.00,4.35,0.19,0.00,,,,,INSUFFICIENT_DATA,INSUFFICIENT_DATA,STABLE,false,SMART,106.35,0.00,fallback,,75.00,,cpa,true,1.5,225.00,,,,,,
gipser job,BROAD,EX | 25 | CH | SEARCH | LEAD | Gipser,AG | RSA | Gipser,23468556621,194724430511,303135331889,ENABLED,APPROVED,607,51,96.68,0.50,0.50,0.50,0.00,193.36,193.36,0.00,8.40,19.79,8.33,3,BELOW_AVERAGE,ABOVE_AVERAGE,BELOW_AVERAGE,UNPROFITABLE,INSUFFICIENT_DATA,DEGRADED,false,SMART,81.44,0.00,fallback,,75.00,,cpa,true,1.5,225.00,3,severe,2.58,59.18,59.18,
gipser jobs zürich,PHRASE,EX | 25 | CH | SEARCH | LEAD | Gipser,AG | RSA | Gipser,23468556621,194724430511,326258555449,ENABLED,APPROVED,14,1,0.87,0.00,0.00,0.00,0.00,,,0.00,7.14,0.18,0.00,5,AVERAGE,ABOVE_AVERAGE,BELOW_AVERAGE,INSUFFICIENT_DATA,INSUFFICIENT_DATA,STABLE,false,SMART,81.44,0.00,fallback,,75.00,,cpa,true,1.5,225.00,,,,,,
gipser offene stellen,PHRASE,EX | 25 | CH | SEARCH | LEAD | Gipser,AG | RSA | Gipser,23468556621,194724430511,328490157259,ENABLED,APPROVED,151,26,48.27,0.97,0.97,0.97,0.00,49.92,49.92,0.00,17.22,9.88,16.12,5,AVERAGE,ABOVE_AVERAGE,BELOW_AVERAGE,ACTIVE,INSUFFICIENT_DATA,IMPROVED,false,SMART,81.44,0.00,fallback,,75.00,,cpa,true,1.5,225.00,,,,,,
stelle als gipser,PHRASE,EX | 25 | CH | SEARCH | LEAD | Gipser,AG | RSA | Gipser,23468556621,194724430511,357056989187,ENABLED,APPROVED,16,0,0.00,0.00,0.00,0.00,0.00,,,,0.00,0.00,0.00,,,,,LOW_PERFORMER,ZOMBIE,IMPROVED,false,SMART,81.44,0.00,fallback,,75.00,,cpa,true,1.5,225.00,,,,,,
gipser stelle,BROAD,EX | 25 | CH | SEARCH | LEAD | Gipser,AG | RSA | Gipser,23468556621,194724430511,360873460690,ENABLED,APPROVED,358,40,58.03,0.53,0.53,0.53,0.00,108.87,108.87,0.00,11.17,11.88,8.88,5,AVERAGE,ABOVE_AVERAGE,BELOW_AVERAGE,UNPROFITABLE,LOW_PERFORMER,DEGRADED,false,SMART,81.44,0.00,fallback,,75.00,,cpa,true,1.5,225.00,1,watch,1.45,18.05,18.05,
gipser stellen zürich,BROAD,EX | 25 | CH | SEARCH | LEAD | Gipser,AG | RSA | Gipser,23468556621,194724430511,378070795381,ENABLED,APPROVED,757,76,153.82,1.50,1.50,1.50,0.00,102.55,102.55,0.00,10.04,31.48,25.00,,,,,UNPROFITABLE,UNPROFITABLE,STABLE,true,SMART,81.44,0.00,fallback,,75.00,,cpa,true,1.5,225.00,1,watch,1.37,41.32,41.32,
gipser jobs basel,EXACT,EX | 25 | CH | SEARCH | LEAD | Gipser,AG | RSA | Gipser,23468556621,194724430511,387627578861,ENABLED,APPROVED,7,2,5.14,0.00,0.00,0.00,0.00,,,0.00,28.57,1.05,0.00,5,AVERAGE,ABOVE_AVERAGE,BELOW_AVERAGE,INSUFFICIENT_DATA,INSUFFICIENT_DATA,STABLE,false,SMART,81.44,0.00,fallback,,75.00,,cpa,true,1.5,225.00,,,,,,
gipser freie stellen,BROAD,EX | 25 | CH | SEARCH | LEAD | Gipser,AG | RSA | Gipser,23468556621,194724430511,496859934688,ENABLED,APPROVED,762,66,113.09,1.50,1.50,1.50,0.00,75.39,75.39,0.00,8.66,23.14,25.00,5,AVERAGE,ABOVE_AVERAGE,BELOW_AVERAGE,UNPROFITABLE,UNPROFITABLE,STABLE,false,SMART,81.44,0.00,fallback,,75.00,,cpa,true,1.5,225.00,1,watch,1.01,0.59,0.59,
gipser efz,PHRASE,EX | 25 | CH | SEARCH | LEAD | Gipser,AG | RSA | Gipser,23468556621,194724430511,1463525311900,ENABLED,APPROVED,1,0,0.00,0.00,0.00,0.00,0.00,,,,0.00,0.00,0.00,3,BELOW_AVERAGE,ABOVE_AVERAGE,BELOW_AVERAGE,LOW_PERFORMER,LOW_PERFORMER,STABLE,false,SMART,81.44,0.00,fallback,,75.00,,cpa,true,1.5,225.00,,,,,,
gipser temporär,PHRASE,EX | 25 | CH | SEARCH | LEAD | Gipser,AG | RSA | Gipser,23468556621,194724430511,1469632000692,ENABLED,APPROVED,33,6,12.73,1.00,1.00,1.00,0.00,12.73,12.73,0.00,18.18,2.61,16.67,7,ABOVE_AVERAGE,ABOVE_AVERAGE,BELOW_AVERAGE,ACTIVE,HERO,DEGRADED,false,SMART,81.44,0.00,fallback,,75.00,,cpa,false,1.0,150.00,,,,,,
cnc mechaniker job,BROAD,EX | 26 | CH | SEARCH | LEAD | Metallbaukonstrukteur,AG | RSA | Metallbaukonstukteur KW Testing,23478160315,194846353335,303982952083,ENABLED,APPROVED,3,0,0.00,0.00,0.00,0.00,0.00,,,,0.00,0.00,0.00,,,,,LOW_PERFORMER,ZOMBIE,IMPROVED,false,SMART,88.57,0.00,fallback,,75.00,,cpa,true,1.5,225.00,,,,,,
cnc fräser jobs,PHRASE,EX | 26 | CH | SEARCH | LEAD | Metallbaukonstrukteur,AG | RSA | Metallbaukonstukteur KW Testing,23478160315,194846353335,304435562818,ENABLED,APPROVED,0,0,0.00,0.00,0.00,0.00,0.00,,,,,0.00,0.00,7,ABOVE_AVERAGE,ABOVE_AVERAGE,BELOW_AVERAGE,ZOMBIE,ZOMBIE,STABLE,false,SMART,88.57,0.00,fallback,,75.00,,cpa,true,1.5,225.00,,,,,,
metallbau jobs schweiz,BROAD,EX | 26 | CH | SEARCH | LEAD | Metallbaukonstrukteur,AG | RSA | Metallbaukonstukteur KW Testing,23478160315,194846353335,312603820467,ENABLED,APPROVED,108,10,11.80,0.00,0.00,0.00,0.00,,,0.00,9.26,13.52,0.00,7,ABOVE_AVERAGE,ABOVE_AVERAGE,BELOW_AVERAGE,INSUFFICIENT_DATA,INSUFFICIENT_DATA,STABLE,false,SMART,88.57,0.00,fallback,,75.00,,cpa,true,1.5,225.00,,,,,,
metallbaukonstrukteur jobs,BROAD,EX | 26 | CH | SEARCH | LEAD | Metallbaukonstrukteur,AG | RSA | Metallbaukonstukteur KW Testing,23478160315,194846353335,315391350623,ENABLED,APPROVED,1,0,0.00,0.00,0.00,0.00,0.00,,,,0.00,0.00,0.00,7,ABOVE_AVERAGE,ABOVE_AVERAGE,BELOW_AVERAGE,LOW_PERFORMER,ZOMBIE,IMPROVED,false,SMART,88.57,0.00,fallback,,75.00,,cpa,true,1.5,225.00,,,,,,
cnc fräser jobs,BROAD,EX | 26 | CH | SEARCH | LEAD | Metallbaukonstrukteur,AG | RSA | Metallbaukonstukteur KW Testing,23478160315,194846353335,365166689237,ENABLED,APPROVED,0,0,0.00,0.00,0.00,0.00,0.00,,,,,0.00,0.00,7,ABOVE_AVERAGE,ABOVE_AVERAGE,BELOW_AVERAGE,ZOMBIE,ZOMBIE,STABLE,false,SMART,88.57,0.00,fallback,,75.00,,cpa,true,1.5,225.00,,,,,,
metallbaukonstrukteur,BROAD,EX | 26 | CH | SEARCH | LEAD | Metallbaukonstrukteur,AG | RSA | Metallbaukonstukteur KW Testing,23478160315,194846353335,509066169512,ENABLED,APPROVED,2,0,0.00,0.00,0.00,0.00,0.00,,,,0.00,0.00,0.00,3,BELOW_AVERAGE,ABOVE_AVERAGE,BELOW_AVERAGE,LOW_PERFORMER,ZOMBIE,IMPROVED,false,SMART,88.57,0.00,fallback,,75.00,,cpa,false,1.0,150.00,,,,,,
jobs bau,EXACT,EX | 26 | CH | SEARCH | LEAD | Bauarbeiter,AG | RSA | Bauarbeiter,23473587776,194925305514,1210920370,ENABLED,APPROVED,3,0,0.00,0.00,0.00,0.00,0.00,,,,0.00,0.00,0.00,7,ABOVE_AVERAGE,ABOVE_AVERAGE,BELOW_AVERAGE,LOW_PERFORMER,LOW_PERFORMER,STABLE,false,SMART,61.46,0.00,fallback,,75.00,,cpa,true,1.5,225.00,,,,,,
bauarbeiter jobs,BROAD,EX | 26 | CH | SEARCH | LEAD | Bauarbeiter,AG | RSA | Bauarbeiter,23473587776,194925305514,2225770507,ENABLED,APPROVED,399,31,40.90,0.99,0.99,0.99,0.00,41.20,41.20,0.00,7.77,7.77,11.59,5,AVERAGE,ABOVE_AVERAGE,BELOW_AVERAGE,ACTIVE,UNPROFITABLE,IMPROVED,false,SMART,61.46,0.00,fallback,,75.00,,cpa,true,1.5,225.00,,,,,,
temporärbüro bau,BROAD,EX | 26 | CH | SEARCH | LEAD | Bauarbeiter,AG | RSA | Bauarbeiter,23473587776,194925305514,298160867641,ENABLED,APPROVED,223,37,69.12,1.52,1.52,1.52,0.00,45.51,45.51,0.00,16.59,13.13,17.73,7,AVERAGE,ABOVE_AVERAGE,AVERAGE,ACTIVE,UNPROFITABLE,IMPROVED,false,SMART,61.46,0.00,fallback,,75.00,,cpa,false,1.0,150.00,,,,,,
bauarbeiter jobs zürich,BROAD,EX | 26 | CH | SEARCH | LEAD | Bauarbeiter,AG | RSA | Bauarbeiter,23473587776,194925305514,304338709116,ENABLED,APPROVED,99,20,34.13,1.03,1.03,1.03,0.00,33.17,33.17,0.00,20.20,6.48,12.01,8,ABOVE_AVERAGE,ABOVE_AVERAGE,AVERAGE,ACTIVE,ACTIVE,STABLE,false,SMART,61.46,0.00,fallback,,75.00,,cpa,true,1.5,225.00,,,,,,
hilfsarbeiter bau,BROAD,EX | 26 | CH | SEARCH | LEAD | Bauarbeiter,AG | RSA | Bauarbeiter,23473587776,194925305514,304700265831,ENABLED,APPROVED,554,71,96.70,0.02,0.02,0.02,0.00,4529.70,4529.70,0.00,12.82,18.37,0.25,5,AVERAGE,ABOVE_AVERAGE,BELOW_AVERAGE,UNPROFITABLE,INSUFFICIENT_DATA,DEGRADED,false,SMART,61.46,0.00,fallback,,75.00,,cpa,true,1.5,225.00,3,severe,60.40,95.10,95.10,
offene stellen bau,BROAD,EX | 26 | CH | SEARCH | LEAD | Bauarbeiter,AG | RSA | Bauarbeiter,23473587776,194925305514,305905371826,ENABLED,APPROVED,661,70,123.05,3.01,3.01,3.01,0.00,40.95,40.95,0.00,10.59,23.37,35.08,,,,,HERO,UNPROFITABLE,IMPROVED,false,SMART,61.46,0.00,fallback,,75.00,,cpa,true,1.5,225.00,,,,,,
arbeit auf dem bau,BROAD,EX | 26 | CH | SEARCH | LEAD | Bauarbeiter,AG | RSA | Bauarbeiter,23473587776,194925305514,306467831179,ENABLED,APPROVED,62,2,0.89,0.00,0.00,0.00,0.00,,,0.00,3.23,0.17,0.00,6,ABOVE_AVERAGE,BELOW_AVERAGE,AVERAGE,INSUFFICIENT_DATA,INSUFFICIENT_DATA,STABLE,false,SMART,61.46,0.00,fallback,,75.00,,cpa,true,1.5,225.00,,,,,,
bau jobs schweiz,BROAD,EX | 26 | CH | SEARCH | LEAD | Bauarbeiter,AG | RSA | Bauarbeiter,23473587776,194925305514,314818078761,ENABLED,APPROVED,256,21,22.26,0.00,0.00,0.00,0.00,,,0.00,8.20,4.23,0.00,7,ABOVE_AVERAGE,AVERAGE,AVERAGE,INSUFFICIENT_DATA,INSUFFICIENT_DATA,STABLE,false,SMART,61.46,0.00,fallback,,75.00,,cpa,true,1.5,225.00,,,,,,
baustelle job,EXACT,EX | 26 | CH | SEARCH | LEAD | Bauarbeiter,AG | RSA | Bauarbeiter,23473587776,194925305514,333330587241,ENABLED,APPROVED,39,3,4.77,0.00,0.00,0.00,0.00,,,0.00,7.69,0.91,0.00,7,ABOVE_AVERAGE,ABOVE_AVERAGE,BELOW_AVERAGE,INSUFFICIENT_DATA,INSUFFICIENT_DATA,STABLE,false,SMART,61.46,0.00,fallback,,75.00,,cpa,true,1.5,225.00,,,,,,
construction work near me,PHRASE,EX | 26 | CH | SEARCH | LEAD | Bauarbeiter,AG | RSA | Bauarbeiter,23473587776,194925305514,343810186525,ENABLED,APPROVED,0,0,0.00,0.00,0.00,0.00,0.00,,,,,0.00,0.00,,,,,ZOMBIE,ZOMBIE,STABLE,false,SMART,61.46,0.00,fallback,,75.00,,cpa,false,1.0,150.00,,,,,,
baustelle arbeit,BROAD,EX | 26 | CH | SEARCH | LEAD | Bauarbeiter,AG | RSA | Bauarbeiter,23473587776,194925305514,351539943762,ENABLED,APPROVED,234,35,50.35,1.00,1.00,1.00,0.00,50.35,50.35,0.00,14.96,9.56,11.67,6,ABOVE_AVERAGE,AVERAGE,BELOW_AVERAGE,ACTIVE,INSUFFICIENT_DATA,IMPROVED,false,SMART,61.46,0.00,fallback,,75.00,,cpa,true,1.5,225.00,,,,,,
baustelle jobs,PHRASE,EX | 26 | CH | SEARCH | LEAD | Bauarbeiter,AG | RSA | Bauarbeiter,23473587776,194925305514,353263659590,ENABLED,APPROVED,220,35,56.91,1.00,1.00,1.00,0.00,56.97,56.97,0.00,15.91,10.81,11.66,,,,,ACTIVE,INSUFFICIENT_DATA,IMPROVED,false,SMART,61.46,0.00,fallback,,75.00,,cpa,true,1.5,225.00,,,,,,
baustelle jobs zürich,EXACT,EX | 26 | CH | SEARCH | LEAD | Bauarbeiter,AG | RSA | Bauarbeiter,23473587776,194925305514,390459704788,ENABLED,APPROVED,24,6,12.53,0.00,0.00,0.00,0.00,,,0.00,25.00,2.38,0.00,7,ABOVE_AVERAGE,AVERAGE,AVERAGE,INSUFFICIENT_DATA,INSUFFICIENT_DATA,STABLE,false,SMART,61.46,0.00,fallback,,75.00,,cpa,true,1.5,225.00,,,,,,
bau stellenangebote,EXACT,EX | 26 | CH | SEARCH | LEAD | Bauarbeiter,AG | RSA | Bauarbeiter,23473587776,194925305514,493585112112,ENABLED,APPROVED,3,0,0.00,0.00,0.00,0.00,0.00,,,,0.00,0.00,0.00,,,,,LOW_PERFORMER,ZOMBIE,IMPROVED,false,SMART,61.46,0.00,fallback,,75.00,,cpa,true,1.5,225.00,,,,,,
mitarbeiter baustelle,EXACT,EX | 26 | CH | SEARCH | LEAD | Bauarbeiter,AG | RSA | Bauarbeiter,23473587776,194925305514,665608696059,ENABLED,APPROVED,6,2,3.37,0.00,0.00,0.00,0.00,,,0.00,33.33,0.64,0.00,4,AVERAGE,AVERAGE,BELOW_AVERAGE,INSUFFICIENT_DATA,LOW_PERFORMER,IMPROVED,false,SMART,61.46,0.00,fallback,,75.00,,cpa,true,1.5,225.00,,,,,,
construction worker switzerland,PHRASE,EX | 26 | CH | SEARCH | LEAD | Bauarbeiter,AG | RSA | Bauarbeiter,23473587776,194925305514,2077578230380,ENABLED,APPROVED,38,5,11.48,0.00,0.00,0.00,0.00,,,0.00,13.16,2.18,0.00,8,ABOVE_AVERAGE,ABOVE_AVERAGE,AVERAGE,INSUFFICIENT_DATA,UNPROFITABLE,IMPROVED,false,SMART,61.46,0.00,fallback,,75.00,,cpa,false,1.0,150.00,,,,,,
trabajo de albañil en suiza,PHRASE,EX | 26 | CH | SEARCH | LEAD | Bauarbeiter,AG | RSA | Bauarbeiter,23473587776,194925305514,2373512743331,ENABLED,APPROVED,1,0,0.00,0.00,0.00,0.00,0.00,,,,0.00,0.00,0.00,,,,,LOW_PERFORMER,ZOMBIE,IMPROVED,false,SMART,61.46,0.00,fallback,,75.00,,cpa,false,1.0,150.00,,,,,,
heizungsinstallateur jobs,BROAD,EX | 25 | CH | SEARCH | LEAD | Heizungsinstallateur,AG | RSA | Heizungsinstallateur,23473611323,194933381034,314512095563,ENABLED,APPROVED,647,52,92.28,1.00,1.00,1.00,0.00,92.28,92.28,0.00,8.04,17.40,20.06,5,AVERAGE,ABOVE_AVERAGE,BELOW_AVERAGE,UNPROFITABLE,UNPROFITABLE,STABLE,false,SMART,106.35,0.00,fallback,,75.00,,cpa,true,1.5,225.00,1,watch,1.23,17.28,17.28,
heizungsinstallateur jobs zürich,BROAD,EX | 25 | CH | SEARCH | LEAD | Heizungsinstallateur,AG | RSA | Heizungsinstallateur,23473611323,194933381034,1185690159756,ENABLED,APPROVED,403,41,72.46,0.00,0.00,0.00,0.00,,,0.00,10.17,13.67,0.00,5,AVERAGE,ABOVE_AVERAGE,BELOW_AVERAGE,INSUFFICIENT_DATA,INSUFFICIENT_DATA,STABLE,false,SMART,106.35,0.00,fallback,,75.00,,cpa,true,1.5,225.00,,,,,,
elektriker stellenangebote,EXACT,EX | 25 | CH | SEARCH | LEAD | Montage-Elektriker,AG | RSA | Montage-Elektriker,15145890855,195559356887,2183921581,ENABLED,APPROVED,0,0,0.00,0.00,0.00,0.00,0.00,,,,,0.00,0.00,,,,,ZOMBIE,ZOMBIE,STABLE,false,SMART,66.74,0.00,fallback,,75.00,,cpa,true,1.5,225.00,,,,,,
job betriebselektriker,EXACT,EX | 25 | CH | SEARCH | LEAD | Montage-Elektriker,AG | RSA | Montage-Elektriker,15145890855,195559356887,11502519123,ENABLED,APPROVED,0,0,0.00,0.00,0.00,0.00,0.00,,,,,0.00,0.00,,,,,ZOMBIE,ZOMBIE,STABLE,false,SMART,66.74,0.00,fallback,,75.00,,cpa,true,1.5,225.00,,,,,,
stellenangebote elektromonteur,EXACT,EX | 25 | CH | SEARCH | LEAD | Montage-Elektriker,AG | RSA | Montage-Elektriker,15145890855,195559356887,11502589773,ENABLED,APPROVED,4,1,2.59,0.00,0.00,0.00,0.00,,,0.00,25.00,1.11,0.00,,,,,INSUFFICIENT_DATA,ZOMBIE,IMPROVED,false,SMART,66.74,0.00,fallback,,75.00,,cpa,true,1.5,225.00,,,,,,
montage elektriker jobs,BROAD,EX | 25 | CH | SEARCH | LEAD | Montage-Elektriker,AG | RSA | Montage-Elektriker,15145890855,195559356887,31829320056,ENABLED,APPROVED,477,39,71.86,1.00,1.00,1.00,0.00,71.86,71.86,0.00,8.18,30.69,28.51,5,AVERAGE,ABOVE_AVERAGE,BELOW_AVERAGE,HERO,UNPROFITABLE,IMPROVED,false,SMART,66.74,0.00,fallback,,75.00,,cpa,true,1.5,225.00,,,,,,
elektriker job,BROAD,EX | 25 | CH | SEARCH | LEAD | Montage-Elektriker,AG | RSA | Montage-Elektriker,15145890855,195559356887,300901830212,ENABLED,APPROVED,81,3,6.35,0.00,0.00,0.00,0.00,,,0.00,3.70,2.71,0.00,7,ABOVE_AVERAGE,ABOVE_AVERAGE,BELOW_AVERAGE,INSUFFICIENT_DATA,INSUFFICIENT_DATA,STABLE,false,SMART,66.74,0.00,fallback,,75.00,,cpa,true,1.5,225.00,,,,,,
job als elektriker,BROAD,EX | 25 | CH | SEARCH | LEAD | Montage-Elektriker,AG | RSA | Montage-Elektriker,15145890855,195559356887,301804124777,ENABLED,APPROVED,292,19,36.75,0.00,0.00,0.00,0.00,,,0.00,6.51,15.70,0.00,,,,,INSUFFICIENT_DATA,INSUFFICIENT_DATA,STABLE,false,SMART,66.74,0.00,fallback,,75.00,,cpa,true,1.5,225.00,,,,,,
elektriker stelle,EXACT,EX | 25 | CH | SEARCH | LEAD | Montage-Elektriker,AG | RSA | Montage-Elektriker,15145890855,195559356887,302778217356,ENABLED,APPROVED,0,0,0.00,0.00,0.00,0.00,0.00,,,,,0.00,0.00,,,,,ZOMBIE,ZOMBIE,STABLE,false,SMART,66.74,0.00,fallback,,75.00,,cpa,true,1.5,225.00,,,,,,
elektriker basel,BROAD,EX | 25 | CH | SEARCH | LEAD | Montage-Elektriker,AG | RSA | Montage-Elektriker,15145890855,195559356887,313831746214,ENABLED,APPROVED,2,1,0.77,0.00,0.00,0.00,0.00,,,0.00,50.00,0.33,0.00,5,AVERAGE,ABOVE_AVERAGE,BELOW_AVERAGE,INSUFFICIENT_DATA,LOW_PERFORMER,IMPROVED,false,SMART,66.74,0.00,fallback,,75.00,,cpa,false,1.0,150.00,,,,,,
construction and maintenance electrician,PHRASE,EX | 25 | CH | SEARCH | LEAD | Montage-Elektriker,AG | RSA | Montage-Elektriker,15145890855,195559356887,330417796533,ENABLED,APPROVED,0,0,0.00,0.00,0.00,0.00,0.00,,,,,0.00,0.00,,,,,ZOMBIE,ZOMBIE,STABLE,false,SMART,66.74,0.00,fallback,,75.00,,cpa,false,1.0,150.00,,,,,,
arbeit betriebselektriker,EXACT,EX | 25 | CH | SEARCH | LEAD | Montage-Elektriker,AG | RSA | Montage-Elektriker,15145890855,195559356887,331493304706,ENABLED,APPROVED,0,0,0.00,0.00,0.00,0.00,0.00,,,,,0.00,0.00,,,,,ZOMBIE,ZOMBIE,STABLE,false,SMART,66.74,0.00,fallback,,75.00,,cpa,true,1.5,225.00,,,,,,
montage elektriker efz,BROAD,EX | 25 | CH | SEARCH | LEAD | Montage-Elektriker,AG | RSA | Montage-Elektriker,15145890855,195559356887,349728739356,ENABLED,APPROVED,117,6,10.68,0.49,0.49,0.49,0.00,21.86,21.86,0.00,5.13,4.56,13.93,5,AVERAGE,ABOVE_AVERAGE,BELOW_AVERAGE,ACTIVE,LOW_PERFORMER,IMPROVED,false,SMART,66.74,0.00,fallback,,75.00,,cpa,true,1.5,225.00,,,,,,
elektroniker efz,EXACT,EX | 25 | CH | SEARCH | LEAD | Montage-Elektriker,AG | RSA | Montage-Elektriker,15145890855,195559356887,372630950145,ENABLED,APPROVED,6,0,0.00,0.00,0.00,0.00,0.00,,,,0.00,0.00,0.00,4,AVERAGE,AVERAGE,BELOW_AVERAGE,LOW_PERFORMER,LOW_PERFORMER,STABLE,false,SMART,66.74,0.00,fallback,,75.00,,cpa,true,1.5,225.00,,,,,,
montage elektriker jobs zürich,EXACT,EX | 25 | CH | SEARCH | LEAD | Montage-Elektriker,AG | RSA | Montage-Elektriker,15145890855,195559356887,389024344970,ENABLED,APPROVED,2,0,0.00,0.00,0.00,0.00,0.00,,,,0.00,0.00,0.00,5,AVERAGE,ABOVE_AVERAGE,BELOW_AVERAGE,LOW_PERFORMER,LOW_PERFORMER,STABLE,false,SMART,66.74,0.00,fallback,,75.00,,cpa,true,1.5,225.00,,,,,,
lavoro come elettricista in svizzera,PHRASE,EX | 25 | CH | SEARCH | LEAD | Montage-Elektriker,AG | RSA | Montage-Elektriker,15145890855,195559356887,454279766526,ENABLED,APPROVED,1,0,0.00,0.00,0.00,0.00,0.00,,,,0.00,0.00,0.00,,,,,LOW_PERFORMER,ZOMBIE,IMPROVED,false,SMART,66.74,0.00,fallback,,75.00,,cpa,false,1.0,150.00,,,,,,
montageelektriker,BROAD,EX | 25 | CH | SEARCH | LEAD | Montage-Elektriker,AG | RSA | Montage-Elektriker,15145890855,195559356887,662796260626,ENABLED,APPROVED,4,0,0.00,0.00,0.00,0.00,0.00,,,,0.00,0.00,0.00,2,BELOW_AVERAGE,AVERAGE,BELOW_AVERAGE,LOW_PERFORMER,INSUFFICIENT_DATA,DEGRADED,false,SMART,66.74,0.00,fallback,,75.00,,cpa,false,1.0,150.00,,,,,,
elektriker temporär,BROAD,EX | 25 | CH | SEARCH | LEAD | Montage-Elektriker,AG | RSA | Montage-Elektriker,15145890855,195559356887,950371173748,ENABLED,APPROVED,253,30,63.99,2.02,2.02,2.02,0.00,31.69,31.69,0.00,11.86,27.33,57.57,7,AVERAGE,ABOVE_AVERAGE,AVERAGE,HERO,INSUFFICIENT_DATA,IMPROVED,false,SMART,66.74,0.00,fallback,,75.00,,cpa,false,1.0,150.00,,,,,,
electrician job in switzerland,EXACT,EX | 25 | CH | SEARCH | LEAD | Montage-Elektriker,AG | RSA | Montage-Elektriker,15145890855,195559356887,1066748893605,ENABLED,APPROVED,0,0,0.00,0.00,0.00,0.00,0.00,,,,,0.00,0.00,,,,,ZOMBIE,ZOMBIE,STABLE,false,SMART,66.74,0.00,fallback,,75.00,,cpa,true,1.5,225.00,,,,,,
elektriker temporärbüro,BROAD,EX | 25 | CH | SEARCH | LEAD | Montage-Elektriker,AG | RSA | Montage-Elektriker,15145890855,195559356887,2007378306629,ENABLED,APPROVED,224,19,41.12,0.00,0.00,0.00,0.00,,,0.00,8.48,17.56,0.00,8,ABOVE_AVERAGE,ABOVE_AVERAGE,AVERAGE,INSUFFICIENT_DATA,HERO,DEGRADED,false,SMART,66.74,0.00,fallback,,75.00,,cpa,false,1.0,150.00,,,,,,
stellenangebote gerüstbauer,EXACT,EX | 25 | CH | SEARCH | LEAD | Gerüstbauer,AG | RSA | Gerüstbauer,23478231493,195707765470,7348738886,ENABLED,APPROVED,0,0,0.00,0.00,0.00,0.00,0.00,,,,,0.00,0.00,,,,,ZOMBIE,LOW_PERFORMER,DEGRADED,false,SMART,,0.00,fallback,,75.00,,cpa,true,1.5,225.00,,,,,,
gerüstbauer gesucht,EXACT,EX | 25 | CH | SEARCH | LEAD | Gerüstbauer,AG | RSA | Gerüstbauer,23478231493,195707765470,10532003024,ENABLED,APPROVED,0,0,0.00,0.00,0.00,0.00,0.00,,,,,0.00,0.00,5,AVERAGE,ABOVE_AVERAGE,BELOW_AVERAGE,ZOMBIE,ZOMBIE,STABLE,false,SMART,,0.00,fallback,,75.00,,cpa,false,1.0,150.00,,,,,,
gerüstbauer stellenangebote,EXACT,EX | 25 | CH | SEARCH | LEAD | Gerüstbauer,AG | RSA | Gerüstbauer,23478231493,195707765470,12301935760,ENABLED,APPROVED,9,1,1.42,0.00,0.00,0.00,0.00,,,0.00,11.11,1.61,0.00,3,BELOW_AVERAGE,ABOVE_AVERAGE,BELOW_AVERAGE,INSUFFICIENT_DATA,INSUFFICIENT_DATA,STABLE,false,SMART,,0.00,fallback,,75.00,,cpa,true,1.5,225.00,,,,,,
gerüstbauer jobs,EXACT,EX | 25 | CH | SEARCH | LEAD | Gerüstbauer,AG | RSA | Gerüstbauer,23478231493,195707765470,12301937110,ENABLED,APPROVED,22,2,2.97,0.00,0.00,0.00,0.00,,,0.00,9.09,3.37,0.00,5,AVERAGE,ABOVE_AVERAGE,BELOW_AVERAGE,INSUFFICIENT_DATA,INSUFFICIENT_DATA,STABLE,false,SMART,,0.00,fallback,,75.00,,cpa,true,1.5,225.00,,,,,,
gerüstbauer arbeit,EXACT,EX | 25 | CH | SEARCH | LEAD | Gerüstbauer,AG | RSA | Gerüstbauer,23478231493,195707765470,12301955740,ENABLED,APPROVED,4,0,0.00,0.00,0.00,0.00,0.00,,,,0.00,0.00,0.00,,,,,LOW_PERFORMER,INSUFFICIENT_DATA,DEGRADED,false,SMART,,0.00,fallback,,75.00,,cpa,true,1.5,225.00,,,,,,
gerüstbauer job,EXACT,EX | 25 | CH | SEARCH | LEAD | Gerüstbauer,AG | RSA | Gerüstbauer,23478231493,195707765470,27287116937,ENABLED,APPROVED,5,1,2.56,0.00,0.00,0.00,0.00,,,0.00,20.00,2.91,0.00,3,BELOW_AVERAGE,ABOVE_AVERAGE,BELOW_AVERAGE,INSUFFICIENT_DATA,LOW_PERFORMER,IMPROVED,false,SMART,,0.00,fallback,,75.00,,cpa,true,1.5,225.00,,,,,,
gerüstbauer jobs,PHRASE,EX | 25 | CH | SEARCH | LEAD | Gerüstbauer,AG | RSA | Gerüstbauer,23478231493,195707765470,307767267753,ENABLED,APPROVED,50,8,18.77,0.00,0.00,0.00,0.00,,,0.00,16.00,21.31,0.00,5,AVERAGE,ABOVE_AVERAGE,BELOW_AVERAGE,INSUFFICIENT_DATA,HERO,DEGRADED,false,SMART,,0.00,fallback,,75.00,,cpa,true,1.5,225.00,,,,,,
gerüstbauer stellenangebot,PHRASE,EX | 25 | CH | SEARCH | LEAD | Gerüstbauer,AG | RSA | Gerüstbauer,23478231493,195707765470,358091324134,ENABLED,APPROVED,101,13,26.26,0.00,0.00,0.00,0.00,,,0.00,12.87,29.81,0.00,,,,,INSUFFICIENT_DATA,HERO,DEGRADED,false,SMART,,0.00,fallback,,75.00,,cpa,true,1.5,225.00,,,,,,
stellen gerüstbau,PHRASE,EX | 25 | CH | SEARCH | LEAD | Gerüstbauer,AG | RSA | Gerüstbauer,23478231493,195707765470,470415829340,ENABLED,APPROVED,84,9,19.83,0.00,0.00,0.00,0.00,,,0.00,10.71,22.51,0.00,5,AVERAGE,ABOVE_AVERAGE,BELOW_AVERAGE,INSUFFICIENT_DATA,INSUFFICIENT_DATA,STABLE,false,SMART,,0.00,fallback,,75.00,,cpa,true,1.5,225.00,,,,,,
gerüstbauer stelle,PHRASE,EX | 25 | CH | SEARCH | LEAD | Gerüstbauer,AG | RSA | Gerüstbauer,23478231493,195707765470,1641588936132,ENABLED,APPROVED,42,10,14.56,0.00,0.00,0.00,0.00,,,0.00,23.81,16.53,0.00,5,AVERAGE,ABOVE_AVERAGE,BELOW_AVERAGE,INSUFFICIENT_DATA,INSUFFICIENT_DATA,STABLE,false,SMART,,0.00,fallback,,75.00,,cpa,true,1.5,225.00,,,,,,
gerüstbau zürich jobs,PHRASE,EX | 25 | CH | SEARCH | LEAD | Gerüstbauer,AG | RSA | Gerüstbauer,23478231493,195707765470,2487522744902,ENABLED,APPROVED,9,1,1.73,0.00,0.00,0.00,0.00,,,0.00,11.11,1.96,0.00,7,ABOVE_AVERAGE,ABOVE_AVERAGE,BELOW_AVERAGE,INSUFFICIENT_DATA,ZOMBIE,IMPROVED,false,SMART,,0.00,fallback,,75.00,,cpa,true,1.5,225.00,,,,,,
garten jobs,BROAD,EX | 25 | CH | SEARCH | LEAD | Gärtner,AG | RSA | Gärtner,23468547546,197528102051,301655667966,ENABLED,APPROVED,404,43,48.47,4.18,4.18,4.18,0.00,11.59,11.59,0.00,10.64,22.64,62.86,5,AVERAGE,ABOVE_AVERAGE,BELOW_AVERAGE,HERO,INSUFFICIENT_DATA,IMPROVED,false,SMART,32.17,0.00,fallback,,75.00,,cpa,true,1.5,225.00,,,,,,
gärtner stellenangebot,BROAD,EX | 25 | CH | SEARCH | LEAD | Gärtner,AG | RSA | Gärtner,23468547546,197528102051,305961883638,ENABLED,APPROVED,134,1,1.06,0.00,0.00,0.00,0.00,,,0.00,0.75,0.50,0.00,,,,,INSUFFICIENT_DATA,INSUFFICIENT_DATA,STABLE,false,SMART,32.17,0.00,fallback,,75.00,,cpa,true,1.5,225.00,,,,,,
job als gärtner,BROAD,EX | 25 | CH | SEARCH | LEAD | Gärtner,AG | RSA | Gärtner,23468547546,197528102051,309840000403,ENABLED,APPROVED,617,77,107.36,1.50,1.50,1.50,0.00,71.57,71.57,0.00,12.48,50.16,22.55,,,,,HERO,HERO,STABLE,false,SMART,32.17,0.00,fallback,,75.00,,cpa,true,1.5,225.00,,,,,,
job gartenbau,PHRASE,EX | 25 | CH | SEARCH | LEAD | Gärtner,AG | RSA | Gärtner,23468547546,197528102051,311288382361,ENABLED,APPROVED,107,8,9.57,0.00,0.00,0.00,0.00,,,0.00,7.48,4.47,0.00,7,ABOVE_AVERAGE,ABOVE_AVERAGE,BELOW_AVERAGE,INSUFFICIENT_DATA,INSUFFICIENT_DATA,STABLE,false,SMART,32.17,0.00,fallback,,75.00,,cpa,true,1.5,225.00,,,,,,
gärtner jobs zürich,EXACT,EX | 25 | CH | SEARCH | LEAD | Gärtner,AG | RSA | Gärtner,23468547546,197528102051,315983469720,ENABLED,APPROVED,11,1,0.52,0.97,0.97,0.97,0.00,0.54,0.54,0.00,9.09,0.24,14.59,5,AVERAGE,ABOVE_AVERAGE,BELOW_AVERAGE,ACTIVE,INSUFFICIENT_DATA,IMPROVED,false,SMART,32.17,0.00,fallback,,75.00,,cpa,true,1.5,225.00,,,,,,
gärtner arbeit,BROAD,EX | 25 | CH | SEARCH | LEAD | Gärtner,AG | RSA | Gärtner,23468547546,197528102051,326070154523,ENABLED,APPROVED,172,14,16.63,0.00,0.00,0.00,0.00,,,0.00,8.14,7.77,0.00,5,AVERAGE,ABOVE_AVERAGE,BELOW_AVERAGE,INSUFFICIENT_DATA,INSUFFICIENT_DATA,STABLE,false,SMART,32.17,0.00,fallback,,75.00,,cpa,true,1.5,225.00,,,,,,
gartenhilfe jobs,PHRASE,EX | 25 | CH | SEARCH | LEAD | Gärtner,AG | RSA | Gärtner,23468547546,197528102051,353147795246,ENABLED,APPROVED,57,3,0.96,0.00,0.00,0.00,0.00,,,0.00,5.26,0.45,0.00,7,ABOVE_AVERAGE,ABOVE_AVERAGE,BELOW_AVERAGE,INSUFFICIENT_DATA,INSUFFICIENT_DATA,STABLE,false,SMART,32.17,0.00,fallback,,75.00,,cpa,true,1.5,225.00,,,,,,
zierpflanzengärtner jobs,PHRASE,EX | 25 | CH | SEARCH | LEAD | Gärtner,AG | RSA | Gärtner,23468547546,197528102051,359009509824,ENABLED,APPROVED,4,0,0.00,0.00,0.00,0.00,0.00,,,,0.00,0.00,0.00,5,AVERAGE,ABOVE_AVERAGE,BELOW_AVERAGE,LOW_PERFORMER,ZOMBIE,IMPROVED,false,SMART,32.17,0.00,fallback,,75.00,,cpa,true,1.5,225.00,,,,,,
hilfsgärtner jobs,BROAD,EX | 25 | CH | SEARCH | LEAD | Gärtner,AG | RSA | Gärtner,23468547546,197528102051,362639620732,ENABLED,APPROVED,209,16,20.07,0.00,0.00,0.00,0.00,,,0.00,7.66,9.38,0.00,5,AVERAGE,ABOVE_AVERAGE,BELOW_AVERAGE,INSUFFICIENT_DATA,INSUFFICIENT_DATA,STABLE,false,SMART,32.17,0.00,fallback,,75.00,,cpa,true,1.5,225.00,,,,,,
gartenbauhelfer jobs,PHRASE,EX | 25 | CH | SEARCH | LEAD | Gärtner,AG | RSA | Gärtner,23468547546,197528102051,383696322644,ENABLED,APPROVED,0,0,0.00,0.00,0.00,0.00,0.00,,,,,0.00,0.00,1,BELOW_AVERAGE,BELOW_AVERAGE,BELOW_AVERAGE,ZOMBIE,LOW_PERFORMER,DEGRADED,false,SMART,32.17,0.00,fallback,,75.00,,cpa,true,1.5,225.00,,,,,,
gartenbau jobsuche,PHRASE,EX | 25 | CH | SEARCH | LEAD | Gärtner,AG | RSA | Gärtner,23468547546,197528102051,442474665585,ENABLED,APPROVED,155,6,6.15,0.00,0.00,0.00,0.00,,,0.00,3.87,2.87,0.00,,,,,INSUFFICIENT_DATA,INSUFFICIENT_DATA,STABLE,false,SMART,32.17,0.00,fallback,,75.00,,cpa,true,1.5,225.00,,,,,,
gardener jobs,PHRASE,EX | 25 | CH | SEARCH | LEAD | Gärtner,AG | RSA | Gärtner,23468547546,197528102051,487770634312,ENABLED,APPROVED,8,1,1.14,0.00,0.00,0.00,0.00,,,0.00,12.50,0.53,0.00,,,,,INSUFFICIENT_DATA,ZOMBIE,IMPROVED,false,SMART,32.17,0.00,fallback,,75.00,,cpa,true,1.5,225.00,,,,,,
gärtner stellen basel,EXACT,EX | 25 | CH | SEARCH | LEAD | Gärtner,AG | RSA | Gärtner,23468547546,197528102051,514943179108,ENABLED,APPROVED,42,2,2.12,0.00,0.00,0.00,0.00,,,0.00,4.76,0.99,0.00,5,AVERAGE,ABOVE_AVERAGE,BELOW_AVERAGE,INSUFFICIENT_DATA,LOW_PERFORMER,IMPROVED,false,SMART,32.17,0.00,fallback,,75.00,,cpa,true,1.5,225.00,,,,,,
gärtner job in der nähe,EXACT,EX | 25 | CH | SEARCH | LEAD | Gärtner,AG | RSA | Gärtner,23468547546,197528102051,2565618609832,ENABLED,APPROVED,1,0,0.00,0.00,0.00,0.00,0.00,,,,0.00,0.00,0.00,7,ABOVE_AVERAGE,ABOVE_AVERAGE,BELOW_AVERAGE,LOW_PERFORMER,ZOMBIE,IMPROVED,false,SMART,32.17,0.00,fallback,,75.00,,cpa,true,1.5,225.00,,,,,,
cnc jobs,BROAD,EX | 26 | CH | SEARCH | LEAD | Metallbaukonstrukteur,AG | RSA | Metallbaukonstukteur,23478160315,198596624624,18621642,ENABLED,APPROVED,29,1,0.27,0.00,0.00,0.00,0.00,,,0.00,3.45,0.31,0.00,5,AVERAGE,ABOVE_AVERAGE,BELOW_AVERAGE,INSUFFICIENT_DATA,INSUFFICIENT_DATA,STABLE,false,SMART,88.57,0.00,fallback,,75.00,,cpa,true,1.5,225.00,,,,,,
jobs metallbaukonstrukteur,BROAD,EX | 26 | CH | SEARCH | LEAD | Metallbaukonstrukteur,AG | RSA | Metallbaukonstukteur,23478160315,198596624624,382257075747,ENABLED,APPROVED,463,37,51.22,0.99,0.99,0.99,0.00,51.97,51.97,0.00,7.99,58.68,100.00,,,,,HERO,INSUFFICIENT_DATA,IMPROVED,false,SMART,88.57,0.00,fallback,,75.00,,cpa,true,1.5,225.00,,,,,,
stellen metallbaukonstrukteur,BROAD,EX | 26 | CH | SEARCH | LEAD | Metallbaukonstrukteur,AG | RSA | Metallbaukonstukteur,23478160315,198596624624,575736412518,ENABLED,APPROVED,200,28,23.99,0.00,0.00,0.00,0.00,,,0.00,14.00,27.49,0.00,,,,,INSUFFICIENT_DATA,INSUFFICIENT_DATA,STABLE,false,SMART,88.57,0.00,fallback,,75.00,,cpa,true,1.5,225.00,,,,,,
jobs bohrtechnik,BROAD,EX | 26 | CH | SEARCH | LEAD | Grundbauer,AG | RSA | Grundbauer,23473608146,200330564308,314816992459,ENABLED,APPROVED,0,0,0.00,0.00,0.00,0.00,0.00,,,,,0.00,0.00,,,,,ZOMBIE,ZOMBIE,STABLE,false,SMART,50.75,0.00,fallback,,75.00,,cpa,true,1.5,225.00,,,,,,
stellenangebote tiefbaufacharbeiter,BROAD,EX | 26 | CH | SEARCH | LEAD | Grundbauer,AG | RSA | Grundbauer,23473608146,200330564308,343355616713,ENABLED,APPROVED,575,59,100.97,1.50,1.50,1.50,0.00,67.31,67.31,0.00,10.26,28.41,21.42,,,,,OVER_TARGET,INSUFFICIENT_DATA,IMPROVED,false,SMART,50.75,0.00,fallback,,75.00,,cpa,true,1.5,225.00,1,watch,1.33,24.85,24.85,
spezialtiefbau stellen,BROAD,EX | 26 | CH | SEARCH | LEAD | Grundbauer,AG | RSA | Grundbauer,23473608146,200330564308,358066503254,ENABLED,APPROVED,1357,130,217.82,3.50,3.50,3.50,0.00,62.17,62.17,0.00,9.58,61.28,50.03,,,,,HERO,INSUFFICIENT_DATA,IMPROVED,false,SMART,50.75,0.00,fallback,,75.00,,cpa,true,1.5,225.00,,,,,,
facharbeiter tiefbau,BROAD,EX | 26 | CH | SEARCH | LEAD | Grundbauer,AG | RSA | Grundbauer,23473608146,200330564308,388769533905,ENABLED,APPROVED,345,23,36.65,2.00,2.00,2.00,0.00,18.32,18.32,0.00,6.67,10.31,28.56,,,,,ACTIVE,HERO,DEGRADED,false,SMART,50.75,0.00,fallback,,75.00,,cpa,true,1.5,225.00,,,,,,
grundbauer efz,BROAD,EX | 26 | CH | SEARCH | LEAD | Grundbauer,AG | RSA | Grundbauer,23473608146,200330564308,751650962057,ENABLED,APPROVED,0,0,0.00,0.00,0.00,0.00,0.00,,,,,0.00,0.00,,,,,ZOMBIE,ZOMBIE,STABLE,false,SMART,50.75,0.00,fallback,,75.00,,cpa,true,1.5,225.00,,,,,,
klemm bohrtechnik stellenangebote,BROAD,EX | 26 | CH | SEARCH | LEAD | Grundbauer,AG | RSA | Grundbauer,23473608146,200330564308,2463235997703,ENABLED,APPROVED,0,0,0.00,0.00,0.00,0.00,0.00,,,,,0.00,0.00,,,,,ZOMBIE,ZOMBIE,STABLE,false,SMART,50.75,0.00,fallback,,75.00,,cpa,true,1.5,225.00,,,,,,
