placement,display_name,placement_type,campaign_name,campaign_id,campaign_channel_type,impressions,clicks,ctr,cost,conversions,cost_per_conversion,conversions_value,view_through_conversions,all_conversions,campaign_avg_cpa,campaign_avg_ctr,flag_type,flag_severity,flag_detail
"UCRXeotOurT4O18UecCmyvRw","Viraltek","YOUTUBE_CHANNEL","Video View DRAFT","23807887103","VIDEO",9825,0,0.0000,79.21,0,0.00,0,0,19,0.00,0.0015,"ZERO_CLICK","Medium","9825 impressions with 0 clicks"
"UCwWhs_6x42TyRM4Wstoq8HA","The Daily Show","YOUTUBE_CHANNEL","Video View DRAFT","23807887103","VIDEO",1125,0,0.0000,5.81,0,0.00,0,0,1,0.00,0.0015,"ZERO_CLICK","Medium","1125 impressions with 0 clicks"
"UC9r9HYFxEQOBXSopFS61ZWg","MeidasTouch","YOUTUBE_CHANNEL","Video View DRAFT","23807887103","VIDEO",1091,0,0.0000,5.38,0,0.00,0,0,3,0.00,0.0015,"ZERO_CLICK","Medium","1091 impressions with 0 clicks"
"UChE2pPdzHwtzUk7GFgATqVg","Amazing Theater","YOUTUBE_CHANNEL","Video View DRAFT","23807887103","VIDEO",8,1,0.1250,0.17,0,0.00,0,0,0,0.00,0.0015,"HIGH_CTR_ACCIDENTAL","High","CTR 12.5% suggests accidental clicks"
"UCFE5BOsfmMBj3XJdneL6abw","GORNATION","YOUTUBE_CHANNEL","Video View DRAFT","23807887103","VIDEO",2,1,0.5000,0.17,0,0.00,0,0,4,0.00,0.0015,"HIGH_CTR_ACCIDENTAL","High","CTR 50.0% suggests accidental clicks"
"UCvAD3EQC4-_oEIThqMhWOAQ","TacticalRab","YOUTUBE_CHANNEL","Video View DRAFT","23807887103","VIDEO",1,1,1.0000,0.16,0,0.00,0,0,0,0.00,0.0015,"HIGH_CTR_ACCIDENTAL","High","CTR 100.0% suggests accidental clicks"
"UCOTaQOueW7Va3rVF3PGL4hw","Aaron Esser","YOUTUBE_CHANNEL","Video View DRAFT","23807887103","VIDEO",5,1,0.2000,0.16,0,0.00,0,0,0,0.00,0.0015,"HIGH_CTR_ACCIDENTAL","High","CTR 20.0% suggests accidental clicks"
"UCGjEbsGoyWSJlMjzuWM4FKQ","Thy Art Is Murder","YOUTUBE_CHANNEL","Video View DRAFT","23807887103","VIDEO",18,2,0.1111,0.15,0,0.00,0,0,4,0.00,0.0015,"HIGH_CTR_ACCIDENTAL","High","CTR 11.1% suggests accidental clicks"
"UCdWLJje8REqk6QXePwk9qmQ","ResellingHistory","YOUTUBE_CHANNEL","Video View DRAFT","23807887103","VIDEO",5,1,0.2000,0.14,0,0.00,0,0,0,0.00,0.0015,"HIGH_CTR_ACCIDENTAL","High","CTR 20.0% suggests accidental clicks"
"UCoPXAn8QnYeVLvcW8z9LDmQ","Roman Sharf","YOUTUBE_CHANNEL","Video View DRAFT","23807887103","VIDEO",12,3,0.2500,0.13,0,0.00,0,0,0,0.00,0.0015,"HIGH_CTR_ACCIDENTAL","High","CTR 25.0% suggests accidental clicks"
"UCBbhh1GKazuVzZn4GtlPBWQ","Aspiringspike","YOUTUBE_CHANNEL","Video View DRAFT","23807887103","VIDEO",3,1,0.3333,0.13,0,0.00,0,0,1,0.00,0.0015,"HIGH_CTR_ACCIDENTAL","High","CTR 33.3% suggests accidental clicks"
"UCUgE8CXjb-sE5m2MTEpjZ1Q","DTwizzy","YOUTUBE_CHANNEL","Video View DRAFT","23807887103","VIDEO",1,1,1.0000,0.12,0,0.00,0,0,0,0.00,0.0015,"HIGH_CTR_ACCIDENTAL","High","CTR 100.0% suggests accidental clicks"
"UC8Km1wFRidaaGluly82AZ-A","coco & clair clair","YOUTUBE_CHANNEL","Video View DRAFT","23807887103","VIDEO",7,1,0.1429,0.12,0,0.00,0,0,0,0.00,0.0015,"HIGH_CTR_ACCIDENTAL","High","CTR 14.3% suggests accidental clicks"
"UCdHqdfzdvT7tbAfeQM1gLnQ","Grant Rudow","YOUTUBE_CHANNEL","Video View DRAFT","23807887103","VIDEO",1,1,1.0000,0.12,0,0.00,0,0,0,0.00,0.0015,"HIGH_CTR_ACCIDENTAL","High","CTR 100.0% suggests accidental clicks"
"UCU_8AjoQFl4KglLAVc1yhTg","Knucks","YOUTUBE_CHANNEL","Video View DRAFT","23807887103","VIDEO",7,1,0.1429,0.11,0,0.00,0,0,0,0.00,0.0015,"HIGH_CTR_ACCIDENTAL","High","CTR 14.3% suggests accidental clicks"
"UC4XJeGGdXj0vA4CxDDJ8J_A","Cakes & Eclairs","YOUTUBE_CHANNEL","Video View DRAFT","23807887103","VIDEO",14,2,0.1429,0.11,0,0.00,0,0,1,0.00,0.0015,"HIGH_CTR_ACCIDENTAL","High","CTR 14.3% suggests accidental clicks"
"UCg8h9rFBF-5qFWQdMPslPDQ","Tai","YOUTUBE_CHANNEL","Video View DRAFT","23807887103","VIDEO",15,2,0.1333,0.11,0,0.00,0,0,4,0.00,0.0015,"HIGH_CTR_ACCIDENTAL","High","CTR 13.3% suggests accidental clicks"
"UCfsbn7NkF2n4KQp2XBluz_g","More Magnus","YOUTUBE_CHANNEL","Video View DRAFT","23807887103","VIDEO",9,1,0.1111,0.10,0,0.00,0,0,0,0.00,0.0015,"HIGH_CTR_ACCIDENTAL","High","CTR 11.1% suggests accidental clicks"
"UCF_dyjQiup3bU6EWPSqor9g","𝐌𝐨𝐭𝐢𝐟𝐲 ","YOUTUBE_CHANNEL","Video View DRAFT","23807887103","VIDEO",3,1,0.3333,0.09,0,0.00,0,0,0,0.00,0.0015,"HIGH_CTR_ACCIDENTAL","High","CTR 33.3% suggests accidental clicks"
"UCHai12P6Gh7PaIYZGnzyrSA","AmyWinehouseVEVO","YOUTUBE_CHANNEL","Video View DRAFT","23807887103","VIDEO",4,1,0.2500,0.09,0,0.00,0,0,0,0.00,0.0015,"HIGH_CTR_ACCIDENTAL","High","CTR 25.0% suggests accidental clicks"
"UCCLiQjxOLiL8t8hwl5iB3mA","CineRanter","YOUTUBE_CHANNEL","Video View DRAFT","23807887103","VIDEO",7,1,0.1429,0.08,0,0.00,0,0,0,0.00,0.0015,"HIGH_CTR_ACCIDENTAL","High","CTR 14.3% suggests accidental clicks"
"UCRcL3ag9PGY8GDWsGwfrHAg","Mat and Chels React","YOUTUBE_CHANNEL","Video View DRAFT","23807887103","VIDEO",11,2,0.1818,0.08,0,0.00,0,0,0,0.00,0.0015,"HIGH_CTR_ACCIDENTAL","High","CTR 18.2% suggests accidental clicks"
"UC67nCxHHn4bIUU5-SqLEGdw","TicTALK with Aster Amoyo","YOUTUBE_CHANNEL","Video View DRAFT","23807887103","VIDEO",9,1,0.1111,0.08,0,0.00,0,0,5,0.00,0.0015,"HIGH_CTR_ACCIDENTAL","High","CTR 11.1% suggests accidental clicks"
"UCIDlKYC7I6_76jCUBdX-6VQ","KYRSP33DY","YOUTUBE_CHANNEL","Video View DRAFT","23807887103","VIDEO",7,1,0.1429,0.08,0,0.00,0,0,3,0.00,0.0015,"HIGH_CTR_ACCIDENTAL","High","CTR 14.3% suggests accidental clicks"
"UCEAej4dCSCph1vlB98hXcQg","Grim Salvo","YOUTUBE_CHANNEL","Video View DRAFT","23807887103","VIDEO",4,1,0.2500,0.08,0,0.00,0,0,0,0.00,0.0015,"HIGH_CTR_ACCIDENTAL","High","CTR 25.0% suggests accidental clicks"
"UCTjqo_3046IXFFGZ_M5jedA","jackisanerd","YOUTUBE_CHANNEL","Video View DRAFT","23807887103","VIDEO",6,1,0.1667,0.07,0,0.00,0,0,67,0.00,0.0015,"HIGH_CTR_ACCIDENTAL","High","CTR 16.7% suggests accidental clicks"
"UCEQFV67CRsLQt40wLteSUUA","NFuel","YOUTUBE_CHANNEL","Video View DRAFT","23807887103","VIDEO",3,1,0.3333,0.07,0,0.00,0,0,0,0.00,0.0015,"HIGH_CTR_ACCIDENTAL","High","CTR 33.3% suggests accidental clicks"
"UCQsJ--Y3PMHCXdj7wGPsD7A","RAZZLE","YOUTUBE_CHANNEL","Video View DRAFT","23807887103","VIDEO",6,1,0.1667,0.07,0,0.00,0,0,0,0.00,0.0015,"HIGH_CTR_ACCIDENTAL","High","CTR 16.7% suggests accidental clicks"
"UCYCMxflBttiOL9l3vJQf6Vg","The Nightowl","YOUTUBE_CHANNEL","Video View DRAFT","23807887103","VIDEO",6,1,0.1667,0.07,0,0.00,0,0,0,0.00,0.0015,"HIGH_CTR_ACCIDENTAL","High","CTR 16.7% suggests accidental clicks"
"UCkTDaTtrfRhIBVtDxyjaRng","The Anointed Screen ","YOUTUBE_CHANNEL","Video View DRAFT","23807887103","VIDEO",7,1,0.1429,0.07,0,0.00,0,0,0,0.00,0.0015,"HIGH_CTR_ACCIDENTAL","High","CTR 14.3% suggests accidental clicks"
"UC-61RtjF3g2Pyc2f5VrWEIg","Layto","YOUTUBE_CHANNEL","Video View DRAFT","23807887103","VIDEO",9,1,0.1111,0.07,0,0.00,0,0,3,0.00,0.0015,"HIGH_CTR_ACCIDENTAL","High","CTR 11.1% suggests accidental clicks"
"UCHgiEPzSMunohyGncZkoMoA","salon tube","YOUTUBE_CHANNEL","Video View DRAFT","23807887103","VIDEO",8,1,0.1250,0.07,0,0.00,0,0,2,0.00,0.0015,"HIGH_CTR_ACCIDENTAL","High","CTR 12.5% suggests accidental clicks"
"UC8kk1qPnZIJHSaBuyMYWX4Q","Hải Văn ở Trung Quốc ","YOUTUBE_CHANNEL","Video View DRAFT","23807887103","VIDEO",9,1,0.1111,0.07,0,0.00,0,0,3,0.00,0.0015,"HIGH_CTR_ACCIDENTAL","High","CTR 11.1% suggests accidental clicks"
"UCYZKE8AlxOR04cz6o0rEUxg","CIAO ITALY","YOUTUBE_CHANNEL","Video View DRAFT","23807887103","VIDEO",9,1,0.1111,0.07,0,0.00,0,0,0,0.00,0.0015,"HIGH_CTR_ACCIDENTAL","High","CTR 11.1% suggests accidental clicks"
"UCYXFXQorT0IEUEIc_jexG1w","ThisIsLaw","YOUTUBE_CHANNEL","Video View DRAFT","23807887103","VIDEO",8,1,0.1250,0.07,0,0.00,0,0,0,0.00,0.0015,"HIGH_CTR_ACCIDENTAL","High","CTR 12.5% suggests accidental clicks"
"UC4-lhcXUwa_EX2DiVP0XyaQ","RickSpringfieldVEVO","YOUTUBE_CHANNEL","Video View DRAFT","23807887103","VIDEO",8,1,0.1250,0.07,0,0.00,0,0,1,0.00,0.0015,"HIGH_CTR_ACCIDENTAL","High","CTR 12.5% suggests accidental clicks"
"UC17CrGaIT1n4qPSHhrsTQSA","God Is Faithful Ministries - Topic","YOUTUBE_CHANNEL","Video View DRAFT","23807887103","VIDEO",9,1,0.1111,0.07,0,0.00,0,0,0,0.00,0.0015,"HIGH_CTR_ACCIDENTAL","High","CTR 11.1% suggests accidental clicks"
"UCqJMqcS9cNl19LWABlBcABg","Comedy Woman","YOUTUBE_CHANNEL","Video View DRAFT","23807887103","VIDEO",7,1,0.1429,0.06,0,0.00,0,0,0,0.00,0.0015,"HIGH_CTR_ACCIDENTAL","High","CTR 14.3% suggests accidental clicks"
"UCT8o03BKxZdZ5OlEuXaYZqA","BTS UPDATE","YOUTUBE_CHANNEL","Video View DRAFT","23807887103","VIDEO",4,1,0.2500,0.06,0,0.00,0,0,0,0.00,0.0015,"HIGH_CTR_ACCIDENTAL","High","CTR 25.0% suggests accidental clicks"
"UC3d3_X0dUnt8YXVKyqr-XLA","Team StarKid","YOUTUBE_CHANNEL","Video View DRAFT","23807887103","VIDEO",8,1,0.1250,0.06,0,0.00,0,0,1,0.00,0.0015,"HIGH_CTR_ACCIDENTAL","High","CTR 12.5% suggests accidental clicks"
"UC3J_7c1y3Ftu_UgFMfiJjIw","MonstersAbound","YOUTUBE_CHANNEL","Video View DRAFT","23807887103","VIDEO",5,1,0.2000,0.06,0,0.00,0,0,5,0.00,0.0015,"HIGH_CTR_ACCIDENTAL","High","CTR 20.0% suggests accidental clicks"
"UCQIrhE_-rD69fz3_CH_9bag","Bayoucool2","YOUTUBE_CHANNEL","Video View DRAFT","23807887103","VIDEO",4,1,0.2500,0.06,0,0.00,0,0,5,0.00,0.0015,"HIGH_CTR_ACCIDENTAL","High","CTR 25.0% suggests accidental clicks"
"UCqhuZr5LbESW8L3vtee-EsA","PrideFlix","YOUTUBE_CHANNEL","Video View DRAFT","23807887103","VIDEO",7,1,0.1429,0.06,0,0.00,0,0,3,0.00,0.0015,"HIGH_CTR_ACCIDENTAL","High","CTR 14.3% suggests accidental clicks"
"UClRd095d3rKCq7LrkKQXJhg","Becca Berk","YOUTUBE_CHANNEL","Video View DRAFT","23807887103","VIDEO",2,1,0.5000,0.06,0,0.00,0,0,0,0.00,0.0015,"HIGH_CTR_ACCIDENTAL","High","CTR 50.0% suggests accidental clicks"
"UCpKzp09vK_EKqCqMReDp2ww","Tatiana Yashasyn ","YOUTUBE_CHANNEL","Video View DRAFT","23807887103","VIDEO",4,1,0.2500,0.06,0,0.00,0,0,0,0.00,0.0015,"HIGH_CTR_ACCIDENTAL","High","CTR 25.0% suggests accidental clicks"
"UCvYomLPMwUr1FAXRMGhVfCQ","Tom Petty & The Heartbreakers","YOUTUBE_CHANNEL","Video View DRAFT","23807887103","VIDEO",2,1,0.5000,0.06,0,0.00,0,0,0,0.00,0.0015,"HIGH_CTR_ACCIDENTAL","High","CTR 50.0% suggests accidental clicks"
"UCy8m1xxZpj6V8xtm-vtvzpg","VintageVerse","YOUTUBE_CHANNEL","Video View DRAFT","23807887103","VIDEO",8,1,0.1250,0.06,0,0.00,0,0,2,0.00,0.0015,"HIGH_CTR_ACCIDENTAL","High","CTR 12.5% suggests accidental clicks"
"UCE7NYmhZkoVeuecwGhs0t3Q","22 Records","YOUTUBE_CHANNEL","Video View DRAFT","23807887103","VIDEO",1,1,1.0000,0.06,0,0.00,0,0,0,0.00,0.0015,"HIGH_CTR_ACCIDENTAL","High","CTR 100.0% suggests accidental clicks"
"UC0SVpTeEgNb3cYBYALDVzgg","Юлия Большакова | Elevated","YOUTUBE_CHANNEL","Video View DRAFT","23807887103","VIDEO",6,1,0.1667,0.06,0,0.00,0,0,0,0.00,0.0015,"HIGH_CTR_ACCIDENTAL","High","CTR 16.7% suggests accidental clicks"
"UCYK4VLgRQR3_5d4x2t6YRfQ","AlexiaEvellynVEVO","YOUTUBE_CHANNEL","Video View DRAFT","23807887103","VIDEO",8,1,0.1250,0.05,0,0.00,0,0,9,0.00,0.0015,"HIGH_CTR_ACCIDENTAL","High","CTR 12.5% suggests accidental clicks"
"UCv9aO2bZEeREMltD5EOGJtQ","Teena Marie - Topic","YOUTUBE_CHANNEL","Video View DRAFT","23807887103","VIDEO",3,1,0.3333,0.05,0,0.00,0,0,1,0.00,0.0015,"HIGH_CTR_ACCIDENTAL","High","CTR 33.3% suggests accidental clicks"
"UCeY_QgW8iYhcv8GiZoDQ-Bw","rxstrmom","YOUTUBE_CHANNEL","Video View DRAFT","23807887103","VIDEO",6,1,0.1667,0.05,0,0.00,0,0,0,0.00,0.0015,"HIGH_CTR_ACCIDENTAL","High","CTR 16.7% suggests accidental clicks"
"UCJbgvbXt3LRtru6z4dUu9gw","FrameTalk","YOUTUBE_CHANNEL","Video View DRAFT","23807887103","VIDEO",9,1,0.1111,0.05,0,0.00,0,0,2,0.00,0.0015,"HIGH_CTR_ACCIDENTAL","High","CTR 11.1% suggests accidental clicks"
"UCyLjTgYrVIFO2_VSAEO43tA","OsamaSon","YOUTUBE_CHANNEL","Video View DRAFT","23807887103","VIDEO",7,1,0.1429,0.05,0,0.00,0,0,0,0.00,0.0015,"HIGH_CTR_ACCIDENTAL","High","CTR 14.3% suggests accidental clicks"
"UCrpLkMAAVermww0JiOqh-oA","Fool's Gold Records","YOUTUBE_CHANNEL","Video View DRAFT","23807887103","VIDEO",7,1,0.1429,0.05,0,0.00,0,0,11,0.00,0.0015,"HIGH_CTR_ACCIDENTAL","High","CTR 14.3% suggests accidental clicks"
"UCH9fakOo40rOv7HGvbGc1rQ","convar HUN","YOUTUBE_CHANNEL","Video View DRAFT","23807887103","VIDEO",8,1,0.1250,0.05,0,0.00,0,0,0,0.00,0.0015,"HIGH_CTR_ACCIDENTAL","High","CTR 12.5% suggests accidental clicks"
"UCeU6EuuiIp-vVjlueJzeRZw","Прогулки по Харькову","YOUTUBE_CHANNEL","Video View DRAFT","23807887103","VIDEO",9,1,0.1111,0.05,0,0.00,0,0,1,0.00,0.0015,"HIGH_CTR_ACCIDENTAL","High","CTR 11.1% suggests accidental clicks"
"UC0cnYfHzt3MLCIvWdP1jDMQ","AUGHHH","YOUTUBE_CHANNEL","Video View DRAFT","23807887103","VIDEO",6,1,0.1667,0.05,0,0.00,0,0,0,0.00,0.0015,"HIGH_CTR_ACCIDENTAL","High","CTR 16.7% suggests accidental clicks"
"UChbXr8aXF6LMQZyugD8DlRg","Luke Chu","YOUTUBE_CHANNEL","Video View DRAFT","23807887103","VIDEO",2,1,0.5000,0.05,0,0.00,0,0,2,0.00,0.0015,"HIGH_CTR_ACCIDENTAL","High","CTR 50.0% suggests accidental clicks"
"UC4DxaTVFBBxhXPqZFaXU9yg","Jynxzi VODS","YOUTUBE_CHANNEL","Video View DRAFT","23807887103","VIDEO",5,1,0.2000,0.05,0,0.00,0,0,1,0.00,0.0015,"HIGH_CTR_ACCIDENTAL","High","CTR 20.0% suggests accidental clicks"
"UCFNoCHk5IO-iumVcnEKTXOw","Midnight Crime (မှုခင်းသတင်း)","YOUTUBE_CHANNEL","Video View DRAFT","23807887103","VIDEO",2,1,0.5000,0.05,0,0.00,0,0,0,0.00,0.0015,"HIGH_CTR_ACCIDENTAL","High","CTR 50.0% suggests accidental clicks"
"UCzOcHVgNTXxH2v5IZGFuLpw","GUGU","YOUTUBE_CHANNEL","Video View DRAFT","23807887103","VIDEO",5,1,0.2000,0.05,0,0.00,0,0,0,0.00,0.0015,"HIGH_CTR_ACCIDENTAL","High","CTR 20.0% suggests accidental clicks"
"UCMYVmaKFMD1TxYSIQTo81gg","Edgier Than Thou","YOUTUBE_CHANNEL","Video View DRAFT","23807887103","VIDEO",9,1,0.1111,0.05,0,0.00,0,0,0,0.00,0.0015,"HIGH_CTR_ACCIDENTAL","High","CTR 11.1% suggests accidental clicks"
"UCu5q5gEyaJ4D5hrswXci3Cw","Tacarra Williams Comedy","YOUTUBE_CHANNEL","Video View DRAFT","23807887103","VIDEO",7,1,0.1429,0.05,0,0.00,0,0,0,0.00,0.0015,"HIGH_CTR_ACCIDENTAL","High","CTR 14.3% suggests accidental clicks"
"UCR9hrtsbRFUD1EMsY1J5OdQ","Areia Creations","YOUTUBE_CHANNEL","Video View DRAFT","23807887103","VIDEO",5,1,0.2000,0.05,0,0.00,0,0,0,0.00,0.0015,"HIGH_CTR_ACCIDENTAL","High","CTR 20.0% suggests accidental clicks"
"UCoeyw1b6ijfa3FkYCSq-Npw","sewing somi","YOUTUBE_CHANNEL","Video View DRAFT","23807887103","VIDEO",6,1,0.1667,0.04,0,0.00,0,0,2,0.00,0.0015,"HIGH_CTR_ACCIDENTAL","High","CTR 16.7% suggests accidental clicks"
"UClFVyCEaKla6FTe1wE4qWpQ","HypeMusic","YOUTUBE_CHANNEL","Video View DRAFT","23807887103","VIDEO",4,3,0.7500,0.04,0,0.00,0,0,0,0.00,0.0015,"HIGH_CTR_ACCIDENTAL","High","CTR 75.0% suggests accidental clicks"
"UCcHT-isB1LiWGYI__0onHiQ","Lex Lounge","YOUTUBE_CHANNEL","Video View DRAFT","23807887103","VIDEO",2,1,0.5000,0.04,0,0.00,0,0,0,0.00,0.0015,"HIGH_CTR_ACCIDENTAL","High","CTR 50.0% suggests accidental clicks"
"UC_vJbWq8yOIlj7G-nB2M6Og","Majid Entezami","YOUTUBE_CHANNEL","Video View DRAFT","23807887103","VIDEO",5,1,0.2000,0.04,0,0.00,0,0,0,0.00,0.0015,"HIGH_CTR_ACCIDENTAL","High","CTR 20.0% suggests accidental clicks"
"UCsNFTe7MipWVndHyjCM2srQ","Liam McEwan","YOUTUBE_CHANNEL","Video View DRAFT","23807887103","VIDEO",7,1,0.1429,0.04,0,0.00,0,0,8,0.00,0.0015,"HIGH_CTR_ACCIDENTAL","High","CTR 14.3% suggests accidental clicks"
"UC-nLPHqVwvwAZSqAihRcSlg","Sanford and Son","YOUTUBE_CHANNEL","Video View DRAFT","23807887103","VIDEO",9,1,0.1111,0.04,0,0.00,0,0,4,0.00,0.0015,"HIGH_CTR_ACCIDENTAL","High","CTR 11.1% suggests accidental clicks"
"UCwVxBEF48vZXh90VghVmdOQ","Hala Belly Dance الرقص الشرقي مع هالة","YOUTUBE_CHANNEL","Video View DRAFT","23807887103","VIDEO",7,1,0.1429,0.04,0,0.00,0,0,0,0.00,0.0015,"HIGH_CTR_ACCIDENTAL","High","CTR 14.3% suggests accidental clicks"
"UCh6zMB63Y5jwT5H73IJUnhQ","MAGUY LOVE  PRODUCTIONS","YOUTUBE_CHANNEL","Video View DRAFT","23807887103","VIDEO",2,1,0.5000,0.04,0,0.00,0,0,0,0.00,0.0015,"HIGH_CTR_ACCIDENTAL","High","CTR 50.0% suggests accidental clicks"
"UCESH8zmMcQa0AUTCtnFYO7A","FrontKickedMMA","YOUTUBE_CHANNEL","Video View DRAFT","23807887103","VIDEO",1,1,1.0000,0.04,0,0.00,0,0,0,0.00,0.0015,"HIGH_CTR_ACCIDENTAL","High","CTR 100.0% suggests accidental clicks"
"UCMgZDYzBdEJd-A2k3n2m7Dg","felixsideup","YOUTUBE_CHANNEL","Video View DRAFT","23807887103","VIDEO",5,1,0.2000,0.04,0,0.00,0,0,1,0.00,0.0015,"HIGH_CTR_ACCIDENTAL","High","CTR 20.0% suggests accidental clicks"
"UC2XQY0KNfPJH5qiFuS_fOoQ","DM Timothy","YOUTUBE_CHANNEL","Video View DRAFT","23807887103","VIDEO",5,1,0.2000,0.04,0,0.00,0,0,0,0.00,0.0015,"HIGH_CTR_ACCIDENTAL","High","CTR 20.0% suggests accidental clicks"
"UCrCapxOf7Unw5UxReox46JQ","Victor Quintana","YOUTUBE_CHANNEL","Video View DRAFT","23807887103","VIDEO",6,1,0.1667,0.04,0,0.00,0,0,0,0.00,0.0015,"HIGH_CTR_ACCIDENTAL","High","CTR 16.7% suggests accidental clicks"
"UCZf4O1nlWHWXE2uQNjX9YfQ","Woman Silhouette Hub","YOUTUBE_CHANNEL","Video View DRAFT","23807887103","VIDEO",4,1,0.2500,0.04,0,0.00,0,0,0,0.00,0.0015,"HIGH_CTR_ACCIDENTAL","High","CTR 25.0% suggests accidental clicks"
"UCPLuitOOKPGuruvu20MoJgg","MicroTool Lab","YOUTUBE_CHANNEL","Video View DRAFT","23807887103","VIDEO",5,1,0.2000,0.04,0,0.00,0,0,0,0.00,0.0015,"HIGH_CTR_ACCIDENTAL","High","CTR 20.0% suggests accidental clicks"
"UCPDAK2GIu5Ud4P2PUsj_ZRQ","Sali Story","YOUTUBE_CHANNEL","Video View DRAFT","23807887103","VIDEO",1,1,1.0000,0.04,0,0.00,0,0,0,0.00,0.0015,"HIGH_CTR_ACCIDENTAL","High","CTR 100.0% suggests accidental clicks"
"UCfPy-Jn9CU-RXPgKV4h_Olg","ВСМИСЛІ ","YOUTUBE_CHANNEL","Video View DRAFT","23807887103","VIDEO",8,1,0.1250,0.04,0,0.00,0,0,1,0.00,0.0015,"HIGH_CTR_ACCIDENTAL","High","CTR 12.5% suggests accidental clicks"
"UC5RpbFDGW-pgOaRMDUYpBFw","Alpharad LIVE","YOUTUBE_CHANNEL","Video View DRAFT","23807887103","VIDEO",3,1,0.3333,0.04,0,0.00,0,0,0,0.00,0.0015,"HIGH_CTR_ACCIDENTAL","High","CTR 33.3% suggests accidental clicks"
"UC5-MatmZOvX-ORzhTuO0ZiQ","NOFX - Topic","YOUTUBE_CHANNEL","Video View DRAFT","23807887103","VIDEO",6,1,0.1667,0.04,0,0.00,0,0,0,0.00,0.0015,"HIGH_CTR_ACCIDENTAL","High","CTR 16.7% suggests accidental clicks"
"UCyrXTiox06qkrKFy5OAtlLA","Figuring Out Fantasy","YOUTUBE_CHANNEL","Video View DRAFT","23807887103","VIDEO",6,1,0.1667,0.04,0,0.00,0,0,1,0.00,0.0015,"HIGH_CTR_ACCIDENTAL","High","CTR 16.7% suggests accidental clicks"
"UCNKDPYyiF_XY4hYAkBuU_TQ","My Damn Toys","YOUTUBE_CHANNEL","Video View DRAFT","23807887103","VIDEO",5,1,0.2000,0.03,0,0.00,0,0,2,0.00,0.0015,"HIGH_CTR_ACCIDENTAL","High","CTR 20.0% suggests accidental clicks"
"UCuf0fVBz37NJwdPkvDDGqMQ","Jewelry Journeys","YOUTUBE_CHANNEL","Video View DRAFT","23807887103","VIDEO",7,1,0.1429,0.03,0,0.00,0,0,3,0.00,0.0015,"HIGH_CTR_ACCIDENTAL","High","CTR 14.3% suggests accidental clicks"
"UCP35tS1rd6DJthNZK1fSPIA","Dominic Barry","YOUTUBE_CHANNEL","Video View DRAFT","23807887103","VIDEO",5,1,0.2000,0.03,0,0.00,0,0,2,0.00,0.0015,"HIGH_CTR_ACCIDENTAL","High","CTR 20.0% suggests accidental clicks"
"UCYv1dtKR8R1bw6wsN2qpgGg","Spiritually Fit Tarot","YOUTUBE_CHANNEL","Video View DRAFT","23807887103","VIDEO",4,1,0.2500,0.03,0,0.00,0,0,0,0.00,0.0015,"HIGH_CTR_ACCIDENTAL","High","CTR 25.0% suggests accidental clicks"
"UCFcisl8k_DSmvN1GhjejNaw","The Immortals ","YOUTUBE_CHANNEL","Video View DRAFT","23807887103","VIDEO",6,1,0.1667,0.03,0,0.00,0,0,0,0.00,0.0015,"HIGH_CTR_ACCIDENTAL","High","CTR 16.7% suggests accidental clicks"
"UCyiyoOt0ZYqwC_L5JMORM4A","BruceHornsbyVEVO","YOUTUBE_CHANNEL","Video View DRAFT","23807887103","VIDEO",5,1,0.2000,0.03,0,0.00,0,0,3,0.00,0.0015,"HIGH_CTR_ACCIDENTAL","High","CTR 20.0% suggests accidental clicks"
"UCTYYVru04S0yqKYKFrV8uOg","BHZ","YOUTUBE_CHANNEL","Video View DRAFT","23807887103","VIDEO",2,1,0.5000,0.03,0,0.00,0,0,0,0.00,0.0015,"HIGH_CTR_ACCIDENTAL","High","CTR 50.0% suggests accidental clicks"
"UCiS3MSEZRYLdz-NSX9Gbp7Q","DriveTV","YOUTUBE_CHANNEL","Video View DRAFT","23807887103","VIDEO",1,1,1.0000,0.03,0,0.00,0,0,1,0.00,0.0015,"HIGH_CTR_ACCIDENTAL","High","CTR 100.0% suggests accidental clicks"
"UCZlmUQNTrMFvYBz8nSLz2rA","Buddy","YOUTUBE_CHANNEL","Video View DRAFT","23807887103","VIDEO",3,1,0.3333,0.03,0,0.00,0,0,1,0.00,0.0015,"HIGH_CTR_ACCIDENTAL","High","CTR 33.3% suggests accidental clicks"
"UCdX2H-n4wNJ6oyKSLftgWnA","Надежда Борисова про бьюти","YOUTUBE_CHANNEL","Video View DRAFT","23807887103","VIDEO",2,1,0.5000,0.03,0,0.00,0,0,0,0.00,0.0015,"HIGH_CTR_ACCIDENTAL","High","CTR 50.0% suggests accidental clicks"
"UCdc_JyNaB5VJ0gdWUtWfGDg","PyroLIVE","YOUTUBE_CHANNEL","Video View DRAFT","23807887103","VIDEO",5,1,0.2000,0.03,0,0.00,0,0,0,0.00,0.0015,"HIGH_CTR_ACCIDENTAL","High","CTR 20.0% suggests accidental clicks"
"UCNO0QTwgyPjIwTvccSBqo_A","Alex","YOUTUBE_CHANNEL","Video View DRAFT","23807887103","VIDEO",4,1,0.2500,0.03,0,0.00,0,0,0,0.00,0.0015,"HIGH_CTR_ACCIDENTAL","High","CTR 25.0% suggests accidental clicks"
"UCyM6tXKIoJ849TMetJ87TJw","KreayshawnVEVO","YOUTUBE_CHANNEL","Video View DRAFT","23807887103","VIDEO",4,1,0.2500,0.03,0,0.00,0,0,0,0.00,0.0015,"HIGH_CTR_ACCIDENTAL","High","CTR 25.0% suggests accidental clicks"
"UCdzWW5vq84tZvBoGddchl4Q","Steven Smith","YOUTUBE_CHANNEL","Video View DRAFT","23807887103","VIDEO",4,1,0.2500,0.03,0,0.00,0,0,2,0.00,0.0015,"HIGH_CTR_ACCIDENTAL","High","CTR 25.0% suggests accidental clicks"
"UCly-Ode5__Ky2V1yWEgrF8A","Lil’Z","YOUTUBE_CHANNEL","Video View DRAFT","23807887103","VIDEO",3,1,0.3333,0.03,0,0.00,0,0,6,0.00,0.0015,"HIGH_CTR_ACCIDENTAL","High","CTR 33.3% suggests accidental clicks"
"UC_ZFt4cHMXusH0mNt53Tcrg","Pearl Media","YOUTUBE_CHANNEL","Video View DRAFT","23807887103","VIDEO",2,1,0.5000,0.03,0,0.00,0,0,0,0.00,0.0015,"HIGH_CTR_ACCIDENTAL","High","CTR 50.0% suggests accidental clicks"
"UCvgyjtpgcg6l70R8Tj6-nrg","Softwilly Music","YOUTUBE_CHANNEL","Video View DRAFT","23807887103","VIDEO",4,1,0.2500,0.03,0,0.00,0,0,4,0.00,0.0015,"HIGH_CTR_ACCIDENTAL","High","CTR 25.0% suggests accidental clicks"
"UCs554J77BGwTJEqgjOsn8xg","Hey Peter","YOUTUBE_CHANNEL","Video View DRAFT","23807887103","VIDEO",5,1,0.2000,0.03,0,0.00,0,0,1,0.00,0.0015,"HIGH_CTR_ACCIDENTAL","High","CTR 20.0% suggests accidental clicks"
"UCIB3DqQuXKmM7DzEMppafDA","Alamo Music Center","YOUTUBE_CHANNEL","Video View DRAFT","23807887103","VIDEO",3,1,0.3333,0.03,0,0.00,0,0,2,0.00,0.0015,"HIGH_CTR_ACCIDENTAL","High","CTR 33.3% suggests accidental clicks"
"UCxJwhdWgVFLipDBmeEFYWdA","Crowside Live","YOUTUBE_CHANNEL","Video View DRAFT","23807887103","VIDEO",4,1,0.2500,0.03,0,0.00,0,0,2,0.00,0.0015,"HIGH_CTR_ACCIDENTAL","High","CTR 25.0% suggests accidental clicks"
"UC2u3R3pjOiPZu4LtTlKkxdw","Maverick Movies","YOUTUBE_CHANNEL","Video View DRAFT","23807887103","VIDEO",1,1,1.0000,0.03,0,0.00,0,0,0,0.00,0.0015,"HIGH_CTR_ACCIDENTAL","High","CTR 100.0% suggests accidental clicks"
"UCRNxNw7NYykckiA-A0_zmEA","Ladder_Movie","YOUTUBE_CHANNEL","Video View DRAFT","23807887103","VIDEO",4,1,0.2500,0.03,0,0.00,0,0,0,0.00,0.0015,"HIGH_CTR_ACCIDENTAL","High","CTR 25.0% suggests accidental clicks"
"UC6xdv2UONMGkg7HtotU6LKw","","YOUTUBE_CHANNEL","Video View DRAFT","23807887103","VIDEO",1,1,1.0000,0.03,0,0.00,0,0,0,0.00,0.0015,"HIGH_CTR_ACCIDENTAL","High","CTR 100.0% suggests accidental clicks"
"UCijbhDuurIdYrDHGALdCLFw","Журнал ""Советское Кино"" & ""Зеркало Экрана""","YOUTUBE_CHANNEL","Video View DRAFT","23807887103","VIDEO",1,1,1.0000,0.03,0,0.00,0,0,0,0.00,0.0015,"HIGH_CTR_ACCIDENTAL","High","CTR 100.0% suggests accidental clicks"
"UCeiRyprBSt9PpVOuSKz8GKw","JohnFogertyVEVO","YOUTUBE_CHANNEL","Video View DRAFT","23807887103","VIDEO",5,1,0.2000,0.03,0,0.00,0,0,0,0.00,0.0015,"HIGH_CTR_ACCIDENTAL","High","CTR 20.0% suggests accidental clicks"
"UCnrqryfSuXMMShOzbs2OjbQ","Manda","YOUTUBE_CHANNEL","Video View DRAFT","23807887103","VIDEO",1,1,1.0000,0.03,0,0.00,0,0,2,0.00,0.0015,"HIGH_CTR_ACCIDENTAL","High","CTR 100.0% suggests accidental clicks"
"UCkFn7yW7OuITI2GbvaC01mA","Knitbi.c","YOUTUBE_CHANNEL","Video View DRAFT","23807887103","VIDEO",1,1,1.0000,0.03,0,0.00,0,0,0,0.00,0.0015,"HIGH_CTR_ACCIDENTAL","High","CTR 100.0% suggests accidental clicks"
"UC-OLuoQ-2fFhUPYrw6o1kFQ","MEMPHEES","YOUTUBE_CHANNEL","Video View DRAFT","23807887103","VIDEO",2,1,0.5000,0.03,0,0.00,0,0,3,0.00,0.0015,"HIGH_CTR_ACCIDENTAL","High","CTR 50.0% suggests accidental clicks"
"UCp2fhvc1eNcifUUyOHVJRuQ","BoogardMG","YOUTUBE_CHANNEL","Video View DRAFT","23807887103","VIDEO",6,1,0.1667,0.03,0,0.00,0,0,0,0.00,0.0015,"HIGH_CTR_ACCIDENTAL","High","CTR 16.7% suggests accidental clicks"
"UCFNtdK4kgNg--ef-SA8LPIg","CHUNG THANH PHONG","YOUTUBE_CHANNEL","Video View DRAFT","23807887103","VIDEO",3,1,0.3333,0.03,0,0.00,0,0,2,0.00,0.0015,"HIGH_CTR_ACCIDENTAL","High","CTR 33.3% suggests accidental clicks"
"UCiJOaPDhDEDF3SFKvZra6UA","Lady_Anika - Szydełkowe Światło","YOUTUBE_CHANNEL","Video View DRAFT","23807887103","VIDEO",3,1,0.3333,0.03,0,0.00,0,0,2,0.00,0.0015,"HIGH_CTR_ACCIDENTAL","High","CTR 33.3% suggests accidental clicks"
"UCSdBgz6AsVGRCiL-Ela3f4w","평화의 시간","YOUTUBE_CHANNEL","Video View DRAFT","23807887103","VIDEO",1,1,1.0000,0.03,0,0.00,0,0,4,0.00,0.0015,"HIGH_CTR_ACCIDENTAL","High","CTR 100.0% suggests accidental clicks"
"UCRkUaOkFBbAJwq3vBn99wBg","Hoodie Allen","YOUTUBE_CHANNEL","Video View DRAFT","23807887103","VIDEO",4,1,0.2500,0.03,0,0.00,0,0,0,0.00,0.0015,"HIGH_CTR_ACCIDENTAL","High","CTR 25.0% suggests accidental clicks"
"UC4wcdXaX0ZI1yuhF8uxTJow","ИРИНА и ЯСЯ | Майами","YOUTUBE_CHANNEL","Video View DRAFT","23807887103","VIDEO",1,1,1.0000,0.02,0,0.00,0,0,1,0.00,0.0015,"HIGH_CTR_ACCIDENTAL","High","CTR 100.0% suggests accidental clicks"
"UCASGPE677dosnkwDAjOP8Kw","Never Split 10s","YOUTUBE_CHANNEL","Video View DRAFT","23807887103","VIDEO",2,1,0.5000,0.02,0,0.00,0,0,2,0.00,0.0015,"HIGH_CTR_ACCIDENTAL","High","CTR 50.0% suggests accidental clicks"
"UCxp5tkXmEEJVIuNkYhvM0eA","Woolhall Films of Bob Dylan & Van Morrison","YOUTUBE_CHANNEL","Video View DRAFT","23807887103","VIDEO",2,1,0.5000,0.02,0,0.00,0,0,3,0.00,0.0015,"HIGH_CTR_ACCIDENTAL","High","CTR 50.0% suggests accidental clicks"
"UCy47Au63gFpnzb_959sCcyg","Robby","YOUTUBE_CHANNEL","Video View DRAFT","23807887103","VIDEO",3,1,0.3333,0.02,0,0.00,0,0,1,0.00,0.0015,"HIGH_CTR_ACCIDENTAL","High","CTR 33.3% suggests accidental clicks"
"UC8-0f1PAWAqjdtk9ajwtmqg","5-MINUTEN-TRICKS","YOUTUBE_CHANNEL","Video View DRAFT","23807887103","VIDEO",3,1,0.3333,0.02,0,0.00,0,0,1,0.00,0.0015,"HIGH_CTR_ACCIDENTAL","High","CTR 33.3% suggests accidental clicks"
"UCxI_dXHh2mWwZgh_o57htgA","GrooveGenix - Topic","YOUTUBE_CHANNEL","Video View DRAFT","23807887103","VIDEO",3,1,0.3333,0.02,0,0.00,0,0,0,0.00,0.0015,"HIGH_CTR_ACCIDENTAL","High","CTR 33.3% suggests accidental clicks"
"UCClAC9K4Qb6k3a2Ksh3Bb3w","Stewy Films","YOUTUBE_CHANNEL","Video View DRAFT","23807887103","VIDEO",3,1,0.3333,0.02,0,0.00,0,0,5,0.00,0.0015,"HIGH_CTR_ACCIDENTAL","High","CTR 33.3% suggests accidental clicks"
"UClFezAjem_U6YaxsnOOPJLA","Shade Sheist - Topic","YOUTUBE_CHANNEL","Video View DRAFT","23807887103","VIDEO",3,1,0.3333,0.02,0,0.00,0,0,0,0.00,0.0015,"HIGH_CTR_ACCIDENTAL","High","CTR 33.3% suggests accidental clicks"
"UCI0UfhMrPUmyjT78-eIvdvQ","NoName","YOUTUBE_CHANNEL","Video View DRAFT","23807887103","VIDEO",3,1,0.3333,0.02,0,0.00,0,0,2,0.00,0.0015,"HIGH_CTR_ACCIDENTAL","High","CTR 33.3% suggests accidental clicks"
"UCVJqaHt153XVmDZzvI4qj9A","LoveBuster Español","YOUTUBE_CHANNEL","Video View DRAFT","23807887103","VIDEO",1,1,1.0000,0.02,0,0.00,0,0,4,0.00,0.0015,"HIGH_CTR_ACCIDENTAL","High","CTR 100.0% suggests accidental clicks"
"UCV1pHpWZLweDg5D7uVZP3pw","noah2413","YOUTUBE_CHANNEL","Video View DRAFT","23807887103","VIDEO",2,2,1.0000,0.02,0,0.00,0,0,9,0.00,0.0015,"HIGH_CTR_ACCIDENTAL","High","CTR 100.0% suggests accidental clicks"
"UCw3jVmDqj23-l9GRPxZC-WQ","Bob Walter","YOUTUBE_CHANNEL","Video View DRAFT","23807887103","VIDEO",1,1,1.0000,0.02,0,0.00,0,0,0,0.00,0.0015,"HIGH_CTR_ACCIDENTAL","High","CTR 100.0% suggests accidental clicks"
"UCGfakVNyDRDqzFy5F7Hl88A","Kanel Joseph Vods ","YOUTUBE_CHANNEL","Video View DRAFT","23807887103","VIDEO",3,1,0.3333,0.02,0,0.00,0,0,0,0.00,0.0015,"HIGH_CTR_ACCIDENTAL","High","CTR 33.3% suggests accidental clicks"
"UCj9fPezLH1HUh7mSo-tB1Mg","Eckhart Tolle","YOUTUBE_CHANNEL","Video View DRAFT","23807887103","VIDEO",3,1,0.3333,0.02,0,0.00,0,0,0,0.00,0.0015,"HIGH_CTR_ACCIDENTAL","High","CTR 33.3% suggests accidental clicks"
"UCIewlkoDDPqleJcISN8c-TA","Lady Lexxa","YOUTUBE_CHANNEL","Video View DRAFT","23807887103","VIDEO",1,1,1.0000,0.02,0,0.00,0,0,0,0.00,0.0015,"HIGH_CTR_ACCIDENTAL","High","CTR 100.0% suggests accidental clicks"
"UCT7ArrojB3PFmkFZkd1HNXw","Relax Massage TV💈","YOUTUBE_CHANNEL","Video View DRAFT","23807887103","VIDEO",2,1,0.5000,0.02,0,0.00,0,0,0,0.00,0.0015,"HIGH_CTR_ACCIDENTAL","High","CTR 50.0% suggests accidental clicks"
"UCOcSJ53I5pkrhn9jZngQLGQ","Frizzeyes","YOUTUBE_CHANNEL","Video View DRAFT","23807887103","VIDEO",3,1,0.3333,0.02,0,0.00,0,0,0,0.00,0.0015,"HIGH_CTR_ACCIDENTAL","High","CTR 33.3% suggests accidental clicks"
"UCMBY7lvSQ7YTjBf8iyMecvg","Yes Miriam & Dani","YOUTUBE_CHANNEL","Video View DRAFT","23807887103","VIDEO",1,1,1.0000,0.02,0,0.00,0,0,1,0.00,0.0015,"HIGH_CTR_ACCIDENTAL","High","CTR 100.0% suggests accidental clicks"
"UCmv5s251MSfzXam50VV8oFQ","Pina Del Re","YOUTUBE_CHANNEL","Video View DRAFT","23807887103","VIDEO",2,1,0.5000,0.02,0,0.00,0,0,2,0.00,0.0015,"HIGH_CTR_ACCIDENTAL","High","CTR 50.0% suggests accidental clicks"
"UCfNPmyLCMkTOFoHzjB_YeJg","Sony WAH","YOUTUBE_CHANNEL","Video View DRAFT","23807887103","VIDEO",1,1,1.0000,0.02,0,0.00,0,0,3,0.00,0.0015,"HIGH_CTR_ACCIDENTAL","High","CTR 100.0% suggests accidental clicks"
"UCi1JotQYps_AjBnmRys4AqA","منوعات أم يوسف وعبد رحمان","YOUTUBE_CHANNEL","Video View DRAFT","23807887103","VIDEO",2,2,1.0000,0.02,0,0.00,0,0,8,0.00,0.0015,"HIGH_CTR_ACCIDENTAL","High","CTR 100.0% suggests accidental clicks"
"UCDZWaCqISiWjhqXki_6eTTg","WAREK","YOUTUBE_CHANNEL","Video View DRAFT","23807887103","VIDEO",2,1,0.5000,0.02,0,0.00,0,0,0,0.00,0.0015,"HIGH_CTR_ACCIDENTAL","High","CTR 50.0% suggests accidental clicks"
"UCeTeTSdX79nmlYb-QLh-0VQ","Crime Queen","YOUTUBE_CHANNEL","Video View DRAFT","23807887103","VIDEO",2,1,0.5000,0.02,0,0.00,0,0,0,0.00,0.0015,"HIGH_CTR_ACCIDENTAL","High","CTR 50.0% suggests accidental clicks"
"UCtEb1HlI7Ydbm6FmKyZ7Ysw","Stones from Tiflis","YOUTUBE_CHANNEL","Video View DRAFT","23807887103","VIDEO",2,1,0.5000,0.02,0,0.00,0,0,0,0.00,0.0015,"HIGH_CTR_ACCIDENTAL","High","CTR 50.0% suggests accidental clicks"
"UCrPKXNg9PAL6bROvsaUFvAA","Harmonic Atheist","YOUTUBE_CHANNEL","Video View DRAFT","23807887103","VIDEO",2,1,0.5000,0.02,0,0.00,0,0,2,0.00,0.0015,"HIGH_CTR_ACCIDENTAL","High","CTR 50.0% suggests accidental clicks"
"UCJV1EC8Mf87PpQYo9eUfd3Q","Paul Whitewick","YOUTUBE_CHANNEL","Video View DRAFT","23807887103","VIDEO",2,1,0.5000,0.02,0,0.00,0,0,0,0.00,0.0015,"HIGH_CTR_ACCIDENTAL","High","CTR 50.0% suggests accidental clicks"
"UCQ0uJ8rlpTU0HwDTVBJdizA","Corpse2","YOUTUBE_CHANNEL","Video View DRAFT","23807887103","VIDEO",3,1,0.3333,0.02,0,0.00,0,0,1,0.00,0.0015,"HIGH_CTR_ACCIDENTAL","High","CTR 33.3% suggests accidental clicks"
"UCI4kahy_vOpM6yvykXCcpOA","Brandon Shepherd","YOUTUBE_CHANNEL","Video View DRAFT","23807887103","VIDEO",2,1,0.5000,0.01,0,0.00,0,0,5,0.00,0.0015,"HIGH_CTR_ACCIDENTAL","High","CTR 50.0% suggests accidental clicks"
"UCxripdIbYN4fXAic6gdpiEg","CringeAlarm","YOUTUBE_CHANNEL","Video View DRAFT","23807887103","VIDEO",2,1,0.5000,0.01,0,0.00,0,0,0,0.00,0.0015,"HIGH_CTR_ACCIDENTAL","High","CTR 50.0% suggests accidental clicks"
"UCzHuTJOh7nC4AYjMV76fFuQ","EmDafa Old School Music","YOUTUBE_CHANNEL","Video View DRAFT","23807887103","VIDEO",3,1,0.3333,0.01,0,0.00,0,0,3,0.00,0.0015,"HIGH_CTR_ACCIDENTAL","High","CTR 33.3% suggests accidental clicks"
"UCC1JSg11QtMx1GQ_399He8g","SELKER","YOUTUBE_CHANNEL","Video View DRAFT","23807887103","VIDEO",1,1,1.0000,0.01,0,0.00,0,0,1,0.00,0.0015,"HIGH_CTR_ACCIDENTAL","High","CTR 100.0% suggests accidental clicks"
"UC3QiNGYP8RBFCn7W5qstfXA","Bujar The Master ","YOUTUBE_CHANNEL","Video View DRAFT","23807887103","VIDEO",2,1,0.5000,0.01,0,0.00,0,0,0,0.00,0.0015,"HIGH_CTR_ACCIDENTAL","High","CTR 50.0% suggests accidental clicks"
"UCGolP7M_uFAtGnUi6X-kSkw","ChickComedy","YOUTUBE_CHANNEL","Video View DRAFT","23807887103","VIDEO",2,1,0.5000,0.01,0,0.00,0,0,3,0.00,0.0015,"HIGH_CTR_ACCIDENTAL","High","CTR 50.0% suggests accidental clicks"
"UCrDJOS2mRFrF5ZDl9M0nF-w","Elex Michaelson","YOUTUBE_CHANNEL","Video View DRAFT","23807887103","VIDEO",2,1,0.5000,0.01,0,0.00,0,0,0,0.00,0.0015,"HIGH_CTR_ACCIDENTAL","High","CTR 50.0% suggests accidental clicks"
"UCLNefVG9XNkvRJCsfYTR2vg","Ổ Phim Việt AMC","YOUTUBE_CHANNEL","Video View DRAFT","23807887103","VIDEO",1,1,1.0000,0.01,0,0.00,0,0,0,0.00,0.0015,"HIGH_CTR_ACCIDENTAL","High","CTR 100.0% suggests accidental clicks"
"UCqRJjplGUHwCcF8ce5T-r7g","Zhyra ","YOUTUBE_CHANNEL","Video View DRAFT","23807887103","VIDEO",1,1,1.0000,0.01,0,0.00,0,0,0,0.00,0.0015,"HIGH_CTR_ACCIDENTAL","High","CTR 100.0% suggests accidental clicks"
"UCfC1Ai2sBcUklAqLjyIOP9A","Katharine Jeanette","YOUTUBE_CHANNEL","Video View DRAFT","23807887103","VIDEO",2,1,0.5000,0.01,0,0.00,0,0,0,0.00,0.0015,"HIGH_CTR_ACCIDENTAL","High","CTR 50.0% suggests accidental clicks"
"UCxhJDjT9qFkJxYmCnnz18eQ","Vintage Golden Frames","YOUTUBE_CHANNEL","Video View DRAFT","23807887103","VIDEO",2,1,0.5000,0.01,0,0.00,0,0,0,0.00,0.0015,"HIGH_CTR_ACCIDENTAL","High","CTR 50.0% suggests accidental clicks"
"UCYjqVJ1c9np0F2Yn1nfvz1w","layla","YOUTUBE_CHANNEL","Video View DRAFT","23807887103","VIDEO",1,1,1.0000,0.01,0,0.00,0,0,1,0.00,0.0015,"HIGH_CTR_ACCIDENTAL","High","CTR 100.0% suggests accidental clicks"
"UCTGo1c3EQW95dCfpB56wywA","Qwarb","YOUTUBE_CHANNEL","Video View DRAFT","23807887103","VIDEO",2,1,0.5000,0.01,0,0.00,0,0,0,0.00,0.0015,"HIGH_CTR_ACCIDENTAL","High","CTR 50.0% suggests accidental clicks"
"UC-jXFkdco0ba7KID5CG3ihw","Bliss Kiss Drama","YOUTUBE_CHANNEL","Video View DRAFT","23807887103","VIDEO",1,1,1.0000,0.01,0,0.00,0,0,0,0.00,0.0015,"HIGH_CTR_ACCIDENTAL","High","CTR 100.0% suggests accidental clicks"
"UC6Yd_10pcGp13MYwViFd_ig","KIDx - Topic","YOUTUBE_CHANNEL","Video View DRAFT","23807887103","VIDEO",1,1,1.0000,0.01,0,0.00,0,0,12,0.00,0.0015,"HIGH_CTR_ACCIDENTAL","High","CTR 100.0% suggests accidental clicks"
"UC_DWbGlegImc76-7IOddEzQ","Sawyer Hill","YOUTUBE_CHANNEL","Video View DRAFT","23807887103","VIDEO",1,1,1.0000,0.01,0,0.00,0,0,0,0.00,0.0015,"HIGH_CTR_ACCIDENTAL","High","CTR 100.0% suggests accidental clicks"
"UCXOD76r77DyhnOJk0rhT32w","Vlad Suhoruchko","YOUTUBE_CHANNEL","Video View DRAFT","23807887103","VIDEO",1,1,1.0000,0.01,0,0.00,0,0,1,0.00,0.0015,"HIGH_CTR_ACCIDENTAL","High","CTR 100.0% suggests accidental clicks"
"UC8ODeKnHW212bVc1uLaUAcA","Bracken ClockWorks","YOUTUBE_CHANNEL","Video View DRAFT","23807887103","VIDEO",2,1,0.5000,0.01,0,0.00,0,0,2,0.00,0.0015,"HIGH_CTR_ACCIDENTAL","High","CTR 50.0% suggests accidental clicks"
"UC70KaZuBeDCfj-mDYIIdXBQ","GAXILLIC","YOUTUBE_CHANNEL","Video View DRAFT","23807887103","VIDEO",1,1,1.0000,0.01,0,0.00,0,0,0,0.00,0.0015,"HIGH_CTR_ACCIDENTAL","High","CTR 100.0% suggests accidental clicks"
"UCGjJp5auEAi6yjLK_I4s_6Q","International Drama Vault","YOUTUBE_CHANNEL","Video View DRAFT","23807887103","VIDEO",1,1,1.0000,0.01,0,0.00,0,0,1,0.00,0.0015,"HIGH_CTR_ACCIDENTAL","High","CTR 100.0% suggests accidental clicks"
"UCESKrilRg0IRh9fsbBLcSOg","Kerry-Lou","YOUTUBE_CHANNEL","Video View DRAFT","23807887103","VIDEO",1,1,1.0000,0.01,0,0.00,0,0,3,0.00,0.0015,"HIGH_CTR_ACCIDENTAL","High","CTR 100.0% suggests accidental clicks"
"UChE4aVxHHk5Mx9fZ2DaPJGw","Nas","YOUTUBE_CHANNEL","Video View DRAFT","23807887103","VIDEO",1,1,1.0000,0.01,0,0.00,0,0,2,0.00,0.0015,"HIGH_CTR_ACCIDENTAL","High","CTR 100.0% suggests accidental clicks"
"UCQP5Q9wlX1cqVT8NMkYL51w","BeechBoyz TV","YOUTUBE_CHANNEL","Video View DRAFT","23807887103","VIDEO",1,1,1.0000,0.01,0,0.00,0,0,6,0.00,0.0015,"HIGH_CTR_ACCIDENTAL","High","CTR 100.0% suggests accidental clicks"
"UCzcxFxKmA9hVq56rSSuI_gQ","metisrastaman","YOUTUBE_CHANNEL","Video View DRAFT","23807887103","VIDEO",2,1,0.5000,0.01,0,0.00,0,0,0,0.00,0.0015,"HIGH_CTR_ACCIDENTAL","High","CTR 50.0% suggests accidental clicks"
"UCx_IfPBpB7FsY_ySDm4n0IQ","Mrcyxs","YOUTUBE_CHANNEL","Video View DRAFT","23807887103","VIDEO",1,1,1.0000,0.01,0,0.00,0,0,0,0.00,0.0015,"HIGH_CTR_ACCIDENTAL","High","CTR 100.0% suggests accidental clicks"
"UC7ngPa1NNGu8uj3D3LavLfg","Real Freedom","YOUTUBE_CHANNEL","Video View DRAFT","23807887103","VIDEO",1,1,1.0000,0.01,0,0.00,0,0,2,0.00,0.0015,"HIGH_CTR_ACCIDENTAL","High","CTR 100.0% suggests accidental clicks"
"UCkfkN7ZLHQgSQDoqFWFDVSA","PliesVEVO","YOUTUBE_CHANNEL","Video View DRAFT","23807887103","VIDEO",1,1,1.0000,0.01,0,0.00,0,0,2,0.00,0.0015,"HIGH_CTR_ACCIDENTAL","High","CTR 100.0% suggests accidental clicks"
"UCFkq0pNwpOfisUwP0FRfgYg","ShaniqueJay2","YOUTUBE_CHANNEL","Video View DRAFT","23807887103","VIDEO",1,1,1.0000,0.01,0,0.00,0,0,0,0.00,0.0015,"HIGH_CTR_ACCIDENTAL","High","CTR 100.0% suggests accidental clicks"
"UC-5IyGgI103fjY_VgBhL0wg","90 Day Fiesta","YOUTUBE_CHANNEL","Video View DRAFT","23807887103","VIDEO",1,1,1.0000,0.01,0,0.00,0,0,0,0.00,0.0015,"HIGH_CTR_ACCIDENTAL","High","CTR 100.0% suggests accidental clicks"
"UCM_MmfKJ7ZJWEDFRltdzrPQ","THE BOG RECORDS","YOUTUBE_CHANNEL","Video View DRAFT","23807887103","VIDEO",1,1,1.0000,0.01,0,0.00,0,0,4,0.00,0.0015,"HIGH_CTR_ACCIDENTAL","High","CTR 100.0% suggests accidental clicks"
"UCm9xJt17Wv_UVr_9K9vs8gg","Kevin Sherwood - Topic","YOUTUBE_CHANNEL","Video View DRAFT","23807887103","VIDEO",1,1,1.0000,0.01,0,0.00,0,0,0,0.00,0.0015,"HIGH_CTR_ACCIDENTAL","High","CTR 100.0% suggests accidental clicks"
"UCEwu364DqDNfw1F04CduCsA","히또핏","YOUTUBE_CHANNEL","Video View DRAFT","23807887103","VIDEO",1,1,1.0000,0.01,0,0.00,0,0,0,0.00,0.0015,"HIGH_CTR_ACCIDENTAL","High","CTR 100.0% suggests accidental clicks"
"UC9fnzeacCLJRjx7pJJjyUPA","Shattered Glass","YOUTUBE_CHANNEL","Video View DRAFT","23807887103","VIDEO",1,1,1.0000,0.01,0,0.00,0,0,2,0.00,0.0015,"HIGH_CTR_ACCIDENTAL","High","CTR 100.0% suggests accidental clicks"
"UCttB5CXMadukUg0_e7q13Bw","Great Measures","YOUTUBE_CHANNEL","Video View DRAFT","23807887103","VIDEO",1,1,1.0000,0.01,0,0.00,0,0,4,0.00,0.0015,"HIGH_CTR_ACCIDENTAL","High","CTR 100.0% suggests accidental clicks"
"UCz67j2koC3urUkQirbvueCA","Let's Try This Again | Hosted By B. Simone","YOUTUBE_CHANNEL","Video View DRAFT","23807887103","VIDEO",1,1,1.0000,0.01,0,0.00,0,0,5,0.00,0.0015,"HIGH_CTR_ACCIDENTAL","High","CTR 100.0% suggests accidental clicks"
"UC7DkqGRS9X75ZlTtCxi4V2w","MyDarkestDaysVEVO","YOUTUBE_CHANNEL","Video View DRAFT","23807887103","VIDEO",1,1,1.0000,0.01,0,0.00,0,0,2,0.00,0.0015,"HIGH_CTR_ACCIDENTAL","High","CTR 100.0% suggests accidental clicks"
"UC1oFAMbbPof-wF1kAqUFE1Q","prettypurplegirl","YOUTUBE_CHANNEL","Video View DRAFT","23807887103","VIDEO",1,1,1.0000,0.01,0,0.00,0,0,0,0.00,0.0015,"HIGH_CTR_ACCIDENTAL","High","CTR 100.0% suggests accidental clicks"
"UCx8lbWmIU35_zYtcXclFYzg","Gary Apsley","YOUTUBE_CHANNEL","Video View DRAFT","23807887103","VIDEO",1,1,1.0000,0.01,0,0.00,0,0,2,0.00,0.0015,"HIGH_CTR_ACCIDENTAL","High","CTR 100.0% suggests accidental clicks"
"UCdrSjQ5ztEGin2BTlisfJ3w","SuspectSky","YOUTUBE_CHANNEL","Video View DRAFT","23807887103","VIDEO",1,1,1.0000,0.01,0,0.00,0,0,0,0.00,0.0015,"HIGH_CTR_ACCIDENTAL","High","CTR 100.0% suggests accidental clicks"
"UCSRAuXfp7JdIlcVN7Eqctyg","Luke Holland Drums","YOUTUBE_CHANNEL","Video View DRAFT","23807887103","VIDEO",1,1,1.0000,0.01,0,0.00,0,0,0,0.00,0.0015,"HIGH_CTR_ACCIDENTAL","High","CTR 100.0% suggests accidental clicks"
"UCYl26x0VPlKjDaELkn0SG6w","Danny Z","YOUTUBE_CHANNEL","Video View DRAFT","23807887103","VIDEO",1,2,2.0000,0.01,0,0.00,0,0,8,0.00,0.0015,"HIGH_CTR_ACCIDENTAL","High","CTR 200.0% suggests accidental clicks"
"UCRnTXhtZvunm75opddTOyPA","djgee","YOUTUBE_CHANNEL","Video View DRAFT","23807887103","VIDEO",1,1,1.0000,0.01,0,0.00,0,0,0,0.00,0.0015,"HIGH_CTR_ACCIDENTAL","High","CTR 100.0% suggests accidental clicks"
"UCS9E7hCpXnbB-UFlLXgGC6g","RZA - Topic","YOUTUBE_CHANNEL","Video View DRAFT","23807887103","VIDEO",1,1,1.0000,0.01,0,0.00,0,0,3,0.00,0.0015,"HIGH_CTR_ACCIDENTAL","High","CTR 100.0% suggests accidental clicks"
"UC9gyn-hPq_4jGoScGjUlrCg","Virtual Orchestration","YOUTUBE_CHANNEL","Video View DRAFT","23807887103","VIDEO",1,1,1.0000,0.01,0,0.00,0,0,0,0.00,0.0015,"HIGH_CTR_ACCIDENTAL","High","CTR 100.0% suggests accidental clicks"
"UCTs0s3oFjPPkpPzO61yK6Pw","Rachel McKeown","YOUTUBE_CHANNEL","Video View DRAFT","23807887103","VIDEO",1,1,1.0000,0.01,0,0.00,0,0,0,0.00,0.0015,"HIGH_CTR_ACCIDENTAL","High","CTR 100.0% suggests accidental clicks"
"UCpdv1cqMEVDUlc3NzeNN_SQ","Jason Umbreit","YOUTUBE_CHANNEL","Video View DRAFT","23807887103","VIDEO",1,1,1.0000,0.01,0,0.00,0,0,0,0.00,0.0015,"HIGH_CTR_ACCIDENTAL","High","CTR 100.0% suggests accidental clicks"
"UC-vly6_NcK1PH7K61btghrA","Ádám Réthy","YOUTUBE_CHANNEL","Video View DRAFT","23807887103","VIDEO",1,1,1.0000,0.01,0,0.00,0,0,0,0.00,0.0015,"HIGH_CTR_ACCIDENTAL","High","CTR 100.0% suggests accidental clicks"
"UCLAtXkPCaX7_B4ttiCS0zSA","ครูแมวจรัส สอนตัดเย็บเสื้อผ้าออนไลน์สำหรับมือใหม่","YOUTUBE_CHANNEL","Video View DRAFT","23807887103","VIDEO",1,1,1.0000,0.01,0,0.00,0,0,4,0.00,0.0015,"HIGH_CTR_ACCIDENTAL","High","CTR 100.0% suggests accidental clicks"
"UCR6Lih-VhWlJvxb47pxK6GQ","ひと針ひと針　sewing channel","YOUTUBE_CHANNEL","Video View DRAFT","23807887103","VIDEO",1,1,1.0000,0.01,0,0.00,0,0,0,0.00,0.0015,"HIGH_CTR_ACCIDENTAL","High","CTR 100.0% suggests accidental clicks"
"UCA0fipZhEZKy-bQhSfZTtPw","stesul","YOUTUBE_CHANNEL","Video View DRAFT","23807887103","VIDEO",1,1,1.0000,0.01,0,0.00,0,0,0,0.00,0.0015,"HIGH_CTR_ACCIDENTAL","High","CTR 100.0% suggests accidental clicks"
"UCmh7afBz-uWwOSSNTqUBAhg","Forbes","YOUTUBE_CHANNEL","Video View DRAFT","23807887103","VIDEO",1,1,1.0000,0.01,0,0.00,0,0,2,0.00,0.0015,"HIGH_CTR_ACCIDENTAL","High","CTR 100.0% suggests accidental clicks"
"UCSm7Zfy7s1fCwjLv_6nMq3A","TAKERS","YOUTUBE_CHANNEL","Video View DRAFT","23807887103","VIDEO",1,1,1.0000,0.00,0,0.00,0,0,0,0.00,0.0015,"HIGH_CTR_ACCIDENTAL","High","CTR 100.0% suggests accidental clicks"
"UCHkDGVrGnNVxXo74yL8glIQ","Kelly Monroe Yoga","YOUTUBE_CHANNEL","Video View DRAFT","23807887103","VIDEO",1,2,2.0000,0.00,0,0.00,0,0,2,0.00,0.0015,"HIGH_CTR_ACCIDENTAL","High","CTR 200.0% suggests accidental clicks"
"UC0qZOp-8jvJPxW2NEtVTQGA","10thFloorClown","YOUTUBE_CHANNEL","Video View DRAFT","23807887103","VIDEO",1,1,1.0000,0.00,0,0.00,0,0,2,0.00,0.0015,"HIGH_CTR_ACCIDENTAL","High","CTR 100.0% suggests accidental clicks"
"UCIaKSh-3ZA_V4nokxXyTDgw","Stavros","YOUTUBE_CHANNEL","Video View DRAFT","23807887103","VIDEO",1,1,1.0000,0.00,0,0.00,0,0,3,0.00,0.0015,"HIGH_CTR_ACCIDENTAL","High","CTR 100.0% suggests accidental clicks"
"UCxM3T9IguCz2B41NuqmYw1g","عائلة هيا ومرام","YOUTUBE_CHANNEL","Video View DRAFT","23807887103","VIDEO",1,1,1.0000,0.00,0,0.00,0,0,0,0.00,0.0015,"HIGH_CTR_ACCIDENTAL","High","CTR 100.0% suggests accidental clicks"
"UC8H7fot6zf3i_uWm-2fCS0A","Paridhi Saini Vlogs","YOUTUBE_CHANNEL","Video View DRAFT","23807887103","VIDEO",1,1,1.0000,0.00,0,0.00,0,0,0,0.00,0.0015,"HIGH_CTR_ACCIDENTAL","High","CTR 100.0% suggests accidental clicks"
"UCb243glXKZ3dbqoEvxc-hYQ","Seine","YOUTUBE_CHANNEL","Video View DRAFT","23807887103","VIDEO",1,1,1.0000,0.00,0,0.00,0,0,0,0.00,0.0015,"HIGH_CTR_ACCIDENTAL","High","CTR 100.0% suggests accidental clicks"
"21zLhQBz3kk","","YOUTUBE_VIDEO","Video View DRAFT","23807887103","VIDEO",2,1,0.5000,0.16,0,0.00,0,0,0,0.00,0.0015,"VIDEO_CTR_ANOMALY","Medium","Video CTR 50.0% is abnormally high"
"NX59s-Lmip4","Heavyweight vs. Lightweight Calisthenics Athletes - The Battle","YOUTUBE_VIDEO","Video View DRAFT","23807887103","VIDEO",1,1,1.0000,0.16,0,0.00,0,0,0,0.00,0.0015,"VIDEO_CTR_ANOMALY","Medium","Video CTR 100.0% is abnormally high"
"5bGEBcQIW4c","OpTic DESTROY Paris (Bad), Falcons Online Champs?! 🙌🏆","YOUTUBE_VIDEO","Video View DRAFT","23807887103","VIDEO",1,1,1.0000,0.16,0,0.00,0,0,0,0.00,0.0015,"VIDEO_CTR_ANOMALY","Medium","Video CTR 100.0% is abnormally high"
"68SytjkX_EY","Elite Nerf Strike: Arsenal | Full Movie! (Nerf War)","YOUTUBE_VIDEO","Video View DRAFT","23807887103","VIDEO",5,1,0.2000,0.16,0,0.00,0,0,0,0.00,0.0015,"VIDEO_CTR_ANOMALY","Medium","Video CTR 20.0% is abnormally high"
"rOy1N6kgEmc","Endless Love Episode 57 (FULL HD)","YOUTUBE_VIDEO","Video View DRAFT","23807887103","VIDEO",1,1,1.0000,0.15,0,0.00,0,0,0,0.00,0.0015,"VIDEO_CTR_ANOMALY","Medium","Video CTR 100.0% is abnormally high"
"Y2_ynhHMyNI","The Best Opening Credit Jokes | Rick and Morty | adult swim","YOUTUBE_VIDEO","Video View DRAFT","23807887103","VIDEO",1,1,1.0000,0.14,0,0.00,0,0,0,0.00,0.0015,"VIDEO_CTR_ANOMALY","Medium","Video CTR 100.0% is abnormally high"
"MzQo_UmS6Yg","From Mortal to Immortal: He mastered ancient spells to crush his enemies! 🎬⚡️","YOUTUBE_VIDEO","Video View DRAFT","23807887103","VIDEO",1,1,1.0000,0.13,0,0.00,0,0,0,0.00,0.0015,"VIDEO_CTR_ANOMALY","Medium","Video CTR 100.0% is abnormally high"
"BoNyhN5XBnk","I Became the Galaxy's Most HATED Princess With 5 Beastmen Husbands Who Want Me DEAD","YOUTUBE_VIDEO","Video View DRAFT","23807887103","VIDEO",4,1,0.2500,0.13,0,0.00,0,0,0,0.00,0.0015,"VIDEO_CTR_ANOMALY","Medium","Video CTR 25.0% is abnormally high"
"Bt9AhqBHgVo","Arman Tsarukyan Theme Song UFC 🇦🇲","YOUTUBE_VIDEO","Video View DRAFT","23807887103","VIDEO",1,1,1.0000,0.12,0,0.00,0,0,0,0.00,0.0015,"VIDEO_CTR_ANOMALY","Medium","Video CTR 100.0% is abnormally high"
"aXDp2cwoGuY","SML Movie: Jeffy's Necklace!","YOUTUBE_VIDEO","Video View DRAFT","23807887103","VIDEO",8,1,0.1250,0.12,0,0.00,0,0,0,0.00,0.0015,"VIDEO_CTR_ANOMALY","Medium","Video CTR 12.5% is abnormally high"
"p4kakhFXDGU","The 'Luxury Poverty' Trap, Explained","YOUTUBE_VIDEO","Video View DRAFT","23807887103","VIDEO",1,1,1.0000,0.12,0,0.00,0,0,0,0.00,0.0015,"VIDEO_CTR_ANOMALY","Medium","Video CTR 100.0% is abnormally high"
"rnrAPxhIzII","🏆TROPHYING With Professor Onyx | Icetill Coffers | Modern | MTGO","YOUTUBE_VIDEO","Video View DRAFT","23807887103","VIDEO",1,1,1.0000,0.11,0,0.00,0,0,0,0.00,0.0015,"VIDEO_CTR_ANOMALY","Medium","Video CTR 100.0% is abnormally high"
"fuV4yQWdn_4","squabble up","YOUTUBE_VIDEO","Video View DRAFT","23807887103","VIDEO",9,1,0.1111,0.11,0,0.00,0,0,0,0.00,0.0015,"VIDEO_CTR_ANOMALY","Medium","Video CTR 11.1% is abnormally high"
"zrGI5M6DgsE","Shopping for REMARKABLE vintage watches at a wrist watch expo! Shocking finds!","YOUTUBE_VIDEO","Video View DRAFT","23807887103","VIDEO",1,1,1.0000,0.11,0,0.00,0,0,0,0.00,0.0015,"VIDEO_CTR_ANOMALY","Medium","Video CTR 100.0% is abnormally high"
"Uboyl2mjs9Y","YG feat. Will Claye - IDGAF","YOUTUBE_VIDEO","Video View DRAFT","23807887103","VIDEO",5,1,0.2000,0.10,0,0.00,0,0,0,0.00,0.0015,"VIDEO_CTR_ANOMALY","Medium","Video CTR 20.0% is abnormally high"
"JzTPr1ACZJw","Clear Black Nights","YOUTUBE_VIDEO","Video View DRAFT","23807887103","VIDEO",1,1,1.0000,0.10,0,0.00,0,0,0,0.00,0.0015,"VIDEO_CTR_ANOMALY","Medium","Video CTR 100.0% is abnormally high"
"wl2Cdxt-sC8","Coco & Clair Clair - Pop Star [Official Video]","YOUTUBE_VIDEO","Video View DRAFT","23807887103","VIDEO",5,1,0.2000,0.09,0,0.00,0,0,0,0.00,0.0015,"VIDEO_CTR_ANOMALY","Medium","Video CTR 20.0% is abnormally high"
"PbkmjK0tUds","How Long Can You Play Mobile Games Without Pop-ups??","YOUTUBE_VIDEO","Video View DRAFT","23807887103","VIDEO",5,1,0.2000,0.09,0,0.00,0,0,0,0.00,0.0015,"VIDEO_CTR_ANOMALY","Medium","Video CTR 20.0% is abnormally high"
"loq6cMOr9bs","BUYING a BONUS on EVERY SLOT from HACKSAW GAMING!! (Bonus Buys)","YOUTUBE_VIDEO","Video View DRAFT","23807887103","VIDEO",3,1,0.3333,0.09,0,0.00,0,0,0,0.00,0.0015,"VIDEO_CTR_ANOMALY","Medium","Video CTR 33.3% is abnormally high"
"FDSY3s-qxUg","Curb Your Enthusiasm: The Two Larry Davids","YOUTUBE_VIDEO","Video View DRAFT","23807887103","VIDEO",1,1,1.0000,0.09,0,0.00,0,0,0,0.00,0.0015,"VIDEO_CTR_ANOMALY","Medium","Video CTR 100.0% is abnormally high"
"nWq1feAFcUU","Work Harder.","YOUTUBE_VIDEO","Video View DRAFT","23807887103","VIDEO",3,1,0.3333,0.09,0,0.00,0,0,0,0.00,0.0015,"VIDEO_CTR_ANOMALY","Medium","Video CTR 33.3% is abnormally high"
"aJwgINsj4jw","ЧАСТЬ 1.KARDI CUCINELLI .kniting .вязание спицами .кардиган с молнией и капюшоном","YOUTUBE_VIDEO","Video View DRAFT","23807887103","VIDEO",1,1,1.0000,0.09,0,0.00,0,0,0,0.00,0.0015,"VIDEO_CTR_ANOMALY","Medium","Video CTR 100.0% is abnormally high"
"Z5aE7247DBs","XQC PLAYS STAR WARS JEDI: FALLEN ORDER - Gameplay Part 1 (Grand Master Difficulty) | xQcOW","YOUTUBE_VIDEO","Video View DRAFT","23807887103","VIDEO",1,1,1.0000,0.09,0,0.00,0,0,0,0.00,0.0015,"VIDEO_CTR_ANOMALY","Medium","Video CTR 100.0% is abnormally high"
"nJLuj7PXRNs","Blazing a trail (Elden Ring)","YOUTUBE_VIDEO","Video View DRAFT","23807887103","VIDEO",1,1,1.0000,0.09,0,0.00,0,0,0,0.00,0.0015,"VIDEO_CTR_ANOMALY","Medium","Video CTR 100.0% is abnormally high"
"iVaqQe3V498","Amy Winehouse - F**k Me Pumps","YOUTUBE_VIDEO","Video View DRAFT","23807887103","VIDEO",4,1,0.2500,0.09,0,0.00,0,0,0,0.00,0.0015,"VIDEO_CTR_ANOMALY","Medium","Video CTR 25.0% is abnormally high"
"qyYNtl8f8Ks","THY ART IS MURDER - Killing Season (Official Lyric Video)","YOUTUBE_VIDEO","Video View DRAFT","23807887103","VIDEO",5,1,0.2000,0.08,0,0.00,0,0,0,0.00,0.0015,"VIDEO_CTR_ANOMALY","Medium","Video CTR 20.0% is abnormally high"
"wq0xOt7rgWw","Folge 103 | Staffel 2 | My Style Rocks Germany","YOUTUBE_VIDEO","Video View DRAFT","23807887103","VIDEO",7,1,0.1429,0.08,0,0.00,0,0,0,0.00,0.0015,"VIDEO_CTR_ANOMALY","Medium","Video CTR 14.3% is abnormally high"
"jMg-V73hf2g","Am fost cu Tatal STRICT in ANTARCTICA !","YOUTUBE_VIDEO","Video View DRAFT","23807887103","VIDEO",3,1,0.3333,0.08,0,0.00,0,0,0,0.00,0.0015,"VIDEO_CTR_ANOMALY","Medium","Video CTR 33.3% is abnormally high"
"dmqZzArQPkw","Look Back - Something Behind You","YOUTUBE_VIDEO","Video View DRAFT","23807887103","VIDEO",5,1,0.2000,0.08,0,0.00,0,0,0,0.00,0.0015,"VIDEO_CTR_ANOMALY","Medium","Video CTR 20.0% is abnormally high"
"A2VW7c-Ehq8","FUNNY R6 Clips","YOUTUBE_VIDEO","Video View DRAFT","23807887103","VIDEO",7,1,0.1429,0.08,0,0.00,0,0,0,0.00,0.0015,"VIDEO_CTR_ANOMALY","Medium","Video CTR 14.3% is abnormally high"
"Cvo80gbCYwE","Lola Young - Conceited (Official Video)","YOUTUBE_VIDEO","Video View DRAFT","23807887103","VIDEO",9,1,0.1111,0.08,0,0.00,0,0,0,0.00,0.0015,"VIDEO_CTR_ANOMALY","Medium","Video CTR 11.1% is abnormally high"
"H2RnShaxYFE","Оцениваю БРЕНДЫ БЛОГЕРОВ!** Дина Саева, Вика Боня, MONA, Орлов**","YOUTUBE_VIDEO","Video View DRAFT","23807887103","VIDEO",8,1,0.1250,0.08,0,0.00,0,0,0,0.00,0.0015,"VIDEO_CTR_ANOMALY","Medium","Video CTR 12.5% is abnormally high"
"mXJlN9wk8O8","These Mormon cartoons will RUIN your day...","YOUTUBE_VIDEO","Video View DRAFT","23807887103","VIDEO",8,1,0.1250,0.07,0,0.00,0,0,0,0.00,0.0015,"VIDEO_CTR_ANOMALY","Medium","Video CTR 12.5% is abnormally high"
"ipWbmYv8U5U","Two Hours of History Facts To Listen To At the Gym","YOUTUBE_VIDEO","Video View DRAFT","23807887103","VIDEO",5,1,0.2000,0.07,0,0.00,0,0,0,0.00,0.0015,"VIDEO_CTR_ANOMALY","Medium","Video CTR 20.0% is abnormally high"
"PXgJih6DFmk","Batman vs. 5 Superheroes | Surrounded","YOUTUBE_VIDEO","Video View DRAFT","23807887103","VIDEO",2,1,0.5000,0.07,0,0.00,0,0,0,0.00,0.0015,"VIDEO_CTR_ANOMALY","Medium","Video CTR 50.0% is abnormally high"
"9O-hwpmsk74","She Entered Ancient Famine With Endless Supplies and Changed Her Fate!【My Space, My Easy Life】","YOUTUBE_VIDEO","Video View DRAFT","23807887103","VIDEO",4,1,0.2500,0.07,0,0.00,0,0,0,0.00,0.0015,"VIDEO_CTR_ANOMALY","Medium","Video CTR 25.0% is abnormally high"
"XZ_YOyt_kqk","The Worst Art Critic On YouTube","YOUTUBE_VIDEO","Video View DRAFT","23807887103","VIDEO",9,1,0.1111,0.07,0,0.00,0,0,0,0.00,0.0015,"VIDEO_CTR_ANOMALY","Medium","Video CTR 11.1% is abnormally high"
"_XOV3tRs_rE","I SAW HIM THRU NIGHT VISION | 10 True Scary Subscriber Stories | 088","YOUTUBE_VIDEO","Video View DRAFT","23807887103","VIDEO",1,1,1.0000,0.07,0,0.00,0,0,0,0.00,0.0015,"VIDEO_CTR_ANOMALY","Medium","Video CTR 100.0% is abnormally high"
"6wgVUGAxuMw","Can You ""One"" Shot Dark Souls 2? || ‎@TheBacklogs  Contest Entry","YOUTUBE_VIDEO","Video View DRAFT","23807887103","VIDEO",5,1,0.2000,0.07,0,0.00,0,0,0,0.00,0.0015,"VIDEO_CTR_ANOMALY","Medium","Video CTR 20.0% is abnormally high"
"S0nbOenwCLw","Kodak Black - Roll In Peace (feat. XXXTentacion) [Official Music Video]","YOUTUBE_VIDEO","Video View DRAFT","23807887103","VIDEO",5,1,0.2000,0.07,0,0.00,0,0,0,0.00,0.0015,"VIDEO_CTR_ANOMALY","Medium","Video CTR 20.0% is abnormally high"
"XmdPWcADhck","Parfumo","YOUTUBE_VIDEO","Video View DRAFT","23807887103","VIDEO",9,1,0.1111,0.07,0,0.00,0,0,0,0.00,0.0015,"VIDEO_CTR_ANOMALY","Medium","Video CTR 11.1% is abnormally high"
"bll0rEkXnp8","Alex Pereira Shouldn’t Be Possible","YOUTUBE_VIDEO","Video View DRAFT","23807887103","VIDEO",9,1,0.1111,0.06,0,0.00,0,0,0,0.00,0.0015,"VIDEO_CTR_ANOMALY","Medium","Video CTR 11.1% is abnormally high"
"DgGsi4nyNgg","Why John Cena SUCCEEDED in DC and The Rock FAILED","YOUTUBE_VIDEO","Video View DRAFT","23807887103","VIDEO",3,1,0.3333,0.06,0,0.00,0,0,0,0.00,0.0015,"VIDEO_CTR_ANOMALY","Medium","Video CTR 33.3% is abnormally high"
"ndSGMEEK5rw","Aaliyah: La Cantante Eliminada Amiga de P. Diddy y Jay Z | Especial Octubre","YOUTUBE_VIDEO","Video View DRAFT","23807887103","VIDEO",1,1,1.0000,0.06,0,0.00,0,0,0,0.00,0.0015,"VIDEO_CTR_ANOMALY","Medium","Video CTR 100.0% is abnormally high"
"hkXwC2peHyA","The 7 Levels of School Popularity","YOUTUBE_VIDEO","Video View DRAFT","23807887103","VIDEO",8,1,0.1250,0.06,0,0.00,0,0,0,0.00,0.0015,"VIDEO_CTR_ANOMALY","Medium","Video CTR 12.5% is abnormally high"
"VyK88TcSdLs","THE MAN FOLLOWED ME HOME | Tales Beyond The Tomb: Pineville Night Stalker","YOUTUBE_VIDEO","Video View DRAFT","23807887103","VIDEO",8,1,0.1250,0.06,0,0.00,0,0,0,0.00,0.0015,"VIDEO_CTR_ANOMALY","Medium","Video CTR 12.5% is abnormally high"
"mcMX4VNj_Yo","Wow, Crazy! Jungkook's Latest Calvin Klein Video Shocks Fans!","YOUTUBE_VIDEO","Video View DRAFT","23807887103","VIDEO",4,1,0.2500,0.06,0,0.00,0,0,0,0.00,0.0015,"VIDEO_CTR_ANOMALY","Medium","Video CTR 25.0% is abnormally high"
"uEIU0CCsqWE","A Collection of Horrible Fates | Industrial Edition","YOUTUBE_VIDEO","Video View DRAFT","23807887103","VIDEO",1,2,2.0000,0.06,0,0.00,0,0,0,0.00,0.0015,"VIDEO_CTR_ANOMALY","Medium","Video CTR 200.0% is abnormally high"
"6lzNdpMrZ1A","AWFUL Jehovah's Witness Cartoon shows the reality of Indoctrination ...","YOUTUBE_VIDEO","Video View DRAFT","23807887103","VIDEO",1,1,1.0000,0.06,0,0.00,0,0,0,0.00,0.0015,"VIDEO_CTR_ANOMALY","Medium","Video CTR 100.0% is abnormally high"
"9v_rtaye2yY","Migos, Nicki Minaj, Cardi B - MotorSport (Official Video)","YOUTUBE_VIDEO","Video View DRAFT","23807887103","VIDEO",9,1,0.1111,0.06,0,0.00,0,0,0,0.00,0.0015,"VIDEO_CTR_ANOMALY","Medium","Video CTR 11.1% is abnormally high"
"gXBXdAluW94","Daz Watches People Living Life Wrong","YOUTUBE_VIDEO","Video View DRAFT","23807887103","VIDEO",8,1,0.1250,0.06,0,0.00,0,0,0,0.00,0.0015,"VIDEO_CTR_ANOMALY","Medium","Video CTR 12.5% is abnormally high"
"yvTvb62S6_o","Migos - Why Not (Official Video)","YOUTUBE_VIDEO","Video View DRAFT","23807887103","VIDEO",2,1,0.5000,0.06,0,0.00,0,0,0,0.00,0.0015,"VIDEO_CTR_ANOMALY","Medium","Video CTR 50.0% is abnormally high"
"Kb24RrHIbFk","Logic - 1-800-273-8255 ft. Alessia Cara, Khalid (Official Video)","YOUTUBE_VIDEO","Video View DRAFT","23807887103","VIDEO",8,1,0.1250,0.06,0,0.00,0,0,0,0.00,0.0015,"VIDEO_CTR_ANOMALY","Medium","Video CTR 12.5% is abnormally high"
"03qghiMiRv4","","YOUTUBE_VIDEO","Video View DRAFT","23807887103","VIDEO",8,1,0.1250,0.06,0,0.00,0,0,0,0.00,0.0015,"VIDEO_CTR_ANOMALY","Medium","Video CTR 12.5% is abnormally high"
"o3O5uzMT5sY","Diva Boutique Swimwear 4K Video Resort 2025 | Miami Swim Week Art Hearts","YOUTUBE_VIDEO","Video View DRAFT","23807887103","VIDEO",7,1,0.1429,0.06,0,0.00,0,0,0,0.00,0.0015,"VIDEO_CTR_ANOMALY","Medium","Video CTR 14.3% is abnormally high"
"kTkscQ-uK8E","Online VERLIEBT, im Laden VERZWEIFELT 😭 Das zu kleine Traumkleid! ✨ | Zwischen Tüll und Tränen","YOUTUBE_VIDEO","Video View DRAFT","23807887103","VIDEO",9,1,0.1111,0.06,0,0.00,0,0,0,0.00,0.0015,"VIDEO_CTR_ANOMALY","Medium","Video CTR 11.1% is abnormally high"
"sU3OLbHPhjU","Pink Melon Swimwear Full Show In Slow Motion, Featuring Virginia Sanhouse, Lucciana Beynon & More","YOUTUBE_VIDEO","Video View DRAFT","23807887103","VIDEO",6,1,0.1667,0.06,0,0.00,0,0,0,0.00,0.0015,"VIDEO_CTR_ANOMALY","Medium","Video CTR 16.7% is abnormally high"
"hrjgilQ0Abc","KM X KEVIN - NO DAYS OFF (prod. Jordan Wayne)","YOUTUBE_VIDEO","Video View DRAFT","23807887103","VIDEO",1,1,1.0000,0.06,0,0.00,0,0,0,0.00,0.0015,"VIDEO_CTR_ANOMALY","Medium","Video CTR 100.0% is abnormally high"
"Xbuwiox95Vg","He Was Hired to Find Wanted Prisoner | Denzel Washington","YOUTUBE_VIDEO","Video View DRAFT","23807887103","VIDEO",9,1,0.1111,0.06,0,0.00,0,0,0,0.00,0.0015,"VIDEO_CTR_ANOMALY","Medium","Video CTR 11.1% is abnormally high"
"dItxHJtIarI","The Full Story of Elden Ring & Shadow of The Erdtree Explained","YOUTUBE_VIDEO","Video View DRAFT","23807887103","VIDEO",9,1,0.1111,0.06,0,0.00,0,0,0,0.00,0.0015,"VIDEO_CTR_ANOMALY","Medium","Video CTR 11.1% is abnormally high"
"CXiTBY2z0pk","Киев днем и ночью - Серия 31 - Сезон 3","YOUTUBE_VIDEO","Video View DRAFT","23807887103","VIDEO",4,1,0.2500,0.05,0,0.00,0,0,0,0.00,0.0015,"VIDEO_CTR_ANOMALY","Medium","Video CTR 25.0% is abnormally high"
"jClZMJmPqjA","24 HOURS WITH GOD | The Ghost Mode — The Anointed Screen","YOUTUBE_VIDEO","Video View DRAFT","23807887103","VIDEO",5,1,0.2000,0.05,0,0.00,0,0,0,0.00,0.0015,"VIDEO_CTR_ANOMALY","Medium","Video CTR 20.0% is abnormally high"
"LV2-SY36Ss8","Alexia Evellyn - Savage Daughters (Official Video)","YOUTUBE_VIDEO","Video View DRAFT","23807887103","VIDEO",8,1,0.1250,0.05,0,0.00,0,0,0,0.00,0.0015,"VIDEO_CTR_ANOMALY","Medium","Video CTR 12.5% is abnormally high"
"qYkbTyHXwbs","Rick Springfield - Jessie's Girl (Official Video)","YOUTUBE_VIDEO","Video View DRAFT","23807887103","VIDEO",6,1,0.1667,0.05,0,0.00,0,0,0,0.00,0.0015,"VIDEO_CTR_ANOMALY","Medium","Video CTR 16.7% is abnormally high"
"dNXpYxNfH3w","🔥 ШОПИНГ В КЕМЕРЕ! Рай для туристов!","YOUTUBE_VIDEO","Video View DRAFT","23807887103","VIDEO",2,1,0.5000,0.05,0,0.00,0,0,0,0.00,0.0015,"VIDEO_CTR_ANOMALY","Medium","Video CTR 50.0% is abnormally high"
"D_gS8hazDFI","24/7 Live | FashionTV Swimwear and Bikini top brands  — watch now!","YOUTUBE_VIDEO","Video View DRAFT","23807887103","VIDEO",2,1,0.5000,0.05,0,0.00,0,0,0,0.00,0.0015,"VIDEO_CTR_ANOMALY","Medium","Video CTR 50.0% is abnormally high"
"1tWgv5Rd26c","Свадьба за 900 тысяч VS отмененная свадьба // Четыре свадьбы","YOUTUBE_VIDEO","Video View DRAFT","23807887103","VIDEO",6,1,0.1667,0.05,0,0.00,0,0,0,0.00,0.0015,"VIDEO_CTR_ANOMALY","Medium","Video CTR 16.7% is abnormally high"
"3KUqjdA5NeU","Why didn't Johnny Sack tell Tony that Paulie told him the joke? | The Sopranos","YOUTUBE_VIDEO","Video View DRAFT","23807887103","VIDEO",1,1,1.0000,0.05,0,0.00,0,0,0,0.00,0.0015,"VIDEO_CTR_ANOMALY","Medium","Video CTR 100.0% is abnormally high"
"b6KirYKrk9Q","Sovereign Citizen vs Best No-Nonsense Arkansas Cop Ever","YOUTUBE_VIDEO","Video View DRAFT","23807887103","VIDEO",9,1,0.1111,0.05,0,0.00,0,0,0,0.00,0.0015,"VIDEO_CTR_ANOMALY","Medium","Video CTR 11.1% is abnormally high"
"WGWLwQjaj-8","sewing my pinterest board pt. 3 || arcina ori set || mirror palais","YOUTUBE_VIDEO","Video View DRAFT","23807887103","VIDEO",1,1,1.0000,0.05,0,0.00,0,0,0,0.00,0.0015,"VIDEO_CTR_ANOMALY","Medium","Video CTR 100.0% is abnormally high"
"3Ao7l_uMH7M","Euphoria - Cassie Turns Into a Giant","YOUTUBE_VIDEO","Video View DRAFT","23807887103","VIDEO",7,1,0.1429,0.05,0,0.00,0,0,0,0.00,0.0015,"VIDEO_CTR_ANOMALY","Medium","Video CTR 14.3% is abnormally high"
"nvSc3iafLTY","Orbital Arrow Cannon VS Strength SMP","YOUTUBE_VIDEO","Video View DRAFT","23807887103","VIDEO",7,1,0.1429,0.05,0,0.00,0,0,0,0.00,0.0015,"VIDEO_CTR_ANOMALY","Medium","Video CTR 14.3% is abnormally high"
"v-rxFHRTrJc","A Boogie Wit Da Hoodie - Swervin feat. 6ix9ine [Official Audio]","YOUTUBE_VIDEO","Video View DRAFT","23807887103","VIDEO",5,1,0.2000,0.05,0,0.00,0,0,0,0.00,0.0015,"VIDEO_CTR_ANOMALY","Medium","Video CTR 20.0% is abnormally high"
"hOGA7SXvkO8","ANDRES SARDA Madrid Fashion Week 4K","YOUTUBE_VIDEO","Video View DRAFT","23807887103","VIDEO",8,1,0.1250,0.05,0,0.00,0,0,0,0.00,0.0015,"VIDEO_CTR_ANOMALY","Medium","Video CTR 12.5% is abnormally high"
"-bXPBf2zWnM","365 (Remastered 2002)","YOUTUBE_VIDEO","Video View DRAFT","23807887103","VIDEO",2,1,0.5000,0.05,0,0.00,0,0,0,0.00,0.0015,"VIDEO_CTR_ANOMALY","Medium","Video CTR 50.0% is abnormally high"
"zTKlqU2X_2Y","","YOUTUBE_VIDEO","Video View DRAFT","23807887103","VIDEO",6,1,0.1667,0.05,0,0.00,0,0,0,0.00,0.0015,"VIDEO_CTR_ANOMALY","Medium","Video CTR 16.7% is abnormally high"
"RSppn8I6ZRE","FadeUnchanged's BEST OF 2025","YOUTUBE_VIDEO","Video View DRAFT","23807887103","VIDEO",4,1,0.2500,0.05,0,0.00,0,0,0,0.00,0.0015,"VIDEO_CTR_ANOMALY","Medium","Video CTR 25.0% is abnormally high"
"teQrup_I9Nc","Insane Steve Destroys And Demotes TMM's Kazuya... Ouch","YOUTUBE_VIDEO","Video View DRAFT","23807887103","VIDEO",1,1,1.0000,0.05,0,0.00,0,0,0,0.00,0.0015,"VIDEO_CTR_ANOMALY","Medium","Video CTR 100.0% is abnormally high"
"fQk7Y8dI8zA","I Read Jinx So You Don't Have To (please don't)","YOUTUBE_VIDEO","Video View DRAFT","23807887103","VIDEO",4,1,0.2500,0.05,0,0.00,0,0,0,0.00,0.0015,"VIDEO_CTR_ANOMALY","Medium","Video CTR 25.0% is abnormally high"
"I4vJM4L2D2U","Tom Petty and the Heartbreakers - Swingin","YOUTUBE_VIDEO","Video View DRAFT","23807887103","VIDEO",1,1,1.0000,0.05,0,0.00,0,0,0,0.00,0.0015,"VIDEO_CTR_ANOMALY","Medium","Video CTR 100.0% is abnormally high"
"jXccOcoCyvQ","Crime Scene Cleaner Highlights | Sept & Oct 2024","YOUTUBE_VIDEO","Video View DRAFT","23807887103","VIDEO",1,1,1.0000,0.05,0,0.00,0,0,0,0.00,0.0015,"VIDEO_CTR_ANOMALY","Medium","Video CTR 100.0% is abnormally high"
"Hc4K6Hj3e1s","Best of Beatriz Corbett in Slow Motion | New York Swim Week 2023","YOUTUBE_VIDEO","Video View DRAFT","23807887103","VIDEO",6,1,0.1667,0.05,0,0.00,0,0,0,0.00,0.0015,"VIDEO_CTR_ANOMALY","Medium","Video CTR 16.7% is abnormally high"
"HfYB-VGvAQw","She's Trapped at Beacon Point | A Survival Thriller That Will Keep You Guessing","YOUTUBE_VIDEO","Video View DRAFT","23807887103","VIDEO",2,1,0.5000,0.05,0,0.00,0,0,0,0.00,0.0015,"VIDEO_CTR_ANOMALY","Medium","Video CTR 50.0% is abnormally high"
"1g2QlOyggJk","HARDEST Weapons to Get In Dynasty Warriors 5","YOUTUBE_VIDEO","Video View DRAFT","23807887103","VIDEO",1,1,1.0000,0.04,0,0.00,0,0,0,0.00,0.0015,"VIDEO_CTR_ANOMALY","Medium","Video CTR 100.0% is abnormally high"
"NuHcLnuGWb8","The Last Wagon | English Dubbed Movie!","YOUTUBE_VIDEO","Video View DRAFT","23807887103","VIDEO",3,1,0.3333,0.04,0,0.00,0,0,0,0.00,0.0015,"VIDEO_CTR_ANOMALY","Medium","Video CTR 33.3% is abnormally high"
"5kI7blTVrcc","Ice-T Tells It All: Rap Origins, Industry Politics & Survival | Full Episode","YOUTUBE_VIDEO","Video View DRAFT","23807887103","VIDEO",6,1,0.1667,0.04,0,0.00,0,0,0,0.00,0.0015,"VIDEO_CTR_ANOMALY","Medium","Video CTR 16.7% is abnormally high"
"6RMTt-LakoI","T3NZU - Drive Forever HQ Audio","YOUTUBE_VIDEO","Video View DRAFT","23807887103","VIDEO",4,3,0.7500,0.04,0,0.00,0,0,0,0.00,0.0015,"VIDEO_CTR_ANOMALY","Medium","Video CTR 75.0% is abnormally high"
"fAwlyZfQL3k","Matt McCusker is Worried About Young Men Looksmaxxing","YOUTUBE_VIDEO","Video View DRAFT","23807887103","VIDEO",1,1,1.0000,0.04,0,0.00,0,0,0,0.00,0.0015,"VIDEO_CTR_ANOMALY","Medium","Video CTR 100.0% is abnormally high"
"OeY-2vTXN3s","Dating Based on Christmas Outfits | 5 Girls VS 5 Guys","YOUTUBE_VIDEO","Video View DRAFT","23807887103","VIDEO",2,1,0.5000,0.04,0,0.00,0,0,0,0.00,0.0015,"VIDEO_CTR_ANOMALY","Medium","Video CTR 50.0% is abnormally high"
"Q8pkBZ4LMJc","This Samurai Build Carries You From Level 1 to Endgame | Elden Ring","YOUTUBE_VIDEO","Video View DRAFT","23807887103","VIDEO",6,1,0.1667,0.04,0,0.00,0,0,0,0.00,0.0015,"VIDEO_CTR_ANOMALY","Medium","Video CTR 16.7% is abnormally high"
"UEWknQT2Xnc","Young Thug - Light It Up (Official Audio)","YOUTUBE_VIDEO","Video View DRAFT","23807887103","VIDEO",5,1,0.2000,0.04,0,0.00,0,0,0,0.00,0.0015,"VIDEO_CTR_ANOMALY","Medium","Video CTR 20.0% is abnormally high"
"QwIRqGUwjH4","Prince Michael Jackson Talks THRILLER Halloween Party & Gives a House Tour","YOUTUBE_VIDEO","Video View DRAFT","23807887103","VIDEO",7,1,0.1429,0.04,0,0.00,0,0,0,0.00,0.0015,"VIDEO_CTR_ANOMALY","Medium","Video CTR 14.3% is abnormally high"
"lN-wxtWK_Gw","Mr. Nice Guy | Food Demonstration Gone Wrong | ClipZone: High Octane Hits","YOUTUBE_VIDEO","Video View DRAFT","23807887103","VIDEO",6,1,0.1667,0.04,0,0.00,0,0,0,0.00,0.0015,"VIDEO_CTR_ANOMALY","Medium","Video CTR 16.7% is abnormally high"
"Kx6pxx6hCLc","HENRY PAPA MULAJA // CELEBRATION PAQUES LONDON// 5eme Partie","YOUTUBE_VIDEO","Video View DRAFT","23807887103","VIDEO",2,1,0.5000,0.04,0,0.00,0,0,0,0.00,0.0015,"VIDEO_CTR_ANOMALY","Medium","Video CTR 50.0% is abnormally high"
"narN8_vcgxY","၅နှစ်အရွယ်သမီးလေးဆွဲပြတဲ့မေမေရဲ့နောက်ဆုံးပုံ- Darlene Saddler","YOUTUBE_VIDEO","Video View DRAFT","23807887103","VIDEO",1,1,1.0000,0.04,0,0.00,0,0,0,0.00,0.0015,"VIDEO_CTR_ANOMALY","Medium","Video CTR 100.0% is abnormally high"
"2zIa43r1_V4","Gymnastics Dress To Impress In Real Life","YOUTUBE_VIDEO","Video View DRAFT","23807887103","VIDEO",6,1,0.1667,0.04,0,0.00,0,0,0,0.00,0.0015,"VIDEO_CTR_ANOMALY","Medium","Video CTR 16.7% is abnormally high"
"-LuPEnFUOXg","“It's Just a Fight”","YOUTUBE_VIDEO","Video View DRAFT","23807887103","VIDEO",1,1,1.0000,0.04,0,0.00,0,0,0,0.00,0.0015,"VIDEO_CTR_ANOMALY","Medium","Video CTR 100.0% is abnormally high"
"6jenooym8_o","Why Did The British Panic Over Ninja Turtles? - Eddache","YOUTUBE_VIDEO","Video View DRAFT","23807887103","VIDEO",2,1,0.5000,0.04,0,0.00,0,0,0,0.00,0.0015,"VIDEO_CTR_ANOMALY","Medium","Video CTR 50.0% is abnormally high"
"HY-EJb8SQU0","Let's Explain Sekiro As We Play","YOUTUBE_VIDEO","Video View DRAFT","23807887103","VIDEO",7,1,0.1429,0.04,0,0.00,0,0,0,0.00,0.0015,"VIDEO_CTR_ANOMALY","Medium","Video CTR 14.3% is abnormally high"
"vyXSsSePcxE","","YOUTUBE_VIDEO","Video View DRAFT","23807887103","VIDEO",7,2,0.2857,0.04,0,0.00,0,0,0,0.00,0.0015,"VIDEO_CTR_ANOMALY","Medium","Video CTR 28.6% is abnormally high"
"1uDvDJ7tDqo","DINNER WITH ROYALTY | WHY DO I FEEL LIKE THIS? | WHATS NEW IN MY SPRING/SUMMER WARDROBE","YOUTUBE_VIDEO","Video View DRAFT","23807887103","VIDEO",2,1,0.5000,0.04,0,0.00,0,0,0,0.00,0.0015,"VIDEO_CTR_ANOMALY","Medium","Video CTR 50.0% is abnormally high"
"PE_o9UwLsK4","VIRAL MAY ITALIAN LOOKS 2026 🇮🇹  MILAN STREET STYLE | CHIC SPRING SHOPPING & LUXURY OUTFITS TRENDS","YOUTUBE_VIDEO","Video View DRAFT","23807887103","VIDEO",3,1,0.3333,0.04,0,0.00,0,0,0,0.00,0.0015,"VIDEO_CTR_ANOMALY","Medium","Video CTR 33.3% is abnormally high"
"-TVIOix6VwY","How The Boondocks Exposed ‘Stop Snitching’ Culture","YOUTUBE_VIDEO","Video View DRAFT","23807887103","VIDEO",5,1,0.2000,0.04,0,0.00,0,0,0,0.00,0.0015,"VIDEO_CTR_ANOMALY","Medium","Video CTR 20.0% is abnormally high"
"_uX9adalziQ","Catching Up With The Olsen Twins","YOUTUBE_VIDEO","Video View DRAFT","23807887103","VIDEO",1,1,1.0000,0.04,0,0.00,0,0,0,0.00,0.0015,"VIDEO_CTR_ANOMALY","Medium","Video CTR 100.0% is abnormally high"
"42Q4zpFWOGY","The Aether Super Easter Egg World Record (1:56:40)","YOUTUBE_VIDEO","Video View DRAFT","23807887103","VIDEO",1,1,1.0000,0.04,0,0.00,0,0,0,0.00,0.0015,"VIDEO_CTR_ANOMALY","Medium","Video CTR 100.0% is abnormally high"
"qy1zJCUs4k0","MIKE HANOPOL:  Father of Pinoy Rock at  boses sa likod ng Hagibis || #TTWAA Ep. 265","YOUTUBE_VIDEO","Video View DRAFT","23807887103","VIDEO",1,1,1.0000,0.04,0,0.00,0,0,0,0.00,0.0015,"VIDEO_CTR_ANOMALY","Medium","Video CTR 100.0% is abnormally high"
"qXofkFskQWM","50 Cent x Astro - I Get Money (Hustle Music Exclusive)","YOUTUBE_VIDEO","Video View DRAFT","23807887103","VIDEO",2,1,0.5000,0.04,0,0.00,0,0,0,0.00,0.0015,"VIDEO_CTR_ANOMALY","Medium","Video CTR 50.0% is abnormally high"
"ZRij93mfrvA","HERB KRAUS & THE WALKIN' SHOES - YOU NEVER CAN TELL","YOUTUBE_VIDEO","Video View DRAFT","23807887103","VIDEO",5,1,0.2000,0.04,0,0.00,0,0,0,0.00,0.0015,"VIDEO_CTR_ANOMALY","Medium","Video CTR 20.0% is abnormally high"
"zIOKNPASThw","Why is Shoe0nHead like this","YOUTUBE_VIDEO","Video View DRAFT","23807887103","VIDEO",8,1,0.1250,0.04,0,0.00,0,0,0,0.00,0.0015,"VIDEO_CTR_ANOMALY","Medium","Video CTR 12.5% is abnormally high"
"ZKjIHQxG_3Q","SWEET / I THOUGHT YOU WANTED TO DANCE (Audio)","YOUTUBE_VIDEO","Video View DRAFT","23807887103","VIDEO",3,2,0.6667,0.04,0,0.00,0,0,0,0.00,0.0015,"VIDEO_CTR_ANOMALY","Medium","Video CTR 66.7% is abnormally high"
"rnDfavKPxvE","مردم افغانستان قیام کردن /لباس پوشیدن جوان ها در سال ۲۰۲۶ در کابل 😱😱🫨🫨🫨🇦🇫💥","YOUTUBE_VIDEO","Video View DRAFT","23807887103","VIDEO",1,1,1.0000,0.04,0,0.00,0,0,0,0.00,0.0015,"VIDEO_CTR_ANOMALY","Medium","Video CTR 100.0% is abnormally high"
"h4fxCO8ukfs","20 Times Cocky Fighters Got Brutally Knocked Out for Being Disrespectful","YOUTUBE_VIDEO","Video View DRAFT","23807887103","VIDEO",2,1,0.5000,0.04,0,0.00,0,0,0,0.00,0.0015,"VIDEO_CTR_ANOMALY","Medium","Video CTR 50.0% is abnormally high"
"O5WNZNKOnAg","Amazing Sewing Tricks: How to neatly fit a wide neckline (very easy)","YOUTUBE_VIDEO","Video View DRAFT","23807887103","VIDEO",5,1,0.2000,0.04,0,0.00,0,0,0,0.00,0.0015,"VIDEO_CTR_ANOMALY","Medium","Video CTR 20.0% is abnormally high"
"Z2omIQGArp4","We Bullied WildCat Off The Game!  - Among Us Town of Us Mod","YOUTUBE_VIDEO","Video View DRAFT","23807887103","VIDEO",1,1,1.0000,0.04,0,0.00,0,0,0,0.00,0.0015,"VIDEO_CTR_ANOMALY","Medium","Video CTR 100.0% is abnormally high"
"5fewzPgYUJk","woops' 7.3 MSQ, Dungeon + Trial Reaction Supercut! - FFXIV Highlights #50","YOUTUBE_VIDEO","Video View DRAFT","23807887103","VIDEO",1,1,1.0000,0.04,0,0.00,0,0,0,0.00,0.0015,"VIDEO_CTR_ANOMALY","Medium","Video CTR 100.0% is abnormally high"
"7XpPmulAyq0","THEATRE NERD REACTS TO EPIC: THE MUSICAL - THE WISDOM SAGA","YOUTUBE_VIDEO","Video View DRAFT","23807887103","VIDEO",2,1,0.5000,0.04,0,0.00,0,0,0,0.00,0.0015,"VIDEO_CTR_ANOMALY","Medium","Video CTR 50.0% is abnormally high"
"Yv6UmKmGnw8","4chan Conspiracy Theories Vol. 3","YOUTUBE_VIDEO","Video View DRAFT","23807887103","VIDEO",1,1,1.0000,0.03,0,0.00,0,0,0,0.00,0.0015,"VIDEO_CTR_ANOMALY","Medium","Video CTR 100.0% is abnormally high"
"tGRSEmOEi-s","The Truth About James Charles...","YOUTUBE_VIDEO","Video View DRAFT","23807887103","VIDEO",4,1,0.2500,0.03,0,0.00,0,0,0,0.00,0.0015,"VIDEO_CTR_ANOMALY","Medium","Video CTR 25.0% is abnormally high"
"bb-TxR9hVtc","I want to cancel my wedding over this... | Charlotte Dobre TV","YOUTUBE_VIDEO","Video View DRAFT","23807887103","VIDEO",5,1,0.2000,0.03,0,0.00,0,0,0,0.00,0.0015,"VIDEO_CTR_ANOMALY","Medium","Video CTR 20.0% is abnormally high"
"cj8v56xvdWU","Charleston White: I Never Shot a Gun at a Black Man (Part 2)","YOUTUBE_VIDEO","Video View DRAFT","23807887103","VIDEO",3,1,0.3333,0.03,0,0.00,0,0,0,0.00,0.0015,"VIDEO_CTR_ANOMALY","Medium","Video CTR 33.3% is abnormally high"
"xRf2EkTf-OA","If I Laugh The Video Ends #31","YOUTUBE_VIDEO","Video View DRAFT","23807887103","VIDEO",3,1,0.3333,0.03,0,0.00,0,0,0,0.00,0.0015,"VIDEO_CTR_ANOMALY","Medium","Video CTR 33.3% is abnormally high"
"6Hx7XI2pMwA","LONGUS MONGUS  - UGG BOOTS (Prod. by Moritz)","YOUTUBE_VIDEO","Video View DRAFT","23807887103","VIDEO",2,1,0.5000,0.03,0,0.00,0,0,0,0.00,0.0015,"VIDEO_CTR_ANOMALY","Medium","Video CTR 50.0% is abnormally high"
"FmEMBr4gkD4","OLUWO KII SE OBA - BABA SOKOTI TU PEREPERE ORO LORI IJA AWON OBA NILE YORUBA","YOUTUBE_VIDEO","Video View DRAFT","23807887103","VIDEO",1,1,1.0000,0.03,0,0.00,0,0,0,0.00,0.0015,"VIDEO_CTR_ANOMALY","Medium","Video CTR 100.0% is abnormally high"
"2u8z_NBOrhI","Mama STRICTA mi-a aratat NOUA CASA !","YOUTUBE_VIDEO","Video View DRAFT","23807887103","VIDEO",7,1,0.1429,0.03,0,0.00,0,0,0,0.00,0.0015,"VIDEO_CTR_ANOMALY","Medium","Video CTR 14.3% is abnormally high"
"K0UXdd5FzVM","Buddy - Hopped Out ft. Huey Briss (Official Music Video)","YOUTUBE_VIDEO","Video View DRAFT","23807887103","VIDEO",3,1,0.3333,0.03,0,0.00,0,0,0,0.00,0.0015,"VIDEO_CTR_ANOMALY","Medium","Video CTR 33.3% is abnormally high"
"5No61-AOHeo","Trump Just Got TROLLED By HORRIBLE SURPRISE Outside His ESTATE🚨","YOUTUBE_VIDEO","Video View DRAFT","23807887103","VIDEO",4,1,0.2500,0.03,0,0.00,0,0,0,0.00,0.0015,"VIDEO_CTR_ANOMALY","Medium","Video CTR 25.0% is abnormally high"
"LAbH_fb879k","The True Treasure of the Trove - Blue Prince","YOUTUBE_VIDEO","Video View DRAFT","23807887103","VIDEO",1,1,1.0000,0.03,0,0.00,0,0,0,0.00,0.0015,"VIDEO_CTR_ANOMALY","Medium","Video CTR 100.0% is abnormally high"
"tVse8CJebFc","Billy Idol - The Very Best Of Billy Idol: Idolize Yourself","YOUTUBE_VIDEO","Video View DRAFT","23807887103","VIDEO",4,1,0.2500,0.03,0,0.00,0,0,0,0.00,0.0015,"VIDEO_CTR_ANOMALY","Medium","Video CTR 25.0% is abnormally high"
"h7BKs8d2Bvc","The Punisher Main Title","YOUTUBE_VIDEO","Video View DRAFT","23807887103","VIDEO",4,1,0.2500,0.03,0,0.00,0,0,0,0.00,0.0015,"VIDEO_CTR_ANOMALY","Medium","Video CTR 25.0% is abnormally high"
"oMilCYzDCls","Top 10 Most Beautiful Innocent Looking Prnstars Breaking The Internet 2026","YOUTUBE_VIDEO","Video View DRAFT","23807887103","VIDEO",3,1,0.3333,0.03,0,0.00,0,0,0,0.00,0.0015,"VIDEO_CTR_ANOMALY","Medium","Video CTR 33.3% is abnormally high"
"ghPes1c31cE","Copper to Champion Episode 9 (FINALLY DIAMOND)","YOUTUBE_VIDEO","Video View DRAFT","23807887103","VIDEO",8,2,0.2500,0.03,0,0.00,0,0,0,0.00,0.0015,"VIDEO_CTR_ANOMALY","Medium","Video CTR 25.0% is abnormally high"
"C45TOy4xkMw","Chanel Spring/Summer 2026","YOUTUBE_VIDEO","Video View DRAFT","23807887103","VIDEO",1,1,1.0000,0.03,0,0.00,0,0,0,0.00,0.0015,"VIDEO_CTR_ANOMALY","Medium","Video CTR 100.0% is abnormally high"
"KleUddM2IPw","Kreayshawn - Go Hard (La.La.La) (Official Video)","YOUTUBE_VIDEO","Video View DRAFT","23807887103","VIDEO",4,1,0.2500,0.03,0,0.00,0,0,0,0.00,0.0015,"VIDEO_CTR_ANOMALY","Medium","Video CTR 25.0% is abnormally high"
"Jm43yd_iAic","Tuba Skinny at the Payomet Performing Arts Center, September 13, 2025","YOUTUBE_VIDEO","Video View DRAFT","23807887103","VIDEO",4,1,0.2500,0.03,0,0.00,0,0,0,0.00,0.0015,"VIDEO_CTR_ANOMALY","Medium","Video CTR 25.0% is abnormally high"
"PBcMhw3Y8UA","Lil'Z Pulseworks Digital Concert 2023","YOUTUBE_VIDEO","Video View DRAFT","23807887103","VIDEO",3,1,0.3333,0.03,0,0.00,0,0,0,0.00,0.0015,"VIDEO_CTR_ANOMALY","Medium","Video CTR 33.3% is abnormally high"
"dzj7L5eJJ8A","ONE Instrument. ONE Girl. This Was Impossible!","YOUTUBE_VIDEO","Video View DRAFT","23807887103","VIDEO",5,2,0.4000,0.03,0,0.00,0,0,0,0.00,0.0015,"VIDEO_CTR_ANOMALY","Medium","Video CTR 40.0% is abnormally high"
"newkyfgytA8","The Running Man | FREE MOVIE (Laurence Harvey, Lee Remick, Alan Bates)","YOUTUBE_VIDEO","Video View DRAFT","23807887103","VIDEO",2,1,0.5000,0.03,0,0.00,0,0,0,0.00,0.0015,"VIDEO_CTR_ANOMALY","Medium","Video CTR 50.0% is abnormally high"
"oax9KIgC7Cc","I Tested 1-Star Airsoft Mystery Boxes!","YOUTUBE_VIDEO","Video View DRAFT","23807887103","VIDEO",2,2,1.0000,0.03,0,0.00,0,0,0,0.00,0.0015,"VIDEO_CTR_ANOMALY","Medium","Video CTR 100.0% is abnormally high"
"eOQk1a8YY2M","Beautiful Older Women Over 60 in Classy and Stylish Outfits 08","YOUTUBE_VIDEO","Video View DRAFT","23807887103","VIDEO",2,1,0.5000,0.03,0,0.00,0,0,0,0.00,0.0015,"VIDEO_CTR_ANOMALY","Medium","Video CTR 50.0% is abnormally high"
"Mzvp7CLDIrc","Haunted Cemetery in Nashville: Spirit Box Session Turns Terrifying When Spirit Warns Me to Leave!","YOUTUBE_VIDEO","Video View DRAFT","23807887103","VIDEO",1,1,1.0000,0.03,0,0.00,0,0,0,0.00,0.0015,"VIDEO_CTR_ANOMALY","Medium","Video CTR 100.0% is abnormally high"
"0AsaLR88XBk","Szpaku x Deemz - Filmy feat. Gibbs, Kaz Bałagane","YOUTUBE_VIDEO","Video View DRAFT","23807887103","VIDEO",1,1,1.0000,0.03,0,0.00,0,0,0,0.00,0.0015,"VIDEO_CTR_ANOMALY","Medium","Video CTR 100.0% is abnormally high"
"lBsTVRzJQlE","Blood & Bone: The Snow Leopard's Awakening (Sci-Fi  Film)","YOUTUBE_VIDEO","Video View DRAFT","23807887103","VIDEO",5,1,0.2000,0.03,0,0.00,0,0,0,0.00,0.0015,"VIDEO_CTR_ANOMALY","Medium","Video CTR 20.0% is abnormally high"
"p_7pq7RM0HU","'The Green Grass' - A Secret Can Be a Dangerous Thing To Keep - Full, Free Inspirational Movie","YOUTUBE_VIDEO","Video View DRAFT","23807887103","VIDEO",1,1,1.0000,0.03,0,0.00,0,0,0,0.00,0.0015,"VIDEO_CTR_ANOMALY","Medium","Video CTR 100.0% is abnormally high"
"4KKItA8W_y0","ИЗ ПРОСТОЙ ФУТБОЛКИ- БЛУЗКА НА ЛЕТО..","YOUTUBE_VIDEO","Video View DRAFT","23807887103","VIDEO",4,1,0.2500,0.03,0,0.00,0,0,0,0.00,0.0015,"VIDEO_CTR_ANOMALY","Medium","Video CTR 25.0% is abnormally high"
"_QzOMJK85vU","25 SCARIEST TikTok VIDEOS of 2025!","YOUTUBE_VIDEO","Video View DRAFT","23807887103","VIDEO",6,1,0.1667,0.03,0,0.00,0,0,0,0.00,0.0015,"VIDEO_CTR_ANOMALY","Medium","Video CTR 16.7% is abnormally high"
"W1wXMqCg86I","EXTREME DING DONG DITCHING!","YOUTUBE_VIDEO","Video View DRAFT","23807887103","VIDEO",4,1,0.2500,0.03,0,0.00,0,0,0,0.00,0.0015,"VIDEO_CTR_ANOMALY","Medium","Video CTR 25.0% is abnormally high"
"NmELGPJbLY8","A PLACE IN YOUR HEART - NADIA BUARI, JOHN EKANEM 2026 Latest Nollywood New Movie","YOUTUBE_VIDEO","Video View DRAFT","23807887103","VIDEO",5,1,0.2000,0.03,0,0.00,0,0,0,0.00,0.0015,"VIDEO_CTR_ANOMALY","Medium","Video CTR 20.0% is abnormally high"
"8Y4TQ0OKjKk","Firefighter Chooses Between Four Smokes | UpDating","YOUTUBE_VIDEO","Video View DRAFT","23807887103","VIDEO",4,1,0.2500,0.03,0,0.00,0,0,0,0.00,0.0015,"VIDEO_CTR_ANOMALY","Medium","Video CTR 25.0% is abnormally high"
"SsdeNV22PGA","THIS GUY IS TOP 2 UGLIEST STALKER THAT IVE EVER SEEN AND HE AINT 2 | Pineville Stalker","YOUTUBE_VIDEO","Video View DRAFT","23807887103","VIDEO",7,1,0.1429,0.03,0,0.00,0,0,0,0.00,0.0015,"VIDEO_CTR_ANOMALY","Medium","Video CTR 14.3% is abnormally high"
"RvOqRULewe8","Когда узнал, что твоя ДОЧЬ снимает ВИДЕО ДЛЯ ВЗРОСЛЫХ","YOUTUBE_VIDEO","Video View DRAFT","23807887103","VIDEO",4,1,0.2500,0.03,0,0.00,0,0,0,0.00,0.0015,"VIDEO_CTR_ANOMALY","Medium","Video CTR 25.0% is abnormally high"
"93dkoUtrnZM","Beaches • Wind Beneath My Wings • Bette Midler","YOUTUBE_VIDEO","Video View DRAFT","23807887103","VIDEO",5,1,0.2000,0.03,0,0.00,0,0,0,0.00,0.0015,"VIDEO_CTR_ANOMALY","Medium","Video CTR 20.0% is abnormally high"
"oA6MZkhNygs","","YOUTUBE_VIDEO","Video View DRAFT","23807887103","VIDEO",1,1,1.0000,0.03,0,0.00,0,0,0,0.00,0.0015,"VIDEO_CTR_ANOMALY","Medium","Video CTR 100.0% is abnormally high"
"3Mfm5LjAvlM","Наталья Водянова и Антуан Арно: история любви русской модели и французского миллиардера","YOUTUBE_VIDEO","Video View DRAFT","23807887103","VIDEO",1,1,1.0000,0.03,0,0.00,0,0,0,0.00,0.0015,"VIDEO_CTR_ANOMALY","Medium","Video CTR 100.0% is abnormally high"
"oRKS8Nd-SjA","Tom Petty - Wildflowers [HQ Lyrics]","YOUTUBE_VIDEO","Video View DRAFT","23807887103","VIDEO",1,1,1.0000,0.03,0,0.00,0,0,0,0.00,0.0015,"VIDEO_CTR_ANOMALY","Medium","Video CTR 100.0% is abnormally high"
"fHI9BPaaUbw","TikTok Really Thinks D4VD Is Innocent","YOUTUBE_VIDEO","Video View DRAFT","23807887103","VIDEO",2,1,0.5000,0.03,0,0.00,0,0,0,0.00,0.0015,"VIDEO_CTR_ANOMALY","Medium","Video CTR 50.0% is abnormally high"
"6AUqutORX9Q","Stil-Chaos bei der Brautkleid-Wahl! Was will die Braut? 🤔🙆‍♀️ | Zwischen Tüll und Tränen","YOUTUBE_VIDEO","Video View DRAFT","23807887103","VIDEO",5,1,0.2000,0.03,0,0.00,0,0,0,0.00,0.0015,"VIDEO_CTR_ANOMALY","Medium","Video CTR 20.0% is abnormally high"
"lBsodgODHT0","Ashnikko - Slumber Party (Lyrics) | Me and your girlfriend playing dress up","YOUTUBE_VIDEO","Video View DRAFT","23807887103","VIDEO",1,2,2.0000,0.03,0,0.00,0,0,0,0.00,0.0015,"VIDEO_CTR_ANOMALY","Medium","Video CTR 200.0% is abnormally high"
"t2K3vOYTStQ","Whatever You Land On, You Get!","YOUTUBE_VIDEO","Video View DRAFT","23807887103","VIDEO",5,3,0.6000,0.03,0,0.00,0,0,0,0.00,0.0015,"VIDEO_CTR_ANOMALY","Medium","Video CTR 60.0% is abnormally high"
"47Plg93oJ1M","THY ART IS MURDER - Reign Of Darkness (OFFICIAL VIDEO)","YOUTUBE_VIDEO","Video View DRAFT","23807887103","VIDEO",3,1,0.3333,0.03,0,0.00,0,0,0,0.00,0.0015,"VIDEO_CTR_ANOMALY","Medium","Video CTR 33.3% is abnormally high"
"DROgO6M0rm8","CROCHET KEILA TOP TUTORIAL |Beginner Friendly Tutorial ","YOUTUBE_VIDEO","Video View DRAFT","23807887103","VIDEO",1,1,1.0000,0.03,0,0.00,0,0,0,0.00,0.0015,"VIDEO_CTR_ANOMALY","Medium","Video CTR 100.0% is abnormally high"
"SGHs9ljyLYg","Human Romance Is Dead...","YOUTUBE_VIDEO","Video View DRAFT","23807887103","VIDEO",4,1,0.2500,0.03,0,0.00,0,0,0,0.00,0.0015,"VIDEO_CTR_ANOMALY","Medium","Video CTR 25.0% is abnormally high"
"8AULfUkSt7Q","🔥 THE 7 PRINCES OF HELL 🔥","YOUTUBE_VIDEO","Video View DRAFT","23807887103","VIDEO",4,1,0.2500,0.03,0,0.00,0,0,0,0.00,0.0015,"VIDEO_CTR_ANOMALY","Medium","Video CTR 25.0% is abnormally high"
"OaoXu9MVvA8","That Mexican OT ft. BigXthaPlug & DaBaby - Thuggin' And Hustlin' (Fan Music Video)","YOUTUBE_VIDEO","Video View DRAFT","23807887103","VIDEO",2,1,0.5000,0.03,0,0.00,0,0,0,0.00,0.0015,"VIDEO_CTR_ANOMALY","Medium","Video CTR 50.0% is abnormally high"
"QhnVuwM0FQs","No One Can Outdress Me! (Dress To Impress)","YOUTUBE_VIDEO","Video View DRAFT","23807887103","VIDEO",2,1,0.5000,0.03,0,0.00,0,0,0,0.00,0.0015,"VIDEO_CTR_ANOMALY","Medium","Video CTR 50.0% is abnormally high"
"MXx9S2nDouY","Guns N' Roses - You Could Be Mine (Official Video HD)","YOUTUBE_VIDEO","Video View DRAFT","23807887103","VIDEO",5,1,0.2000,0.03,0,0.00,0,0,0,0.00,0.0015,"VIDEO_CTR_ANOMALY","Medium","Video CTR 20.0% is abnormally high"
"orJ_iMigSIc","I'm A Steve Main Now... $5000 Steve Challenge","YOUTUBE_VIDEO","Video View DRAFT","23807887103","VIDEO",1,1,1.0000,0.03,0,0.00,0,0,0,0.00,0.0015,"VIDEO_CTR_ANOMALY","Medium","Video CTR 100.0% is abnormally high"
"GntNz0EPrBg","*2 HOURS* OF SML MARATHON! (FUNNIEST JEFFY VIDEOS)","YOUTUBE_VIDEO","Video View DRAFT","23807887103","VIDEO",3,1,0.3333,0.03,0,0.00,0,0,0,0.00,0.0015,"VIDEO_CTR_ANOMALY","Medium","Video CTR 33.3% is abnormally high"
"Rs28mc9VzJ4","TO THE GRAND LINE WE GO!!! | One Piece Live Action 2x1, 2 & 3 Reaction","YOUTUBE_VIDEO","Video View DRAFT","23807887103","VIDEO",2,1,0.5000,0.03,0,0.00,0,0,0,0.00,0.0015,"VIDEO_CTR_ANOMALY","Medium","Video CTR 50.0% is abnormally high"
"TWwI5q2WSsk","Knife workshop in the final days of the year Part 60","YOUTUBE_VIDEO","Video View DRAFT","23807887103","VIDEO",1,1,1.0000,0.03,0,0.00,0,0,0,0.00,0.0015,"VIDEO_CTR_ANOMALY","Medium","Video CTR 100.0% is abnormally high"
"X3NNeK5yYfk","The Undertaker: Rise, Fall & Redemption | Wrestling Documentary","YOUTUBE_VIDEO","Video View DRAFT","23807887103","VIDEO",3,1,0.3333,0.03,0,0.00,0,0,0,0.00,0.0015,"VIDEO_CTR_ANOMALY","Medium","Video CTR 33.3% is abnormally high"
"vRFS0MYTC1I","Beyoncé, Blue Ivy, SAINt JHN, WizKid - BROWN SKIN GIRL (Official Video)","YOUTUBE_VIDEO","Video View DRAFT","23807887103","VIDEO",4,1,0.2500,0.03,0,0.00,0,0,0,0.00,0.0015,"VIDEO_CTR_ANOMALY","Medium","Video CTR 25.0% is abnormally high"
"45TAd3UZdWk","","YOUTUBE_VIDEO","Video View DRAFT","23807887103","VIDEO",3,1,0.3333,0.03,0,0.00,0,0,0,0.00,0.0015,"VIDEO_CTR_ANOMALY","Medium","Video CTR 33.3% is abnormally high"
"JYGk2szYl_w","Comedy Woman: 8 сезон, выпуск 6-10","YOUTUBE_VIDEO","Video View DRAFT","23807887103","VIDEO",3,1,0.3333,0.02,0,0.00,0,0,0,0.00,0.0015,"VIDEO_CTR_ANOMALY","Medium","Video CTR 33.3% is abnormally high"
"1TzvHTBZvlc","Among Us, but we’re all horses","YOUTUBE_VIDEO","Video View DRAFT","23807887103","VIDEO",1,1,1.0000,0.02,0,0.00,0,0,0,0.00,0.0015,"VIDEO_CTR_ANOMALY","Medium","Video CTR 100.0% is abnormally high"
"Pf8go5T5YI4","Phi Phi didn't want to beg to stay on All Stars 2 | Race Chaser AS2 E5 “Revenge Of The Queens”","YOUTUBE_VIDEO","Video View DRAFT","23807887103","VIDEO",1,1,1.0000,0.02,0,0.00,0,0,0,0.00,0.0015,"VIDEO_CTR_ANOMALY","Medium","Video CTR 100.0% is abnormally high"
"BZT8jqsc8lQ","Tasha Cobbs Leonard - Your Spirit ft. Kierra Sheard","YOUTUBE_VIDEO","Video View DRAFT","23807887103","VIDEO",3,1,0.3333,0.02,0,0.00,0,0,0,0.00,0.0015,"VIDEO_CTR_ANOMALY","Medium","Video CTR 33.3% is abnormally high"
"PM4lIxtjBwg","Sexyy Red - Female Gucci Mane (No Intro) [Official Video]","YOUTUBE_VIDEO","Video View DRAFT","23807887103","VIDEO",1,1,1.0000,0.02,0,0.00,0,0,0,0.00,0.0015,"VIDEO_CTR_ANOMALY","Medium","Video CTR 100.0% is abnormally high"
"xW8fXYWp0Vw","How is a depleted Iran damaging so many US bases? A CNN investigation","YOUTUBE_VIDEO","Video View DRAFT","23807887103","VIDEO",3,1,0.3333,0.02,0,0.00,0,0,0,0.00,0.0015,"VIDEO_CTR_ANOMALY","Medium","Video CTR 33.3% is abnormally high"
"Ej7vWxEOySc","Жизнь дизайнера | Бессонные ночи | 7 дней до показа","YOUTUBE_VIDEO","Video View DRAFT","23807887103","VIDEO",1,1,1.0000,0.02,0,0.00,0,0,0,0.00,0.0015,"VIDEO_CTR_ANOMALY","Medium","Video CTR 100.0% is abnormally high"
"w6GUVS7to-c","SML Movie : The Tattoo Problem! - 3 Hours Of SML Marathon !!! Funniest of Jeffy Video 2026","YOUTUBE_VIDEO","Video View DRAFT","23807887103","VIDEO",3,1,0.3333,0.02,0,0.00,0,0,0,0.00,0.0015,"VIDEO_CTR_ANOMALY","Medium","Video CTR 33.3% is abnormally high"
"ZymUA1IPMOg","Just Like Daddy","YOUTUBE_VIDEO","Video View DRAFT","23807887103","VIDEO",2,1,0.5000,0.02,0,0.00,0,0,0,0.00,0.0015,"VIDEO_CTR_ANOMALY","Medium","Video CTR 50.0% is abnormally high"
"4JW9zHZI3VA","Kid Cudi - Dat New ""New"" (Dirty)","YOUTUBE_VIDEO","Video View DRAFT","23807887103","VIDEO",3,1,0.3333,0.02,0,0.00,0,0,0,0.00,0.0015,"VIDEO_CTR_ANOMALY","Medium","Video CTR 33.3% is abnormally high"
"VTenq8qTC_4","9 Criminally Overlooked 1990s Films That Deserve Better","YOUTUBE_VIDEO","Video View DRAFT","23807887103","VIDEO",3,1,0.3333,0.02,0,0.00,0,0,0,0.00,0.0015,"VIDEO_CTR_ANOMALY","Medium","Video CTR 33.3% is abnormally high"
"8Q5y7-9kU_U","Идеальный повседневный макияж от А до Я | Ухоженный вид, сияющая кожа, лайфхаки","YOUTUBE_VIDEO","Video View DRAFT","23807887103","VIDEO",1,1,1.0000,0.02,0,0.00,0,0,0,0.00,0.0015,"VIDEO_CTR_ANOMALY","Medium","Video CTR 100.0% is abnormally high"
"JhjbWyGgGpU","Rich Piana: Bodybuilding's Most Famous Addict","YOUTUBE_VIDEO","Video View DRAFT","23807887103","VIDEO",3,1,0.3333,0.02,0,0.00,0,0,0,0.00,0.0015,"VIDEO_CTR_ANOMALY","Medium","Video CTR 33.3% is abnormally high"
"vL9xAjkfSaQ","Evolution of German Uniforms (1910 - 1945)","YOUTUBE_VIDEO","Video View DRAFT","23807887103","VIDEO",2,1,0.5000,0.02,0,0.00,0,0,0,0.00,0.0015,"VIDEO_CTR_ANOMALY","Medium","Video CTR 50.0% is abnormally high"
"VWjPGCCXEl8","Season 7 Recap Marathon | Welcome to Plathville | TLC","YOUTUBE_VIDEO","Video View DRAFT","23807887103","VIDEO",3,2,0.6667,0.02,0,0.00,0,0,0,0.00,0.0015,"VIDEO_CTR_ANOMALY","Medium","Video CTR 66.7% is abnormally high"
"r7qmaGCnZhQ","Stay Stylish in North Korea, A Very Fashionable Guide","YOUTUBE_VIDEO","Video View DRAFT","23807887103","VIDEO",4,1,0.2500,0.02,0,0.00,0,0,0,0.00,0.0015,"VIDEO_CTR_ANOMALY","Medium","Video CTR 25.0% is abnormally high"
"hIGqrRiiiWg","Destiny's Tactics are WRONG","YOUTUBE_VIDEO","Video View DRAFT","23807887103","VIDEO",1,1,1.0000,0.02,0,0.00,0,0,0,0.00,0.0015,"VIDEO_CTR_ANOMALY","Medium","Video CTR 100.0% is abnormally high"
"xUquVZmaGTI","Visage   Fade To Grey   1981 special extended version","YOUTUBE_VIDEO","Video View DRAFT","23807887103","VIDEO",3,1,0.3333,0.02,0,0.00,0,0,0,0.00,0.0015,"VIDEO_CTR_ANOMALY","Medium","Video CTR 33.3% is abnormally high"
"s7DvyegQWkE","De prisionera a princesa de un millonario |@LoveBuster","YOUTUBE_VIDEO","Video View DRAFT","23807887103","VIDEO",1,1,1.0000,0.02,0,0.00,0,0,0,0.00,0.0015,"VIDEO_CTR_ANOMALY","Medium","Video CTR 100.0% is abnormally high"
"Dk3DOSv5aNk","10 SCARY Videos To FREAK YOU OUT","YOUTUBE_VIDEO","Video View DRAFT","23807887103","VIDEO",4,1,0.2500,0.02,0,0.00,0,0,0,0.00,0.0015,"VIDEO_CTR_ANOMALY","Medium","Video CTR 25.0% is abnormally high"
"bHXvdS1HeNc","FIRST TIME watching Death Note - E1 & E2","YOUTUBE_VIDEO","Video View DRAFT","23807887103","VIDEO",1,1,1.0000,0.02,0,0.00,0,0,0,0.00,0.0015,"VIDEO_CTR_ANOMALY","Medium","Video CTR 100.0% is abnormally high"
"OnSbDCCoqFY","Elden Ring But I Can Only Level FAITH","YOUTUBE_VIDEO","Video View DRAFT","23807887103","VIDEO",3,1,0.3333,0.02,0,0.00,0,0,0,0.00,0.0015,"VIDEO_CTR_ANOMALY","Medium","Video CTR 33.3% is abnormally high"
"EAtF6FmoNcM","Cea mai OHIO Poveste din JAPONIA","YOUTUBE_VIDEO","Video View DRAFT","23807887103","VIDEO",1,1,1.0000,0.02,0,0.00,0,0,0,0.00,0.0015,"VIDEO_CTR_ANOMALY","Medium","Video CTR 100.0% is abnormally high"
"LOGG41HPEd8","These NEW Smiling Friends episodes CHANGED OUR LIVES...","YOUTUBE_VIDEO","Video View DRAFT","23807887103","VIDEO",2,1,0.5000,0.02,0,0.00,0,0,0,0.00,0.0015,"VIDEO_CTR_ANOMALY","Medium","Video CTR 50.0% is abnormally high"
"wUL8NklXDsw","Radiohead - All I Need","YOUTUBE_VIDEO","Video View DRAFT","23807887103","VIDEO",2,2,1.0000,0.02,0,0.00,0,0,0,0.00,0.0015,"VIDEO_CTR_ANOMALY","Medium","Video CTR 100.0% is abnormally high"
"zcN_12Ga9XQ","Bob Walter-Дяде 25","YOUTUBE_VIDEO","Video View DRAFT","23807887103","VIDEO",1,1,1.0000,0.02,0,0.00,0,0,0,0.00,0.0015,"VIDEO_CTR_ANOMALY","Medium","Video CTR 100.0% is abnormally high"
"NVNr6wszQFo","We Tried The MOST VIRAL Challenges Of 2025! ","YOUTUBE_VIDEO","Video View DRAFT","23807887103","VIDEO",1,1,1.0000,0.02,0,0.00,0,0,0,0.00,0.0015,"VIDEO_CTR_ANOMALY","Medium","Video CTR 100.0% is abnormally high"
"wFeQfMeefFk","Sabrina Carpenter Gets Ready for Vogue World | Vogue","YOUTUBE_VIDEO","Video View DRAFT","23807887103","VIDEO",1,1,1.0000,0.02,0,0.00,0,0,0,0.00,0.0015,"VIDEO_CTR_ANOMALY","Medium","Video CTR 100.0% is abnormally high"
"H39pTPUOgeE","We get drunk and watch The Last Airbender (2010) ft. Avatar (2009)","YOUTUBE_VIDEO","Video View DRAFT","23807887103","VIDEO",1,1,1.0000,0.02,0,0.00,0,0,0,0.00,0.0015,"VIDEO_CTR_ANOMALY","Medium","Video CTR 100.0% is abnormally high"
"sxV1_Lr1yf0","G-Eazy - Far Alone ft. Jay Ant (Official Music Video)","YOUTUBE_VIDEO","Video View DRAFT","23807887103","VIDEO",4,1,0.2500,0.02,0,0.00,0,0,0,0.00,0.0015,"VIDEO_CTR_ANOMALY","Medium","Video CTR 25.0% is abnormally high"
"-4Cg_Z6NIWg","INVINCIBLE WAR?! INVINCIBLE SEASON 3 EPISODES 7 & 8 REACTION (sobbing)","YOUTUBE_VIDEO","Video View DRAFT","23807887103","VIDEO",2,1,0.5000,0.02,0,0.00,0,0,0,0.00,0.0015,"VIDEO_CTR_ANOMALY","Medium","Video CTR 50.0% is abnormally high"
"1gJJ9YFPtjo","World's Gone Nuts | Spider-Man: Web of Shadows - PART 2","YOUTUBE_VIDEO","Video View DRAFT","23807887103","VIDEO",1,1,1.0000,0.02,0,0.00,0,0,0,0.00,0.0015,"VIDEO_CTR_ANOMALY","Medium","Video CTR 100.0% is abnormally high"
"wj50z3v_ymo","Niko Pandetta – Pistole Nella LV (Prod. TempoXso & Janax)","YOUTUBE_VIDEO","Video View DRAFT","23807887103","VIDEO",2,1,0.5000,0.02,0,0.00,0,0,0,0.00,0.0015,"VIDEO_CTR_ANOMALY","Medium","Video CTR 50.0% is abnormally high"
"dxbmhC0yyb0","WALKING IN LEATHR OUTFIT AND LEATHER OVERKNEE BOOTS WITH METAL HEELS","YOUTUBE_VIDEO","Video View DRAFT","23807887103","VIDEO",1,1,1.0000,0.02,0,0.00,0,0,0,0.00,0.0015,"VIDEO_CTR_ANOMALY","Medium","Video CTR 100.0% is abnormally high"
"vu0q0Q2fmBc","Relaxing Massage ASMR at Vietnamese KING Barbershop 💈 Cute Masseuse Head & Foot Treatment","YOUTUBE_VIDEO","Video View DRAFT","23807887103","VIDEO",2,1,0.5000,0.02,0,0.00,0,0,0,0.00,0.0015,"VIDEO_CTR_ANOMALY","Medium","Video CTR 50.0% is abnormally high"
"4KKpZZruUNQ","Entitled Professor Embarrasses Herself","YOUTUBE_VIDEO","Video View DRAFT","23807887103","VIDEO",2,1,0.5000,0.02,0,0.00,0,0,0,0.00,0.0015,"VIDEO_CTR_ANOMALY","Medium","Video CTR 50.0% is abnormally high"
"pPqOCY8V7yY","Ultimate Battle of The U.S. Military Branches! | Forged in Fire","YOUTUBE_VIDEO","Video View DRAFT","23807887103","VIDEO",3,1,0.3333,0.02,0,0.00,0,0,0,0.00,0.0015,"VIDEO_CTR_ANOMALY","Medium","Video CTR 33.3% is abnormally high"
"WBeRy7tvCf8","Kevin Samuels: She's 29, Single 2 Kids Ranked Herself a 10 & Thinks She's The PRIZE But Her Man Left","YOUTUBE_VIDEO","Video View DRAFT","23807887103","VIDEO",1,1,1.0000,0.02,0,0.00,0,0,0,0.00,0.0015,"VIDEO_CTR_ANOMALY","Medium","Video CTR 100.0% is abnormally high"
"wyVcaLMjro0","The Glass Agency by Majid Entezami - Live | اجرای زنده آژانس شیشه‌ای، مجید انتظامی","YOUTUBE_VIDEO","Video View DRAFT","23807887103","VIDEO",2,1,0.5000,0.02,0,0.00,0,0,0,0.00,0.0015,"VIDEO_CTR_ANOMALY","Medium","Video CTR 50.0% is abnormally high"
"aouVX7F4YHE","CHILLING Ancient Artifacts Worth Big $$$ | Pawn Stars","YOUTUBE_VIDEO","Video View DRAFT","23807887103","VIDEO",2,1,0.5000,0.02,0,0.00,0,0,0,0.00,0.0015,"VIDEO_CTR_ANOMALY","Medium","Video CTR 50.0% is abnormally high"
"8QXIvt2t7_g","Leave You Alone","YOUTUBE_VIDEO","Video View DRAFT","23807887103","VIDEO",2,1,0.5000,0.02,0,0.00,0,0,0,0.00,0.0015,"VIDEO_CTR_ANOMALY","Medium","Video CTR 50.0% is abnormally high"
"B_Tx9hoi2Os","CHUNG THANH PHONG - FW 2016 -FULL SHOW - LOVE YOUR BODY BE YOURSELF","YOUTUBE_VIDEO","Video View DRAFT","23807887103","VIDEO",2,1,0.5000,0.02,0,0.00,0,0,0,0.00,0.0015,"VIDEO_CTR_ANOMALY","Medium","Video CTR 50.0% is abnormally high"
"UQ9QsunpKQM","FETELE urmărite de un BĂTRÂN CIUDAT ca vrea să le FURE😱/ Nu au ascultat de BUNELUL🥺","YOUTUBE_VIDEO","Video View DRAFT","23807887103","VIDEO",1,1,1.0000,0.02,0,0.00,0,0,0,0.00,0.0015,"VIDEO_CTR_ANOMALY","Medium","Video CTR 100.0% is abnormally high"
"oENZ3oLyn2A","Knucks - Leon the Professional (Official Music Video)","YOUTUBE_VIDEO","Video View DRAFT","23807887103","VIDEO",2,1,0.5000,0.02,0,0.00,0,0,0,0.00,0.0015,"VIDEO_CTR_ANOMALY","Medium","Video CTR 50.0% is abnormally high"
"mA6nG_kcbjw","NR/70 ROMBY Siateczkowy Sweter Bluzka Top na szydełku/ Crochet Lace Top Sweater","YOUTUBE_VIDEO","Video View DRAFT","23807887103","VIDEO",2,1,0.5000,0.02,0,0.00,0,0,0,0.00,0.0015,"VIDEO_CTR_ANOMALY","Medium","Video CTR 50.0% is abnormally high"
"fF1JTVikG3g","POTRZEBUJĘ PSYCHOLOGA. BOJĘ się, że BĘDZIE BOLEĆ. - seria 9 odc. 2","YOUTUBE_VIDEO","Video View DRAFT","23807887103","VIDEO",1,1,1.0000,0.02,0,0.00,0,0,0,0.00,0.0015,"VIDEO_CTR_ANOMALY","Medium","Video CTR 100.0% is abnormally high"
"swD3XWtvpwg","‘MOONLIGHT SHADOW’ [MIKE OLDFIELD/MAGGIE REILLY] cover by Pina & The Coladas","YOUTUBE_VIDEO","Video View DRAFT","23807887103","VIDEO",2,1,0.5000,0.02,0,0.00,0,0,0,0.00,0.0015,"VIDEO_CTR_ANOMALY","Medium","Video CTR 50.0% is abnormally high"
"Rsr4X8ro0I8"," Що можна знайти в EconomClass | Секонд-хенд 🔥","YOUTUBE_VIDEO","Video View DRAFT","23807887103","VIDEO",4,1,0.2500,0.02,0,0.00,0,0,0,0.00,0.0015,"VIDEO_CTR_ANOMALY","Medium","Video CTR 25.0% is abnormally high"
"s9ZhQLiXpKc","क्या Red Shoe की Mystery को Solve कर पाएगी CID? | CID | सी.आई.डी. | 31 July 2025","YOUTUBE_VIDEO","Video View DRAFT","23807887103","VIDEO",1,1,1.0000,0.02,0,0.00,0,0,0,0.00,0.0015,"VIDEO_CTR_ANOMALY","Medium","Video CTR 100.0% is abnormally high"
"XkEPL2gVfXY","GIRL'S DAY - Expect (Areia Remix)","YOUTUBE_VIDEO","Video View DRAFT","23807887103","VIDEO",2,1,0.5000,0.02,0,0.00,0,0,0,0.00,0.0015,"VIDEO_CTR_ANOMALY","Medium","Video CTR 50.0% is abnormally high"
"72h_2hopsvs","استعراض# جلابة #رندة نصف# توق كوزة #زواق #عوش او طرس #في توب تحتى طلاب مولتها 👍🏻","YOUTUBE_VIDEO","Video View DRAFT","23807887103","VIDEO",2,2,1.0000,0.02,0,0.00,0,0,0,0.00,0.0015,"VIDEO_CTR_ANOMALY","Medium","Video CTR 100.0% is abnormally high"
"9bRECFad9JU","🔴LIVE 24H🔴 🔥GRAMY W RÓŻNE GRY!🔥 #roblox  #24hlive","YOUTUBE_VIDEO","Video View DRAFT","23807887103","VIDEO",2,1,0.5000,0.02,0,0.00,0,0,0,0.00,0.0015,"VIDEO_CTR_ANOMALY","Medium","Video CTR 50.0% is abnormally high"
"Ey88WLxhLPA","The HARDEST Choice in Baldur's Gate 3.","YOUTUBE_VIDEO","Video View DRAFT","23807887103","VIDEO",3,1,0.3333,0.02,0,0.00,0,0,0,0.00,0.0015,"VIDEO_CTR_ANOMALY","Medium","Video CTR 33.3% is abnormally high"
"HG5sjqGp70M","Every Drag Race Grand Finale Entrance (Compilation) | RuPaul’s Drag Race","YOUTUBE_VIDEO","Video View DRAFT","23807887103","VIDEO",1,1,1.0000,0.02,0,0.00,0,0,0,0.00,0.0015,"VIDEO_CTR_ANOMALY","Medium","Video CTR 100.0% is abnormally high"
"_O0mJm_Js-Y","I Tried World's Most Famous Wall Run With No Experience (ft.@STORROR)","YOUTUBE_VIDEO","Video View DRAFT","23807887103","VIDEO",2,1,0.5000,0.02,0,0.00,0,0,0,0.00,0.0015,"VIDEO_CTR_ANOMALY","Medium","Video CTR 50.0% is abnormally high"
"4wsj6QYNzYY","The girls wrestled 15 matches today! 😱 ","YOUTUBE_VIDEO","Video View DRAFT","23807887103","VIDEO",2,1,0.5000,0.02,0,0.00,0,0,0,0.00,0.0015,"VIDEO_CTR_ANOMALY","Medium","Video CTR 50.0% is abnormally high"
"p-X1sXTzGFM","Masicka - Rich (Official Audio)","YOUTUBE_VIDEO","Video View DRAFT","23807887103","VIDEO",1,1,1.0000,0.02,0,0.00,0,0,0,0.00,0.0015,"VIDEO_CTR_ANOMALY","Medium","Video CTR 100.0% is abnormally high"
"P1qm6FmEuLc","Predator Gets Dropped Off By His MOM","YOUTUBE_VIDEO","Video View DRAFT","23807887103","VIDEO",4,1,0.2500,0.02,0,0.00,0,0,0,0.00,0.0015,"VIDEO_CTR_ANOMALY","Medium","Video CTR 25.0% is abnormally high"
"ALRgTq-pe7Q","Cum face ACEST ANIMAL ?","YOUTUBE_VIDEO","Video View DRAFT","23807887103","VIDEO",2,1,0.5000,0.02,0,0.00,0,0,0,0.00,0.0015,"VIDEO_CTR_ANOMALY","Medium","Video CTR 50.0% is abnormally high"
"mdB3Oyd5HtU","3OH!3 - DON'T TRUST ME [OFFICIAL MUSIC VIDEO]","YOUTUBE_VIDEO","Video View DRAFT","23807887103","VIDEO",2,1,0.5000,0.02,0,0.00,0,0,0,0.00,0.0015,"VIDEO_CTR_ANOMALY","Medium","Video CTR 50.0% is abnormally high"
"Q0wWMYO-LVs","The WORST Mom Influencer CRASHES OUT on TikTok | Entitled Kelsey Rhae Disaster","YOUTUBE_VIDEO","Video View DRAFT","23807887103","VIDEO",1,1,1.0000,0.02,0,0.00,0,0,0,0.00,0.0015,"VIDEO_CTR_ANOMALY","Medium","Video CTR 100.0% is abnormally high"
"lxcrBGUYnxA","Hussle & Motivate - Nipsey Hussle, Victory Lap [Official Audio]","YOUTUBE_VIDEO","Video View DRAFT","23807887103","VIDEO",4,1,0.2500,0.02,0,0.00,0,0,0,0.00,0.0015,"VIDEO_CTR_ANOMALY","Medium","Video CTR 25.0% is abnormally high"
"MCFH_ujZw98","[Bang Chan] Chan's Room Ep. 6 [10Feb19]","YOUTUBE_VIDEO","Video View DRAFT","23807887103","VIDEO",2,1,0.5000,0.02,0,0.00,0,0,0,0.00,0.0015,"VIDEO_CTR_ANOMALY","Medium","Video CTR 50.0% is abnormally high"
"0ZLwaSShk8M","Where the River Goes | Critical Role | Campaign 2, Episode 15","YOUTUBE_VIDEO","Video View DRAFT","23807887103","VIDEO",1,1,1.0000,0.02,0,0.00,0,0,0,0.00,0.0015,"VIDEO_CTR_ANOMALY","Medium","Video CTR 100.0% is abnormally high"
"-OJQ6iOLiKI","How Black People React to Car Accidents - Tacarra Williams - Stand Up Comedy","YOUTUBE_VIDEO","Video View DRAFT","23807887103","VIDEO",2,1,0.5000,0.02,0,0.00,0,0,0,0.00,0.0015,"VIDEO_CTR_ANOMALY","Medium","Video CTR 50.0% is abnormally high"
"CV-3ER67tz8","I'M BANNING EVERYONE WHO SENT ME THIS GAME... | Til Checkout Do Us Part","YOUTUBE_VIDEO","Video View DRAFT","23807887103","VIDEO",3,1,0.3333,0.02,0,0.00,0,0,0,0.00,0.0015,"VIDEO_CTR_ANOMALY","Medium","Video CTR 33.3% is abnormally high"
"_38dtqdR5V4","HELLUVA SHORTS 1: HELL'S BELLES // HELLUVA BOSS","YOUTUBE_VIDEO","Video View DRAFT","23807887103","VIDEO",2,1,0.5000,0.02,0,0.00,0,0,0,0.00,0.0015,"VIDEO_CTR_ANOMALY","Medium","Video CTR 50.0% is abnormally high"
"3TrcA8HYTJA","You are not who you think you are. Here is the truth | Eckhart Tolle","YOUTUBE_VIDEO","Video View DRAFT","23807887103","VIDEO",2,1,0.5000,0.02,0,0.00,0,0,0,0.00,0.0015,"VIDEO_CTR_ANOMALY","Medium","Video CTR 50.0% is abnormally high"
"5UHmdgoZNiE","My Favorite First Floor EVER","YOUTUBE_VIDEO","Video View DRAFT","23807887103","VIDEO",2,1,0.5000,0.02,0,0.00,0,0,0,0.00,0.0015,"VIDEO_CTR_ANOMALY","Medium","Video CTR 50.0% is abnormally high"
"2R24_L617jA","A Boogie Wit Da Hoodie - Work (Rihanna Remix) [Official Audio]","YOUTUBE_VIDEO","Video View DRAFT","23807887103","VIDEO",2,1,0.5000,0.02,0,0.00,0,0,0,0.00,0.0015,"VIDEO_CTR_ANOMALY","Medium","Video CTR 50.0% is abnormally high"
"1l7wQ90ZXTE","Good Albums With Bad Covers","YOUTUBE_VIDEO","Video View DRAFT","23807887103","VIDEO",2,1,0.5000,0.02,0,0.00,0,0,0,0.00,0.0015,"VIDEO_CTR_ANOMALY","Medium","Video CTR 50.0% is abnormally high"
"6BM2X8e3Gtc","Jynxzi's Most HILARIOUS Fan Mail Opening!😂 Full Stream 2/13/2024","YOUTUBE_VIDEO","Video View DRAFT","23807887103","VIDEO",1,1,1.0000,0.02,0,0.00,0,0,0,0.00,0.0015,"VIDEO_CTR_ANOMALY","Medium","Video CTR 100.0% is abnormally high"
"etnBY6Iteww","Μην αρχίζεις τη μουρμούρα Σ6 | Επ 46 | Ολόκληρο","YOUTUBE_VIDEO","Video View DRAFT","23807887103","VIDEO",2,4,2.0000,0.02,0,0.00,0,0,0,0.00,0.0015,"VIDEO_CTR_ANOMALY","Medium","Video CTR 200.0% is abnormally high"
"e8EnTEo4sPs","10 Actors You Didn't Know Starred in Gay Films Before They Were Famous","YOUTUBE_VIDEO","Video View DRAFT","23807887103","VIDEO",2,1,0.5000,0.02,0,0.00,0,0,0,0.00,0.0015,"VIDEO_CTR_ANOMALY","Medium","Video CTR 50.0% is abnormally high"
"Ptt0Nl3gNI0","First Bombing Run - Masters of the Air S1E1 (Austin Butler, Callum Turner) 4k scene","YOUTUBE_VIDEO","Video View DRAFT","23807887103","VIDEO",2,1,0.5000,0.02,0,0.00,0,0,0,0.00,0.0015,"VIDEO_CTR_ANOMALY","Medium","Video CTR 50.0% is abnormally high"
"d4ETuZbS3Do","Next gen Ghost of Tsushima just hits different","YOUTUBE_VIDEO","Video View DRAFT","23807887103","VIDEO",2,1,0.5000,0.02,0,0.00,0,0,0,0.00,0.0015,"VIDEO_CTR_ANOMALY","Medium","Video CTR 50.0% is abnormally high"
"meBg8EfzzT0","$203,000 Biggest Blackjack Win 2022 - E207","YOUTUBE_VIDEO","Video View DRAFT","23807887103","VIDEO",1,1,1.0000,0.02,0,0.00,0,0,0,0.00,0.0015,"VIDEO_CTR_ANOMALY","Medium","Video CTR 100.0% is abnormally high"
"Du4IosZCncA","Young Flacs - Hotboi (Official Music Video) | Dir. By @StewyFilms","YOUTUBE_VIDEO","Video View DRAFT","23807887103","VIDEO",2,1,0.5000,0.02,0,0.00,0,0,0,0.00,0.0015,"VIDEO_CTR_ANOMALY","Medium","Video CTR 50.0% is abnormally high"
"0j1kA6iDuEg","Did Forrest's Cavalry Use Extra Pistols? #civilwar #militaryhistory","YOUTUBE_VIDEO","Video View DRAFT","23807887103","VIDEO",2,1,0.5000,0.02,0,0.00,0,0,0,0.00,0.0015,"VIDEO_CTR_ANOMALY","Medium","Video CTR 50.0% is abnormally high"
"Mnxw-33Iy38","Beyoncé - I'M THAT GIRL/COZY/ALIEN SUPERSTAR | Cowboy Carter Tour (Houston Night 1)","YOUTUBE_VIDEO","Video View DRAFT","23807887103","VIDEO",2,1,0.5000,0.02,0,0.00,0,0,0,0.00,0.0015,"VIDEO_CTR_ANOMALY","Medium","Video CTR 50.0% is abnormally high"
"TiWRYBURYvM","Магазин бюджетной китайской одежды на Холодной горе. 14.05.2026","YOUTUBE_VIDEO","Video View DRAFT","23807887103","VIDEO",4,1,0.2500,0.02,0,0.00,0,0,0,0.00,0.0015,"VIDEO_CTR_ANOMALY","Medium","Video CTR 25.0% is abnormally high"
"8QBOuJXUmNc","The Horror Game That Defined Childhood Trauma | Fran Bow","YOUTUBE_VIDEO","Video View DRAFT","23807887103","VIDEO",3,1,0.3333,0.02,0,0.00,0,0,0,0.00,0.0015,"VIDEO_CTR_ANOMALY","Medium","Video CTR 33.3% is abnormally high"
"Z6nygPJMNBU","Gretchen Wilson - California Girls (Official Video)","YOUTUBE_VIDEO","Video View DRAFT","23807887103","VIDEO",3,1,0.3333,0.02,0,0.00,0,0,0,0.00,0.0015,"VIDEO_CTR_ANOMALY","Medium","Video CTR 33.3% is abnormally high"
"P6P_sXbQtgc","DragonBall Z Abridged: Episode 5 - TeamFourStar (TFS)","YOUTUBE_VIDEO","Video View DRAFT","23807887103","VIDEO",1,1,1.0000,0.02,0,0.00,0,0,0,0.00,0.0015,"VIDEO_CTR_ANOMALY","Medium","Video CTR 100.0% is abnormally high"
"HgNd61nifjo","Zarukami","YOUTUBE_VIDEO","Video View DRAFT","23807887103","VIDEO",1,1,1.0000,0.02,0,0.00,0,0,0,0.00,0.0015,"VIDEO_CTR_ANOMALY","Medium","Video CTR 100.0% is abnormally high"
"FbV58BA-AuU","DON'T TOUCH SYKKUNO","YOUTUBE_VIDEO","Video View DRAFT","23807887103","VIDEO",3,1,0.3333,0.02,0,0.00,0,0,0,0.00,0.0015,"VIDEO_CTR_ANOMALY","Medium","Video CTR 33.3% is abnormally high"
"B9Ilyk8-n-8","13 Modefehler, die kleine Frauen über 50 vermeiden sollten","YOUTUBE_VIDEO","Video View DRAFT","23807887103","VIDEO",3,1,0.3333,0.02,0,0.00,0,0,0,0.00,0.0015,"VIDEO_CTR_ANOMALY","Medium","Video CTR 33.3% is abnormally high"
"26ahkIGlBO0","So High (feat. Ghost Loft)","YOUTUBE_VIDEO","Video View DRAFT","23807887103","VIDEO",2,1,0.5000,0.02,0,0.00,0,0,0,0.00,0.0015,"VIDEO_CTR_ANOMALY","Medium","Video CTR 50.0% is abnormally high"
"wwaaZRWg7jY","BAD MOON RISING - HERB KRAUS & THE WALKIN' SHOES (CCR Cover)","YOUTUBE_VIDEO","Video View DRAFT","23807887103","VIDEO",2,1,0.5000,0.02,0,0.00,0,0,0,0.00,0.0015,"VIDEO_CTR_ANOMALY","Medium","Video CTR 50.0% is abnormally high"
"6nmd_tzLBAw","This Game is Why I DON’T Trust My Friends… ","YOUTUBE_VIDEO","Video View DRAFT","23807887103","VIDEO",2,1,0.5000,0.01,0,0.00,0,0,0,0.00,0.0015,"VIDEO_CTR_ANOMALY","Medium","Video CTR 50.0% is abnormally high"
"PG3RDdyD_GQ","Nerdy Prudes Must Die","YOUTUBE_VIDEO","Video View DRAFT","23807887103","VIDEO",2,1,0.5000,0.01,0,0.00,0,0,0,0.00,0.0015,"VIDEO_CTR_ANOMALY","Medium","Video CTR 50.0% is abnormally high"
"7eR1zDTnGjg","26 SMARTE KLEIDUNGSTRICKS UND –TIPPS","YOUTUBE_VIDEO","Video View DRAFT","23807887103","VIDEO",2,1,0.5000,0.01,0,0.00,0,0,0,0.00,0.0015,"VIDEO_CTR_ANOMALY","Medium","Video CTR 50.0% is abnormally high"
"gYeTGDqUtrI","FIANCE RATES MY SPICY BIKINIS!","YOUTUBE_VIDEO","Video View DRAFT","23807887103","VIDEO",2,1,0.5000,0.01,0,0.00,0,0,0,0.00,0.0015,"VIDEO_CTR_ANOMALY","Medium","Video CTR 50.0% is abnormally high"
"qwMTClVO0P8","CONFESSING MY FEELINGS FOR HER","YOUTUBE_VIDEO","Video View DRAFT","23807887103","VIDEO",2,1,0.5000,0.01,0,0.00,0,0,0,0.00,0.0015,"VIDEO_CTR_ANOMALY","Medium","Video CTR 50.0% is abnormally high"
"4i3Psc7VbY4","Hoodie Allen - ""Lucky Man""","YOUTUBE_VIDEO","Video View DRAFT","23807887103","VIDEO",2,1,0.5000,0.01,0,0.00,0,0,0,0.00,0.0015,"VIDEO_CTR_ANOMALY","Medium","Video CTR 50.0% is abnormally high"
"ff5ZoMdsU_Y","The Best Characters In Tekken History","YOUTUBE_VIDEO","Video View DRAFT","23807887103","VIDEO",2,1,0.5000,0.01,0,0.00,0,0,0,0.00,0.0015,"VIDEO_CTR_ANOMALY","Medium","Video CTR 50.0% is abnormally high"
"45NYdPGRM30","Ausraster beim Shoppen! 😂 3.000 € Designer Shopping-Stream! 😍 | MontanaBlack Highlights","YOUTUBE_VIDEO","Video View DRAFT","23807887103","VIDEO",1,1,1.0000,0.01,0,0.00,0,0,0,0.00,0.0015,"VIDEO_CTR_ANOMALY","Medium","Video CTR 100.0% is abnormally high"
"C2mcU86OzD0","bbno$ & Yung Gravy (BABY GRAVY) - Goodness Gracious (Official Music Video)","YOUTUBE_VIDEO","Video View DRAFT","23807887103","VIDEO",1,1,1.0000,0.01,0,0.00,0,0,0,0.00,0.0015,"VIDEO_CTR_ANOMALY","Medium","Video CTR 100.0% is abnormally high"
"RRNQceAnGmA","Великий мужской отказ и революция в моде","YOUTUBE_VIDEO","Video View DRAFT","23807887103","VIDEO",1,1,1.0000,0.01,0,0.00,0,0,0,0.00,0.0015,"VIDEO_CTR_ANOMALY","Medium","Video CTR 100.0% is abnormally high"
"1QB_A50mVkY","ДОЛЯ ВОРОВСКАЯ 3 (Russian, Armenian, Georgian Version)","YOUTUBE_VIDEO","Video View DRAFT","23807887103","VIDEO",3,1,0.3333,0.01,0,0.00,0,0,0,0.00,0.0015,"VIDEO_CTR_ANOMALY","Medium","Video CTR 33.3% is abnormally high"
"p5kZPKE-XdM","Trying DIY FIVE NIGHTS AT FREDDY'S TikTok Makeup looks!","YOUTUBE_VIDEO","Video View DRAFT","23807887103","VIDEO",2,1,0.5000,0.01,0,0.00,0,0,0,0.00,0.0015,"VIDEO_CTR_ANOMALY","Medium","Video CTR 50.0% is abnormally high"
"ACR0TayVIdg","CAN WE ESCAPE MR FUNNYS TOY SHOP?! (ROBLOX OBBY)","YOUTUBE_VIDEO","Video View DRAFT","23807887103","VIDEO",2,1,0.5000,0.01,0,0.00,0,0,0,0.00,0.0015,"VIDEO_CTR_ANOMALY","Medium","Video CTR 50.0% is abnormally high"
"Tarv90LXyDo","7 СТРИЖЕК, которые СТАРЯТ ЖЕНЩИН после 50 — и чем их ЗАМЕНИТЬ","YOUTUBE_VIDEO","Video View DRAFT","23807887103","VIDEO",3,1,0.3333,0.01,0,0.00,0,0,0,0.00,0.0015,"VIDEO_CTR_ANOMALY","Medium","Video CTR 33.3% is abnormally high"
"Bn0w3QZfzLg","Emos Omegle trolling... Meeting Strange People","YOUTUBE_VIDEO","Video View DRAFT","23807887103","VIDEO",1,1,1.0000,0.01,0,0.00,0,0,0,0.00,0.0015,"VIDEO_CTR_ANOMALY","Medium","Video CTR 100.0% is abnormally high"
"NisEoLFsM70","Are these Hollywood climbing stunts ACTUALLY Possible?","YOUTUBE_VIDEO","Video View DRAFT","23807887103","VIDEO",2,1,0.5000,0.01,0,0.00,0,0,0,0.00,0.0015,"VIDEO_CTR_ANOMALY","Medium","Video CTR 50.0% is abnormally high"
"0rbXbfL6RdA","Snoop Dogg - Gin & Juice –1950s Soul Funk Lounge Version  By EmDafa Records","YOUTUBE_VIDEO","Video View DRAFT","23807887103","VIDEO",3,1,0.3333,0.01,0,0.00,0,0,0,0.00,0.0015,"VIDEO_CTR_ANOMALY","Medium","Video CTR 33.3% is abnormally high"
"ZSBWAEByTl0","PRACOWAŁAM w ŻABCE. Co ludzie NAJCZĘŚCIEJ KRADNĄ? CZEKOLADY! Na 100 osób 90 kupi SETKA","YOUTUBE_VIDEO","Video View DRAFT","23807887103","VIDEO",2,1,0.5000,0.01,0,0.00,0,0,0,0.00,0.0015,"VIDEO_CTR_ANOMALY","Medium","Video CTR 50.0% is abnormally high"
"e866g4CXibM","Top Astrophysicist Reveals What the UFO Evidence Is ACTUALLY Pointing To | Adam Frank","YOUTUBE_VIDEO","Video View DRAFT","23807887103","VIDEO",2,1,0.5000,0.01,0,0.00,0,0,0,0.00,0.0015,"VIDEO_CTR_ANOMALY","Medium","Video CTR 50.0% is abnormally high"
"iPNA9baCj2I","SELKER - Too Much For Me (Official Visualiser)","YOUTUBE_VIDEO","Video View DRAFT","23807887103","VIDEO",1,1,1.0000,0.01,0,0.00,0,0,0,0.00,0.0015,"VIDEO_CTR_ANOMALY","Medium","Video CTR 100.0% is abnormally high"
"WveYLCs2lhk","The Deathly Hallows Part One HAD ME STRESSED 🪄✨ (Harry Potter Movie Reaction)","YOUTUBE_VIDEO","Video View DRAFT","23807887103","VIDEO",2,1,0.5000,0.01,0,0.00,0,0,0,0.00,0.0015,"VIDEO_CTR_ANOMALY","Medium","Video CTR 50.0% is abnormally high"
"iCX38r4OESw","Converse Sneaker Upcycling: From Trash to Treasure | ASMR Transformation","YOUTUBE_VIDEO","Video View DRAFT","23807887103","VIDEO",2,1,0.5000,0.01,0,0.00,0,0,0,0.00,0.0015,"VIDEO_CTR_ANOMALY","Medium","Video CTR 50.0% is abnormally high"
"SV1r8RtskPE","Radiant ft. Karolina Witkowska","YOUTUBE_VIDEO","Video View DRAFT","23807887103","VIDEO",2,1,0.5000,0.01,0,0.00,0,0,0,0.00,0.0015,"VIDEO_CTR_ANOMALY","Medium","Video CTR 50.0% is abnormally high"
"lPBiBxC6acc","Kim K Lashes Out As Hailey Bieber Speaks On SHOCKING Discovery... | TMZ Live Ep 11/11/25","YOUTUBE_VIDEO","Video View DRAFT","23807887103","VIDEO",2,3,1.5000,0.01,0,0.00,0,0,0,0.00,0.0015,"VIDEO_CTR_ANOMALY","Medium","Video CTR 150.0% is abnormally high"
"qKjcyu3eFhQ","When Woman Thinks No One Noticed Her Walmart Theft","YOUTUBE_VIDEO","Video View DRAFT","23807887103","VIDEO",2,1,0.5000,0.01,0,0.00,0,0,0,0.00,0.0015,"VIDEO_CTR_ANOMALY","Medium","Video CTR 50.0% is abnormally high"
"lB8ctARe9ks","HEATED Debate: Brian Tyler Cohen v Caroline Sunshine on Trump's Redistricting Plan","YOUTUBE_VIDEO","Video View DRAFT","23807887103","VIDEO",2,1,0.5000,0.01,0,0.00,0,0,0,0.00,0.0015,"VIDEO_CTR_ANOMALY","Medium","Video CTR 50.0% is abnormally high"
"rD25X_anm6g","Bob Dylan Receives ASCAP award with Leonard Cohen Jennifer Warnes Hal David  LA, 31st March 1986","YOUTUBE_VIDEO","Video View DRAFT","23807887103","VIDEO",1,1,1.0000,0.01,0,0.00,0,0,0,0.00,0.0015,"VIDEO_CTR_ANOMALY","Medium","Video CTR 100.0% is abnormally high"
"-q4R5VX2zgc","Phim Lẻ Hay 2025 | ĐÀO MỒ CẮT TÓC | Phim Ma Việt Nam Mới Hay Nhất 2025 | Phim Việt Nam Mới Hay 2025","YOUTUBE_VIDEO","Video View DRAFT","23807887103","VIDEO",1,1,1.0000,0.01,0,0.00,0,0,0,0.00,0.0015,"VIDEO_CTR_ANOMALY","Medium","Video CTR 100.0% is abnormally high"
"qYdJpHmTYQY","[COMPLETED] Her Boyfriend Cheated… So She Let the Bad Boy Ruin Everything | Manhwa Recap","YOUTUBE_VIDEO","Video View DRAFT","23807887103","VIDEO",1,1,1.0000,0.01,0,0.00,0,0,0,0.00,0.0015,"VIDEO_CTR_ANOMALY","Medium","Video CTR 100.0% is abnormally high"
"BRUGznl4qSQ","Wake Up (feat. Nate Dogg & Warren G)","YOUTUBE_VIDEO","Video View DRAFT","23807887103","VIDEO",2,1,0.5000,0.01,0,0.00,0,0,0,0.00,0.0015,"VIDEO_CTR_ANOMALY","Medium","Video CTR 50.0% is abnormally high"
"dVNs_0Nv1BQ","Laugh Out Loud Comics That Will Totally Surprise You 😂 | Unexpected Funny Moments #comics","YOUTUBE_VIDEO","Video View DRAFT","23807887103","VIDEO",2,1,0.5000,0.01,0,0.00,0,0,0,0.00,0.0015,"VIDEO_CTR_ANOMALY","Medium","Video CTR 50.0% is abnormally high"
"E8lRBdcGrQI","How to shop on Mecari Japan using JPfans 🪽🩰|| shoujo girl, jfashion, kpop merch","YOUTUBE_VIDEO","Video View DRAFT","23807887103","VIDEO",1,1,1.0000,0.01,0,0.00,0,0,0,0.00,0.0015,"VIDEO_CTR_ANOMALY","Medium","Video CTR 100.0% is abnormally high"
"WiWntxjSCII","","YOUTUBE_VIDEO","Video View DRAFT","23807887103","VIDEO",1,1,1.0000,0.01,0,0.00,0,0,0,0.00,0.0015,"VIDEO_CTR_ANOMALY","Medium","Video CTR 100.0% is abnormally high"
"wpeTzy2KcMM","M83 - Intro Live @ Sziget Festival 2016","YOUTUBE_VIDEO","Video View DRAFT","23807887103","VIDEO",1,1,1.0000,0.01,0,0.00,0,0,0,0.00,0.0015,"VIDEO_CTR_ANOMALY","Medium","Video CTR 100.0% is abnormally high"
"2G-SI-nWi9U","Wreck It Ralph Freestyle","YOUTUBE_VIDEO","Video View DRAFT","23807887103","VIDEO",1,1,1.0000,0.01,0,0.00,0,0,0,0.00,0.0015,"VIDEO_CTR_ANOMALY","Medium","Video CTR 100.0% is abnormally high"
"5Offn7BfrkM","Marriage Ruined in Seconds After Husband Finds This Out..","YOUTUBE_VIDEO","Video View DRAFT","23807887103","VIDEO",1,1,1.0000,0.01,0,0.00,0,0,0,0.00,0.0015,"VIDEO_CTR_ANOMALY","Medium","Video CTR 100.0% is abnormally high"
"SiwS71agSbU","Is Logan Paul Ok? (ASOT)","YOUTUBE_VIDEO","Video View DRAFT","23807887103","VIDEO",1,1,1.0000,0.01,0,0.00,0,0,0,0.00,0.0015,"VIDEO_CTR_ANOMALY","Medium","Video CTR 100.0% is abnormally high"
"m5YGo7Zu3zI","Sawyer Hill - Folsom Prison Blues","YOUTUBE_VIDEO","Video View DRAFT","23807887103","VIDEO",1,1,1.0000,0.01,0,0.00,0,0,0,0.00,0.0015,"VIDEO_CTR_ANOMALY","Medium","Video CTR 100.0% is abnormally high"
"m9FHiG_0OWU","День из жизни ПРО-Бодибилдера- VLOG 3 серия  ","YOUTUBE_VIDEO","Video View DRAFT","23807887103","VIDEO",1,1,1.0000,0.01,0,0.00,0,0,0,0.00,0.0015,"VIDEO_CTR_ANOMALY","Medium","Video CTR 100.0% is abnormally high"
"SeeZHgZx7Bw","Grim Salvo - ÷CLOSE÷TIES÷ (OFFICIAL AUDIO)","YOUTUBE_VIDEO","Video View DRAFT","23807887103","VIDEO",1,1,1.0000,0.01,0,0.00,0,0,0,0.00,0.0015,"VIDEO_CTR_ANOMALY","Medium","Video CTR 100.0% is abnormally high"
"riqxlhiQ-aY","Setting Up Your Jaeger LeCoultre Atmos Clock","YOUTUBE_VIDEO","Video View DRAFT","23807887103","VIDEO",2,1,0.5000,0.01,0,0.00,0,0,0,0.00,0.0015,"VIDEO_CTR_ANOMALY","Medium","Video CTR 50.0% is abnormally high"
"5TAD8uYHho8","Don't get me wrong...👀","YOUTUBE_VIDEO","Video View DRAFT","23807887103","VIDEO",1,1,1.0000,0.01,0,0.00,0,0,0,0.00,0.0015,"VIDEO_CTR_ANOMALY","Medium","Video CTR 100.0% is abnormally high"
"XGINUe_aJtg","Smif-N-Wessun ""Fifty Fifty"" (Official Music Video)","YOUTUBE_VIDEO","Video View DRAFT","23807887103","VIDEO",1,1,1.0000,0.01,0,0.00,0,0,0,0.00,0.0015,"VIDEO_CTR_ANOMALY","Medium","Video CTR 100.0% is abnormally high"
"4k6xCoaUR5A","[FREE] Emo Rock x Pop Punk Type Beat ""It Was Better Before""","YOUTUBE_VIDEO","Video View DRAFT","23807887103","VIDEO",1,1,1.0000,0.01,0,0.00,0,0,0,0.00,0.0015,"VIDEO_CTR_ANOMALY","Medium","Video CTR 100.0% is abnormally high"
"58OQEWEJb60","Steve Winwood - Back In The High Life Again. London, 4.12.1989","YOUTUBE_VIDEO","Video View DRAFT","23807887103","VIDEO",1,1,1.0000,0.01,0,0.00,0,0,0,0.00,0.0015,"VIDEO_CTR_ANOMALY","Medium","Video CTR 100.0% is abnormally high"
"ZmBFbbMp3nM","Imperial Guard MEGA VIDEO Vol 1 | Warhammer 40k Lore","YOUTUBE_VIDEO","Video View DRAFT","23807887103","VIDEO",1,1,1.0000,0.01,0,0.00,0,0,0,0.00,0.0015,"VIDEO_CTR_ANOMALY","Medium","Video CTR 100.0% is abnormally high"
"C1j5BcaT8nI","Zoltraak | Epic Orchestral Cover [Extended] - Frieren: Beyond Journey's End 葬送のフリーレン","YOUTUBE_VIDEO","Video View DRAFT","23807887103","VIDEO",1,1,1.0000,0.01,0,0.00,0,0,0,0.00,0.0015,"VIDEO_CTR_ANOMALY","Medium","Video CTR 100.0% is abnormally high"
"2jKK-6ro-m4","A 3rd Party is Making Their Life a Nightmare Right Now!","YOUTUBE_VIDEO","Video View DRAFT","23807887103","VIDEO",1,1,1.0000,0.01,0,0.00,0,0,0,0.00,0.0015,"VIDEO_CTR_ANOMALY","Medium","Video CTR 100.0% is abnormally high"
"7tUycUPN-dg","5 Female Crime Cases Too Disturbing to Make It To Netflix! | True Crime Documentary","YOUTUBE_VIDEO","Video View DRAFT","23807887103","VIDEO",1,1,1.0000,0.01,0,0.00,0,0,0,0.00,0.0015,"VIDEO_CTR_ANOMALY","Medium","Video CTR 100.0% is abnormally high"
"tWnzW7aiFjE","Servant of the People Episode 5 | English Dubbed Full Episodes","YOUTUBE_VIDEO","Video View DRAFT","23807887103","VIDEO",1,1,1.0000,0.01,0,0.00,0,0,0,0.00,0.0015,"VIDEO_CTR_ANOMALY","Medium","Video CTR 100.0% is abnormally high"
"N5goAwWijAQ","George Harrison: All Things Pass (FULL MOVIE)","YOUTUBE_VIDEO","Video View DRAFT","23807887103","VIDEO",1,1,1.0000,0.01,0,0.00,0,0,0,0.00,0.0015,"VIDEO_CTR_ANOMALY","Medium","Video CTR 100.0% is abnormally high"
"6Qji_5Mf5Kg","I Used LAG to Kill My Enemy","YOUTUBE_VIDEO","Video View DRAFT","23807887103","VIDEO",1,1,1.0000,0.01,0,0.00,0,0,0,0.00,0.0015,"VIDEO_CTR_ANOMALY","Medium","Video CTR 100.0% is abnormally high"
"r0USJNvBwkw","LIBRA ""UNBREAKABLE BOND - LOVE AT FIRST SIGHT TAKES YOU BY SURPRISE!!!"" SINGLES LOVE TAROT READING  ","YOUTUBE_VIDEO","Video View DRAFT","23807887103","VIDEO",1,1,1.0000,0.01,0,0.00,0,0,0,0.00,0.0015,"VIDEO_CTR_ANOMALY","Medium","Video CTR 100.0% is abnormally high"
"POEF2HEdS7s","Mature Eyebrows - How to Tint, Tweeze, and Shape","YOUTUBE_VIDEO","Video View DRAFT","23807887103","VIDEO",1,1,1.0000,0.01,0,0.00,0,0,0,0.00,0.0015,"VIDEO_CTR_ANOMALY","Medium","Video CTR 100.0% is abnormally high"
"WRfsxqmQwC4","Woman Sues Boss over Massages on the Job | Part 2","YOUTUBE_VIDEO","Video View DRAFT","23807887103","VIDEO",1,1,1.0000,0.01,0,0.00,0,0,0,0.00,0.0015,"VIDEO_CTR_ANOMALY","Medium","Video CTR 100.0% is abnormally high"
"JSQrV-DUKN8","ቬንዙዌላ አስገረመች | ማዱሮ አወጁ ተረክ ሚዛን Salon Terek","YOUTUBE_VIDEO","Video View DRAFT","23807887103","VIDEO",1,1,1.0000,0.01,0,0.00,0,0,0,0.00,0.0015,"VIDEO_CTR_ANOMALY","Medium","Video CTR 100.0% is abnormally high"
"j4Q_1aVGZQ4","SHE FELL IN LOVE WITH HIM BUT NEVER KNEW HE IS A CROWNED PRINCE DISGUISED 2FIND TRU LOVE-2025NG","YOUTUBE_VIDEO","Video View DRAFT","23807887103","VIDEO",2,3,1.5000,0.01,0,0.00,0,0,0,0.00,0.0015,"VIDEO_CTR_ANOMALY","Medium","Video CTR 150.0% is abnormally high"
"PVSGJYqxC8k","ETERNAL SUNSHINE OF THE SPOTLESS MIND (2004) | FIRST TIME WATCHING | MOVIE REACTION","YOUTUBE_VIDEO","Video View DRAFT","23807887103","VIDEO",1,1,1.0000,0.01,0,0.00,0,0,0,0.00,0.0015,"VIDEO_CTR_ANOMALY","Medium","Video CTR 100.0% is abnormally high"
"9Q3VXwcNxcA","After 25 years as an evangelical pastor, I realized that Christianity is fiction - Bruce Gerencser","YOUTUBE_VIDEO","Video View DRAFT","23807887103","VIDEO",1,1,1.0000,0.01,0,0.00,0,0,0,0.00,0.0015,"VIDEO_CTR_ANOMALY","Medium","Video CTR 100.0% is abnormally high"
"Yv9YKo8_hns","Nas & DJ Premier - ""Nasty Esco Nasir"" (Visualizer)","YOUTUBE_VIDEO","Video View DRAFT","23807887103","VIDEO",1,1,1.0000,0.01,0,0.00,0,0,0,0.00,0.0015,"VIDEO_CTR_ANOMALY","Medium","Video CTR 100.0% is abnormally high"
"6IFeTJCTrf0","Artichoke - Yumi","YOUTUBE_VIDEO","Video View DRAFT","23807887103","VIDEO",1,1,1.0000,0.01,0,0.00,0,0,0,0.00,0.0015,"VIDEO_CTR_ANOMALY","Medium","Video CTR 100.0% is abnormally high"
"wEvdNiPwUDA","[HILARIOUS!] THESE LEVELS ARE TOO MUCH!! [SUPER MARIO MAKER]","YOUTUBE_VIDEO","Video View DRAFT","23807887103","VIDEO",1,1,1.0000,0.01,0,0.00,0,0,0,0.00,0.0015,"VIDEO_CTR_ANOMALY","Medium","Video CTR 100.0% is abnormally high"
"-bVkjJzb8Bk","Tobii - Bad Girls Like You (Official Music Video) | Reaction","YOUTUBE_VIDEO","Video View DRAFT","23807887103","VIDEO",1,1,1.0000,0.01,0,0.00,0,0,0,0.00,0.0015,"VIDEO_CTR_ANOMALY","Medium","Video CTR 100.0% is abnormally high"
"Jb5p9zvrh5M","The Disturbing True Story of the Humpty Doo Incident","YOUTUBE_VIDEO","Video View DRAFT","23807887103","VIDEO",1,1,1.0000,0.01,0,0.00,0,0,0,0.00,0.0015,"VIDEO_CTR_ANOMALY","Medium","Video CTR 100.0% is abnormally high"
"kiGHHL5IYyY","Weekend Update: Admiral General Aladeen - Saturday Night Live","YOUTUBE_VIDEO","Video View DRAFT","23807887103","VIDEO",1,1,1.0000,0.01,0,0.00,0,0,0,0.00,0.0015,"VIDEO_CTR_ANOMALY","Medium","Video CTR 100.0% is abnormally high"
"loFDn94oZJ0","Bob Marley - WAR","YOUTUBE_VIDEO","Video View DRAFT","23807887103","VIDEO",2,1,0.5000,0.01,0,0.00,0,0,0,0.00,0.0015,"VIDEO_CTR_ANOMALY","Medium","Video CTR 50.0% is abnormally high"
"doGqwysq3SM","Harley Quinn 2x13 HD ""Ivy talks to Harley"" TV-MA","YOUTUBE_VIDEO","Video View DRAFT","23807887103","VIDEO",1,1,1.0000,0.01,0,0.00,0,0,0,0.00,0.0015,"VIDEO_CTR_ANOMALY","Medium","Video CTR 100.0% is abnormally high"
"cSw85xZp7Zw","Kung Fu.... Rabbit???","YOUTUBE_VIDEO","Video View DRAFT","23807887103","VIDEO",1,1,1.0000,0.01,0,0.00,0,0,0,0.00,0.0015,"VIDEO_CTR_ANOMALY","Medium","Video CTR 100.0% is abnormally high"
"EtyVdC7E6Wo","Break Every Chain by Jesus Culture Lyrics","YOUTUBE_VIDEO","Video View DRAFT","23807887103","VIDEO",1,1,1.0000,0.01,0,0.00,0,0,0,0.00,0.0015,"VIDEO_CTR_ANOMALY","Medium","Video CTR 100.0% is abnormally high"
"MqOBcAj-KKQ","Bro Wore Metal Underwear to a Meeting?!💀【Collection】","YOUTUBE_VIDEO","Video View DRAFT","23807887103","VIDEO",1,1,1.0000,0.01,0,0.00,0,0,0,0.00,0.0015,"VIDEO_CTR_ANOMALY","Medium","Video CTR 100.0% is abnormally high"
"p59kqOBaprk","r/BestOf My Brother in Law Just Confessed His Love For My Wife... After Stalking Her For Years","YOUTUBE_VIDEO","Video View DRAFT","23807887103","VIDEO",1,1,1.0000,0.01,0,0.00,0,0,0,0.00,0.0015,"VIDEO_CTR_ANOMALY","Medium","Video CTR 100.0% is abnormally high"
"82TjznfOmZY","Evil Mermaid // Inside #2","YOUTUBE_VIDEO","Video View DRAFT","23807887103","VIDEO",1,1,1.0000,0.01,0,0.00,0,0,0,0.00,0.0015,"VIDEO_CTR_ANOMALY","Medium","Video CTR 100.0% is abnormally high"
"C6YpaJKg7RU","HALLOWEEN: RESURRECTION (2002) IS A WILD TRAINWRECK! MOVIE REACTION!! Halloween 8 Michael Myers","YOUTUBE_VIDEO","Video View DRAFT","23807887103","VIDEO",1,1,1.0000,0.01,0,0.00,0,0,0,0.00,0.0015,"VIDEO_CTR_ANOMALY","Medium","Video CTR 100.0% is abnormally high"
"lqL0WBERWVE","Plies - Rock","YOUTUBE_VIDEO","Video View DRAFT","23807887103","VIDEO",1,1,1.0000,0.01,0,0.00,0,0,0,0.00,0.0015,"VIDEO_CTR_ANOMALY","Medium","Video CTR 100.0% is abnormally high"
"KXHhZDdeIdI","Summer Walker - Body (Lyrics)","YOUTUBE_VIDEO","Video View DRAFT","23807887103","VIDEO",1,1,1.0000,0.01,0,0.00,0,0,0,0.00,0.0015,"VIDEO_CTR_ANOMALY","Medium","Video CTR 100.0% is abnormally high"
"v8gf5D6NMuI","XIMENA IS NOT IMPRESSED AFTER SEXY TIME WITH MIKE | 90 DAY FIANCE | BEFORE THE 90 DAYS","YOUTUBE_VIDEO","Video View DRAFT","23807887103","VIDEO",1,1,1.0000,0.01,0,0.00,0,0,0,0.00,0.0015,"VIDEO_CTR_ANOMALY","Medium","Video CTR 100.0% is abnormally high"
"Uc3hu7fjcb8","MONOLITH RITUAL | Psychedelic Swamp Blues Rock & Tribal Groove","YOUTUBE_VIDEO","Video View DRAFT","23807887103","VIDEO",1,1,1.0000,0.01,0,0.00,0,0,0,0.00,0.0015,"VIDEO_CTR_ANOMALY","Medium","Video CTR 100.0% is abnormally high"
"ZMPxaTNtFkE","Trump ANGRY Exchange with Reporter Turns HUMILIATING FAST!","YOUTUBE_VIDEO","Video View DRAFT","23807887103","VIDEO",3,1,0.3333,0.01,0,0.00,0,0,0,0.00,0.0015,"VIDEO_CTR_ANOMALY","Medium","Video CTR 33.3% is abnormally high"
"iLqv3MGEanU","THE WORST CHRISTMAS GIFTS of 2025","YOUTUBE_VIDEO","Video View DRAFT","23807887103","VIDEO",1,1,1.0000,0.01,0,0.00,0,0,0,0.00,0.0015,"VIDEO_CTR_ANOMALY","Medium","Video CTR 100.0% is abnormally high"
"xMAYMAFG_XE","Firm Fiasco","YOUTUBE_VIDEO","Video View DRAFT","23807887103","VIDEO",1,1,1.0000,0.01,0,0.00,0,0,0,0.00,0.0015,"VIDEO_CTR_ANOMALY","Medium","Video CTR 100.0% is abnormally high"
"f40Ln78gZ6U","10* Things Nettspend Can’t Live Without | 10 Essentials","YOUTUBE_VIDEO","Video View DRAFT","23807887103","VIDEO",1,1,1.0000,0.01,0,0.00,0,0,0,0.00,0.0015,"VIDEO_CTR_ANOMALY","Medium","Video CTR 100.0% is abnormally high"
"K54BrO625ls","Where Are We Going? (2018 Edition)","YOUTUBE_VIDEO","Video View DRAFT","23807887103","VIDEO",1,1,1.0000,0.01,0,0.00,0,0,0,0.00,0.0015,"VIDEO_CTR_ANOMALY","Medium","Video CTR 100.0% is abnormally high"
"7JErJdYR8LE","2Pac (Makaveli) - Just Like Daddy","YOUTUBE_VIDEO","Video View DRAFT","23807887103","VIDEO",1,1,1.0000,0.01,0,0.00,0,0,0,0.00,0.0015,"VIDEO_CTR_ANOMALY","Medium","Video CTR 100.0% is abnormally high"
"IFE1VT-iuZs","🔥 하루 딱 10분! 11자 복근 보장 운동 루틴 | Abs Workout","YOUTUBE_VIDEO","Video View DRAFT","23807887103","VIDEO",1,1,1.0000,0.01,0,0.00,0,0,0,0.00,0.0015,"VIDEO_CTR_ANOMALY","Medium","Video CTR 100.0% is abnormally high"
"rGYoxn4TbIE","CRYSTAL CASTLES - CRIMEWAVE","YOUTUBE_VIDEO","Video View DRAFT","23807887103","VIDEO",1,1,1.0000,0.01,0,0.00,0,0,0,0.00,0.0015,"VIDEO_CTR_ANOMALY","Medium","Video CTR 100.0% is abnormally high"
"kv0siWvi-dY","Death - Flesh and the Power it Holds (PIANIST REACTS)","YOUTUBE_VIDEO","Video View DRAFT","23807887103","VIDEO",1,1,1.0000,0.01,0,0.00,0,0,0,0.00,0.0015,"VIDEO_CTR_ANOMALY","Medium","Video CTR 100.0% is abnormally high"
"RgP8RmPeHmo","Total War: Warhammer 3 Immortal Empires - Clan Skryre, Ikit Claw #2","YOUTUBE_VIDEO","Video View DRAFT","23807887103","VIDEO",1,1,1.0000,0.01,0,0.00,0,0,0,0.00,0.0015,"VIDEO_CTR_ANOMALY","Medium","Video CTR 100.0% is abnormally high"
"uh2Qajykuqw","Linea Personal - Caro [Official Video]","YOUTUBE_VIDEO","Video View DRAFT","23807887103","VIDEO",1,1,1.0000,0.01,0,0.00,0,0,0,0.00,0.0015,"VIDEO_CTR_ANOMALY","Medium","Video CTR 100.0% is abnormally high"
"vPGjbVCklnA","EP 24 - Mother wounds | How To Face Your Truth & Healing Childhood Trauma ft. Dr. Cheyenne Bryant","YOUTUBE_VIDEO","Video View DRAFT","23807887103","VIDEO",1,1,1.0000,0.01,0,0.00,0,0,0,0.00,0.0015,"VIDEO_CTR_ANOMALY","Medium","Video CTR 100.0% is abnormally high"
"sjUoMMqZJgU","The Inventor | Wonderlust #20","YOUTUBE_VIDEO","Video View DRAFT","23807887103","VIDEO",1,1,1.0000,0.01,0,0.00,0,0,0,0.00,0.0015,"VIDEO_CTR_ANOMALY","Medium","Video CTR 100.0% is abnormally high"
"VdaKwt5cHEk","My Darkest Days - Porn Star Dancing (Extended Uncensored) ft. Ludacris, Zakk Wylde","YOUTUBE_VIDEO","Video View DRAFT","23807887103","VIDEO",1,1,1.0000,0.01,0,0.00,0,0,0,0.00,0.0015,"VIDEO_CTR_ANOMALY","Medium","Video CTR 100.0% is abnormally high"
"yuJ6FQ8HpYQ","The Firelink Edition Mod Is An Upgrade for Dark Souls 2!","YOUTUBE_VIDEO","Video View DRAFT","23807887103","VIDEO",1,1,1.0000,0.01,0,0.00,0,0,0,0.00,0.0015,"VIDEO_CTR_ANOMALY","Medium","Video CTR 100.0% is abnormally high"
"YqV5FbyGzqs","Jack & Elsa | Save You (For 5.8K Subs + Special Dedications!!)","YOUTUBE_VIDEO","Video View DRAFT","23807887103","VIDEO",1,1,1.0000,0.01,0,0.00,0,0,0,0.00,0.0015,"VIDEO_CTR_ANOMALY","Medium","Video CTR 100.0% is abnormally high"
"ImOKKQ2s4P4","Sapphire Tiara Showdown: Which One Wins Your Heart?","YOUTUBE_VIDEO","Video View DRAFT","23807887103","VIDEO",1,1,1.0000,0.01,0,0.00,0,0,0,0.00,0.0015,"VIDEO_CTR_ANOMALY","Medium","Video CTR 100.0% is abnormally high"
"d1aMKV4AROU","Tyla - Truth or Dare / Water (Live at Dick Clark's New Year's Rockin' Eve 2024) 4K","YOUTUBE_VIDEO","Video View DRAFT","23807887103","VIDEO",1,1,1.0000,0.01,0,0.00,0,0,0,0.00,0.0015,"VIDEO_CTR_ANOMALY","Medium","Video CTR 100.0% is abnormally high"
"T8n6MdAf0TE","Tiktok Mashup 2026 - If you know These Songs your a genius! 🧠❤️","YOUTUBE_VIDEO","Video View DRAFT","23807887103","VIDEO",1,1,1.0000,0.01,0,0.00,0,0,0,0.00,0.0015,"VIDEO_CTR_ANOMALY","Medium","Video CTR 100.0% is abnormally high"
"1P3nGfdmF7c","The Classic Rock Show Live in Europe 2025 - Pete Thorn’s emotional tribute to John Sykes","YOUTUBE_VIDEO","Video View DRAFT","23807887103","VIDEO",1,1,1.0000,0.01,0,0.00,0,0,0,0.00,0.0015,"VIDEO_CTR_ANOMALY","Medium","Video CTR 100.0% is abnormally high"
"SELNtkgTRdQ","OsamaSon - Blonde","YOUTUBE_VIDEO","Video View DRAFT","23807887103","VIDEO",1,1,1.0000,0.01,0,0.00,0,0,0,0.00,0.0015,"VIDEO_CTR_ANOMALY","Medium","Video CTR 100.0% is abnormally high"
"r9xEeUnLcAY","beautiful model in wet sportswear in the pool","YOUTUBE_VIDEO","Video View DRAFT","23807887103","VIDEO",1,1,1.0000,0.01,0,0.00,0,0,0,0.00,0.0015,"VIDEO_CTR_ANOMALY","Medium","Video CTR 100.0% is abnormally high"
"Lg1sX0zbovY","Level 15 Day ONE  - Duchess Solo Deathless Run - Gaping Jaw Boss (Elden Ring Nightreign)","YOUTUBE_VIDEO","Video View DRAFT","23807887103","VIDEO",1,1,1.0000,0.01,0,0.00,0,0,0,0.00,0.0015,"VIDEO_CTR_ANOMALY","Medium","Video CTR 100.0% is abnormally high"
"2gkhes1H8k8","Seekers of the Suspect","YOUTUBE_VIDEO","Video View DRAFT","23807887103","VIDEO",1,1,1.0000,0.01,0,0.00,0,0,0,0.00,0.0015,"VIDEO_CTR_ANOMALY","Medium","Video CTR 100.0% is abnormally high"
"69zFCSToXzE","OMNI - Jason Richardson & Luke Holland","YOUTUBE_VIDEO","Video View DRAFT","23807887103","VIDEO",1,1,1.0000,0.01,0,0.00,0,0,0,0.00,0.0015,"VIDEO_CTR_ANOMALY","Medium","Video CTR 100.0% is abnormally high"
"qeXP7o0-VyY","BUILDING a Cheap, Wrecked MERCEDES AMG C63s (Start to Finish)","YOUTUBE_VIDEO","Video View DRAFT","23807887103","VIDEO",1,2,2.0000,0.01,0,0.00,0,0,0,0.00,0.0015,"VIDEO_CTR_ANOMALY","Medium","Video CTR 200.0% is abnormally high"
"KskrP4jIFS0","8 Hyped Dupe Fragrances VS Their Originals - The Truth","YOUTUBE_VIDEO","Video View DRAFT","23807887103","VIDEO",1,1,1.0000,0.01,0,0.00,0,0,0,0.00,0.0015,"VIDEO_CTR_ANOMALY","Medium","Video CTR 100.0% is abnormally high"
"7PyR4z6NeYY","DJ GEE - LOVERS ROCK REGGAE MIX: Glen Washington Beres Hammond UB40 Freddie McGregor Sanchez OLD","YOUTUBE_VIDEO","Video View DRAFT","23807887103","VIDEO",1,1,1.0000,0.01,0,0.00,0,0,0,0.00,0.0015,"VIDEO_CTR_ANOMALY","Medium","Video CTR 100.0% is abnormally high"
"jlbuj0m2koQ","Kanel Joseph Gets Trapped in a Haunted Abandoned Mall!","YOUTUBE_VIDEO","Video View DRAFT","23807887103","VIDEO",1,1,1.0000,0.01,0,0.00,0,0,0,0.00,0.0015,"VIDEO_CTR_ANOMALY","Medium","Video CTR 100.0% is abnormally high"
"jcqaHLHgEkc","The Lifestyle of Till Lindemann (Reaction)","YOUTUBE_VIDEO","Video View DRAFT","23807887103","VIDEO",1,1,1.0000,0.01,0,0.00,0,0,0,0.00,0.0015,"VIDEO_CTR_ANOMALY","Medium","Video CTR 100.0% is abnormally high"
"932aVfZKkcM","Pugilism","YOUTUBE_VIDEO","Video View DRAFT","23807887103","VIDEO",1,1,1.0000,0.01,0,0.00,0,0,0,0.00,0.0015,"VIDEO_CTR_ANOMALY","Medium","Video CTR 100.0% is abnormally high"
"B1PkXRk95BQ","I Found EVERY Hidden Blueprint on Rebirth Island","YOUTUBE_VIDEO","Video View DRAFT","23807887103","VIDEO",1,1,1.0000,0.01,0,0.00,0,0,0,0.00,0.0015,"VIDEO_CTR_ANOMALY","Medium","Video CTR 100.0% is abnormally high"
"JJ15Jxrtpgg","Create FEAR with STRING INSTRUMENTS! Writing music to a HORROR CUE","YOUTUBE_VIDEO","Video View DRAFT","23807887103","VIDEO",1,1,1.0000,0.01,0,0.00,0,0,0,0.00,0.0015,"VIDEO_CTR_ANOMALY","Medium","Video CTR 100.0% is abnormally high"
"z3DS3Aqx-yU","Hairdresser shows how to layer hair properly","YOUTUBE_VIDEO","Video View DRAFT","23807887103","VIDEO",1,1,1.0000,0.01,0,0.00,0,0,0,0.00,0.0015,"VIDEO_CTR_ANOMALY","Medium","Video CTR 100.0% is abnormally high"
"jrpB4O11SI8","Gibraltar | Military March | The Bands of HM Royal Marines","YOUTUBE_VIDEO","Video View DRAFT","23807887103","VIDEO",1,1,1.0000,0.01,0,0.00,0,0,0,0.00,0.0015,"VIDEO_CTR_ANOMALY","Medium","Video CTR 100.0% is abnormally high"
"BmyEzbGFQxE","Taking Over Lobbies with DIVE Peni Parker...","YOUTUBE_VIDEO","Video View DRAFT","23807887103","VIDEO",1,1,1.0000,0.01,0,0.00,0,0,0,0.00,0.0015,"VIDEO_CTR_ANOMALY","Medium","Video CTR 100.0% is abnormally high"
"HDp-UMj2lHk","2023-2025 beautiful demanding leather dresses outfits collection for ladies #leather #outfit","YOUTUBE_VIDEO","Video View DRAFT","23807887103","VIDEO",1,1,1.0000,0.01,0,0.00,0,0,0,0.00,0.0015,"VIDEO_CTR_ANOMALY","Medium","Video CTR 100.0% is abnormally high"
"eeumL7Fz-8M","Jimmy Kimmel Interviews Dr. Dre, Snoop Dogg & Curtis “50 Cent” Jackson","YOUTUBE_VIDEO","Video View DRAFT","23807887103","VIDEO",1,1,1.0000,0.01,0,0.00,0,0,0,0.00,0.0015,"VIDEO_CTR_ANOMALY","Medium","Video CTR 100.0% is abnormally high"
"07QATW2hORE","I Got ARRESTED On Tour!","YOUTUBE_VIDEO","Video View DRAFT","23807887103","VIDEO",1,1,1.0000,0.01,0,0.00,0,0,0,0.00,0.0015,"VIDEO_CTR_ANOMALY","Medium","Video CTR 100.0% is abnormally high"
"FsKYHrzmp4o","TWO CREEPY YANDERE GUYS WANT TO DATE ME *i cant choose* | The Freak Circus (Days 1-2)","YOUTUBE_VIDEO","Video View DRAFT","23807887103","VIDEO",1,1,1.0000,0.01,0,0.00,0,0,0,0.00,0.0015,"VIDEO_CTR_ANOMALY","Medium","Video CTR 100.0% is abnormally high"
"1GxZJiNbrak","Άσε μας ρε μαμά | Επεισόδιο 7","YOUTUBE_VIDEO","Video View DRAFT","23807887103","VIDEO",1,1,1.0000,0.01,0,0.00,0,0,0,0.00,0.0015,"VIDEO_CTR_ANOMALY","Medium","Video CTR 100.0% is abnormally high"
"-JCseIkwbio","Taylor Swift Preforms ""Mean"" at the  Academy of Country Music Awards","YOUTUBE_VIDEO","Video View DRAFT","23807887103","VIDEO",1,1,1.0000,0.01,0,0.00,0,0,0,0.00,0.0015,"VIDEO_CTR_ANOMALY","Medium","Video CTR 100.0% is abnormally high"
"zXBSjhnAWZI","Ren - Dominoes (Reaction)","YOUTUBE_VIDEO","Video View DRAFT","23807887103","VIDEO",1,1,1.0000,0.01,0,0.00,0,0,0,0.00,0.0015,"VIDEO_CTR_ANOMALY","Medium","Video CTR 100.0% is abnormally high"
"s7JxAhg0xh4","I didn't even know this was possible","YOUTUBE_VIDEO","Video View DRAFT","23807887103","VIDEO",1,1,1.0000,0.01,0,0.00,0,0,0,0.00,0.0015,"VIDEO_CTR_ANOMALY","Medium","Video CTR 100.0% is abnormally high"
"Easdo0vfWMQ","""Main Character Syndrome"" is OUT OF CONTROL","YOUTUBE_VIDEO","Video View DRAFT","23807887103","VIDEO",1,1,1.0000,0.01,0,0.00,0,0,0,0.00,0.0015,"VIDEO_CTR_ANOMALY","Medium","Video CTR 100.0% is abnormally high"
"m-O1oakXxjk","Store STACKED With NEW WWE Figures 2026 Toy Hunt","YOUTUBE_VIDEO","Video View DRAFT","23807887103","VIDEO",1,1,1.0000,0.01,0,0.00,0,0,0,0.00,0.0015,"VIDEO_CTR_ANOMALY","Medium","Video CTR 100.0% is abnormally high"
"SN5HsvNSwPs","The Crossroads of Destiny | Avatar Book 2 Ep 19-20 Reaction","YOUTUBE_VIDEO","Video View DRAFT","23807887103","VIDEO",1,1,1.0000,0.01,0,0.00,0,0,0,0.00,0.0015,"VIDEO_CTR_ANOMALY","Medium","Video CTR 100.0% is abnormally high"
"G2LTqGoQ_rY","ALL OF r/DIWHY","YOUTUBE_VIDEO","Video View DRAFT","23807887103","VIDEO",1,1,1.0000,0.01,0,0.00,0,0,0,0.00,0.0015,"VIDEO_CTR_ANOMALY","Medium","Video CTR 100.0% is abnormally high"
"I-p6T_n5Mts","Naomi Jon - MANTRA (official video)","YOUTUBE_VIDEO","Video View DRAFT","23807887103","VIDEO",1,1,1.0000,0.01,0,0.00,0,0,0,0.00,0.0015,"VIDEO_CTR_ANOMALY","Medium","Video CTR 100.0% is abnormally high"
"rAVPSKr2eMQ","Купила КУРС по макияжу от ПОНИРОМА / Урок ДОВЁЛ меня ДО СЛЁЗ...","YOUTUBE_VIDEO","Video View DRAFT","23807887103","VIDEO",1,2,2.0000,0.01,0,0.00,0,0,0,0.00,0.0015,"VIDEO_CTR_ANOMALY","Medium","Video CTR 200.0% is abnormally high"
"pZ9NobaaWRY","Naomi Raine - Jesus Over Everything [Official Music Video]","YOUTUBE_VIDEO","Video View DRAFT","23807887103","VIDEO",1,1,1.0000,0.01,0,0.00,0,0,0,0.00,0.0015,"VIDEO_CTR_ANOMALY","Medium","Video CTR 100.0% is abnormally high"
"BDitcHovphY","Weaponized Incompetence is a Nightmare","YOUTUBE_VIDEO","Video View DRAFT","23807887103","VIDEO",1,1,1.0000,0.01,0,0.00,0,0,0,0.00,0.0015,"VIDEO_CTR_ANOMALY","Medium","Video CTR 100.0% is abnormally high"
"-UbegkS40kE","So **THE AVENGERS** Is INSANE","YOUTUBE_VIDEO","Video View DRAFT","23807887103","VIDEO",1,2,2.0000,0.01,0,0.00,0,0,0,0.00,0.0015,"VIDEO_CTR_ANOMALY","Medium","Video CTR 200.0% is abnormally high"
"3o0YDyF73l8","I Made Knockoffs of Popular Products","YOUTUBE_VIDEO","Video View DRAFT","23807887103","VIDEO",1,1,1.0000,0.01,0,0.00,0,0,0,0.00,0.0015,"VIDEO_CTR_ANOMALY","Medium","Video CTR 100.0% is abnormally high"
"pzn-lAmFsdo","10 Watch Rules EVERY Man Should Know (Even Rich People)","YOUTUBE_VIDEO","Video View DRAFT","23807887103","VIDEO",1,1,1.0000,0.01,0,0.00,0,0,0,0.00,0.0015,"VIDEO_CTR_ANOMALY","Medium","Video CTR 100.0% is abnormally high"
"Dc9BivRXhuc","High Thoughts 2","YOUTUBE_VIDEO","Video View DRAFT","23807887103","VIDEO",1,1,1.0000,0.01,0,0.00,0,0,0,0.00,0.0015,"VIDEO_CTR_ANOMALY","Medium","Video CTR 100.0% is abnormally high"
"7ezN7Tc9VZA","YUNGBLUD Reads Thirst Tweets","YOUTUBE_VIDEO","Video View DRAFT","23807887103","VIDEO",1,1,1.0000,0.01,0,0.00,0,0,0,0.00,0.0015,"VIDEO_CTR_ANOMALY","Medium","Video CTR 100.0% is abnormally high"
"RT6CbRl7aO8","THE WORST RIVALS GAMEPLAY YOU'VE EVER SEEN (Marvel Rivals)","YOUTUBE_VIDEO","Video View DRAFT","23807887103","VIDEO",1,1,1.0000,0.01,0,0.00,0,0,0,0.00,0.0015,"VIDEO_CTR_ANOMALY","Medium","Video CTR 100.0% is abnormally high"
"MTnrQuUwS78","Spring - Summer 2026 Fashion Trends 💛Summer Sneakers 🛍️Milan May Street Style & Milan Shopping ","YOUTUBE_VIDEO","Video View DRAFT","23807887103","VIDEO",1,1,1.0000,0.01,0,0.00,0,0,0,0.00,0.0015,"VIDEO_CTR_ANOMALY","Medium","Video CTR 100.0% is abnormally high"
"UeHrsRvZrlI","Siblings surprise wedding dance show #2","YOUTUBE_VIDEO","Video View DRAFT","23807887103","VIDEO",1,1,1.0000,0.01,0,0.00,0,0,0,0.00,0.0015,"VIDEO_CTR_ANOMALY","Medium","Video CTR 100.0% is abnormally high"
"wW3s718Ck5w","Fender Telecasters: Player Plus vs. American Performer","YOUTUBE_VIDEO","Video View DRAFT","23807887103","VIDEO",1,1,1.0000,0.01,0,0.00,0,0,0,0.00,0.0015,"VIDEO_CTR_ANOMALY","Medium","Video CTR 100.0% is abnormally high"
"TqiWvmEqm0w","I Flirted With His Twin Brother For 24 Hours! (he got jealous..)","YOUTUBE_VIDEO","Video View DRAFT","23807887103","VIDEO",1,1,1.0000,0.01,0,0.00,0,0,0,0.00,0.0015,"VIDEO_CTR_ANOMALY","Medium","Video CTR 100.0% is abnormally high"
"FHrk-qeB0_Q","EP.10 | สร้างแพทเทิร์นกระโปรงจีบหน้านาง 3 ชั้น ซิปหลังไม่มีตะเข็บข้าง[ขอมาจัดไป]::byแมวJARAD","YOUTUBE_VIDEO","Video View DRAFT","23807887103","VIDEO",1,1,1.0000,0.01,0,0.00,0,0,0,0.00,0.0015,"VIDEO_CTR_ANOMALY","Medium","Video CTR 100.0% is abnormally high"
"Xq3hEMUeBGQ","John Fogerty - Centerfield","YOUTUBE_VIDEO","Video View DRAFT","23807887103","VIDEO",1,1,1.0000,0.01,0,0.00,0,0,0,0.00,0.0015,"VIDEO_CTR_ANOMALY","Medium","Video CTR 100.0% is abnormally high"
"08ou8IQbZB8","MicroTool Lab","YOUTUBE_VIDEO","Video View DRAFT","23807887103","VIDEO",1,1,1.0000,0.01,0,0.00,0,0,0,0.00,0.0015,"VIDEO_CTR_ANOMALY","Medium","Video CTR 100.0% is abnormally high"
"-Qo7ir3QvN4","Unveiling a BILLIONAIRE's Insane Collection: You'll NEVER Believe What he has!","YOUTUBE_VIDEO","Video View DRAFT","23807887103","VIDEO",1,3,3.0000,0.01,0,0.00,0,0,0,0.00,0.0015,"VIDEO_CTR_ANOMALY","Medium","Video CTR 300.0% is abnormally high"
"y8HVvBMaOfc","【型紙不要】【簡単】【スッキリ見えの大人のタックギャザースカート】【スカート作り方】No pattern required. Your stomach looks slimmer.","YOUTUBE_VIDEO","Video View DRAFT","23807887103","VIDEO",1,1,1.0000,0.01,0,0.00,0,0,0,0.00,0.0015,"VIDEO_CTR_ANOMALY","Medium","Video CTR 100.0% is abnormally high"
"aLEFFpgySkY","Get Down Saturday Night !","YOUTUBE_VIDEO","Video View DRAFT","23807887103","VIDEO",1,1,1.0000,0.01,0,0.00,0,0,0,0.00,0.0015,"VIDEO_CTR_ANOMALY","Medium","Video CTR 100.0% is abnormally high"
"9bp0Dzjaeg8","Right Now","YOUTUBE_VIDEO","Video View DRAFT","23807887103","VIDEO",1,1,1.0000,0.01,0,0.00,0,0,0,0.00,0.0015,"VIDEO_CTR_ANOMALY","Medium","Video CTR 100.0% is abnormally high"
"hPFmNX4kB8o","TOP Cooper FINALLY Sees Murph Again Reactions 😭 Interstellar (2014) Movie Reaction Compilation","YOUTUBE_VIDEO","Video View DRAFT","23807887103","VIDEO",1,1,1.0000,0.01,0,0.00,0,0,0,0.00,0.0015,"VIDEO_CTR_ANOMALY","Medium","Video CTR 100.0% is abnormally high"
"Ijc3FcASdqs","TOP ""CASSANDRA NOVA Meets with Deadpool And Wolverine"" Reaction! Deadpool & Wolverine Movie Reaction","YOUTUBE_VIDEO","Video View DRAFT","23807887103","VIDEO",1,2,2.0000,0.01,0,0.00,0,0,0,0.00,0.0015,"VIDEO_CTR_ANOMALY","Medium","Video CTR 200.0% is abnormally high"
"D1LM__zCAQU","MacKenzie Scott’s Latest Gifts Make Her America’s Third Most Generous Philanthropist","YOUTUBE_VIDEO","Video View DRAFT","23807887103","VIDEO",1,1,1.0000,0.01,0,0.00,0,0,0,0.00,0.0015,"VIDEO_CTR_ANOMALY","Medium","Video CTR 100.0% is abnormally high"
"SXjXq9gK7ZQ","Why Miami Party Fashion Is So Insane","YOUTUBE_VIDEO","Video View DRAFT","23807887103","VIDEO",1,1,1.0000,0.01,0,0.00,0,0,0,0.00,0.0015,"VIDEO_CTR_ANOMALY","Medium","Video CTR 100.0% is abnormally high"
"ZgyyEfEarxo","Saga of Tanya The Evil Episode 2 REACTION","YOUTUBE_VIDEO","Video View DRAFT","23807887103","VIDEO",1,1,1.0000,0.01,0,0.00,0,0,0,0.00,0.0015,"VIDEO_CTR_ANOMALY","Medium","Video CTR 100.0% is abnormally high"
"iTTsWgyPiJI","Bruce Hornsby, The Noisemakers - The Way It Is (Live at Town Hall, New York City, 2004)","YOUTUBE_VIDEO","Video View DRAFT","23807887103","VIDEO",1,1,1.0000,0.01,0,0.00,0,0,0,0.00,0.0015,"VIDEO_CTR_ANOMALY","Medium","Video CTR 100.0% is abnormally high"
"LKhys79KHdw","new dance moms is getting WORSE ! *reaction pt 2*","YOUTUBE_VIDEO","Video View DRAFT","23807887103","VIDEO",1,1,1.0000,0.01,0,0.00,0,0,0,0.00,0.0015,"VIDEO_CTR_ANOMALY","Medium","Video CTR 100.0% is abnormally high"
"McUDPWUggco","How STONEHENGE - Just Vanished!","YOUTUBE_VIDEO","Video View DRAFT","23807887103","VIDEO",1,1,1.0000,0.01,0,0.00,0,0,0,0.00,0.0015,"VIDEO_CTR_ANOMALY","Medium","Video CTR 100.0% is abnormally high"
"PxF37w8-vKg","Hag Covens SHOULD be Terrifying (here's how) | Fey Week","YOUTUBE_VIDEO","Video View DRAFT","23807887103","VIDEO",1,1,1.0000,0.01,0,0.00,0,0,0,0.00,0.0015,"VIDEO_CTR_ANOMALY","Medium","Video CTR 100.0% is abnormally high"
"ctZwL1_7Clc","MARATHON | The Best Of Sanford And Son | Sanford and Son","YOUTUBE_VIDEO","Video View DRAFT","23807887103","VIDEO",1,1,1.0000,0.01,0,0.00,0,0,0,0.00,0.0015,"VIDEO_CTR_ANOMALY","Medium","Video CTR 100.0% is abnormally high"
"A3PlRhkc4kY","","YOUTUBE_VIDEO","Video View DRAFT","23807887103","VIDEO",1,1,1.0000,0.01,0,0.00,0,0,0,0.00,0.0015,"VIDEO_CTR_ANOMALY","Medium","Video CTR 100.0% is abnormally high"
"_tRJzol9CLE","Sex With Young Guys vs. Bag Full Of Condoms Kendra Cummingham Stand Up | Comedy Time","YOUTUBE_VIDEO","Video View DRAFT","23807887103","VIDEO",1,1,1.0000,0.01,0,0.00,0,0,0,0.00,0.0015,"VIDEO_CTR_ANOMALY","Medium","Video CTR 100.0% is abnormally high"
"7uj4StNdVaw","I MAY Have To Sue The Fall Guys Devs","YOUTUBE_VIDEO","Video View DRAFT","23807887103","VIDEO",1,1,1.0000,0.01,0,0.00,0,0,0,0.00,0.0015,"VIDEO_CTR_ANOMALY","Medium","Video CTR 100.0% is abnormally high"
"WponmL1mlns","Law Kont Belly Dance | لو كنت رقص شرقي","YOUTUBE_VIDEO","Video View DRAFT","23807887103","VIDEO",1,1,1.0000,0.01,0,0.00,0,0,0,0.00,0.0015,"VIDEO_CTR_ANOMALY","Medium","Video CTR 100.0% is abnormally high"
"LczZ8GJu3OM","Layto - ""better off"" (Official Music Video)","YOUTUBE_VIDEO","Video View DRAFT","23807887103","VIDEO",1,1,1.0000,0.01,0,0.00,0,0,0,0.00,0.0015,"VIDEO_CTR_ANOMALY","Medium","Video CTR 100.0% is abnormally high"
"aKt62Xy-rRc","One Celled Creature","YOUTUBE_VIDEO","Video View DRAFT","23807887103","VIDEO",1,1,1.0000,0.00,0,0.00,0,0,0,0.00,0.0015,"VIDEO_CTR_ANOMALY","Medium","Video CTR 100.0% is abnormally high"
"-dXqSl7W8Ig","LOS ALEMANES • NIKE TIBURON (PROD.YUNG COKE)","YOUTUBE_VIDEO","Video View DRAFT","23807887103","VIDEO",1,1,1.0000,0.00,0,0.00,0,0,0,0.00,0.0015,"VIDEO_CTR_ANOMALY","Medium","Video CTR 100.0% is abnormally high"
"5342EAkJ2KA","Kelly Monroe | American Curvy Model | Shorts | Part #161 ","YOUTUBE_VIDEO","Video View DRAFT","23807887103","VIDEO",1,2,2.0000,0.00,0,0.00,0,0,0,0.00,0.0015,"VIDEO_CTR_ANOMALY","Medium","Video CTR 200.0% is abnormally high"
"gzzYZV-G-GE","TOP ""Pilot Training"" Reactions! Top Gun Maverick (2022) Movie Reaction First Time Watching","YOUTUBE_VIDEO","Video View DRAFT","23807887103","VIDEO",1,1,1.0000,0.00,0,0.00,0,0,0,0.00,0.0015,"VIDEO_CTR_ANOMALY","Medium","Video CTR 100.0% is abnormally high"
"qT5d2YojgWs","Từ “công xưởng thế giới” đến thất nghiệp hàng loạt ở Quảng Châu ,Trung Quốc #Haivanotrungquoc","YOUTUBE_VIDEO","Video View DRAFT","23807887103","VIDEO",1,1,1.0000,0.00,0,0.00,0,0,0,0.00,0.0015,"VIDEO_CTR_ANOMALY","Medium","Video CTR 100.0% is abnormally high"
"vS8sQYV4Ww8","Dear Treyarch, Please Nerf This..","YOUTUBE_VIDEO","Video View DRAFT","23807887103","VIDEO",1,1,1.0000,0.00,0,0.00,0,0,0,0.00,0.0015,"VIDEO_CTR_ANOMALY","Medium","Video CTR 100.0% is abnormally high"
"bATbyDY1lII","Attractive Older Women Over 50 Part 531","YOUTUBE_VIDEO","Video View DRAFT","23807887103","VIDEO",1,1,1.0000,0.00,0,0.00,0,0,0,0.00,0.0015,"VIDEO_CTR_ANOMALY","Medium","Video CTR 100.0% is abnormally high"
"MmSz7HqkI9s","Megyn Kelly Presents: A Response to ""Bombshell"" - Full Discussion","YOUTUBE_VIDEO","Video View DRAFT","23807887103","VIDEO",1,1,1.0000,0.00,0,0.00,0,0,0,0.00,0.0015,"VIDEO_CTR_ANOMALY","Medium","Video CTR 100.0% is abnormally high"
"CtNcV0BLOP8","Florence and the Machine - Dream Girl Evil (live pro shot) Flow Festival August 13, 2022","YOUTUBE_VIDEO","Video View DRAFT","23807887103","VIDEO",1,1,1.0000,0.00,0,0.00,0,0,0,0.00,0.0015,"VIDEO_CTR_ANOMALY","Medium","Video CTR 100.0% is abnormally high"
"Vfu2-05tZpQ","How Borderlands 4 Fixed the Hero Problem","YOUTUBE_VIDEO","Video View DRAFT","23807887103","VIDEO",1,1,1.0000,0.00,0,0.00,0,0,0,0.00,0.0015,"VIDEO_CTR_ANOMALY","Medium","Video CTR 100.0% is abnormally high"
"3SPCZtXv0eo","I Still Miss Someone - Elvis Costello & Emmylou Harris","YOUTUBE_VIDEO","Video View DRAFT","23807887103","VIDEO",1,1,1.0000,0.00,0,0.00,0,0,0,0.00,0.0015,"VIDEO_CTR_ANOMALY","Medium","Video CTR 100.0% is abnormally high"
"e6EFM45_QWo","Michael Jackson tribute","YOUTUBE_VIDEO","Video View DRAFT","23807887103","VIDEO",1,1,1.0000,0.00,0,0.00,0,0,0,0.00,0.0015,"VIDEO_CTR_ANOMALY","Medium","Video CTR 100.0% is abnormally high"
"u0Ucju0oZOI","SUPER CLEAN KYLO MOVEMENT (127 KILLSTREAK) | Supremacy | Star Wars Battlefront 2","YOUTUBE_VIDEO","Video View DRAFT","23807887103","VIDEO",1,1,1.0000,0.00,0,0.00,0,0,0,0.00,0.0015,"VIDEO_CTR_ANOMALY","Medium","Video CTR 100.0% is abnormally high"
"yjOg9rCQOks","Annette | Natural Older Woman Over 50 : Retro Beauty & Enduring Charm","YOUTUBE_VIDEO","Video View DRAFT","23807887103","VIDEO",1,1,1.0000,0.00,0,0.00,0,0,0,0.00,0.0015,"VIDEO_CTR_ANOMALY","Medium","Video CTR 100.0% is abnormally high"
"T6pWFH6xy3s","The Nazis Pick the Wrong Prospector | Sisu | CLIP ⚡ 4K","YOUTUBE_VIDEO","Video View DRAFT","23807887103","VIDEO",1,1,1.0000,0.00,0,0.00,0,0,0,0.00,0.0015,"VIDEO_CTR_ANOMALY","Medium","Video CTR 100.0% is abnormally high"
"43BkeMvR2VY","Лучшие клипы Виталия Козловского","YOUTUBE_VIDEO","Video View DRAFT","23807887103","VIDEO",1,1,1.0000,0.00,0,0.00,0,0,0,0.00,0.0015,"VIDEO_CTR_ANOMALY","Medium","Video CTR 100.0% is abnormally high"
"VyHuDouHs_k","""BABE, DONT YOU WANT ME BACK?... UHHH Who dis?"" | Ppl call their ex","YOUTUBE_VIDEO","Video View DRAFT","23807887103","VIDEO",1,1,1.0000,0.00,0,0.00,0,0,0,0.00,0.0015,"VIDEO_CTR_ANOMALY","Medium","Video CTR 100.0% is abnormally high"
"SGjn2iKx-oc","تسوق مشتريات العيد الجزء الثاني + فلوق مع يزن","YOUTUBE_VIDEO","Video View DRAFT","23807887103","VIDEO",1,1,1.0000,0.00,0,0.00,0,0,0,0.00,0.0015,"VIDEO_CTR_ANOMALY","Medium","Video CTR 100.0% is abnormally high"
"qZJA_UrciAk","ချစ်သူက ကိုယ့်လူမျိုး၊ ဘာသာကို နှစ်သက်လို့ ပျော်တဲ့ ပက်ထရစ်ရှာ","YOUTUBE_VIDEO","Video View DRAFT","23807887103","VIDEO",1,1,1.0000,0.00,0,0.00,0,0,0,0.00,0.0015,"VIDEO_CTR_ANOMALY","Medium","Video CTR 100.0% is abnormally high"
"im90dmBkRUo","I Binged the HIDDEN INVENTORY ARC... (absolute PEAKK)","YOUTUBE_VIDEO","Video View DRAFT","23807887103","VIDEO",1,1,1.0000,0.00,0,0.00,0,0,0,0.00,0.0015,"VIDEO_CTR_ANOMALY","Medium","Video CTR 100.0% is abnormally high"
"5JmtJlPrjsI","Top 10 Most Beautiful Wedding Dresses Worn by Celebrities!","YOUTUBE_VIDEO","Video View DRAFT","23807887103","VIDEO",1,1,1.0000,0.00,0,0.00,0,0,0,0.00,0.0015,"VIDEO_CTR_ANOMALY","Medium","Video CTR 100.0% is abnormally high"
"E1vzqHTkFd8","Resident Evil Requiem with Lui - The FBI VS The Joker (Dude I'm Not Scared) [Part 1]","YOUTUBE_VIDEO","Video View DRAFT","23807887103","VIDEO",1,1,1.0000,0.00,0,0.00,0,0,0,0.00,0.0015,"VIDEO_CTR_ANOMALY","Medium","Video CTR 100.0% is abnormally high"
"3AkjVO72qsY","New Year 2026 Party Mashup 💥 | Nonstop Bollywood x Punjabi DJ Mix 2026 | Party Mix Songs","YOUTUBE_VIDEO","Video View DRAFT","23807887103","VIDEO",1,1,1.0000,0.00,0,0.00,0,0,0,0.00,0.0015,"VIDEO_CTR_ANOMALY","Medium","Video CTR 100.0% is abnormally high"
"Ty2opRO1wu8","DANCING WITH THE FISH Lingerie Spring 2019 Paris - 4K Remaster","YOUTUBE_VIDEO","Video View DRAFT","23807887103","VIDEO",1,1,1.0000,0.00,0,0.00,0,0,0,0.00,0.0015,"VIDEO_CTR_ANOMALY","Medium","Video CTR 100.0% is abnormally high"
"tAQ11yaJtgw","Is Fast Track STILL Strong After The Nerf?","YOUTUBE_VIDEO","Video View DRAFT","23807887103","VIDEO",1,1,1.0000,0.00,0,0.00,0,0,0,0.00,0.0015,"VIDEO_CTR_ANOMALY","Medium","Video CTR 100.0% is abnormally high"
"fqU6UX3M3bU","Billionaire Lady Never Believed In Love At First Sight Until She Met Her Cute Neighbor Doing Workout","YOUTUBE_VIDEO","Video View DRAFT","23807887103","VIDEO",1,1,1.0000,0.00,0,0.00,0,0,0,0.00,0.0015,"VIDEO_CTR_ANOMALY","Medium","Video CTR 100.0% is abnormally high"
"transfermarkt.de","transfermarkt.de","WEBSITE","EX I WW I PMAX I SCALING I FEED ONLY I PROSPECTING","21137012770","PERFORMANCE_MAX",4564,0,0.0000,0.00,0,0.00,0,0,0,0.00,0.0000,"PMAX_BAD_DOMAIN","Medium","High consonant ratio (77%) suggests auto-generated domain"
"filmstarts.de","filmstarts.de","WEBSITE","EX I WW I PMAX I SCALING I FEED ONLY I PROSPECTING","21137012770","PERFORMANCE_MAX",4326,0,0.0000,0.00,0,0.00,0,0,0,0.00,0.0000,"PMAX_BAD_DOMAIN","Medium","High consonant ratio (80%) suggests auto-generated domain"
"warcraftlogs.com","warcraftlogs.com","WEBSITE","EX I WW I PMAX I SCALING I FEED ONLY I PROSPECTING","21137012770","PERFORMANCE_MAX",3663,0,0.0000,0.00,0,0.00,0,0,0,0.00,0.0000,"PMAX_BAD_DOMAIN","Medium","High consonant ratio (75%) suggests auto-generated domain"
"pokelike.xyz","pokelike.xyz","WEBSITE","EX I WW I PMAX I SCALING I FEED ONLY I PROSPECTING","21137012770","PERFORMANCE_MAX",2434,0,0.0000,0.00,0,0.00,0,0,0,0.00,0.0000,"PMAX_BAD_DOMAIN","Medium","Tier 2 high-risk TLD (.xyz) with suspicious domain name"
"mtggoldfish.com","mtggoldfish.com","WEBSITE","EX I WW I PMAX I SCALING I FEED ONLY I PROSPECTING","21137012770","PERFORMANCE_MAX",2229,0,0.0000,0.00,0,0.00,0,0,0,0.00,0.0000,"PMAX_BAD_DOMAIN","Medium","High consonant ratio (82%) suggests auto-generated domain"
"myinstants.com","myinstants.com","WEBSITE","EX I WW I PMAX I SCALING I FEED ONLY I PROSPECTING","21137012770","PERFORMANCE_MAX",2097,0,0.0000,0.00,0,0.00,0,0,0,0.00,0.0000,"PMAX_BAD_DOMAIN","Medium","High consonant ratio (80%) suggests auto-generated domain"
"transfermarkt.es","transfermarkt.es","WEBSITE","EX I WW I PMAX I SCALING I FEED ONLY I PROSPECTING","21137012770","PERFORMANCE_MAX",1993,0,0.0000,0.00,0,0.00,0,0,0,0.00,0.0000,"PMAX_BAD_DOMAIN","Medium","High consonant ratio (77%) suggests auto-generated domain"
"murha.info","murha.info","WEBSITE","EX I WW I PMAX I SCALING I FEED ONLY I PROSPECTING","21137012770","PERFORMANCE_MAX",1975,0,0.0000,0.00,0,0.00,0,0,0,0.00,0.0000,"PMAX_BAD_DOMAIN","Medium","Tier 2 high-risk TLD (.info) with suspicious domain name"
"transfermarkt.com","transfermarkt.com","WEBSITE","EX I WW I PMAX I SCALING I FEED ONLY I PROSPECTING","21137012770","PERFORMANCE_MAX",1857,0,0.0000,0.00,0,0.00,0,0,0,0.00,0.0000,"PMAX_BAD_DOMAIN","Medium","High consonant ratio (77%) suggests auto-generated domain"
"pvstory.com","pvstory.com","WEBSITE","EX I WW I PMAX I SCALING I FEED ONLY I PROSPECTING","21137012770","PERFORMANCE_MAX",1488,0,0.0000,0.00,0,0.00,0,0,0,0.00,0.0000,"PMAX_BAD_DOMAIN","Medium","Matches MFA pattern: ^(www\.)?[a-z]*(article|content|story)s?[0-9]*\."
"dict.cc","dict.cc","WEBSITE","EX I WW I PMAX I SCALING I FEED ONLY I PROSPECTING","21137012770","PERFORMANCE_MAX",1436,0,0.0000,0.00,0,0.00,0,0,0,0.00,0.0000,"PMAX_BAD_DOMAIN","Medium","Tier 2 high-risk TLD (.cc) with suspicious domain name"
"murha.info","murha.info","WEBSITE","EX I WW I PMAX I SCALING I FEED ONLY I OVER-INDEX + INDEX + NEAR-INDEX","20369175508","PERFORMANCE_MAX",1405,0,0.0000,0.00,0,0.00,0,0,0,0.00,0.0000,"PMAX_BAD_DOMAIN","Medium","Tier 2 high-risk TLD (.info) with suspicious domain name"
"fcinter1908.it","fcinter1908.it","WEBSITE","EX I WW I PMAX I SCALING I FEED ONLY I PROSPECTING","21137012770","PERFORMANCE_MAX",1399,0,0.0000,0.00,0,0.00,0,0,0,0.00,0.0000,"PMAX_BAD_DOMAIN","Medium","High numeric ratio (36%) suggests auto-generated domain"
"xboxdynasty.de","xboxdynasty.de","WEBSITE","EX I WW I PMAX I SCALING I FEED ONLY I PROSPECTING","21137012770","PERFORMANCE_MAX",1032,0,0.0000,0.00,0,0.00,0,0,0,0.00,0.0000,"PMAX_BAD_DOMAIN","Medium","High consonant ratio (82%) suggests auto-generated domain"
"transfermarkt.de","transfermarkt.de","WEBSITE","EX I WW I PMAX I SCALING I FEED ONLY I OVER-INDEX + INDEX + NEAR-INDEX","20369175508","PERFORMANCE_MAX",1002,0,0.0000,0.00,0,0.00,0,0,0,0.00,0.0000,"PMAX_BAD_DOMAIN","Medium","High consonant ratio (77%) suggests auto-generated domain"
"limitlesstcg.com","limitlesstcg.com","WEBSITE","EX I WW I PMAX I SCALING I FEED ONLY I PROSPECTING","21137012770","PERFORMANCE_MAX",957,0,0.0000,0.00,0,0.00,0,0,0,0.00,0.0000,"PMAX_BAD_DOMAIN","Medium","High consonant ratio (75%) suggests auto-generated domain"
"fussballtransfers.com","fussballtransfers.com","WEBSITE","EX I WW I PMAX I SCALING I FEED ONLY I PROSPECTING","21137012770","PERFORMANCE_MAX",859,0,0.0000,0.00,0,0.00,0,0,0,0.00,0.0000,"PMAX_BAD_DOMAIN","Medium","High consonant ratio (76%) suggests auto-generated domain"
"mtggoldfish.com","mtggoldfish.com","WEBSITE","EX I WW I PMAX I SCALING I FEED ONLY I OVER-INDEX + INDEX + NEAR-INDEX","20369175508","PERFORMANCE_MAX",858,0,0.0000,0.00,0,0.00,0,0,0,0.00,0.0000,"PMAX_BAD_DOMAIN","Medium","High consonant ratio (82%) suggests auto-generated domain"
"sssinstagram.com","sssinstagram.com","WEBSITE","EX I WW I PMAX I SCALING I FEED ONLY I PROSPECTING","21137012770","PERFORMANCE_MAX",778,0,0.0000,0.00,0,0.00,0,0,0,0.00,0.0000,"PMAX_BAD_DOMAIN","Medium","High consonant ratio (75%) suggests auto-generated domain"
"schmidtisblog.de","schmidtisblog.de","WEBSITE","EX I WW I PMAX I SCALING I FEED ONLY I PROSPECTING","21137012770","PERFORMANCE_MAX",603,0,0.0000,0.00,0,0.00,0,0,0,0.00,0.0000,"PMAX_BAD_DOMAIN","Medium","High consonant ratio (77%) suggests auto-generated domain"
"transfermarkt.com","transfermarkt.com","WEBSITE","EX I WW I PMAX I SCALING I FEED ONLY I OVER-INDEX + INDEX + NEAR-INDEX","20369175508","PERFORMANCE_MAX",600,0,0.0000,0.00,0,0.00,0,0,0,0.00,0.0000,"PMAX_BAD_DOMAIN","Medium","High consonant ratio (77%) suggests auto-generated domain"
"twitchtracker.com","twitchtracker.com","WEBSITE","EX I WW I PMAX I SCALING I FEED ONLY I PROSPECTING","21137012770","PERFORMANCE_MAX",564,0,0.0000,0.00,0,0.00,0,0,0,0.00,0.0000,"PMAX_BAD_DOMAIN","Medium","High consonant ratio (77%) suggests auto-generated domain"
"sssinstagram.com","sssinstagram.com","WEBSITE","EX I WW I PMAX I SCALING I FEED ONLY I OVER-INDEX + INDEX + NEAR-INDEX","20369175508","PERFORMANCE_MAX",563,0,0.0000,0.00,0,0.00,0,0,0,0.00,0.0000,"PMAX_BAD_DOMAIN","Medium","High consonant ratio (75%) suggests auto-generated domain"
"transfermarkt.it","transfermarkt.it","WEBSITE","EX I WW I PMAX I SCALING I FEED ONLY I PROSPECTING","21137012770","PERFORMANCE_MAX",562,0,0.0000,0.00,0,0.00,0,0,0,0.00,0.0000,"PMAX_BAD_DOMAIN","Medium","High consonant ratio (77%) suggests auto-generated domain"
"filmstarts.de","filmstarts.de","WEBSITE","EX I WW I PMAX I SCALING I FEED ONLY I OVER-INDEX + INDEX + NEAR-INDEX","20369175508","PERFORMANCE_MAX",529,0,0.0000,0.00,0,0.00,0,0,0,0.00,0.0000,"PMAX_BAD_DOMAIN","Medium","High consonant ratio (80%) suggests auto-generated domain"
"oeffentlicher-dienst.info","oeffentlicher-dienst.info","WEBSITE","EX I WW I PMAX I SCALING I FEED ONLY I PROSPECTING","21137012770","PERFORMANCE_MAX",529,0,0.0000,0.00,0,0.00,0,0,0,0.00,0.0000,"PMAX_BAD_DOMAIN","Medium","Tier 2 high-risk TLD (.info) with suspicious domain name"
"pokelike.xyz","pokelike.xyz","WEBSITE","EX I WW I PMAX I SCALING I FEED ONLY I OVER-INDEX + INDEX + NEAR-INDEX","20369175508","PERFORMANCE_MAX",526,0,0.0000,0.00,0,0.00,0,0,0,0.00,0.0000,"PMAX_BAD_DOMAIN","Medium","Tier 2 high-risk TLD (.xyz) with suspicious domain name"
"trilltrill.jp","trilltrill.jp","WEBSITE","EX I WW I PMAX I SCALING I FEED ONLY I PROSPECTING","21137012770","PERFORMANCE_MAX",476,0,0.0000,0.00,0,0.00,0,0,0,0.00,0.0000,"PMAX_BAD_DOMAIN","Medium","High consonant ratio (80%) suggests auto-generated domain"
"transfermarkt.world","transfermarkt.world","WEBSITE","EX I WW I PMAX I SCALING I FEED ONLY I PROSPECTING","21137012770","PERFORMANCE_MAX",473,0,0.0000,0.00,0,0.00,0,0,0,0.00,0.0000,"PMAX_BAD_DOMAIN","Medium","High consonant ratio (77%) suggests auto-generated domain"
"warcraftlogs.com","warcraftlogs.com","WEBSITE","EX I WW I PMAX I SCALING I FEED ONLY I OVER-INDEX + INDEX + NEAR-INDEX","20369175508","PERFORMANCE_MAX",461,0,0.0000,0.00,0,0.00,0,0,0,0.00,0.0000,"PMAX_BAD_DOMAIN","Medium","High consonant ratio (75%) suggests auto-generated domain"
"dict.cc","dict.cc","WEBSITE","EX I WW I PMAX I SCALING I FEED ONLY I OVER-INDEX + INDEX + NEAR-INDEX","20369175508","PERFORMANCE_MAX",422,0,0.0000,0.00,0,0.00,0,0,0,0.00,0.0000,"PMAX_BAD_DOMAIN","Medium","Tier 2 high-risk TLD (.cc) with suspicious domain name"
"myinstants.com","myinstants.com","WEBSITE","EX I WW I PMAX I SCALING I FEED ONLY I OVER-INDEX + INDEX + NEAR-INDEX","20369175508","PERFORMANCE_MAX",414,0,0.0000,0.00,0,0.00,0,0,0,0.00,0.0000,"PMAX_BAD_DOMAIN","Medium","High consonant ratio (80%) suggests auto-generated domain"
"pvstory.com","pvstory.com","WEBSITE","EX I WW I PMAX I SCALING I FEED ONLY I OVER-INDEX + INDEX + NEAR-INDEX","20369175508","PERFORMANCE_MAX",408,0,0.0000,0.00,0,0.00,0,0,0,0.00,0.0000,"PMAX_BAD_DOMAIN","Medium","Matches MFA pattern: ^(www\.)?[a-z]*(article|content|story)s?[0-9]*\."
"transfermarkt.pl","transfermarkt.pl","WEBSITE","EX I WW I PMAX I SCALING I FEED ONLY I PROSPECTING","21137012770","PERFORMANCE_MAX",405,0,0.0000,0.00,0,0.00,0,0,0,0.00,0.0000,"PMAX_BAD_DOMAIN","Medium","High consonant ratio (77%) suggests auto-generated domain"
"lubimyczytac.pl","lubimyczytac.pl","WEBSITE","EX I WW I PMAX I SCALING I FEED ONLY I PROSPECTING","21137012770","PERFORMANCE_MAX",347,0,0.0000,0.00,0,0.00,0,0,0,0.00,0.0000,"PMAX_BAD_DOMAIN","Medium","High consonant ratio (75%) suggests auto-generated domain"
"getemoji.com","getemoji.com","WEBSITE","EX I WW I PMAX I SCALING I FEED ONLY I PROSPECTING","21137012770","PERFORMANCE_MAX",293,0,0.0000,0.00,0,0.00,0,0,0,0.00,0.0000,"PMAX_BAD_DOMAIN","Medium","Matches parked domain pattern: ^(www\.)?get[a-z0-9-]+\.(com|net|org)$"
"fcinter1908.it","fcinter1908.it","WEBSITE","EX I WW I PMAX I SCALING I FEED ONLY I OVER-INDEX + INDEX + NEAR-INDEX","20369175508","PERFORMANCE_MAX",290,0,0.0000,0.00,0,0.00,0,0,0,0.00,0.0000,"PMAX_BAD_DOMAIN","Medium","High numeric ratio (36%) suggests auto-generated domain"
"genshin-center.com","genshin-center.com","WEBSITE","EX I WW I PMAX I SCALING I FEED ONLY I PROSPECTING","21137012770","PERFORMANCE_MAX",281,0,0.0000,0.00,0,0.00,0,0,0,0.00,0.0000,"PMAX_BAD_DOMAIN","Medium","Matches parked domain pattern: ^(www\.)?[a-z]+-(hub|zone|world|center|solutions|platform|network)\.(com|net|org|xyz|top|info)$"
"transfermarkt.it","transfermarkt.it","WEBSITE","EX I WW I PMAX I SCALING I FEED ONLY I OVER-INDEX + INDEX + NEAR-INDEX","20369175508","PERFORMANCE_MAX",273,0,0.0000,0.00,0,0.00,0,0,0,0.00,0.0000,"PMAX_BAD_DOMAIN","Medium","High consonant ratio (77%) suggests auto-generated domain"
"transfermarkt.es","transfermarkt.es","WEBSITE","EX I WW I PMAX I SCALING I FEED ONLY I OVER-INDEX + INDEX + NEAR-INDEX","20369175508","PERFORMANCE_MAX",269,0,0.0000,0.00,0,0.00,0,0,0,0.00,0.0000,"PMAX_BAD_DOMAIN","Medium","High consonant ratio (77%) suggests auto-generated domain"
"synthanatomy.com","synthanatomy.com","WEBSITE","EX I WW I PMAX I SCALING I FEED ONLY I PROSPECTING","21137012770","PERFORMANCE_MAX",264,0,0.0000,0.00,0,0.00,0,0,0,0.00,0.0000,"PMAX_BAD_DOMAIN","Medium","High consonant ratio (75%) suggests auto-generated domain"
"transfermarkt.world","transfermarkt.world","WEBSITE","EX I WW I PMAX I SCALING I FEED ONLY I OVER-INDEX + INDEX + NEAR-INDEX","20369175508","PERFORMANCE_MAX",256,0,0.0000,0.00,0,0.00,0,0,0,0.00,0.0000,"PMAX_BAD_DOMAIN","Medium","High consonant ratio (77%) suggests auto-generated domain"
"limitlesstcg.com","limitlesstcg.com","WEBSITE","EX I WW I PMAX I SCALING I FEED ONLY I OVER-INDEX + INDEX + NEAR-INDEX","20369175508","PERFORMANCE_MAX",249,0,0.0000,0.00,0,0.00,0,0,0,0.00,0.0000,"PMAX_BAD_DOMAIN","Medium","High consonant ratio (75%) suggests auto-generated domain"
"paldb.cc","paldb.cc","WEBSITE","EX I WW I PMAX I SCALING I FEED ONLY I PROSPECTING","21137012770","PERFORMANCE_MAX",242,0,0.0000,0.00,0,0.00,0,0,0,0.00,0.0000,"PMAX_BAD_DOMAIN","Medium","Tier 2 high-risk TLD (.cc) with suspicious domain name"
"modthesims.info","modthesims.info","WEBSITE","EX I WW I PMAX I SCALING I FEED ONLY I PROSPECTING","21137012770","PERFORMANCE_MAX",231,0,0.0000,0.00,0,0.00,0,0,0,0.00,0.0000,"PMAX_BAD_DOMAIN","Medium","Tier 2 high-risk TLD (.info) with suspicious domain name"
"sallysbakingaddiction.com","sallysbakingaddiction.com","WEBSITE","EX I WW I PMAX I SCALING I FEED ONLY I PROSPECTING","21137012770","PERFORMANCE_MAX",216,0,0.0000,0.00,0,0.00,0,0,0,0.00,0.0000,"PMAX_BAD_DOMAIN","Medium","Domain name appears auto-generated"
"lightningmaps.org","lightningmaps.org","WEBSITE","EX I WW I PMAX I SCALING I FEED ONLY I PROSPECTING","21137012770","PERFORMANCE_MAX",212,0,0.0000,0.00,0,0.00,0,0,0,0.00,0.0000,"PMAX_BAD_DOMAIN","Medium","High consonant ratio (77%) suggests auto-generated domain"
"transfermarkt.pl","transfermarkt.pl","WEBSITE","EX I WW I PMAX I SCALING I FEED ONLY I OVER-INDEX + INDEX + NEAR-INDEX","20369175508","PERFORMANCE_MAX",207,0,0.0000,0.00,0,0.00,0,0,0,0.00,0.0000,"PMAX_BAD_DOMAIN","Medium","High consonant ratio (77%) suggests auto-generated domain"
"xn--allestrungen-9ib.de","xn--allestrungen-9ib.de","WEBSITE","EX I WW I PMAX I SCALING I FEED ONLY I PROSPECTING","21137012770","PERFORMANCE_MAX",207,0,0.0000,0.00,0,0.00,0,0,0,0.00,0.0000,"PMAX_BAD_DOMAIN","Medium","Punycode/IDN domain — likely irrelevant"
"eso-hub.com","eso-hub.com","WEBSITE","EX I WW I PMAX I SCALING I FEED ONLY I PROSPECTING","21137012770","PERFORMANCE_MAX",206,0,0.0000,0.00,0,0.00,0,0,0,0.00,0.0000,"PMAX_BAD_DOMAIN","Medium","Matches parked domain pattern: ^(www\.)?[a-z]+-(hub|zone|world|center|solutions|platform|network)\.(com|net|org|xyz|top|info)$"
"ssstwitter.com","ssstwitter.com","WEBSITE","EX I WW I PMAX I SCALING I FEED ONLY I PROSPECTING","21137012770","PERFORMANCE_MAX",199,0,0.0000,0.00,0,0.00,0,0,0,0.00,0.0000,"PMAX_BAD_DOMAIN","Medium","High consonant ratio (80%) suggests auto-generated domain"
"yomod.xyz","yomod.xyz","WEBSITE","EX I WW I PMAX I SCALING I FEED ONLY I PROSPECTING","21137012770","PERFORMANCE_MAX",199,0,0.0000,0.00,0,0.00,0,0,0,0.00,0.0000,"PMAX_BAD_DOMAIN","Medium","Tier 2 high-risk TLD (.xyz) with suspicious domain name"
"procyclingstats.com","procyclingstats.com","WEBSITE","EX I WW I PMAX I SCALING I FEED ONLY I PROSPECTING","21137012770","PERFORMANCE_MAX",193,0,0.0000,0.00,0,0.00,0,0,0,0.00,0.0000,"PMAX_BAD_DOMAIN","Medium","High consonant ratio (80%) suggests auto-generated domain"
"brutto-netto-rechner.info","brutto-netto-rechner.info","WEBSITE","EX I WW I PMAX I SCALING I FEED ONLY I PROSPECTING","21137012770","PERFORMANCE_MAX",188,0,0.0000,0.00,0,0.00,0,0,0,0.00,0.0000,"PMAX_BAD_DOMAIN","Medium","Tier 2 high-risk TLD (.info) with suspicious domain name"
"themediterraneandish.com","themediterraneandish.com","WEBSITE","EX I WW I PMAX I SCALING I FEED ONLY I PROSPECTING","21137012770","PERFORMANCE_MAX",179,0,0.0000,0.00,0,0.00,0,0,0,0.00,0.0000,"PMAX_BAD_DOMAIN","Medium","Domain name appears auto-generated"
"skyscanner.net","skyscanner.net","WEBSITE","EX I WW I PMAX I SCALING I FEED ONLY I PROSPECTING","21137012770","PERFORMANCE_MAX",172,0,0.0000,0.00,0,0.00,0,0,0,0.00,0.0000,"PMAX_BAD_DOMAIN","Medium","High consonant ratio (80%) suggests auto-generated domain"
"myfitnesspal.com","myfitnesspal.com","WEBSITE","EX I WW I PMAX I SCALING I FEED ONLY I PROSPECTING","21137012770","PERFORMANCE_MAX",166,0,0.0000,0.00,0,0.00,0,0,0,0.00,0.0000,"PMAX_BAD_DOMAIN","Medium","High consonant ratio (75%) suggests auto-generated domain"
"transfery.info","transfery.info","WEBSITE","EX I WW I PMAX I SCALING I FEED ONLY I PROSPECTING","21137012770","PERFORMANCE_MAX",164,0,0.0000,0.00,0,0.00,0,0,0,0.00,0.0000,"PMAX_BAD_DOMAIN","Medium","Tier 2 high-risk TLD (.info) with suspicious domain name"
"112vdg.nl","112vdg.nl","WEBSITE","EX I WW I PMAX I SCALING I FEED ONLY I PROSPECTING","21137012770","PERFORMANCE_MAX",163,0,0.0000,0.00,0,0.00,0,0,0,0.00,0.0000,"PMAX_BAD_DOMAIN","Medium","Matches parked domain pattern: ^(www\.)?\d{3,}[a-z]{1,3}\."
"behindthevoiceactors.com","behindthevoiceactors.com","WEBSITE","EX I WW I PMAX I SCALING I FEED ONLY I PROSPECTING","21137012770","PERFORMANCE_MAX",163,0,0.0000,0.00,0,0.00,0,0,0,0.00,0.0000,"PMAX_BAD_DOMAIN","Medium","Domain name appears auto-generated"
"blaulichtmyk.de","blaulichtmyk.de","WEBSITE","EX I WW I PMAX I SCALING I FEED ONLY I PROSPECTING","21137012770","PERFORMANCE_MAX",163,0,0.0000,0.00,0,0.00,0,0,0,0.00,0.0000,"PMAX_BAD_DOMAIN","Medium","High consonant ratio (75%) suggests auto-generated domain"
"howtogeek.com","howtogeek.com","WEBSITE","EX I WW I PMAX I SCALING I FEED ONLY I PROSPECTING","21137012770","PERFORMANCE_MAX",158,0,0.0000,0.00,0,0.00,0,0,0,0.00,0.0000,"PMAX_BAD_DOMAIN","Medium","Matches MFA pattern: ^(www\.)?[a-z]*howto[a-z]*\."
"strengthlevel.com","strengthlevel.com","WEBSITE","EX I WW I PMAX I SCALING I FEED ONLY I PROSPECTING","21137012770","PERFORMANCE_MAX",154,0,0.0000,0.00,0,0.00,0,0,0,0.00,0.0000,"PMAX_BAD_DOMAIN","Medium","High consonant ratio (77%) suggests auto-generated domain"
"trilltrill.jp","trilltrill.jp","WEBSITE","EX I WW I PMAX I SCALING I FEED ONLY I OVER-INDEX + INDEX + NEAR-INDEX","20369175508","PERFORMANCE_MAX",153,0,0.0000,0.00,0,0.00,0,0,0,0.00,0.0000,"PMAX_BAD_DOMAIN","Medium","High consonant ratio (80%) suggests auto-generated domain"
"twitchtracker.com","twitchtracker.com","WEBSITE","EX I WW I PMAX I SCALING I FEED ONLY I OVER-INDEX + INDEX + NEAR-INDEX","20369175508","PERFORMANCE_MAX",148,0,0.0000,0.00,0,0.00,0,0,0,0.00,0.0000,"PMAX_BAD_DOMAIN","Medium","High consonant ratio (77%) suggests auto-generated domain"
"hollowknight.wiki","hollowknight.wiki","WEBSITE","EX I WW I PMAX I SCALING I FEED ONLY I PROSPECTING","21137012770","PERFORMANCE_MAX",147,0,0.0000,0.00,0,0.00,0,0,0,0.00,0.0000,"PMAX_BAD_DOMAIN","Medium","High consonant ratio (75%) suggests auto-generated domain"
"transfermarkt.at","transfermarkt.at","WEBSITE","EX I WW I PMAX I SCALING I FEED ONLY I PROSPECTING","21137012770","PERFORMANCE_MAX",143,0,0.0000,0.00,0,0.00,0,0,0,0.00,0.0000,"PMAX_BAD_DOMAIN","Medium","High consonant ratio (77%) suggests auto-generated domain"
"worldometers.info","worldometers.info","WEBSITE","EX I WW I PMAX I SCALING I FEED ONLY I PROSPECTING","21137012770","PERFORMANCE_MAX",143,0,0.0000,0.00,0,0.00,0,0,0,0.00,0.0000,"PMAX_BAD_DOMAIN","Medium","Tier 2 high-risk TLD (.info) with suspicious domain name"
"transfermarkt.co.uk","transfermarkt.co.uk","WEBSITE","EX I WW I PMAX I SCALING I FEED ONLY I PROSPECTING","21137012770","PERFORMANCE_MAX",141,0,0.0000,0.00,0,0.00,0,0,0,0.00,0.0000,"PMAX_BAD_DOMAIN","Medium","High consonant ratio (77%) suggests auto-generated domain"
"russianmachineneverbreaks.com","russianmachineneverbreaks.com","WEBSITE","EX I WW I PMAX I SCALING I FEED ONLY I PROSPECTING","21137012770","PERFORMANCE_MAX",139,0,0.0000,0.00,0,0.00,0,0,0,0.00,0.0000,"PMAX_BAD_DOMAIN","Medium","Domain name appears auto-generated"
"sportsking.gr","sportsking.gr","WEBSITE","EX I WW I PMAX I SCALING I FEED ONLY I PROSPECTING","21137012770","PERFORMANCE_MAX",138,0,0.0000,0.00,0,0.00,0,0,0,0.00,0.0000,"PMAX_BAD_DOMAIN","Medium","High consonant ratio (80%) suggests auto-generated domain"
"xboxdynasty.de","xboxdynasty.de","WEBSITE","EX I WW I PMAX I SCALING I FEED ONLY I OVER-INDEX + INDEX + NEAR-INDEX","20369175508","PERFORMANCE_MAX",137,0,0.0000,0.00,0,0.00,0,0,0,0.00,0.0000,"PMAX_BAD_DOMAIN","Medium","High consonant ratio (82%) suggests auto-generated domain"
"mjsoffthehookdesigns.com","mjsoffthehookdesigns.com","WEBSITE","EX I WW I PMAX I SCALING I FEED ONLY I PROSPECTING","21137012770","PERFORMANCE_MAX",137,0,0.0000,0.00,0,0.00,0,0,0,0.00,0.0000,"PMAX_BAD_DOMAIN","Medium","Domain name appears auto-generated"
"lubimyczytac.pl","lubimyczytac.pl","WEBSITE","EX I WW I PMAX I SCALING I FEED ONLY I OVER-INDEX + INDEX + NEAR-INDEX","20369175508","PERFORMANCE_MAX",135,0,0.0000,0.00,0,0.00,0,0,0,0.00,0.0000,"PMAX_BAD_DOMAIN","Medium","High consonant ratio (75%) suggests auto-generated domain"
"djguide.nl","djguide.nl","WEBSITE","EX I WW I PMAX I SCALING I FEED ONLY I PROSPECTING","21137012770","PERFORMANCE_MAX",132,0,0.0000,0.00,0,0.00,0,0,0,0.00,0.0000,"PMAX_BAD_DOMAIN","Medium","Matches MFA pattern: ^(www\.)?[a-z]*guide[0-9]*\."
"nikkansports.com","nikkansports.com","WEBSITE","EX I WW I PMAX I SCALING I FEED ONLY I PROSPECTING","21137012770","PERFORMANCE_MAX",130,0,0.0000,0.00,0,0.00,0,0,0,0.00,0.0000,"PMAX_BAD_DOMAIN","Medium","High consonant ratio (75%) suggests auto-generated domain"
"wrestlinginc.com","wrestlinginc.com","WEBSITE","EX I WW I PMAX I SCALING I FEED ONLY I PROSPECTING","21137012770","PERFORMANCE_MAX",130,0,0.0000,0.00,0,0.00,0,0,0,0.00,0.0000,"PMAX_BAD_DOMAIN","Medium","High consonant ratio (75%) suggests auto-generated domain"
"portalspozywczy.pl","portalspozywczy.pl","WEBSITE","EX I WW I PMAX I SCALING I FEED ONLY I PROSPECTING","21137012770","PERFORMANCE_MAX",124,0,0.0000,0.00,0,0.00,0,0,0,0.00,0.0000,"PMAX_BAD_DOMAIN","Medium","High consonant ratio (80%) suggests auto-generated domain"
"itrwrestling.com","itrwrestling.com","WEBSITE","EX I WW I PMAX I SCALING I FEED ONLY I PROSPECTING","21137012770","PERFORMANCE_MAX",124,0,0.0000,0.00,0,0.00,0,0,0,0.00,0.0000,"PMAX_BAD_DOMAIN","Medium","High consonant ratio (75%) suggests auto-generated domain"
"fussballtransfers.com","fussballtransfers.com","WEBSITE","EX I WW I PMAX I SCALING I FEED ONLY I OVER-INDEX + INDEX + NEAR-INDEX","20369175508","PERFORMANCE_MAX",121,0,0.0000,0.00,0,0.00,0,0,0,0.00,0.0000,"PMAX_BAD_DOMAIN","Medium","High consonant ratio (76%) suggests auto-generated domain"
"bedroomproducersblog.com","bedroomproducersblog.com","WEBSITE","EX I WW I PMAX I SCALING I FEED ONLY I PROSPECTING","21137012770","PERFORMANCE_MAX",121,0,0.0000,0.00,0,0.00,0,0,0,0.00,0.0000,"PMAX_BAD_DOMAIN","Medium","Domain name appears auto-generated"
"heightcomparison.com","heightcomparison.com","WEBSITE","EX I WW I PMAX I SCALING I FEED ONLY I PROSPECTING","21137012770","PERFORMANCE_MAX",118,0,0.0000,0.00,0,0.00,0,0,0,0.00,0.0000,"PMAX_BAD_DOMAIN","Medium","Matches MFA pattern: ^(www\.)?[a-z]+comparisons?\."
"kinoafisha.info","kinoafisha.info","WEBSITE","EX I WW I PMAX I SCALING I FEED ONLY I PROSPECTING","21137012770","PERFORMANCE_MAX",115,0,0.0000,0.00,0,0.00,0,0,0,0.00,0.0000,"PMAX_BAD_DOMAIN","Medium","Tier 2 high-risk TLD (.info) with suspicious domain name"
"oxfordlearnersdictionaries.com","oxfordlearnersdictionaries.com","WEBSITE","EX I WW I PMAX I SCALING I FEED ONLY I PROSPECTING","21137012770","PERFORMANCE_MAX",114,0,0.0000,0.00,0,0.00,0,0,0,0.00,0.0000,"PMAX_BAD_DOMAIN","Medium","Domain name appears auto-generated"
"patchcrazy.co.uk","patchcrazy.co.uk","WEBSITE","EX I WW I PMAX I SCALING I FEED ONLY I PROSPECTING","21137012770","PERFORMANCE_MAX",114,0,0.0000,0.00,0,0.00,0,0,0,0.00,0.0000,"PMAX_BAD_DOMAIN","Medium","High consonant ratio (80%) suggests auto-generated domain"
"militarywatchmagazine.com","militarywatchmagazine.com","WEBSITE","EX I WW I PMAX I SCALING I FEED ONLY I PROSPECTING","21137012770","PERFORMANCE_MAX",108,0,0.0000,0.00,0,0.00,0,0,0,0.00,0.0000,"PMAX_BAD_DOMAIN","Medium","Domain name appears auto-generated"
"open.online","open.online","WEBSITE","EX I WW I PMAX I SCALING I FEED ONLY I PROSPECTING","21137012770","PERFORMANCE_MAX",107,0,0.0000,0.00,0,0.00,0,0,0,0.00,0.0000,"PMAX_BAD_DOMAIN","Medium","Tier 2 high-risk TLD (.online) with suspicious domain name"
"indianhealthyrecipes.com","indianhealthyrecipes.com","WEBSITE","EX I WW I PMAX I SCALING I FEED ONLY I PROSPECTING","21137012770","PERFORMANCE_MAX",106,0,0.0000,0.00,0,0.00,0,0,0,0.00,0.0000,"PMAX_BAD_DOMAIN","Medium","Domain name appears auto-generated"
"transfermarkt.pe","transfermarkt.pe","WEBSITE","EX I WW I PMAX I SCALING I FEED ONLY I OVER-INDEX + INDEX + NEAR-INDEX","20369175508","PERFORMANCE_MAX",101,0,0.0000,0.00,0,0.00,0,0,0,0.00,0.0000,"PMAX_BAD_DOMAIN","Medium","High consonant ratio (77%) suggests auto-generated domain"
"josephwriteranderson.com","josephwriteranderson.com","WEBSITE","EX I WW I PMAX I SCALING I FEED ONLY I PROSPECTING","21137012770","PERFORMANCE_MAX",101,0,0.0000,0.00,0,0.00,0,0,0,0.00,0.0000,"PMAX_BAD_DOMAIN","Medium","Domain name appears auto-generated"
"lightningmaps.org","lightningmaps.org","WEBSITE","EX I WW I PMAX I SCALING I FEED ONLY I OVER-INDEX + INDEX + NEAR-INDEX","20369175508","PERFORMANCE_MAX",100,0,0.0000,0.00,0,0.00,0,0,0,0.00,0.0000,"PMAX_BAD_DOMAIN","Medium","High consonant ratio (77%) suggests auto-generated domain"
"wrestlingweb.cz","wrestlingweb.cz","WEBSITE","EX I WW I PMAX I SCALING I FEED ONLY I PROSPECTING","21137012770","PERFORMANCE_MAX",98,0,0.0000,0.00,0,0.00,0,0,0,0.00,0.0000,"PMAX_BAD_DOMAIN","Medium","High consonant ratio (75%) suggests auto-generated domain"
"transfermarkt.co","transfermarkt.co","WEBSITE","EX I WW I PMAX I SCALING I FEED ONLY I PROSPECTING","21137012770","PERFORMANCE_MAX",97,0,0.0000,0.00,0,0.00,0,0,0,0.00,0.0000,"PMAX_BAD_DOMAIN","Medium","High consonant ratio (77%) suggests auto-generated domain"
"bunnymuffins.lol","bunnymuffins.lol","WEBSITE","EX I WW I PMAX I SCALING I FEED ONLY I PROSPECTING","21137012770","PERFORMANCE_MAX",97,0,0.0000,0.00,0,0.00,0,0,0,0.00,0.0000,"PMAX_BAD_DOMAIN","Medium","High consonant ratio (75%) suggests auto-generated domain"
"tastesbetterfromscratch.com","tastesbetterfromscratch.com","WEBSITE","EX I WW I PMAX I SCALING I FEED ONLY I PROSPECTING","21137012770","PERFORMANCE_MAX",95,0,0.0000,0.00,0,0.00,0,0,0,0.00,0.0000,"PMAX_BAD_DOMAIN","Medium","Domain name appears auto-generated"
"pcguide.com","pcguide.com","WEBSITE","EX I WW I PMAX I SCALING I FEED ONLY I PROSPECTING","21137012770","PERFORMANCE_MAX",95,0,0.0000,0.00,0,0.00,0,0,0,0.00,0.0000,"PMAX_BAD_DOMAIN","Medium","Matches MFA pattern: ^(www\.)?[a-z]*guide[0-9]*\."
"flightrising.com","flightrising.com","WEBSITE","EX I WW I PMAX I SCALING I FEED ONLY I PROSPECTING","21137012770","PERFORMANCE_MAX",94,0,0.0000,0.00,0,0.00,0,0,0,0.00,0.0000,"PMAX_BAD_DOMAIN","Medium","High consonant ratio (75%) suggests auto-generated domain"
"transfermarkt.at","transfermarkt.at","WEBSITE","EX I WW I PMAX I SCALING I FEED ONLY I OVER-INDEX + INDEX + NEAR-INDEX","20369175508","PERFORMANCE_MAX",92,0,0.0000,0.00,0,0.00,0,0,0,0.00,0.0000,"PMAX_BAD_DOMAIN","Medium","High consonant ratio (77%) suggests auto-generated domain"
"maprunner.info","maprunner.info","WEBSITE","EX I WW I PMAX I SCALING I FEED ONLY I PROSPECTING","21137012770","PERFORMANCE_MAX",92,0,0.0000,0.00,0,0.00,0,0,0,0.00,0.0000,"PMAX_BAD_DOMAIN","Medium","Tier 2 high-risk TLD (.info) with suspicious domain name"
"elchapuzasinformatico.com","elchapuzasinformatico.com","WEBSITE","EX I WW I PMAX I SCALING I FEED ONLY I PROSPECTING","21137012770","PERFORMANCE_MAX",91,0,0.0000,0.00,0,0.00,0,0,0,0.00,0.0000,"PMAX_BAD_DOMAIN","Medium","Domain name appears auto-generated"
"tomsguide.com","tomsguide.com","WEBSITE","EX I WW I PMAX I SCALING I FEED ONLY I PROSPECTING","21137012770","PERFORMANCE_MAX",89,0,0.0000,0.00,0,0.00,0,0,0,0.00,0.0000,"PMAX_BAD_DOMAIN","Medium","Matches MFA pattern: ^(www\.)?[a-z]*guide[0-9]*\."
"lcpdfr.com","lcpdfr.com","WEBSITE","EX I WW I PMAX I SCALING I FEED ONLY I PROSPECTING","21137012770","PERFORMANCE_MAX",88,0,0.0000,0.00,0,0.00,0,0,0,0.00,0.0000,"PMAX_BAD_DOMAIN","Medium","Domain name appears auto-generated"
"pokemon-zone.com","pokemon-zone.com","WEBSITE","EX I WW I PMAX I SCALING I FEED ONLY I PROSPECTING","21137012770","PERFORMANCE_MAX",86,0,0.0000,0.00,0,0.00,0,0,0,0.00,0.0000,"PMAX_BAD_DOMAIN","Medium","Matches parked domain pattern: ^(www\.)?[a-z]+-(hub|zone|world|center|solutions|platform|network)\.(com|net|org|xyz|top|info)$"
"steamhistory.net","steamhistory.net","WEBSITE","EX I WW I PMAX I SCALING I FEED ONLY I PROSPECTING","21137012770","PERFORMANCE_MAX",86,0,0.0000,0.00,0,0.00,0,0,0,0.00,0.0000,"PMAX_BAD_DOMAIN","Medium","Matches MFA pattern: ^(www\.)?[a-z]*(article|content|story)s?[0-9]*\."
"1001hry.cz","1001hry.cz","WEBSITE","EX I WW I PMAX I SCALING I FEED ONLY I PROSPECTING","21137012770","PERFORMANCE_MAX",84,0,0.0000,0.00,0,0.00,0,0,0,0.00,0.0000,"PMAX_BAD_DOMAIN","Medium","Matches parked domain pattern: ^(www\.)?\d{3,}[a-z]{1,3}\."
"procyclingstats.com","procyclingstats.com","WEBSITE","EX I WW I PMAX I SCALING I FEED ONLY I OVER-INDEX + INDEX + NEAR-INDEX","20369175508","PERFORMANCE_MAX",83,0,0.0000,0.00,0,0.00,0,0,0,0.00,0.0000,"PMAX_BAD_DOMAIN","Medium","High consonant ratio (80%) suggests auto-generated domain"
"checkfresh.com","checkfresh.com","WEBSITE","EX I WW I PMAX I SCALING I FEED ONLY I PROSPECTING","21137012770","PERFORMANCE_MAX",80,0,0.0000,0.00,0,0.00,0,0,0,0.00,0.0000,"PMAX_BAD_DOMAIN","Medium","High consonant ratio (80%) suggests auto-generated domain"
"sportnewsky.com","sportnewsky.com","WEBSITE","EX I WW I PMAX I SCALING I FEED ONLY I PROSPECTING","21137012770","PERFORMANCE_MAX",78,0,0.0000,0.00,0,0.00,0,0,0,0.00,0.0000,"PMAX_BAD_DOMAIN","Medium","High consonant ratio (82%) suggests auto-generated domain"
"xn--solitr-fua.de","xn--solitr-fua.de","WEBSITE","EX I WW I PMAX I SCALING I FEED ONLY I PROSPECTING","21137012770","PERFORMANCE_MAX",76,0,0.0000,0.00,0,0.00,0,0,0,0.00,0.0000,"PMAX_BAD_DOMAIN","Medium","Punycode/IDN domain — likely irrelevant"
"schmidtisblog.de","schmidtisblog.de","WEBSITE","EX I WW I PMAX I SCALING I FEED ONLY I OVER-INDEX + INDEX + NEAR-INDEX","20369175508","PERFORMANCE_MAX",75,0,0.0000,0.00,0,0.00,0,0,0,0.00,0.0000,"PMAX_BAD_DOMAIN","Medium","High consonant ratio (77%) suggests auto-generated domain"
"strengthlevel.de","strengthlevel.de","WEBSITE","EX I WW I PMAX I SCALING I FEED ONLY I PROSPECTING","21137012770","PERFORMANCE_MAX",75,0,0.0000,0.00,0,0.00,0,0,0,0.00,0.0000,"PMAX_BAD_DOMAIN","Medium","High consonant ratio (77%) suggests auto-generated domain"
"treefy.online","treefy.online","WEBSITE","EX I WW I PMAX I SCALING I FEED ONLY I PROSPECTING","21137012770","PERFORMANCE_MAX",75,0,0.0000,0.00,0,0.00,0,0,0,0.00,0.0000,"PMAX_BAD_DOMAIN","Medium","Tier 2 high-risk TLD (.online) with suspicious domain name"
"thesportster.com","thesportster.com","WEBSITE","EX I WW I PMAX I SCALING I FEED ONLY I PROSPECTING","21137012770","PERFORMANCE_MAX",75,0,0.0000,0.00,0,0.00,0,0,0,0.00,0.0000,"PMAX_BAD_DOMAIN","Medium","High consonant ratio (75%) suggests auto-generated domain"
"sportsking.gr","sportsking.gr","WEBSITE","EX I WW I PMAX I SCALING I FEED ONLY I OVER-INDEX + INDEX + NEAR-INDEX","20369175508","PERFORMANCE_MAX",74,0,0.0000,0.00,0,0.00,0,0,0,0.00,0.0000,"PMAX_BAD_DOMAIN","Medium","High consonant ratio (80%) suggests auto-generated domain"
"tarnkappe.info","tarnkappe.info","WEBSITE","EX I WW I PMAX I SCALING I FEED ONLY I PROSPECTING","21137012770","PERFORMANCE_MAX",74,0,0.0000,0.00,0,0.00,0,0,0,0.00,0.0000,"PMAX_BAD_DOMAIN","Medium","Tier 2 high-risk TLD (.info) with suspicious domain name"
"stocktwits.com","stocktwits.com","WEBSITE","EX I WW I PMAX I SCALING I FEED ONLY I PROSPECTING","21137012770","PERFORMANCE_MAX",70,0,0.0000,0.00,0,0.00,0,0,0,0.00,0.0000,"PMAX_BAD_DOMAIN","Medium","High consonant ratio (80%) suggests auto-generated domain"
"startmycar.com","startmycar.com","WEBSITE","EX I WW I PMAX I SCALING I FEED ONLY I PROSPECTING","21137012770","PERFORMANCE_MAX",70,0,0.0000,0.00,0,0.00,0,0,0,0.00,0.0000,"PMAX_BAD_DOMAIN","Medium","High consonant ratio (80%) suggests auto-generated domain"
"mazda-forum.info","mazda-forum.info","WEBSITE","EX I WW I PMAX I SCALING I FEED ONLY I PROSPECTING","21137012770","PERFORMANCE_MAX",69,0,0.0000,0.00,0,0.00,0,0,0,0.00,0.0000,"PMAX_BAD_DOMAIN","Medium","Tier 2 high-risk TLD (.info) with suspicious domain name"
"neal.fun","neal.fun","WEBSITE","EX I WW I PMAX I SCALING I FEED ONLY I PROSPECTING","21137012770","PERFORMANCE_MAX",68,0,0.0000,0.00,0,0.00,0,0,0,0.00,0.0000,"PMAX_BAD_DOMAIN","Medium","Tier 2 high-risk TLD (.fun) with suspicious domain name"
"interestingengineering.com","interestingengineering.com","WEBSITE","EX I WW I PMAX I SCALING I FEED ONLY I PROSPECTING","21137012770","PERFORMANCE_MAX",68,0,0.0000,0.00,0,0.00,0,0,0,0.00,0.0000,"PMAX_BAD_DOMAIN","Medium","Domain name appears auto-generated"
"diffordsguide.com","diffordsguide.com","WEBSITE","EX I WW I PMAX I SCALING I FEED ONLY I PROSPECTING","21137012770","PERFORMANCE_MAX",67,0,0.0000,0.00,0,0.00,0,0,0,0.00,0.0000,"PMAX_BAD_DOMAIN","Medium","Matches MFA pattern: ^(www\.)?[a-z]*guide[0-9]*\."
"adoptmetradingvalues.com","adoptmetradingvalues.com","WEBSITE","EX I WW I PMAX I SCALING I FEED ONLY I PROSPECTING","21137012770","PERFORMANCE_MAX",67,0,0.0000,0.00,0,0.00,0,0,0,0.00,0.0000,"PMAX_BAD_DOMAIN","Medium","Domain name appears auto-generated"
"jaysbrickblog.com","jaysbrickblog.com","WEBSITE","EX I WW I PMAX I SCALING I FEED ONLY I PROSPECTING","21137012770","PERFORMANCE_MAX",65,0,0.0000,0.00,0,0.00,0,0,0,0.00,0.0000,"PMAX_BAD_DOMAIN","Medium","High consonant ratio (77%) suggests auto-generated domain"
"itdoesnttastelikechicken.com","itdoesnttastelikechicken.com","WEBSITE","EX I WW I PMAX I SCALING I FEED ONLY I PROSPECTING","21137012770","PERFORMANCE_MAX",64,0,0.0000,0.00,0,0.00,0,0,0,0.00,0.0000,"PMAX_BAD_DOMAIN","Medium","Domain name appears auto-generated"
"tikmate.cc","tikmate.cc","WEBSITE","EX I WW I PMAX I SCALING I FEED ONLY I PROSPECTING","21137012770","PERFORMANCE_MAX",64,0,0.0000,0.00,0,0.00,0,0,0,0.00,0.0000,"PMAX_BAD_DOMAIN","Medium","Tier 2 high-risk TLD (.cc) with suspicious domain name"
"truckersmp.com","truckersmp.com","WEBSITE","EX I WW I PMAX I SCALING I FEED ONLY I PROSPECTING","21137012770","PERFORMANCE_MAX",64,0,0.0000,0.00,0,0.00,0,0,0,0.00,0.0000,"PMAX_BAD_DOMAIN","Medium","High consonant ratio (80%) suggests auto-generated domain"
"itrwrestling.com","itrwrestling.com","WEBSITE","EX I WW I PMAX I SCALING I FEED ONLY I OVER-INDEX + INDEX + NEAR-INDEX","20369175508","PERFORMANCE_MAX",63,0,0.0000,0.00,0,0.00,0,0,0,0.00,0.0000,"PMAX_BAD_DOMAIN","Medium","High consonant ratio (75%) suggests auto-generated domain"
"flightrising.com","flightrising.com","WEBSITE","EX I WW I PMAX I SCALING I FEED ONLY I OVER-INDEX + INDEX + NEAR-INDEX","20369175508","PERFORMANCE_MAX",62,0,0.0000,0.00,0,0.00,0,0,0,0.00,0.0000,"PMAX_BAD_DOMAIN","Medium","High consonant ratio (75%) suggests auto-generated domain"
"myfitnesspal.com","myfitnesspal.com","WEBSITE","EX I WW I PMAX I SCALING I FEED ONLY I OVER-INDEX + INDEX + NEAR-INDEX","20369175508","PERFORMANCE_MAX",62,0,0.0000,0.00,0,0.00,0,0,0,0.00,0.0000,"PMAX_BAD_DOMAIN","Medium","High consonant ratio (75%) suggests auto-generated domain"
"duskblossoms.com","duskblossoms.com","WEBSITE","EX I WW I PMAX I SCALING I FEED ONLY I OVER-INDEX + INDEX + NEAR-INDEX","20369175508","PERFORMANCE_MAX",62,0,0.0000,0.00,0,0.00,0,0,0,0.00,0.0000,"PMAX_BAD_DOMAIN","Medium","High consonant ratio (75%) suggests auto-generated domain"
"auto-motor-und-sport.de","auto-motor-und-sport.de","WEBSITE","EX I WW I PMAX I SCALING I FEED ONLY I PROSPECTING","21137012770","PERFORMANCE_MAX",62,0,0.0000,0.00,0,0.00,0,0,0,0.00,0.0000,"PMAX_BAD_DOMAIN","Medium","Matches MFA pattern: ^(www\.)?[a-z]+-[a-z]+-[a-z]+-[a-z]+\."
"transfermarkt.pe","transfermarkt.pe","WEBSITE","EX I WW I PMAX I SCALING I FEED ONLY I PROSPECTING","21137012770","PERFORMANCE_MAX",62,0,0.0000,0.00,0,0.00,0,0,0,0.00,0.0000,"PMAX_BAD_DOMAIN","Medium","High consonant ratio (77%) suggests auto-generated domain"
"raenonx.cc","raenonx.cc","WEBSITE","EX I WW I PMAX I SCALING I FEED ONLY I PROSPECTING","21137012770","PERFORMANCE_MAX",62,0,0.0000,0.00,0,0.00,0,0,0,0.00,0.0000,"PMAX_BAD_DOMAIN","Medium","Tier 2 high-risk TLD (.cc) with suspicious domain name"
"getemoji.com","getemoji.com","WEBSITE","EX I WW I PMAX I SCALING I FEED ONLY I OVER-INDEX + INDEX + NEAR-INDEX","20369175508","PERFORMANCE_MAX",61,0,0.0000,0.00,0,0.00,0,0,0,0.00,0.0000,"PMAX_BAD_DOMAIN","Medium","Matches parked domain pattern: ^(www\.)?get[a-z0-9-]+\.(com|net|org)$"
"skyscanner.de","skyscanner.de","WEBSITE","EX I WW I PMAX I SCALING I FEED ONLY I PROSPECTING","21137012770","PERFORMANCE_MAX",61,0,0.0000,0.00,0,0.00,0,0,0,0.00,0.0000,"PMAX_BAD_DOMAIN","Medium","High consonant ratio (80%) suggests auto-generated domain"
"filterblade.xyz","filterblade.xyz","WEBSITE","EX I WW I PMAX I SCALING I FEED ONLY I PROSPECTING","21137012770","PERFORMANCE_MAX",61,0,0.0000,0.00,0,0.00,0,0,0,0.00,0.0000,"PMAX_BAD_DOMAIN","Medium","Tier 2 high-risk TLD (.xyz) with suspicious domain name"
"jeuxonline.info","jeuxonline.info","WEBSITE","EX I WW I PMAX I SCALING I FEED ONLY I PROSPECTING","21137012770","PERFORMANCE_MAX",61,0,0.0000,0.00,0,0.00,0,0,0,0.00,0.0000,"PMAX_BAD_DOMAIN","Medium","Tier 2 high-risk TLD (.info) with suspicious domain name"
"dreamlightvalleywiki.com","dreamlightvalleywiki.com","WEBSITE","EX I WW I PMAX I SCALING I FEED ONLY I PROSPECTING","21137012770","PERFORMANCE_MAX",60,0,0.0000,0.00,0,0.00,0,0,0,0.00,0.0000,"PMAX_BAD_DOMAIN","Medium","Domain name appears auto-generated"
"elperiodicoextremadura.com","elperiodicoextremadura.com","WEBSITE","EX I WW I PMAX I SCALING I FEED ONLY I PROSPECTING","21137012770","PERFORMANCE_MAX",60,0,0.0000,0.00,0,0.00,0,0,0,0.00,0.0000,"PMAX_BAD_DOMAIN","Medium","Domain name appears auto-generated"
"112vdg.nl","112vdg.nl","WEBSITE","EX I WW I PMAX I SCALING I FEED ONLY I OVER-INDEX + INDEX + NEAR-INDEX","20369175508","PERFORMANCE_MAX",59,0,0.0000,0.00,0,0.00,0,0,0,0.00,0.0000,"PMAX_BAD_DOMAIN","Medium","Matches parked domain pattern: ^(www\.)?\d{3,}[a-z]{1,3}\."
"jastrzabpost.pl","jastrzabpost.pl","WEBSITE","EX I WW I PMAX I SCALING I FEED ONLY I PROSPECTING","21137012770","PERFORMANCE_MAX",58,0,0.0000,0.00,0,0.00,0,0,0,0.00,0.0000,"PMAX_BAD_DOMAIN","Medium","High consonant ratio (75%) suggests auto-generated domain"
"worldpopulationreview.com","worldpopulationreview.com","WEBSITE","EX I WW I PMAX I SCALING I FEED ONLY I PROSPECTING","21137012770","PERFORMANCE_MAX",57,0,0.0000,0.00,0,0.00,0,0,0,0.00,0.0000,"PMAX_BAD_DOMAIN","Medium","Domain name appears auto-generated"
"cpubenchmark.net","cpubenchmark.net","WEBSITE","EX I WW I PMAX I SCALING I FEED ONLY I PROSPECTING","21137012770","PERFORMANCE_MAX",57,0,0.0000,0.00,0,0.00,0,0,0,0.00,0.0000,"PMAX_BAD_DOMAIN","Medium","High consonant ratio (75%) suggests auto-generated domain"
"mtgsingles.co.nz","mtgsingles.co.nz","WEBSITE","EX I WW I PMAX I SCALING I FEED ONLY I PROSPECTING","21137012770","PERFORMANCE_MAX",57,0,0.0000,0.00,0,0.00,0,0,0,0.00,0.0000,"PMAX_BAD_DOMAIN","Medium","High consonant ratio (80%) suggests auto-generated domain"
"oeffentlicher-dienst.info","oeffentlicher-dienst.info","WEBSITE","EX I WW I PMAX I SCALING I FEED ONLY I OVER-INDEX + INDEX + NEAR-INDEX","20369175508","PERFORMANCE_MAX",56,0,0.0000,0.00,0,0.00,0,0,0,0.00,0.0000,"PMAX_BAD_DOMAIN","Medium","Tier 2 high-risk TLD (.info) with suspicious domain name"
"mittelalterkalender.info","mittelalterkalender.info","WEBSITE","EX I WW I PMAX I SCALING I FEED ONLY I PROSPECTING","21137012770","PERFORMANCE_MAX",56,0,0.0000,0.00,0,0.00,0,0,0,0.00,0.0000,"PMAX_BAD_DOMAIN","Medium","Tier 2 high-risk TLD (.info) with suspicious domain name"
"worldanimalfoundation.org","worldanimalfoundation.org","WEBSITE","EX I WW I PMAX I SCALING I FEED ONLY I PROSPECTING","21137012770","PERFORMANCE_MAX",56,0,0.0000,0.00,0,0.00,0,0,0,0.00,0.0000,"PMAX_BAD_DOMAIN","Medium","Domain name appears auto-generated"
"schnellesmittagessen.com","schnellesmittagessen.com","WEBSITE","EX I WW I PMAX I SCALING I FEED ONLY I PROSPECTING","21137012770","PERFORMANCE_MAX",55,0,0.0000,0.00,0,0.00,0,0,0,0.00,0.0000,"PMAX_BAD_DOMAIN","Medium","Domain name appears auto-generated"
"tvguide.co.uk","tvguide.co.uk","WEBSITE","EX I WW I PMAX I SCALING I FEED ONLY I PROSPECTING","21137012770","PERFORMANCE_MAX",55,0,0.0000,0.00,0,0.00,0,0,0,0.00,0.0000,"PMAX_BAD_DOMAIN","Medium","Matches MFA pattern: ^(www\.)?[a-z]*guide[0-9]*\."
"tastesbetterfromscratch.com","tastesbetterfromscratch.com","WEBSITE","EX I WW I PMAX I SCALING I FEED ONLY I OVER-INDEX + INDEX + NEAR-INDEX","20369175508","PERFORMANCE_MAX",54,0,0.0000,0.00,0,0.00,0,0,0,0.00,0.0000,"PMAX_BAD_DOMAIN","Medium","Domain name appears auto-generated"
"gettocaboca.com","gettocaboca.com","WEBSITE","EX I WW I PMAX I SCALING I FEED ONLY I PROSPECTING","21137012770","PERFORMANCE_MAX",54,0,0.0000,0.00,0,0.00,0,0,0,0.00,0.0000,"PMAX_BAD_DOMAIN","Medium","Matches parked domain pattern: ^(www\.)?get[a-z0-9-]+\.(com|net|org)$"
"mytischtennis.de","mytischtennis.de","WEBSITE","EX I WW I PMAX I SCALING I FEED ONLY I PROSPECTING","21137012770","PERFORMANCE_MAX",54,0,0.0000,0.00,0,0.00,0,0,0,0.00,0.0000,"PMAX_BAD_DOMAIN","Medium","High consonant ratio (77%) suggests auto-generated domain"
"matchlyric.com","matchlyric.com","WEBSITE","EX I WW I PMAX I SCALING I FEED ONLY I PROSPECTING","21137012770","PERFORMANCE_MAX",53,0,0.0000,0.00,0,0.00,0,0,0,0.00,0.0000,"PMAX_BAD_DOMAIN","Medium","High consonant ratio (80%) suggests auto-generated domain"
"skyscanner.it","skyscanner.it","WEBSITE","EX I WW I PMAX I SCALING I FEED ONLY I PROSPECTING","21137012770","PERFORMANCE_MAX",53,0,0.0000,0.00,0,0.00,0,0,0,0.00,0.0000,"PMAX_BAD_DOMAIN","Medium","High consonant ratio (80%) suggests auto-generated domain"
"kinoafisha.info","kinoafisha.info","WEBSITE","EX I WW I PMAX I SCALING I FEED ONLY I OVER-INDEX + INDEX + NEAR-INDEX","20369175508","PERFORMANCE_MAX",52,0,0.0000,0.00,0,0.00,0,0,0,0.00,0.0000,"PMAX_BAD_DOMAIN","Medium","Tier 2 high-risk TLD (.info) with suspicious domain name"
"beatsperminuteonline.com","beatsperminuteonline.com","WEBSITE","EX I WW I PMAX I SCALING I FEED ONLY I PROSPECTING","21137012770","PERFORMANCE_MAX",52,0,0.0000,0.00,0,0.00,0,0,0,0.00,0.0000,"PMAX_BAD_DOMAIN","Medium","Domain name appears auto-generated"
"5ingredients15minutes.com","5ingredients15minutes.com","WEBSITE","EX I WW I PMAX I SCALING I FEED ONLY I PROSPECTING","21137012770","PERFORMANCE_MAX",52,0,0.0000,0.00,0,0.00,0,0,0,0.00,0.0000,"PMAX_BAD_DOMAIN","Medium","Domain name appears auto-generated"
"defence-line.info","defence-line.info","WEBSITE","EX I WW I PMAX I SCALING I FEED ONLY I OVER-INDEX + INDEX + NEAR-INDEX","20369175508","PERFORMANCE_MAX",51,0,0.0000,0.00,0,0.00,0,0,0,0.00,0.0000,"PMAX_BAD_DOMAIN","Medium","Tier 2 high-risk TLD (.info) with suspicious domain name"
"lcpdfr.com","lcpdfr.com","WEBSITE","EX I WW I PMAX I SCALING I FEED ONLY I OVER-INDEX + INDEX + NEAR-INDEX","20369175508","PERFORMANCE_MAX",51,0,0.0000,0.00,0,0.00,0,0,0,0.00,0.0000,"PMAX_BAD_DOMAIN","Medium","Domain name appears auto-generated"
"howstuffworks.com","howstuffworks.com","WEBSITE","EX I WW I PMAX I SCALING I FEED ONLY I PROSPECTING","21137012770","PERFORMANCE_MAX",51,0,0.0000,0.00,0,0.00,0,0,0,0.00,0.0000,"PMAX_BAD_DOMAIN","Medium","High consonant ratio (77%) suggests auto-generated domain"
"physicsandmathstutor.com","physicsandmathstutor.com","WEBSITE","EX I WW I PMAX I SCALING I FEED ONLY I PROSPECTING","21137012770","PERFORMANCE_MAX",51,0,0.0000,0.00,0,0.00,0,0,0,0.00,0.0000,"PMAX_BAD_DOMAIN","Medium","Domain name appears auto-generated"
"blaulichtmyk.de","blaulichtmyk.de","WEBSITE","EX I WW I PMAX I SCALING I FEED ONLY I OVER-INDEX + INDEX + NEAR-INDEX","20369175508","PERFORMANCE_MAX",50,0,0.0000,0.00,0,0.00,0,0,0,0.00,0.0000,"PMAX_BAD_DOMAIN","Medium","High consonant ratio (75%) suggests auto-generated domain"
"mywanderlust.pl","mywanderlust.pl","WEBSITE","EX I WW I PMAX I SCALING I FEED ONLY I PROSPECTING","21137012770","PERFORMANCE_MAX",50,0,0.0000,0.00,0,0.00,0,0,0,0.00,0.0000,"PMAX_BAD_DOMAIN","Medium","High consonant ratio (75%) suggests auto-generated domain"
"mhwcode.space","mhwcode.space","WEBSITE","EX I WW I PMAX I SCALING I FEED ONLY I PROSPECTING","21137012770","PERFORMANCE_MAX",50,0,0.0000,0.00,0,0.00,0,0,0,0.00,0.0000,"PMAX_BAD_DOMAIN","Medium","Tier 2 high-risk TLD (.space) with suspicious domain name"
"sallysbakingaddiction.com","sallysbakingaddiction.com","WEBSITE","EX I WW I PMAX I SCALING I FEED ONLY I OVER-INDEX + INDEX + NEAR-INDEX","20369175508","PERFORMANCE_MAX",49,0,0.0000,0.00,0,0.00,0,0,0,0.00,0.0000,"PMAX_BAD_DOMAIN","Medium","Domain name appears auto-generated"
"holychords.pro","holychords.pro","WEBSITE","EX I WW I PMAX I SCALING I FEED ONLY I PROSPECTING","21137012770","PERFORMANCE_MAX",49,0,0.0000,0.00,0,0.00,0,0,0,0.00,0.0000,"PMAX_BAD_DOMAIN","Medium","High consonant ratio (80%) suggests auto-generated domain"
"skyscrapercity.com","skyscrapercity.com","WEBSITE","EX I WW I PMAX I SCALING I FEED ONLY I PROSPECTING","21137012770","PERFORMANCE_MAX",49,0,0.0000,0.00,0,0.00,0,0,0,0.00,0.0000,"PMAX_BAD_DOMAIN","Medium","High consonant ratio (79%) suggests auto-generated domain"
"oxfordlearnersdictionaries.com","oxfordlearnersdictionaries.com","WEBSITE","EX I WW I PMAX I SCALING I FEED ONLY I OVER-INDEX + INDEX + NEAR-INDEX","20369175508","PERFORMANCE_MAX",48,0,0.0000,0.00,0,0.00,0,0,0,0.00,0.0000,"PMAX_BAD_DOMAIN","Medium","Domain name appears auto-generated"
"easyguide.de","easyguide.de","WEBSITE","EX I WW I PMAX I SCALING I FEED ONLY I PROSPECTING","21137012770","PERFORMANCE_MAX",48,0,0.0000,0.00,0,0.00,0,0,0,0.00,0.0000,"PMAX_BAD_DOMAIN","Medium","Matches MFA pattern: ^(www\.)?[a-z]*guide[0-9]*\."
"hungryhappens.net","hungryhappens.net","WEBSITE","EX I WW I PMAX I SCALING I FEED ONLY I PROSPECTING","21137012770","PERFORMANCE_MAX",48,0,0.0000,0.00,0,0.00,0,0,0,0.00,0.0000,"PMAX_BAD_DOMAIN","Medium","High consonant ratio (77%) suggests auto-generated domain"
"walkmyworld.com","walkmyworld.com","WEBSITE","EX I WW I PMAX I SCALING I FEED ONLY I PROSPECTING","21137012770","PERFORMANCE_MAX",48,0,0.0000,0.00,0,0.00,0,0,0,0.00,0.0000,"PMAX_BAD_DOMAIN","Medium","High consonant ratio (82%) suggests auto-generated domain"
"pokemon-zone.com","pokemon-zone.com","WEBSITE","EX I WW I PMAX I SCALING I FEED ONLY I OVER-INDEX + INDEX + NEAR-INDEX","20369175508","PERFORMANCE_MAX",47,0,0.0000,0.00,0,0.00,0,0,0,0.00,0.0000,"PMAX_BAD_DOMAIN","Medium","Matches parked domain pattern: ^(www\.)?[a-z]+-(hub|zone|world|center|solutions|platform|network)\.(com|net|org|xyz|top|info)$"
"paldb.cc","paldb.cc","WEBSITE","EX I WW I PMAX I SCALING I FEED ONLY I OVER-INDEX + INDEX + NEAR-INDEX","20369175508","PERFORMANCE_MAX",47,0,0.0000,0.00,0,0.00,0,0,0,0.00,0.0000,"PMAX_BAD_DOMAIN","Medium","Tier 2 high-risk TLD (.cc) with suspicious domain name"
"fastvideosave.net","fastvideosave.net","WEBSITE","EX I WW I PMAX I SCALING I FEED ONLY I PROSPECTING","21137012770","PERFORMANCE_MAX",46,0,0.0000,0.00,0,0.00,0,0,0,0.00,0.0000,"PMAX_BAD_DOMAIN","Medium","Matches MFA pattern: ^(www\.)?[a-z]*(click|cash|money|fast)[a-z]*\.(com|net|xyz|top|info)$"
"tvp.info","tvp.info","WEBSITE","EX I WW I PMAX I SCALING I FEED ONLY I PROSPECTING","21137012770","PERFORMANCE_MAX",46,0,0.0000,0.00,0,0.00,0,0,0,0.00,0.0000,"PMAX_BAD_DOMAIN","Medium","Tier 2 high-risk TLD (.info) with suspicious domain name"
"lwowecki.info","lwowecki.info","WEBSITE","EX I WW I PMAX I SCALING I FEED ONLY I OVER-INDEX + INDEX + NEAR-INDEX","20369175508","PERFORMANCE_MAX",45,0,0.0000,0.00,0,0.00,0,0,0,0.00,0.0000,"PMAX_BAD_DOMAIN","Medium","Tier 2 high-risk TLD (.info) with suspicious domain name"
"questionablecontent.net","questionablecontent.net","WEBSITE","EX I WW I PMAX I SCALING I FEED ONLY I PROSPECTING","21137012770","PERFORMANCE_MAX",45,0,0.0000,0.00,0,0.00,0,0,0,0.00,0.0000,"PMAX_BAD_DOMAIN","Medium","Matches MFA pattern: ^(www\.)?[a-z]*(article|content|story)s?[0-9]*\."
"road.cc","road.cc","WEBSITE","EX I WW I PMAX I SCALING I FEED ONLY I PROSPECTING","21137012770","PERFORMANCE_MAX",45,0,0.0000,0.00,0,0.00,0,0,0,0.00,0.0000,"PMAX_BAD_DOMAIN","Medium","Tier 2 high-risk TLD (.cc) with suspicious domain name"
"duskblossoms.com","duskblossoms.com","WEBSITE","EX I WW I PMAX I SCALING I FEED ONLY I PROSPECTING","21137012770","PERFORMANCE_MAX",45,0,0.0000,0.00,0,0.00,0,0,0,0.00,0.0000,"PMAX_BAD_DOMAIN","Medium","High consonant ratio (75%) suggests auto-generated domain"
"resheba.top","resheba.top","WEBSITE","EX I WW I PMAX I SCALING I FEED ONLY I PROSPECTING","21137012770","PERFORMANCE_MAX",43,0,0.0000,0.00,0,0.00,0,0,0,0.00,0.0000,"PMAX_BAD_DOMAIN","Medium","Matches parked domain pattern: ^(www\.)?[a-z0-9-]+\.(click|download|bid|win|loan|top)$"
"simpleflying.com","simpleflying.com","WEBSITE","EX I WW I PMAX I SCALING I FEED ONLY I PROSPECTING","21137012770","PERFORMANCE_MAX",43,0,0.0000,0.00,0,0.00,0,0,0,0.00,0.0000,"PMAX_BAD_DOMAIN","Medium","High consonant ratio (75%) suggests auto-generated domain"
"truesteamachievements.com","truesteamachievements.com","WEBSITE","EX I WW I PMAX I SCALING I FEED ONLY I PROSPECTING","21137012770","PERFORMANCE_MAX",43,0,0.0000,0.00,0,0.00,0,0,0,0.00,0.0000,"PMAX_BAD_DOMAIN","Medium","Domain name appears auto-generated"
"systemrequirementslab.com","systemrequirementslab.com","WEBSITE","EX I WW I PMAX I SCALING I FEED ONLY I PROSPECTING","21137012770","PERFORMANCE_MAX",43,0,0.0000,0.00,0,0.00,0,0,0,0.00,0.0000,"PMAX_BAD_DOMAIN","Medium","Domain name appears auto-generated"
"vcrdb.net","vcrdb.net","WEBSITE","EX I WW I PMAX I SCALING I FEED ONLY I PROSPECTING","21137012770","PERFORMANCE_MAX",42,0,0.0000,0.00,0,0.00,0,0,0,0.00,0.0000,"PMAX_BAD_DOMAIN","Medium","Domain matches DGA entropy pattern"
"iq-test.cc","iq-test.cc","WEBSITE","EX I WW I PMAX I SCALING I FEED ONLY I PROSPECTING","21137012770","PERFORMANCE_MAX",42,0,0.0000,0.00,0,0.00,0,0,0,0.00,0.0000,"PMAX_BAD_DOMAIN","Medium","Tier 2 high-risk TLD (.cc) with suspicious domain name"
"sthelensstar.co.uk","sthelensstar.co.uk","WEBSITE","EX I WW I PMAX I SCALING I FEED ONLY I PROSPECTING","21137012770","PERFORMANCE_MAX",42,0,0.0000,0.00,0,0.00,0,0,0,0.00,0.0000,"PMAX_BAD_DOMAIN","Medium","High consonant ratio (75%) suggests auto-generated domain"
"genshin-center.com","genshin-center.com","WEBSITE","EX I WW I PMAX I SCALING I FEED ONLY I OVER-INDEX + INDEX + NEAR-INDEX","20369175508","PERFORMANCE_MAX",41,0,0.0000,0.00,0,0.00,0,0,0,0.00,0.0000,"PMAX_BAD_DOMAIN","Medium","Matches parked domain pattern: ^(www\.)?[a-z]+-(hub|zone|world|center|solutions|platform|network)\.(com|net|org|xyz|top|info)$"
"font.download","font.download","WEBSITE","EX I WW I PMAX I SCALING I FEED ONLY I PROSPECTING","21137012770","PERFORMANCE_MAX",41,0,0.0000,0.00,0,0.00,0,0,0,0.00,0.0000,"PMAX_BAD_DOMAIN","Medium","Matches parked domain pattern: ^(www\.)?[a-z0-9-]+\.(click|download|bid|win|loan|top)$"
"minecraftbestservers.com","minecraftbestservers.com","WEBSITE","EX I WW I PMAX I SCALING I FEED ONLY I PROSPECTING","21137012770","PERFORMANCE_MAX",41,0,0.0000,0.00,0,0.00,0,0,0,0.00,0.0000,"PMAX_BAD_DOMAIN","Medium","Domain name appears auto-generated"
"ripper.store","ripper.store","WEBSITE","EX I WW I PMAX I SCALING I FEED ONLY I PROSPECTING","21137012770","PERFORMANCE_MAX",41,0,0.0000,0.00,0,0.00,0,0,0,0.00,0.0000,"PMAX_BAD_DOMAIN","Medium","Tier 2 high-risk TLD (.store) with suspicious domain name"
"myradioonline.pl","myradioonline.pl","WEBSITE","EX I WW I PMAX I SCALING I FEED ONLY I PROSPECTING","21137012770","PERFORMANCE_MAX",41,0,0.0000,0.00,0,0.00,0,0,0,0.00,0.0000,"PMAX_BAD_DOMAIN","Medium","Matches parked domain pattern: ^(www\.)?my[a-z]+(online|free|pro)\."
"mymxb.com","mymxb.com","WEBSITE","EX I WW I PMAX I SCALING I FEED ONLY I PROSPECTING","21137012770","PERFORMANCE_MAX",40,0,0.0000,0.00,0,0.00,0,0,0,0.00,0.0000,"PMAX_BAD_DOMAIN","Medium","Domain matches DGA entropy pattern"
"hdtvpolska.com","hdtvpolska.com","WEBSITE","EX I WW I PMAX I SCALING I FEED ONLY I PROSPECTING","21137012770","PERFORMANCE_MAX",40,0,0.0000,0.00,0,0.00,0,0,0,0.00,0.0000,"PMAX_BAD_DOMAIN","Medium","High consonant ratio (80%) suggests auto-generated domain"
"pubgitems.info","pubgitems.info","WEBSITE","EX I WW I PMAX I SCALING I FEED ONLY I PROSPECTING","21137012770","PERFORMANCE_MAX",40,0,0.0000,0.00,0,0.00,0,0,0,0.00,0.0000,"PMAX_BAD_DOMAIN","Medium","Tier 2 high-risk TLD (.info) with suspicious domain name"
"lostplace.club","lostplace.club","WEBSITE","EX I WW I PMAX I SCALING I FEED ONLY I PROSPECTING","21137012770","PERFORMANCE_MAX",40,0,0.0000,0.00,0,0.00,0,0,0,0.00,0.0000,"PMAX_BAD_DOMAIN","Medium","Tier 2 high-risk TLD (.club) with suspicious domain name"
"egzaminzawodowy.info","egzaminzawodowy.info","WEBSITE","EX I WW I PMAX I SCALING I FEED ONLY I OVER-INDEX + INDEX + NEAR-INDEX","20369175508","PERFORMANCE_MAX",39,0,0.0000,0.00,0,0.00,0,0,0,0.00,0.0000,"PMAX_BAD_DOMAIN","Medium","Tier 2 high-risk TLD (.info) with suspicious domain name"
"simscommunity.info","simscommunity.info","WEBSITE","EX I WW I PMAX I SCALING I FEED ONLY I PROSPECTING","21137012770","PERFORMANCE_MAX",39,0,0.0000,0.00,0,0.00,0,0,0,0.00,0.0000,"PMAX_BAD_DOMAIN","Medium","Tier 2 high-risk TLD (.info) with suspicious domain name"
"viralsachxd.com","viralsachxd.com","WEBSITE","EX I WW I PMAX I SCALING I FEED ONLY I PROSPECTING","21137012770","PERFORMANCE_MAX",38,0,0.0000,0.00,0,0.00,0,0,0,0.00,0.0000,"PMAX_BAD_DOMAIN","Medium","Matches MFA pattern: ^(www\.)?viral[a-z]+\."
"lwowecki.info","lwowecki.info","WEBSITE","EX I WW I PMAX I SCALING I FEED ONLY I PROSPECTING","21137012770","PERFORMANCE_MAX",38,0,0.0000,0.00,0,0.00,0,0,0,0.00,0.0000,"PMAX_BAD_DOMAIN","Medium","Tier 2 high-risk TLD (.info) with suspicious domain name"
"percentagecalculator.net","percentagecalculator.net","WEBSITE","EX I WW I PMAX I SCALING I FEED ONLY I PROSPECTING","21137012770","PERFORMANCE_MAX",38,0,0.0000,0.00,0,0.00,0,0,0,0.00,0.0000,"PMAX_BAD_DOMAIN","Medium","Domain name appears auto-generated"
"entwicklungsstadt.de","entwicklungsstadt.de","WEBSITE","EX I WW I PMAX I SCALING I FEED ONLY I PROSPECTING","21137012770","PERFORMANCE_MAX",37,0,0.0000,0.00,0,0.00,0,0,0,0.00,0.0000,"PMAX_BAD_DOMAIN","Medium","High consonant ratio (76%) suggests auto-generated domain"
"elperiodicomediterraneo.com","elperiodicomediterraneo.com","WEBSITE","EX I WW I PMAX I SCALING I FEED ONLY I PROSPECTING","21137012770","PERFORMANCE_MAX",37,0,0.0000,0.00,0,0.00,0,0,0,0.00,0.0000,"PMAX_BAD_DOMAIN","Medium","Domain name appears auto-generated"
"playstationlifestyle.net","playstationlifestyle.net","WEBSITE","EX I WW I PMAX I SCALING I FEED ONLY I PROSPECTING","21137012770","PERFORMANCE_MAX",37,0,0.0000,0.00,0,0.00,0,0,0,0.00,0.0000,"PMAX_BAD_DOMAIN","Medium","Domain name appears auto-generated"
"brandsoftheworld.com","brandsoftheworld.com","WEBSITE","EX I WW I PMAX I SCALING I FEED ONLY I PROSPECTING","21137012770","PERFORMANCE_MAX",37,0,0.0000,0.00,0,0.00,0,0,0,0.00,0.0000,"PMAX_BAD_DOMAIN","Medium","High consonant ratio (75%) suggests auto-generated domain"
"wordsmarts.com","wordsmarts.com","WEBSITE","EX I WW I PMAX I SCALING I FEED ONLY I PROSPECTING","21137012770","PERFORMANCE_MAX",36,0,0.0000,0.00,0,0.00,0,0,0,0.00,0.0000,"PMAX_BAD_DOMAIN","Medium","High consonant ratio (80%) suggests auto-generated domain"
"bmw-syndikat.de","bmw-syndikat.de","WEBSITE","EX I WW I PMAX I SCALING I FEED ONLY I PROSPECTING","21137012770","PERFORMANCE_MAX",36,0,0.0000,0.00,0,0.00,0,0,0,0.00,0.0000,"PMAX_BAD_DOMAIN","Medium","High consonant ratio (75%) suggests auto-generated domain"
"crochetbykittengrll.com","crochetbykittengrll.com","WEBSITE","EX I WW I PMAX I SCALING I FEED ONLY I PROSPECTING","21137012770","PERFORMANCE_MAX",36,0,0.0000,0.00,0,0.00,0,0,0,0.00,0.0000,"PMAX_BAD_DOMAIN","Medium","High consonant ratio (79%) suggests auto-generated domain"
"modthesims.info","modthesims.info","WEBSITE","EX I WW I PMAX I SCALING I FEED ONLY I OVER-INDEX + INDEX + NEAR-INDEX","20369175508","PERFORMANCE_MAX",35,0,0.0000,0.00,0,0.00,0,0,0,0.00,0.0000,"PMAX_BAD_DOMAIN","Medium","Tier 2 high-risk TLD (.info) with suspicious domain name"
"adoptmetradingvalues.com","adoptmetradingvalues.com","WEBSITE","EX I WW I PMAX I SCALING I FEED ONLY I OVER-INDEX + INDEX + NEAR-INDEX","20369175508","PERFORMANCE_MAX",35,0,0.0000,0.00,0,0.00,0,0,0,0.00,0.0000,"PMAX_BAD_DOMAIN","Medium","Domain name appears auto-generated"
"holychords.pro","holychords.pro","WEBSITE","EX I WW I PMAX I SCALING I FEED ONLY I OVER-INDEX + INDEX + NEAR-INDEX","20369175508","PERFORMANCE_MAX",34,0,0.0000,0.00,0,0.00,0,0,0,0.00,0.0000,"PMAX_BAD_DOMAIN","Medium","High consonant ratio (80%) suggests auto-generated domain"
"raenonx.cc","raenonx.cc","WEBSITE","EX I WW I PMAX I SCALING I FEED ONLY I OVER-INDEX + INDEX + NEAR-INDEX","20369175508","PERFORMANCE_MAX",34,0,0.0000,0.00,0,0.00,0,0,0,0.00,0.0000,"PMAX_BAD_DOMAIN","Medium","Tier 2 high-risk TLD (.cc) with suspicious domain name"
"mittelalterkalender.info","mittelalterkalender.info","WEBSITE","EX I WW I PMAX I SCALING I FEED ONLY I OVER-INDEX + INDEX + NEAR-INDEX","20369175508","PERFORMANCE_MAX",34,0,0.0000,0.00,0,0.00,0,0,0,0.00,0.0000,"PMAX_BAD_DOMAIN","Medium","Tier 2 high-risk TLD (.info) with suspicious domain name"
"conexo.ws","conexo.ws","WEBSITE","EX I WW I PMAX I SCALING I FEED ONLY I OVER-INDEX + INDEX + NEAR-INDEX","20369175508","PERFORMANCE_MAX",34,0,0.0000,0.00,0,0.00,0,0,0,0.00,0.0000,"PMAX_BAD_DOMAIN","Medium","Tier 2 high-risk TLD (.ws) with suspicious domain name"
"cobbledex.info","cobbledex.info","WEBSITE","EX I WW I PMAX I SCALING I FEED ONLY I PROSPECTING","21137012770","PERFORMANCE_MAX",34,0,0.0000,0.00,0,0.00,0,0,0,0.00,0.0000,"PMAX_BAD_DOMAIN","Medium","Tier 2 high-risk TLD (.info) with suspicious domain name"
"strengthlog.com","strengthlog.com","WEBSITE","EX I WW I PMAX I SCALING I FEED ONLY I PROSPECTING","21137012770","PERFORMANCE_MAX",34,0,0.0000,0.00,0,0.00,0,0,0,0.00,0.0000,"PMAX_BAD_DOMAIN","Medium","High consonant ratio (82%) suggests auto-generated domain"
"theeconomiccollapseblog.com","theeconomiccollapseblog.com","WEBSITE","EX I WW I PMAX I SCALING I FEED ONLY I PROSPECTING","21137012770","PERFORMANCE_MAX",34,0,0.0000,0.00,0,0.00,0,0,0,0.00,0.0000,"PMAX_BAD_DOMAIN","Medium","Domain name appears auto-generated"
"tjrwrestling.net","tjrwrestling.net","WEBSITE","EX I WW I PMAX I SCALING I FEED ONLY I PROSPECTING","21137012770","PERFORMANCE_MAX",34,0,0.0000,0.00,0,0.00,0,0,0,0.00,0.0000,"PMAX_BAD_DOMAIN","Medium","High consonant ratio (83%) suggests auto-generated domain"
"charliethecookandrews.com","charliethecookandrews.com","WEBSITE","EX I WW I PMAX I SCALING I FEED ONLY I PROSPECTING","21137012770","PERFORMANCE_MAX",34,0,0.0000,0.00,0,0.00,0,0,0,0.00,0.0000,"PMAX_BAD_DOMAIN","Medium","Domain name appears auto-generated"
"drivingtests.co.nz","drivingtests.co.nz","WEBSITE","EX I WW I PMAX I SCALING I FEED ONLY I PROSPECTING","21137012770","PERFORMANCE_MAX",34,0,0.0000,0.00,0,0.00,0,0,0,0.00,0.0000,"PMAX_BAD_DOMAIN","Medium","High consonant ratio (75%) suggests auto-generated domain"
"mittelaltermarkt.online","mittelaltermarkt.online","WEBSITE","EX I WW I PMAX I SCALING I FEED ONLY I PROSPECTING","21137012770","PERFORMANCE_MAX",34,0,0.0000,0.00,0,0.00,0,0,0,0.00,0.0000,"PMAX_BAD_DOMAIN","Medium","Tier 2 high-risk TLD (.online) with suspicious domain name"
"runnersworld.com","runnersworld.com","WEBSITE","EX I WW I PMAX I SCALING I FEED ONLY I PROSPECTING","21137012770","PERFORMANCE_MAX",33,0,0.0000,0.00,0,0.00,0,0,0,0.00,0.0000,"PMAX_BAD_DOMAIN","Medium","High consonant ratio (75%) suggests auto-generated domain"
"loveballymena.online","loveballymena.online","WEBSITE","EX I WW I PMAX I SCALING I FEED ONLY I PROSPECTING","21137012770","PERFORMANCE_MAX",33,0,0.0000,0.00,0,0.00,0,0,0,0.00,0.0000,"PMAX_BAD_DOMAIN","Medium","Tier 2 high-risk TLD (.online) with suspicious domain name"
"smartcanucks.ca","smartcanucks.ca","WEBSITE","EX I WW I PMAX I SCALING I FEED ONLY I PROSPECTING","21137012770","PERFORMANCE_MAX",33,0,0.0000,0.00,0,0.00,0,0,0,0.00,0.0000,"PMAX_BAD_DOMAIN","Medium","High consonant ratio (75%) suggests auto-generated domain"
"verywellmind.com","verywellmind.com","WEBSITE","EX I WW I PMAX I SCALING I FEED ONLY I PROSPECTING","21137012770","PERFORMANCE_MAX",33,0,0.0000,0.00,0,0.00,0,0,0,0.00,0.0000,"PMAX_BAD_DOMAIN","Medium","High consonant ratio (75%) suggests auto-generated domain"
"slope2.online","slope2.online","WEBSITE","EX I WW I PMAX I SCALING I FEED ONLY I PROSPECTING","21137012770","PERFORMANCE_MAX",33,0,0.0000,0.00,0,0.00,0,0,0,0.00,0.0000,"PMAX_BAD_DOMAIN","Medium","Tier 2 high-risk TLD (.online) with suspicious domain name"
"mymxb.com","mymxb.com","WEBSITE","EX I WW I PMAX I SCALING I FEED ONLY I OVER-INDEX + INDEX + NEAR-INDEX","20369175508","PERFORMANCE_MAX",32,0,0.0000,0.00,0,0.00,0,0,0,0.00,0.0000,"PMAX_BAD_DOMAIN","Medium","Domain matches DGA entropy pattern"
"wrestlingweb.cz","wrestlingweb.cz","WEBSITE","EX I WW I PMAX I SCALING I FEED ONLY I OVER-INDEX + INDEX + NEAR-INDEX","20369175508","PERFORMANCE_MAX",32,0,0.0000,0.00,0,0.00,0,0,0,0.00,0.0000,"PMAX_BAD_DOMAIN","Medium","High consonant ratio (75%) suggests auto-generated domain"
"bedroomproducersblog.com","bedroomproducersblog.com","WEBSITE","EX I WW I PMAX I SCALING I FEED ONLY I OVER-INDEX + INDEX + NEAR-INDEX","20369175508","PERFORMANCE_MAX",32,0,0.0000,0.00,0,0.00,0,0,0,0.00,0.0000,"PMAX_BAD_DOMAIN","Medium","Domain name appears auto-generated"
"sern.info","sern.info","WEBSITE","EX I WW I PMAX I SCALING I FEED ONLY I PROSPECTING","21137012770","PERFORMANCE_MAX",32,0,0.0000,0.00,0,0.00,0,0,0,0.00,0.0000,"PMAX_BAD_DOMAIN","Medium","Tier 2 high-risk TLD (.info) with suspicious domain name"
"blackcountryslang.co.uk","blackcountryslang.co.uk","WEBSITE","EX I WW I PMAX I SCALING I FEED ONLY I PROSPECTING","21137012770","PERFORMANCE_MAX",32,0,0.0000,0.00,0,0.00,0,0,0,0.00,0.0000,"PMAX_BAD_DOMAIN","Medium","High consonant ratio (76%) suggests auto-generated domain"
"runnersworld.de","runnersworld.de","WEBSITE","EX I WW I PMAX I SCALING I FEED ONLY I OVER-INDEX + INDEX + NEAR-INDEX","20369175508","PERFORMANCE_MAX",31,0,0.0000,0.00,0,0.00,0,0,0,0.00,0.0000,"PMAX_BAD_DOMAIN","Medium","High consonant ratio (75%) suggests auto-generated domain"
"simscommunity.info","simscommunity.info","WEBSITE","EX I WW I PMAX I SCALING I FEED ONLY I OVER-INDEX + INDEX + NEAR-INDEX","20369175508","PERFORMANCE_MAX",31,0,0.0000,0.00,0,0.00,0,0,0,0.00,0.0000,"PMAX_BAD_DOMAIN","Medium","Tier 2 high-risk TLD (.info) with suspicious domain name"
"sportnewsky.com","sportnewsky.com","WEBSITE","EX I WW I PMAX I SCALING I FEED ONLY I OVER-INDEX + INDEX + NEAR-INDEX","20369175508","PERFORMANCE_MAX",31,0,0.0000,0.00,0,0.00,0,0,0,0.00,0.0000,"PMAX_BAD_DOMAIN","Medium","High consonant ratio (82%) suggests auto-generated domain"
"athlonsports.com","athlonsports.com","WEBSITE","EX I WW I PMAX I SCALING I FEED ONLY I PROSPECTING","21137012770","PERFORMANCE_MAX",31,0,0.0000,0.00,0,0.00,0,0,0,0.00,0.0000,"PMAX_BAD_DOMAIN","Medium","High consonant ratio (75%) suggests auto-generated domain"
"sportposzt.com","sportposzt.com","WEBSITE","EX I WW I PMAX I SCALING I FEED ONLY I PROSPECTING","21137012770","PERFORMANCE_MAX",31,0,0.0000,0.00,0,0.00,0,0,0,0.00,0.0000,"PMAX_BAD_DOMAIN","Medium","High consonant ratio (80%) suggests auto-generated domain"
"rarehistoricalphotos.com","rarehistoricalphotos.com","WEBSITE","EX I WW I PMAX I SCALING I FEED ONLY I PROSPECTING","21137012770","PERFORMANCE_MAX",31,0,0.0000,0.00,0,0.00,0,0,0,0.00,0.0000,"PMAX_BAD_DOMAIN","Medium","Domain name appears auto-generated"
"worldometers.info","worldometers.info","WEBSITE","EX I WW I PMAX I SCALING I FEED ONLY I OVER-INDEX + INDEX + NEAR-INDEX","20369175508","PERFORMANCE_MAX",30,0,0.0000,0.00,0,0.00,0,0,0,0.00,0.0000,"PMAX_BAD_DOMAIN","Medium","Tier 2 high-risk TLD (.info) with suspicious domain name"
"hollowknight.wiki","hollowknight.wiki","WEBSITE","EX I WW I PMAX I SCALING I FEED ONLY I OVER-INDEX + INDEX + NEAR-INDEX","20369175508","PERFORMANCE_MAX",30,0,0.0000,0.00,0,0.00,0,0,0,0.00,0.0000,"PMAX_BAD_DOMAIN","Medium","High consonant ratio (75%) suggests auto-generated domain"
"masterychart.com","masterychart.com","WEBSITE","EX I WW I PMAX I SCALING I FEED ONLY I PROSPECTING","21137012770","PERFORMANCE_MAX",30,0,0.0000,0.00,0,0.00,0,0,0,0.00,0.0000,"PMAX_BAD_DOMAIN","Medium","High consonant ratio (75%) suggests auto-generated domain"
"transfermarkt.pt","transfermarkt.pt","WEBSITE","EX I WW I PMAX I SCALING I FEED ONLY I PROSPECTING","21137012770","PERFORMANCE_MAX",30,0,0.0000,0.00,0,0.00,0,0,0,0.00,0.0000,"PMAX_BAD_DOMAIN","Medium","High consonant ratio (77%) suggests auto-generated domain"
"thetarotguide.com","thetarotguide.com","WEBSITE","EX I WW I PMAX I SCALING I FEED ONLY I PROSPECTING","21137012770","PERFORMANCE_MAX",30,0,0.0000,0.00,0,0.00,0,0,0,0.00,0.0000,"PMAX_BAD_DOMAIN","Medium","Matches MFA pattern: ^(www\.)?[a-z]*guide[0-9]*\."
"conversationstartersworld.com","conversationstartersworld.com","WEBSITE","EX I WW I PMAX I SCALING I FEED ONLY I PROSPECTING","21137012770","PERFORMANCE_MAX",30,0,0.0000,0.00,0,0.00,0,0,0,0.00,0.0000,"PMAX_BAD_DOMAIN","Medium","Domain name appears auto-generated"
"ino.online","ino.online","WEBSITE","EX I WW I PMAX I SCALING I FEED ONLY I PROSPECTING","21137012770","PERFORMANCE_MAX",30,0,0.0000,0.00,0,0.00,0,0,0,0.00,0.0000,"PMAX_BAD_DOMAIN","Medium","Tier 2 high-risk TLD (.online) with suspicious domain name"
"nikkansports.com","nikkansports.com","WEBSITE","EX I WW I PMAX I SCALING I FEED ONLY I OVER-INDEX + INDEX + NEAR-INDEX","20369175508","PERFORMANCE_MAX",29,0,0.0000,0.00,0,0.00,0,0,0,0.00,0.0000,"PMAX_BAD_DOMAIN","Medium","High consonant ratio (75%) suggests auto-generated domain"
"wrestlinginc.com","wrestlinginc.com","WEBSITE","EX I WW I PMAX I SCALING I FEED ONLY I OVER-INDEX + INDEX + NEAR-INDEX","20369175508","PERFORMANCE_MAX",29,0,0.0000,0.00,0,0.00,0,0,0,0.00,0.0000,"PMAX_BAD_DOMAIN","Medium","High consonant ratio (75%) suggests auto-generated domain"
"systemrequirementslab.com","systemrequirementslab.com","WEBSITE","EX I WW I PMAX I SCALING I FEED ONLY I OVER-INDEX + INDEX + NEAR-INDEX","20369175508","PERFORMANCE_MAX",29,0,0.0000,0.00,0,0.00,0,0,0,0.00,0.0000,"PMAX_BAD_DOMAIN","Medium","Domain name appears auto-generated"
"stau.info","stau.info","WEBSITE","EX I WW I PMAX I SCALING I FEED ONLY I PROSPECTING","21137012770","PERFORMANCE_MAX",29,0,0.0000,0.00,0,0.00,0,0,0,0.00,0.0000,"PMAX_BAD_DOMAIN","Medium","Tier 2 high-risk TLD (.info) with suspicious domain name"
"praktischarzt.de","praktischarzt.de","WEBSITE","EX I WW I PMAX I SCALING I FEED ONLY I PROSPECTING","21137012770","PERFORMANCE_MAX",29,0,0.0000,0.00,0,0.00,0,0,0,0.00,0.0000,"PMAX_BAD_DOMAIN","Medium","High consonant ratio (77%) suggests auto-generated domain"
"egzaminzawodowy.info","egzaminzawodowy.info","WEBSITE","EX I WW I PMAX I SCALING I FEED ONLY I PROSPECTING","21137012770","PERFORMANCE_MAX",29,0,0.0000,0.00,0,0.00,0,0,0,0.00,0.0000,"PMAX_BAD_DOMAIN","Medium","Tier 2 high-risk TLD (.info) with suspicious domain name"
"prospluscons.com","prospluscons.com","WEBSITE","EX I WW I PMAX I SCALING I FEED ONLY I PROSPECTING","21137012770","PERFORMANCE_MAX",29,0,0.0000,0.00,0,0.00,0,0,0,0.00,0.0000,"PMAX_BAD_DOMAIN","Medium","High consonant ratio (75%) suggests auto-generated domain"
"1000ps.com","1000ps.com","WEBSITE","EX I WW I PMAX I SCALING I FEED ONLY I PROSPECTING","21137012770","PERFORMANCE_MAX",29,0,0.0000,0.00,0,0.00,0,0,0,0.00,0.0000,"PMAX_BAD_DOMAIN","Medium","Matches parked domain pattern: ^(www\.)?\d{3,}[a-z]{1,3}\."
"typingtest.com","typingtest.com","WEBSITE","EX I WW I PMAX I SCALING I FEED ONLY I PROSPECTING","21137012770","PERFORMANCE_MAX",29,0,0.0000,0.00,0,0.00,0,0,0,0.00,0.0000,"PMAX_BAD_DOMAIN","Medium","High consonant ratio (80%) suggests auto-generated domain"
"xn--solitr-kostenlos-spielen-ubc.de","xn--solitr-kostenlos-spielen-ubc.de","WEBSITE","EX I WW I PMAX I SCALING I FEED ONLY I PROSPECTING","21137012770","PERFORMANCE_MAX",29,0,0.0000,0.00,0,0.00,0,0,0,0.00,0.0000,"PMAX_BAD_DOMAIN","Medium","Punycode/IDN domain — likely irrelevant"
"heic.online","heic.online","WEBSITE","EX I WW I PMAX I SCALING I FEED ONLY I PROSPECTING","21137012770","PERFORMANCE_MAX",29,0,0.0000,0.00,0,0.00,0,0,0,0.00,0.0000,"PMAX_BAD_DOMAIN","Medium","Tier 2 high-risk TLD (.online) with suspicious domain name"
"cyclingtiz.live","cyclingtiz.live","WEBSITE","EX I WW I PMAX I SCALING I FEED ONLY I OVER-INDEX + INDEX + NEAR-INDEX","20369175508","PERFORMANCE_MAX",28,0,0.0000,0.00,0,0.00,0,0,0,0.00,0.0000,"PMAX_BAD_DOMAIN","Medium","High consonant ratio (80%) suggests auto-generated domain"
"sportposzt.com","sportposzt.com","WEBSITE","EX I WW I PMAX I SCALING I FEED ONLY I OVER-INDEX + INDEX + NEAR-INDEX","20369175508","PERFORMANCE_MAX",28,0,0.0000,0.00,0,0.00,0,0,0,0.00,0.0000,"PMAX_BAD_DOMAIN","Medium","High consonant ratio (80%) suggests auto-generated domain"
"evanescencereference.info","evanescencereference.info","WEBSITE","EX I WW I PMAX I SCALING I FEED ONLY I OVER-INDEX + INDEX + NEAR-INDEX","20369175508","PERFORMANCE_MAX",28,0,0.0000,0.00,0,0.00,0,0,0,0.00,0.0000,"PMAX_BAD_DOMAIN","Medium","Domain name appears auto-generated"
"theconsciousplantkitchen.com","theconsciousplantkitchen.com","WEBSITE","EX I WW I PMAX I SCALING I FEED ONLY I PROSPECTING","21137012770","PERFORMANCE_MAX",28,0,0.0000,0.00,0,0.00,0,0,0,0.00,0.0000,"PMAX_BAD_DOMAIN","Medium","Domain name appears auto-generated"
"forzaroma.info","forzaroma.info","WEBSITE","EX I WW I PMAX I SCALING I FEED ONLY I PROSPECTING","21137012770","PERFORMANCE_MAX",28,0,0.0000,0.00,0,0.00,0,0,0,0.00,0.0000,"PMAX_BAD_DOMAIN","Medium","Tier 2 high-risk TLD (.info) with suspicious domain name"
"ktoto.info","ktoto.info","WEBSITE","EX I WW I PMAX I SCALING I FEED ONLY I PROSPECTING","21137012770","PERFORMANCE_MAX",28,0,0.0000,0.00,0,0.00,0,0,0,0.00,0.0000,"PMAX_BAD_DOMAIN","Medium","Tier 2 high-risk TLD (.info) with suspicious domain name"
"mythicstats.com","mythicstats.com","WEBSITE","EX I WW I PMAX I SCALING I FEED ONLY I PROSPECTING","21137012770","PERFORMANCE_MAX",28,0,0.0000,0.00,0,0.00,0,0,0,0.00,0.0000,"PMAX_BAD_DOMAIN","Medium","High consonant ratio (82%) suggests auto-generated domain"
"ssstwitter.com","ssstwitter.com","WEBSITE","EX I WW I PMAX I SCALING I FEED ONLY I OVER-INDEX + INDEX + NEAR-INDEX","20369175508","PERFORMANCE_MAX",27,0,0.0000,0.00,0,0.00,0,0,0,0.00,0.0000,"PMAX_BAD_DOMAIN","Medium","High consonant ratio (80%) suggests auto-generated domain"
"wholeandheavenlyoven.com","wholeandheavenlyoven.com","WEBSITE","EX I WW I PMAX I SCALING I FEED ONLY I PROSPECTING","21137012770","PERFORMANCE_MAX",27,0,0.0000,0.00,0,0.00,0,0,0,0.00,0.0000,"PMAX_BAD_DOMAIN","Medium","Domain name appears auto-generated"
"simplypsychology.org","simplypsychology.org","WEBSITE","EX I WW I PMAX I SCALING I FEED ONLY I PROSPECTING","21137012770","PERFORMANCE_MAX",27,0,0.0000,0.00,0,0.00,0,0,0,0.00,0.0000,"PMAX_BAD_DOMAIN","Medium","High consonant ratio (81%) suggests auto-generated domain"
"die-frau-am-grill.de","die-frau-am-grill.de","WEBSITE","EX I WW I PMAX I SCALING I FEED ONLY I PROSPECTING","21137012770","PERFORMANCE_MAX",27,0,0.0000,0.00,0,0.00,0,0,0,0.00,0.0000,"PMAX_BAD_DOMAIN","Medium","Matches MFA pattern: ^(www\.)?[a-z]+-[a-z]+-[a-z]+-[a-z]+\."
"123mc.dk","123mc.dk","WEBSITE","EX I WW I PMAX I SCALING I FEED ONLY I PROSPECTING","21137012770","PERFORMANCE_MAX",27,0,0.0000,0.00,0,0.00,0,0,0,0.00,0.0000,"PMAX_BAD_DOMAIN","Medium","Matches parked domain pattern: ^(www\.)?\d{3,}[a-z]{1,3}\."
"xn--vindn-qra.no","xn--vindn-qra.no","WEBSITE","EX I WW I PMAX I SCALING I FEED ONLY I PROSPECTING","21137012770","PERFORMANCE_MAX",27,0,0.0000,0.00,0,0.00,0,0,0,0.00,0.0000,"PMAX_BAD_DOMAIN","Medium","Punycode/IDN domain — likely irrelevant"
"recipes24min.online","recipes24min.online","WEBSITE","EX I WW I PMAX I SCALING I FEED ONLY I OVER-INDEX + INDEX + NEAR-INDEX","20369175508","PERFORMANCE_MAX",26,0,0.0000,0.00,0,0.00,0,0,0,0.00,0.0000,"PMAX_BAD_DOMAIN","Medium","Tier 2 high-risk TLD (.online) with suspicious domain name"
"beatsperminuteonline.com","beatsperminuteonline.com","WEBSITE","EX I WW I PMAX I SCALING I FEED ONLY I OVER-INDEX + INDEX + NEAR-INDEX","20369175508","PERFORMANCE_MAX",26,0,0.0000,0.00,0,0.00,0,0,0,0.00,0.0000,"PMAX_BAD_DOMAIN","Medium","Domain name appears auto-generated"
"yomod.xyz","yomod.xyz","WEBSITE","EX I WW I PMAX I SCALING I FEED ONLY I OVER-INDEX + INDEX + NEAR-INDEX","20369175508","PERFORMANCE_MAX",26,0,0.0000,0.00,0,0.00,0,0,0,0.00,0.0000,"PMAX_BAD_DOMAIN","Medium","Tier 2 high-risk TLD (.xyz) with suspicious domain name"
"skyscanner.nl","skyscanner.nl","WEBSITE","EX I WW I PMAX I SCALING I FEED ONLY I PROSPECTING","21137012770","PERFORMANCE_MAX",26,0,0.0000,0.00,0,0.00,0,0,0,0.00,0.0000,"PMAX_BAD_DOMAIN","Medium","High consonant ratio (80%) suggests auto-generated domain"
"thefoodietakesflight.com","thefoodietakesflight.com","WEBSITE","EX I WW I PMAX I SCALING I FEED ONLY I PROSPECTING","21137012770","PERFORMANCE_MAX",26,0,0.0000,0.00,0,0.00,0,0,0,0.00,0.0000,"PMAX_BAD_DOMAIN","Medium","Domain name appears auto-generated"
"petshouse.club","petshouse.club","WEBSITE","EX I WW I PMAX I SCALING I FEED ONLY I PROSPECTING","21137012770","PERFORMANCE_MAX",26,0,0.0000,0.00,0,0.00,0,0,0,0.00,0.0000,"PMAX_BAD_DOMAIN","Medium","Tier 2 high-risk TLD (.club) with suspicious domain name"
"conexo.ws","conexo.ws","WEBSITE","EX I WW I PMAX I SCALING I FEED ONLY I PROSPECTING","21137012770","PERFORMANCE_MAX",26,0,0.0000,0.00,0,0.00,0,0,0,0.00,0.0000,"PMAX_BAD_DOMAIN","Medium","Tier 2 high-risk TLD (.ws) with suspicious domain name"
"shueisha.online","shueisha.online","WEBSITE","EX I WW I PMAX I SCALING I FEED ONLY I PROSPECTING","21137012770","PERFORMANCE_MAX",26,0,0.0000,0.00,0,0.00,0,0,0,0.00,0.0000,"PMAX_BAD_DOMAIN","Medium","Tier 2 high-risk TLD (.online) with suspicious domain name"
"girlschannel.net","girlschannel.net","WEBSITE","EX I WW I PMAX I SCALING I FEED ONLY I PROSPECTING","21137012770","PERFORMANCE_MAX",26,0,0.0000,0.00,0,0.00,0,0,0,0.00,0.0000,"PMAX_BAD_DOMAIN","Medium","High consonant ratio (75%) suggests auto-generated domain"
"strengthlevel.com","strengthlevel.com","WEBSITE","EX I WW I PMAX I SCALING I FEED ONLY I OVER-INDEX + INDEX + NEAR-INDEX","20369175508","PERFORMANCE_MAX",25,0,0.0000,0.00,0,0.00,0,0,0,0.00,0.0000,"PMAX_BAD_DOMAIN","Medium","High consonant ratio (77%) suggests auto-generated domain"
"gebruikershandleiding.com","gebruikershandleiding.com","WEBSITE","EX I WW I PMAX I SCALING I FEED ONLY I OVER-INDEX + INDEX + NEAR-INDEX","20369175508","PERFORMANCE_MAX",25,0,0.0000,0.00,0,0.00,0,0,0,0.00,0.0000,"PMAX_BAD_DOMAIN","Medium","Domain name appears auto-generated"
"hdtvpolska.com","hdtvpolska.com","WEBSITE","EX I WW I PMAX I SCALING I FEED ONLY I OVER-INDEX + INDEX + NEAR-INDEX","20369175508","PERFORMANCE_MAX",25,0,0.0000,0.00,0,0.00,0,0,0,0.00,0.0000,"PMAX_BAD_DOMAIN","Medium","High consonant ratio (80%) suggests auto-generated domain"
"milkchoco.online","milkchoco.online","WEBSITE","EX I WW I PMAX I SCALING I FEED ONLY I OVER-INDEX + INDEX + NEAR-INDEX","20369175508","PERFORMANCE_MAX",25,0,0.0000,0.00,0,0.00,0,0,0,0.00,0.0000,"PMAX_BAD_DOMAIN","Medium","Tier 2 high-risk TLD (.online) with suspicious domain name"
"600rr.net","600rr.net","WEBSITE","EX I WW I PMAX I SCALING I FEED ONLY I PROSPECTING","21137012770","PERFORMANCE_MAX",25,0,0.0000,0.00,0,0.00,0,0,0,0.00,0.0000,"PMAX_BAD_DOMAIN","Medium","Matches parked domain pattern: ^(www\.)?\d{3,}[a-z]{1,3}\."
"smartworld.it","smartworld.it","WEBSITE","EX I WW I PMAX I SCALING I FEED ONLY I PROSPECTING","21137012770","PERFORMANCE_MAX",25,0,0.0000,0.00,0,0.00,0,0,0,0.00,0.0000,"PMAX_BAD_DOMAIN","Medium","High consonant ratio (80%) suggests auto-generated domain"
"recetasparathermomix.com","recetasparathermomix.com","WEBSITE","EX I WW I PMAX I SCALING I FEED ONLY I PROSPECTING","21137012770","PERFORMANCE_MAX",25,0,0.0000,0.00,0,0.00,0,0,0,0.00,0.0000,"PMAX_BAD_DOMAIN","Medium","Domain name appears auto-generated"
"jastrzabpost.pl","jastrzabpost.pl","WEBSITE","EX I WW I PMAX I SCALING I FEED ONLY I OVER-INDEX + INDEX + NEAR-INDEX","20369175508","PERFORMANCE_MAX",24,0,0.0000,0.00,0,0.00,0,0,0,0.00,0.0000,"PMAX_BAD_DOMAIN","Medium","High consonant ratio (75%) suggests auto-generated domain"
"conversationstartersworld.com","conversationstartersworld.com","WEBSITE","EX I WW I PMAX I SCALING I FEED ONLY I OVER-INDEX + INDEX + NEAR-INDEX","20369175508","PERFORMANCE_MAX",24,0,0.0000,0.00,0,0.00,0,0,0,0.00,0.0000,"PMAX_BAD_DOMAIN","Medium","Domain name appears auto-generated"
"dynasty-daddy.com","dynasty-daddy.com","WEBSITE","EX I WW I PMAX I SCALING I FEED ONLY I PROSPECTING","21137012770","PERFORMANCE_MAX",24,0,0.0000,0.00,0,0.00,0,0,0,0.00,0.0000,"PMAX_BAD_DOMAIN","Medium","High consonant ratio (77%) suggests auto-generated domain"
"kryptonovinky.cz","kryptonovinky.cz","WEBSITE","EX I WW I PMAX I SCALING I FEED ONLY I PROSPECTING","21137012770","PERFORMANCE_MAX",24,0,0.0000,0.00,0,0.00,0,0,0,0.00,0.0000,"PMAX_BAD_DOMAIN","Medium","High consonant ratio (77%) suggests auto-generated domain"
"keisan.site","keisan.site","WEBSITE","EX I WW I PMAX I SCALING I FEED ONLY I PROSPECTING","21137012770","PERFORMANCE_MAX",24,0,0.0000,0.00,0,0.00,0,0,0,0.00,0.0000,"PMAX_BAD_DOMAIN","Medium","Tier 2 high-risk TLD (.site) with suspicious domain name"
"bossksbounty.com","bossksbounty.com","WEBSITE","EX I WW I PMAX I SCALING I FEED ONLY I PROSPECTING","21137012770","PERFORMANCE_MAX",24,0,0.0000,0.00,0,0.00,0,0,0,0.00,0.0000,"PMAX_BAD_DOMAIN","Medium","High consonant ratio (75%) suggests auto-generated domain"
"cyberlab.info","cyberlab.info","WEBSITE","EX I WW I PMAX I SCALING I FEED ONLY I PROSPECTING","21137012770","PERFORMANCE_MAX",24,0,0.0000,0.00,0,0.00,0,0,0,0.00,0.0000,"PMAX_BAD_DOMAIN","Medium","Tier 2 high-risk TLD (.info) with suspicious domain name"
"thereluctantexplorers.com","thereluctantexplorers.com","WEBSITE","EX I WW I PMAX I SCALING I FEED ONLY I PROSPECTING","21137012770","PERFORMANCE_MAX",24,0,0.0000,0.00,0,0.00,0,0,0,0.00,0.0000,"PMAX_BAD_DOMAIN","Medium","Domain name appears auto-generated"
"imagetotext.info","imagetotext.info","WEBSITE","EX I WW I PMAX I SCALING I FEED ONLY I PROSPECTING","21137012770","PERFORMANCE_MAX",24,0,0.0000,0.00,0,0.00,0,0,0,0.00,0.0000,"PMAX_BAD_DOMAIN","Medium","Tier 2 high-risk TLD (.info) with suspicious domain name"
"trendingpoliticsnews.com","trendingpoliticsnews.com","WEBSITE","EX I WW I PMAX I SCALING I FEED ONLY I PROSPECTING","21137012770","PERFORMANCE_MAX",24,0,0.0000,0.00,0,0.00,0,0,0,0.00,0.0000,"PMAX_BAD_DOMAIN","Medium","Matches MFA pattern: ^(www\.)?trending[a-z]+\."
"the-summer-hikaru-died.online","the-summer-hikaru-died.online","WEBSITE","EX I WW I PMAX I SCALING I FEED ONLY I OVER-INDEX + INDEX + NEAR-INDEX","20369175508","PERFORMANCE_MAX",23,0,0.0000,0.00,0,0.00,0,0,0,0.00,0.0000,"PMAX_BAD_DOMAIN","Medium","Matches MFA pattern: ^(www\.)?[a-z]+-[a-z]+-[a-z]+-[a-z]+\."
"xn--allestrungen-9ib.de","xn--allestrungen-9ib.de","WEBSITE","EX I WW I PMAX I SCALING I FEED ONLY I OVER-INDEX + INDEX + NEAR-INDEX","20369175508","PERFORMANCE_MAX",23,0,0.0000,0.00,0,0.00,0,0,0,0.00,0.0000,"PMAX_BAD_DOMAIN","Medium","Punycode/IDN domain — likely irrelevant"
"physicsandmathstutor.com","physicsandmathstutor.com","WEBSITE","EX I WW I PMAX I SCALING I FEED ONLY I OVER-INDEX + INDEX + NEAR-INDEX","20369175508","PERFORMANCE_MAX",23,0,0.0000,0.00,0,0.00,0,0,0,0.00,0.0000,"PMAX_BAD_DOMAIN","Medium","Domain name appears auto-generated"
"maprunner.info","maprunner.info","WEBSITE","EX I WW I PMAX I SCALING I FEED ONLY I OVER-INDEX + INDEX + NEAR-INDEX","20369175508","PERFORMANCE_MAX",23,0,0.0000,0.00,0,0.00,0,0,0,0.00,0.0000,"PMAX_BAD_DOMAIN","Medium","Tier 2 high-risk TLD (.info) with suspicious domain name"
"chocolatecoveredkatie.com","chocolatecoveredkatie.com","WEBSITE","EX I WW I PMAX I SCALING I FEED ONLY I PROSPECTING","21137012770","PERFORMANCE_MAX",23,0,0.0000,0.00,0,0.00,0,0,0,0.00,0.0000,"PMAX_BAD_DOMAIN","Medium","Domain name appears auto-generated"
"destinationlesstravel.com","destinationlesstravel.com","WEBSITE","EX I WW I PMAX I SCALING I FEED ONLY I PROSPECTING","21137012770","PERFORMANCE_MAX",23,0,0.0000,0.00,0,0.00,0,0,0,0.00,0.0000,"PMAX_BAD_DOMAIN","Medium","Domain name appears auto-generated"
"compressjpeg.com","compressjpeg.com","WEBSITE","EX I WW I PMAX I SCALING I FEED ONLY I PROSPECTING","21137012770","PERFORMANCE_MAX",23,0,0.0000,0.00,0,0.00,0,0,0,0.00,0.0000,"PMAX_BAD_DOMAIN","Medium","High consonant ratio (75%) suggests auto-generated domain"
"oldmoneystyle.com","oldmoneystyle.com","WEBSITE","EX I WW I PMAX I SCALING I FEED ONLY I PROSPECTING","21137012770","PERFORMANCE_MAX",23,0,0.0000,0.00,0,0.00,0,0,0,0.00,0.0000,"PMAX_BAD_DOMAIN","Medium","Matches MFA pattern: ^(www\.)?[a-z]*(click|cash|money|fast)[a-z]*\.(com|net|xyz|top|info)$"
"flickeringmyth.com","flickeringmyth.com","WEBSITE","EX I WW I PMAX I SCALING I FEED ONLY I PROSPECTING","21137012770","PERFORMANCE_MAX",23,0,0.0000,0.00,0,0.00,0,0,0,0.00,0.0000,"PMAX_BAD_DOMAIN","Medium","High consonant ratio (79%) suggests auto-generated domain"
"strengthlevel.pl","strengthlevel.pl","WEBSITE","EX I WW I PMAX I SCALING I FEED ONLY I PROSPECTING","21137012770","PERFORMANCE_MAX",23,0,0.0000,0.00,0,0.00,0,0,0,0.00,0.0000,"PMAX_BAD_DOMAIN","Medium","High consonant ratio (77%) suggests auto-generated domain"
"coryn.club","coryn.club","WEBSITE","EX I WW I PMAX I SCALING I FEED ONLY I PROSPECTING","21137012770","PERFORMANCE_MAX",23,0,0.0000,0.00,0,0.00,0,0,0,0.00,0.0000,"PMAX_BAD_DOMAIN","Medium","Tier 2 high-risk TLD (.club) with suspicious domain name"
"kfzwerkstatt.io","kfzwerkstatt.io","WEBSITE","EX I WW I PMAX I SCALING I FEED ONLY I PROSPECTING","21137012770","PERFORMANCE_MAX",23,0,0.0000,0.00,0,0.00,0,0,0,0.00,0.0000,"PMAX_BAD_DOMAIN","Medium","High consonant ratio (83%) suggests auto-generated domain"
"synthanatomy.com","synthanatomy.com","WEBSITE","EX I WW I PMAX I SCALING I FEED ONLY I OVER-INDEX + INDEX + NEAR-INDEX","20369175508","PERFORMANCE_MAX",22,0,0.0000,0.00,0,0.00,0,0,0,0.00,0.0000,"PMAX_BAD_DOMAIN","Medium","High consonant ratio (75%) suggests auto-generated domain"
"themediterraneandish.com","themediterraneandish.com","WEBSITE","EX I WW I PMAX I SCALING I FEED ONLY I OVER-INDEX + INDEX + NEAR-INDEX","20369175508","PERFORMANCE_MAX",22,0,0.0000,0.00,0,0.00,0,0,0,0.00,0.0000,"PMAX_BAD_DOMAIN","Medium","Domain name appears auto-generated"
"worldpopulationreview.com","worldpopulationreview.com","WEBSITE","EX I WW I PMAX I SCALING I FEED ONLY I OVER-INDEX + INDEX + NEAR-INDEX","20369175508","PERFORMANCE_MAX",22,0,0.0000,0.00,0,0.00,0,0,0,0.00,0.0000,"PMAX_BAD_DOMAIN","Medium","Domain name appears auto-generated"
"startmycar.com","startmycar.com","WEBSITE","EX I WW I PMAX I SCALING I FEED ONLY I OVER-INDEX + INDEX + NEAR-INDEX","20369175508","PERFORMANCE_MAX",22,0,0.0000,0.00,0,0.00,0,0,0,0.00,0.0000,"PMAX_BAD_DOMAIN","Medium","High consonant ratio (80%) suggests auto-generated domain"
"checkfresh.com","checkfresh.com","WEBSITE","EX I WW I PMAX I SCALING I FEED ONLY I OVER-INDEX + INDEX + NEAR-INDEX","20369175508","PERFORMANCE_MAX",22,0,0.0000,0.00,0,0.00,0,0,0,0.00,0.0000,"PMAX_BAD_DOMAIN","Medium","High consonant ratio (80%) suggests auto-generated domain"
"1001spiele.at","1001spiele.at","WEBSITE","EX I WW I PMAX I SCALING I FEED ONLY I PROSPECTING","21137012770","PERFORMANCE_MAX",22,0,0.0000,0.00,0,0.00,0,0,0,0.00,0.0000,"PMAX_BAD_DOMAIN","Medium","High numeric ratio (40%) suggests auto-generated domain"
"jdmbuysell.com","jdmbuysell.com","WEBSITE","EX I WW I PMAX I SCALING I FEED ONLY I PROSPECTING","21137012770","PERFORMANCE_MAX",22,0,0.0000,0.00,0,0.00,0,0,0,0.00,0.0000,"PMAX_BAD_DOMAIN","Medium","High consonant ratio (80%) suggests auto-generated domain"
"obar.info","obar.info","WEBSITE","EX I WW I PMAX I SCALING I FEED ONLY I PROSPECTING","21137012770","PERFORMANCE_MAX",22,0,0.0000,0.00,0,0.00,0,0,0,0.00,0.0000,"PMAX_BAD_DOMAIN","Medium","Tier 2 high-risk TLD (.info) with suspicious domain name"
"minib.cc","minib.cc","WEBSITE","EX I WW I PMAX I SCALING I FEED ONLY I OVER-INDEX + INDEX + NEAR-INDEX","20369175508","PERFORMANCE_MAX",21,0,0.0000,0.00,0,0.00,0,0,0,0.00,0.0000,"PMAX_BAD_DOMAIN","Medium","Tier 2 high-risk TLD (.cc) with suspicious domain name"
"tvguide.co.uk","tvguide.co.uk","WEBSITE","EX I WW I PMAX I SCALING I FEED ONLY I OVER-INDEX + INDEX + NEAR-INDEX","20369175508","PERFORMANCE_MAX",21,0,0.0000,0.00,0,0.00,0,0,0,0.00,0.0000,"PMAX_BAD_DOMAIN","Medium","Matches MFA pattern: ^(www\.)?[a-z]*guide[0-9]*\."
"toaz.info","toaz.info","WEBSITE","EX I WW I PMAX I SCALING I FEED ONLY I OVER-INDEX + INDEX + NEAR-INDEX","20369175508","PERFORMANCE_MAX",21,0,0.0000,0.00,0,0.00,0,0,0,0.00,0.0000,"PMAX_BAD_DOMAIN","Medium","Tier 2 high-risk TLD (.info) with suspicious domain name"
"portalspozywczy.pl","portalspozywczy.pl","WEBSITE","EX I WW I PMAX I SCALING I FEED ONLY I OVER-INDEX + INDEX + NEAR-INDEX","20369175508","PERFORMANCE_MAX",21,0,0.0000,0.00,0,0.00,0,0,0,0.00,0.0000,"PMAX_BAD_DOMAIN","Medium","High consonant ratio (80%) suggests auto-generated domain"
"tcgstacked.com","tcgstacked.com","WEBSITE","EX I WW I PMAX I SCALING I FEED ONLY I PROSPECTING","21137012770","PERFORMANCE_MAX",21,0,0.0000,0.00,0,0.00,0,0,0,0.00,0.0000,"PMAX_BAD_DOMAIN","Medium","High consonant ratio (80%) suggests auto-generated domain"
"transfermarkt.com.ar","transfermarkt.com.ar","WEBSITE","EX I WW I PMAX I SCALING I FEED ONLY I PROSPECTING","21137012770","PERFORMANCE_MAX",21,0,0.0000,0.00,0,0.00,0,0,0,0.00,0.0000,"PMAX_BAD_DOMAIN","Medium","High consonant ratio (77%) suggests auto-generated domain"
"plutonium.pw","plutonium.pw","WEBSITE","EX I WW I PMAX I SCALING I FEED ONLY I PROSPECTING","21137012770","PERFORMANCE_MAX",21,0,0.0000,0.00,0,0.00,0,0,0,0.00,0.0000,"PMAX_BAD_DOMAIN","Medium","Tier 2 high-risk TLD (.pw) with suspicious domain name"
"rugbynetwork.net","rugbynetwork.net","WEBSITE","EX I WW I PMAX I SCALING I FEED ONLY I PROSPECTING","21137012770","PERFORMANCE_MAX",21,0,0.0000,0.00,0,0.00,0,0,0,0.00,0.0000,"PMAX_BAD_DOMAIN","Medium","High consonant ratio (75%) suggests auto-generated domain"
"restwaves.top","restwaves.top","WEBSITE","EX I WW I PMAX I SCALING I FEED ONLY I PROSPECTING","21137012770","PERFORMANCE_MAX",21,0,0.0000,0.00,0,0.00,0,0,0,0.00,0.0000,"PMAX_BAD_DOMAIN","Medium","Matches parked domain pattern: ^(www\.)?[a-z0-9-]+\.(click|download|bid|win|loan|top)$"
"evanescencereference.info","evanescencereference.info","WEBSITE","EX I WW I PMAX I SCALING I FEED ONLY I PROSPECTING","21137012770","PERFORMANCE_MAX",21,0,0.0000,0.00,0,0.00,0,0,0,0.00,0.0000,"PMAX_BAD_DOMAIN","Medium","Domain name appears auto-generated"
"rzeszow24.info","rzeszow24.info","WEBSITE","EX I WW I PMAX I SCALING I FEED ONLY I PROSPECTING","21137012770","PERFORMANCE_MAX",21,0,0.0000,0.00,0,0.00,0,0,0,0.00,0.0000,"PMAX_BAD_DOMAIN","Medium","Tier 2 high-risk TLD (.info) with suspicious domain name"
"katowice24.info","katowice24.info","WEBSITE","EX I WW I PMAX I SCALING I FEED ONLY I PROSPECTING","21137012770","PERFORMANCE_MAX",20,0,0.0000,0.00,0,0.00,0,0,0,0.00,0.0000,"PMAX_BAD_DOMAIN","Medium","Tier 2 high-risk TLD (.info) with suspicious domain name"
"transfermarkt.fr","transfermarkt.fr","WEBSITE","EX I WW I PMAX I SCALING I FEED ONLY I PROSPECTING","21137012770","PERFORMANCE_MAX",20,0,0.0000,0.00,0,0.00,0,0,0,0.00,0.0000,"PMAX_BAD_DOMAIN","Medium","High consonant ratio (77%) suggests auto-generated domain"
"polszczyzna.pl","polszczyzna.pl","WEBSITE","EX I WW I PMAX I SCALING I FEED ONLY I PROSPECTING","21137012770","PERFORMANCE_MAX",20,0,0.0000,0.00,0,0.00,0,0,0,0.00,0.0000,"PMAX_BAD_DOMAIN","Medium","High consonant ratio (82%) suggests auto-generated domain"
"homemade-gifts-made-easy.com","homemade-gifts-made-easy.com","WEBSITE","EX I WW I PMAX I SCALING I FEED ONLY I PROSPECTING","21137012770","PERFORMANCE_MAX",20,0,0.0000,0.00,0,0.00,0,0,0,0.00,0.0000,"PMAX_BAD_DOMAIN","Medium","Matches MFA pattern: ^(www\.)?[a-z]+-[a-z]+-[a-z]+-[a-z]+\."
"palworldzucht.de","palworldzucht.de","WEBSITE","EX I WW I PMAX I SCALING I FEED ONLY I PROSPECTING","21137012770","PERFORMANCE_MAX",20,0,0.0000,0.00,0,0.00,0,0,0,0.00,0.0000,"PMAX_BAD_DOMAIN","Medium","High consonant ratio (77%) suggests auto-generated domain"
"trennungsschmerzen.de","trennungsschmerzen.de","WEBSITE","EX I WW I PMAX I SCALING I FEED ONLY I PROSPECTING","21137012770","PERFORMANCE_MAX",20,0,0.0000,0.00,0,0.00,0,0,0,0.00,0.0000,"PMAX_BAD_DOMAIN","Medium","High consonant ratio (78%) suggests auto-generated domain"
"glavred.info","glavred.info","WEBSITE","EX I WW I PMAX I SCALING I FEED ONLY I PROSPECTING","21137012770","PERFORMANCE_MAX",20,0,0.0000,0.00,0,0.00,0,0,0,0.00,0.0000,"PMAX_BAD_DOMAIN","Medium","Tier 2 high-risk TLD (.info) with suspicious domain name"
"wholeandheavenlyoven.com","wholeandheavenlyoven.com","WEBSITE","EX I WW I PMAX I SCALING I FEED ONLY I OVER-INDEX + INDEX + NEAR-INDEX","20369175508","PERFORMANCE_MAX",19,0,0.0000,0.00,0,0.00,0,0,0,0.00,0.0000,"PMAX_BAD_DOMAIN","Medium","Domain name appears auto-generated"
"techcrunch.com","techcrunch.com","WEBSITE","EX I WW I PMAX I SCALING I FEED ONLY I PROSPECTING","21137012770","PERFORMANCE_MAX",19,0,0.0000,0.00,0,0.00,0,0,0,0.00,0.0000,"PMAX_BAD_DOMAIN","Medium","High consonant ratio (80%) suggests auto-generated domain"
"rechner.club","rechner.club","WEBSITE","EX I WW I PMAX I SCALING I FEED ONLY I PROSPECTING","21137012770","PERFORMANCE_MAX",19,0,0.0000,0.00,0,0.00,0,0,0,0.00,0.0000,"PMAX_BAD_DOMAIN","Medium","Tier 2 high-risk TLD (.club) with suspicious domain name"
"umsalary.info","umsalary.info","WEBSITE","EX I WW I PMAX I SCALING I FEED ONLY I PROSPECTING","21137012770","PERFORMANCE_MAX",19,0,0.0000,0.00,0,0.00,0,0,0,0.00,0.0000,"PMAX_BAD_DOMAIN","Medium","Tier 2 high-risk TLD (.info) with suspicious domain name"
"lowcarbspark.com","lowcarbspark.com","WEBSITE","EX I WW I PMAX I SCALING I FEED ONLY I PROSPECTING","21137012770","PERFORMANCE_MAX",19,0,0.0000,0.00,0,0.00,0,0,0,0.00,0.0000,"PMAX_BAD_DOMAIN","Medium","High consonant ratio (75%) suggests auto-generated domain"
"1001spiele.at","1001spiele.at","WEBSITE","EX I WW I PMAX I SCALING I FEED ONLY I OVER-INDEX + INDEX + NEAR-INDEX","20369175508","PERFORMANCE_MAX",18,0,0.0000,0.00,0,0.00,0,0,0,0.00,0.0000,"PMAX_BAD_DOMAIN","Medium","High numeric ratio (40%) suggests auto-generated domain"
"hasanjasim.online","hasanjasim.online","WEBSITE","EX I WW I PMAX I SCALING I FEED ONLY I OVER-INDEX + INDEX + NEAR-INDEX","20369175508","PERFORMANCE_MAX",18,0,0.0000,0.00,0,0.00,0,0,0,0.00,0.0000,"PMAX_BAD_DOMAIN","Medium","Tier 2 high-risk TLD (.online) with suspicious domain name"
"goatsports.xyz","goatsports.xyz","WEBSITE","EX I WW I PMAX I SCALING I FEED ONLY I OVER-INDEX + INDEX + NEAR-INDEX","20369175508","PERFORMANCE_MAX",18,0,0.0000,0.00,0,0.00,0,0,0,0.00,0.0000,"PMAX_BAD_DOMAIN","Medium","Tier 2 high-risk TLD (.xyz) with suspicious domain name"
"diffordsguide.com","diffordsguide.com","WEBSITE","EX I WW I PMAX I SCALING I FEED ONLY I OVER-INDEX + INDEX + NEAR-INDEX","20369175508","PERFORMANCE_MAX",18,0,0.0000,0.00,0,0.00,0,0,0,0.00,0.0000,"PMAX_BAD_DOMAIN","Medium","Matches MFA pattern: ^(www\.)?[a-z]*guide[0-9]*\."
"culturecrypt.com","culturecrypt.com","WEBSITE","EX I WW I PMAX I SCALING I FEED ONLY I OVER-INDEX + INDEX + NEAR-INDEX","20369175508","PERFORMANCE_MAX",18,0,0.0000,0.00,0,0.00,0,0,0,0.00,0.0000,"PMAX_BAD_DOMAIN","Medium","High consonant ratio (75%) suggests auto-generated domain"
"gettgmacro.com","gettgmacro.com","WEBSITE","EX I WW I PMAX I SCALING I FEED ONLY I OVER-INDEX + INDEX + NEAR-INDEX","20369175508","PERFORMANCE_MAX",18,0,0.0000,0.00,0,0.00,0,0,0,0.00,0.0000,"PMAX_BAD_DOMAIN","Medium","Matches parked domain pattern: ^(www\.)?get[a-z0-9-]+\.(com|net|org)$"
"snaplytics.io","snaplytics.io","WEBSITE","EX I WW I PMAX I SCALING I FEED ONLY I PROSPECTING","21137012770","PERFORMANCE_MAX",18,0,0.0000,0.00,0,0.00,0,0,0,0.00,0.0000,"PMAX_BAD_DOMAIN","Medium","High consonant ratio (80%) suggests auto-generated domain"
"finnfighting.com","finnfighting.com","WEBSITE","EX I WW I PMAX I SCALING I FEED ONLY I PROSPECTING","21137012770","PERFORMANCE_MAX",18,0,0.0000,0.00,0,0.00,0,0,0,0.00,0.0000,"PMAX_BAD_DOMAIN","Medium","High consonant ratio (75%) suggests auto-generated domain"
"ptcgpocket.gg","ptcgpocket.gg","WEBSITE","EX I WW I PMAX I SCALING I FEED ONLY I PROSPECTING","21137012770","PERFORMANCE_MAX",18,0,0.0000,0.00,0,0.00,0,0,0,0.00,0.0000,"PMAX_BAD_DOMAIN","Medium","High consonant ratio (80%) suggests auto-generated domain"
"skyscanner.es","skyscanner.es","WEBSITE","EX I WW I PMAX I SCALING I FEED ONLY I PROSPECTING","21137012770","PERFORMANCE_MAX",18,0,0.0000,0.00,0,0.00,0,0,0,0.00,0.0000,"PMAX_BAD_DOMAIN","Medium","High consonant ratio (80%) suggests auto-generated domain"
"postcrossing.com","postcrossing.com","WEBSITE","EX I WW I PMAX I SCALING I FEED ONLY I PROSPECTING","21137012770","PERFORMANCE_MAX",18,0,0.0000,0.00,0,0.00,0,0,0,0.00,0.0000,"PMAX_BAD_DOMAIN","Medium","High consonant ratio (75%) suggests auto-generated domain"
"tvguide.com","tvguide.com","WEBSITE","EX I WW I PMAX I SCALING I FEED ONLY I PROSPECTING","21137012770","PERFORMANCE_MAX",18,0,0.0000,0.00,0,0.00,0,0,0,0.00,0.0000,"PMAX_BAD_DOMAIN","Medium","Matches MFA pattern: ^(www\.)?[a-z]*guide[0-9]*\."
"songlyrics.com","songlyrics.com","WEBSITE","EX I WW I PMAX I SCALING I FEED ONLY I PROSPECTING","21137012770","PERFORMANCE_MAX",18,0,0.0000,0.00,0,0.00,0,0,0,0.00,0.0000,"PMAX_BAD_DOMAIN","Medium","High consonant ratio (80%) suggests auto-generated domain"
"grimsbytelegraph.co.uk","grimsbytelegraph.co.uk","WEBSITE","EX I WW I PMAX I SCALING I FEED ONLY I PROSPECTING","21137012770","PERFORMANCE_MAX",18,0,0.0000,0.00,0,0.00,0,0,0,0.00,0.0000,"PMAX_BAD_DOMAIN","Medium","High consonant ratio (75%) suggests auto-generated domain"
"yummypress.com","yummypress.com","WEBSITE","EX I WW I PMAX I SCALING I FEED ONLY I PROSPECTING","21137012770","PERFORMANCE_MAX",18,0,0.0000,0.00,0,0.00,0,0,0,0.00,0.0000,"PMAX_BAD_DOMAIN","Medium","High consonant ratio (80%) suggests auto-generated domain"
"strategyandwargaming.com","strategyandwargaming.com","WEBSITE","EX I WW I PMAX I SCALING I FEED ONLY I PROSPECTING","21137012770","PERFORMANCE_MAX",18,0,0.0000,0.00,0,0.00,0,0,0,0.00,0.0000,"PMAX_BAD_DOMAIN","Medium","Domain name appears auto-generated"
"font.download","font.download","WEBSITE","EX I WW I PMAX I SCALING I FEED ONLY I OVER-INDEX + INDEX + NEAR-INDEX","20369175508","PERFORMANCE_MAX",17,0,0.0000,0.00,0,0.00,0,0,0,0.00,0.0000,"PMAX_BAD_DOMAIN","Medium","Matches parked domain pattern: ^(www\.)?[a-z0-9-]+\.(click|download|bid|win|loan|top)$"
"neal.fun","neal.fun","WEBSITE","EX I WW I PMAX I SCALING I FEED ONLY I OVER-INDEX + INDEX + NEAR-INDEX","20369175508","PERFORMANCE_MAX",17,0,0.0000,0.00,0,0.00,0,0,0,0.00,0.0000,"PMAX_BAD_DOMAIN","Medium","Tier 2 high-risk TLD (.fun) with suspicious domain name"
"howtogeek.com","howtogeek.com","WEBSITE","EX I WW I PMAX I SCALING I FEED ONLY I OVER-INDEX + INDEX + NEAR-INDEX","20369175508","PERFORMANCE_MAX",17,0,0.0000,0.00,0,0.00,0,0,0,0.00,0.0000,"PMAX_BAD_DOMAIN","Medium","Matches MFA pattern: ^(www\.)?[a-z]*howto[a-z]*\."
"skyscanner.es","skyscanner.es","WEBSITE","EX I WW I PMAX I SCALING I FEED ONLY I OVER-INDEX + INDEX + NEAR-INDEX","20369175508","PERFORMANCE_MAX",17,0,0.0000,0.00,0,0.00,0,0,0,0.00,0.0000,"PMAX_BAD_DOMAIN","Medium","High consonant ratio (80%) suggests auto-generated domain"
"hlavnespravy.sk","hlavnespravy.sk","WEBSITE","EX I WW I PMAX I SCALING I FEED ONLY I OVER-INDEX + INDEX + NEAR-INDEX","20369175508","PERFORMANCE_MAX",17,0,0.0000,0.00,0,0.00,0,0,0,0.00,0.0000,"PMAX_BAD_DOMAIN","Medium","High consonant ratio (75%) suggests auto-generated domain"
"prospluscons.com","prospluscons.com","WEBSITE","EX I WW I PMAX I SCALING I FEED ONLY I OVER-INDEX + INDEX + NEAR-INDEX","20369175508","PERFORMANCE_MAX",17,0,0.0000,0.00,0,0.00,0,0,0,0.00,0.0000,"PMAX_BAD_DOMAIN","Medium","High consonant ratio (75%) suggests auto-generated domain"
"smartcanucks.ca","smartcanucks.ca","WEBSITE","EX I WW I PMAX I SCALING I FEED ONLY I OVER-INDEX + INDEX + NEAR-INDEX","20369175508","PERFORMANCE_MAX",17,0,0.0000,0.00,0,0.00,0,0,0,0.00,0.0000,"PMAX_BAD_DOMAIN","Medium","High consonant ratio (75%) suggests auto-generated domain"
"shikeabem.site","shikeabem.site","WEBSITE","EX I WW I PMAX I SCALING I FEED ONLY I OVER-INDEX + INDEX + NEAR-INDEX","20369175508","PERFORMANCE_MAX",17,0,0.0000,0.00,0,0.00,0,0,0,0.00,0.0000,"PMAX_BAD_DOMAIN","Medium","Tier 2 high-risk TLD (.site) with suspicious domain name"
"themediterraneantraveller.com","themediterraneantraveller.com","WEBSITE","EX I WW I PMAX I SCALING I FEED ONLY I PROSPECTING","21137012770","PERFORMANCE_MAX",17,0,0.0000,0.00,0,0.00,0,0,0,0.00,0.0000,"PMAX_BAD_DOMAIN","Medium","Domain name appears auto-generated"
"myshiptracking.com","myshiptracking.com","WEBSITE","EX I WW I PMAX I SCALING I FEED ONLY I PROSPECTING","21137012770","PERFORMANCE_MAX",17,0,0.0000,0.00,0,0.00,0,0,0,0.00,0.0000,"PMAX_BAD_DOMAIN","Medium","High consonant ratio (79%) suggests auto-generated domain"
"chordsworld.com","chordsworld.com","WEBSITE","EX I WW I PMAX I SCALING I FEED ONLY I PROSPECTING","21137012770","PERFORMANCE_MAX",17,0,0.0000,0.00,0,0.00,0,0,0,0.00,0.0000,"PMAX_BAD_DOMAIN","Medium","High consonant ratio (82%) suggests auto-generated domain"
"bakingwithgranny.co.uk","bakingwithgranny.co.uk","WEBSITE","EX I WW I PMAX I SCALING I FEED ONLY I PROSPECTING","21137012770","PERFORMANCE_MAX",17,0,0.0000,0.00,0,0.00,0,0,0,0.00,0.0000,"PMAX_BAD_DOMAIN","Medium","High consonant ratio (75%) suggests auto-generated domain"
"bfmtv.com","bfmtv.com","WEBSITE","EX I WW I PMAX I SCALING I FEED ONLY I PROSPECTING","21137012770","PERFORMANCE_MAX",17,0,0.0000,0.00,0,0.00,0,0,0,0.00,0.0000,"PMAX_BAD_DOMAIN","Medium","Domain matches DGA entropy pattern"
"hasanjasim.online","hasanjasim.online","WEBSITE","EX I WW I PMAX I SCALING I FEED ONLY I PROSPECTING","21137012770","PERFORMANCE_MAX",17,0,0.0000,0.00,0,0.00,0,0,0,0.00,0.0000,"PMAX_BAD_DOMAIN","Medium","Tier 2 high-risk TLD (.online) with suspicious domain name"
"transfermarkt.nl","transfermarkt.nl","WEBSITE","EX I WW I PMAX I SCALING I FEED ONLY I PROSPECTING","21137012770","PERFORMANCE_MAX",17,0,0.0000,0.00,0,0.00,0,0,0,0.00,0.0000,"PMAX_BAD_DOMAIN","Medium","High consonant ratio (77%) suggests auto-generated domain"
"okuyama3093.com","okuyama3093.com","WEBSITE","EX I WW I PMAX I SCALING I FEED ONLY I PROSPECTING","21137012770","PERFORMANCE_MAX",17,0,0.0000,0.00,0,0.00,0,0,0,0.00,0.0000,"PMAX_BAD_DOMAIN","Medium","High numeric ratio (36%) suggests auto-generated domain"
"gundamkitscollection.com","gundamkitscollection.com","WEBSITE","EX I WW I PMAX I SCALING I FEED ONLY I PROSPECTING","21137012770","PERFORMANCE_MAX",17,0,0.0000,0.00,0,0.00,0,0,0,0.00,0.0000,"PMAX_BAD_DOMAIN","Medium","Domain name appears auto-generated"
"wrzuc.info","wrzuc.info","WEBSITE","EX I WW I PMAX I SCALING I FEED ONLY I PROSPECTING","21137012770","PERFORMANCE_MAX",17,0,0.0000,0.00,0,0.00,0,0,0,0.00,0.0000,"PMAX_BAD_DOMAIN","Medium","Tier 2 high-risk TLD (.info) with suspicious domain name"
"sixam.cc","sixam.cc","WEBSITE","EX I WW I PMAX I SCALING I FEED ONLY I PROSPECTING","21137012770","PERFORMANCE_MAX",17,0,0.0000,0.00,0,0.00,0,0,0,0.00,0.0000,"PMAX_BAD_DOMAIN","Medium","Tier 2 high-risk TLD (.cc) with suspicious domain name"
"metall-tarif.info","metall-tarif.info","WEBSITE","EX I WW I PMAX I SCALING I FEED ONLY I PROSPECTING","21137012770","PERFORMANCE_MAX",17,0,0.0000,0.00,0,0.00,0,0,0,0.00,0.0000,"PMAX_BAD_DOMAIN","Medium","Tier 2 high-risk TLD (.info) with suspicious domain name"
"1000rr.co.uk","1000rr.co.uk","WEBSITE","EX I WW I PMAX I SCALING I FEED ONLY I PROSPECTING","21137012770","PERFORMANCE_MAX",17,0,0.0000,0.00,0,0.00,0,0,0,0.00,0.0000,"PMAX_BAD_DOMAIN","Medium","Matches parked domain pattern: ^(www\.)?\d{3,}[a-z]{1,3}\."
"1000rr.net","1000rr.net","WEBSITE","EX I WW I PMAX I SCALING I FEED ONLY I PROSPECTING","21137012770","PERFORMANCE_MAX",17,0,0.0000,0.00,0,0.00,0,0,0,0.00,0.0000,"PMAX_BAD_DOMAIN","Medium","Matches parked domain pattern: ^(www\.)?\d{3,}[a-z]{1,3}\."
"allcruisejobs.com","allcruisejobs.com","WEBSITE","EX I WW I PMAX I SCALING I FEED ONLY I PROSPECTING","21137012770","PERFORMANCE_MAX",17,0,0.0000,0.00,0,0.00,0,0,0,0.00,0.0000,"PMAX_BAD_DOMAIN","Medium","Matches MFA pattern: ^(www\.)?all[a-z]+(jobs|local|deals)\."
"virtualizationhowto.com","virtualizationhowto.com","WEBSITE","EX I WW I PMAX I SCALING I FEED ONLY I PROSPECTING","21137012770","PERFORMANCE_MAX",17,0,0.0000,0.00,0,0.00,0,0,0,0.00,0.0000,"PMAX_BAD_DOMAIN","Medium","Matches MFA pattern: ^(www\.)?[a-z]*howto[a-z]*\."
"estone.cc","estone.cc","WEBSITE","EX I WW I PMAX I SCALING I FEED ONLY I OVER-INDEX + INDEX + NEAR-INDEX","20369175508","PERFORMANCE_MAX",16,0,0.0000,0.00,0,0.00,0,0,0,0.00,0.0000,"PMAX_BAD_DOMAIN","Medium","Tier 2 high-risk TLD (.cc) with suspicious domain name"
"heardle.info","heardle.info","WEBSITE","EX I WW I PMAX I SCALING I FEED ONLY I OVER-INDEX + INDEX + NEAR-INDEX","20369175508","PERFORMANCE_MAX",16,0,0.0000,0.00,0,0.00,0,0,0,0.00,0.0000,"PMAX_BAD_DOMAIN","Medium","Tier 2 high-risk TLD (.info) with suspicious domain name"
"buggybuddys.com.au","buggybuddys.com.au","WEBSITE","EX I WW I PMAX I SCALING I FEED ONLY I OVER-INDEX + INDEX + NEAR-INDEX","20369175508","PERFORMANCE_MAX",16,0,0.0000,0.00,0,0.00,0,0,0,0.00,0.0000,"PMAX_BAD_DOMAIN","Medium","High consonant ratio (82%) suggests auto-generated domain"
"thetarotguide.com","thetarotguide.com","WEBSITE","EX I WW I PMAX I SCALING I FEED ONLY I OVER-INDEX + INDEX + NEAR-INDEX","20369175508","PERFORMANCE_MAX",16,0,0.0000,0.00,0,0.00,0,0,0,0.00,0.0000,"PMAX_BAD_DOMAIN","Medium","Matches MFA pattern: ^(www\.)?[a-z]*guide[0-9]*\."
"transfermarkt.co.uk","transfermarkt.co.uk","WEBSITE","EX I WW I PMAX I SCALING I FEED ONLY I OVER-INDEX + INDEX + NEAR-INDEX","20369175508","PERFORMANCE_MAX",16,0,0.0000,0.00,0,0.00,0,0,0,0.00,0.0000,"PMAX_BAD_DOMAIN","Medium","High consonant ratio (77%) suggests auto-generated domain"
"nikkis.info","nikkis.info","WEBSITE","EX I WW I PMAX I SCALING I FEED ONLY I OVER-INDEX + INDEX + NEAR-INDEX","20369175508","PERFORMANCE_MAX",16,0,0.0000,0.00,0,0.00,0,0,0,0.00,0.0000,"PMAX_BAD_DOMAIN","Medium","Tier 2 high-risk TLD (.info) with suspicious domain name"
"skyscanner.net","skyscanner.net","WEBSITE","EX I WW I PMAX I SCALING I FEED ONLY I OVER-INDEX + INDEX + NEAR-INDEX","20369175508","PERFORMANCE_MAX",16,0,0.0000,0.00,0,0.00,0,0,0,0.00,0.0000,"PMAX_BAD_DOMAIN","Medium","High consonant ratio (80%) suggests auto-generated domain"
"defence-line.info","defence-line.info","WEBSITE","EX I WW I PMAX I SCALING I FEED ONLY I PROSPECTING","21137012770","PERFORMANCE_MAX",16,0,0.0000,0.00,0,0.00,0,0,0,0.00,0.0000,"PMAX_BAD_DOMAIN","Medium","Tier 2 high-risk TLD (.info) with suspicious domain name"
"runnersworld.de","runnersworld.de","WEBSITE","EX I WW I PMAX I SCALING I FEED ONLY I PROSPECTING","21137012770","PERFORMANCE_MAX",16,0,0.0000,0.00,0,0.00,0,0,0,0.00,0.0000,"PMAX_BAD_DOMAIN","Medium","High consonant ratio (75%) suggests auto-generated domain"
"nightlight.gg","nightlight.gg","WEBSITE","EX I WW I PMAX I SCALING I FEED ONLY I PROSPECTING","21137012770","PERFORMANCE_MAX",16,0,0.0000,0.00,0,0.00,0,0,0,0.00,0.0000,"PMAX_BAD_DOMAIN","Medium","High consonant ratio (80%) suggests auto-generated domain"
"historyskills.com","historyskills.com","WEBSITE","EX I WW I PMAX I SCALING I FEED ONLY I PROSPECTING","21137012770","PERFORMANCE_MAX",16,0,0.0000,0.00,0,0.00,0,0,0,0.00,0.0000,"PMAX_BAD_DOMAIN","Medium","High consonant ratio (77%) suggests auto-generated domain"
"clickondetroit.com","clickondetroit.com","WEBSITE","EX I WW I PMAX I SCALING I FEED ONLY I PROSPECTING","21137012770","PERFORMANCE_MAX",16,0,0.0000,0.00,0,0.00,0,0,0,0.00,0.0000,"PMAX_BAD_DOMAIN","Medium","Matches MFA pattern: ^(www\.)?[a-z]*(click|cash|money|fast)[a-z]*\.(com|net|xyz|top|info)$"
"hlavnespravy.sk","hlavnespravy.sk","WEBSITE","EX I WW I PMAX I SCALING I FEED ONLY I PROSPECTING","21137012770","PERFORMANCE_MAX",16,0,0.0000,0.00,0,0.00,0,0,0,0.00,0.0000,"PMAX_BAD_DOMAIN","Medium","High consonant ratio (75%) suggests auto-generated domain"
"cyclingtiz.live","cyclingtiz.live","WEBSITE","EX I WW I PMAX I SCALING I FEED ONLY I PROSPECTING","21137012770","PERFORMANCE_MAX",16,0,0.0000,0.00,0,0.00,0,0,0,0.00,0.0000,"PMAX_BAD_DOMAIN","Medium","High consonant ratio (80%) suggests auto-generated domain"
"uahistory.co","uahistory.co","WEBSITE","EX I WW I PMAX I SCALING I FEED ONLY I PROSPECTING","21137012770","PERFORMANCE_MAX",16,0,0.0000,0.00,0,0.00,0,0,0,0.00,0.0000,"PMAX_BAD_DOMAIN","Medium","Matches MFA pattern: ^(www\.)?[a-z]*(article|content|story)s?[0-9]*\."
"twittervideodownloader.com","twittervideodownloader.com","WEBSITE","EX I WW I PMAX I SCALING I FEED ONLY I PROSPECTING","21137012770","PERFORMANCE_MAX",16,0,0.0000,0.00,0,0.00,0,0,0,0.00,0.0000,"PMAX_BAD_DOMAIN","Medium","Domain name appears auto-generated"
"plantifullybasedblog.com","plantifullybasedblog.com","WEBSITE","EX I WW I PMAX I SCALING I FEED ONLY I PROSPECTING","21137012770","PERFORMANCE_MAX",16,0,0.0000,0.00,0,0.00,0,0,0,0.00,0.0000,"PMAX_BAD_DOMAIN","Medium","Domain name appears auto-generated"
"scarymommy.com","scarymommy.com","WEBSITE","EX I WW I PMAX I SCALING I FEED ONLY I PROSPECTING","21137012770","PERFORMANCE_MAX",16,0,0.0000,0.00,0,0.00,0,0,0,0.00,0.0000,"PMAX_BAD_DOMAIN","Medium","High consonant ratio (80%) suggests auto-generated domain"
"xn--juhlapyht-22a.fi","xn--juhlapyht-22a.fi","WEBSITE","EX I WW I PMAX I SCALING I FEED ONLY I PROSPECTING","21137012770","PERFORMANCE_MAX",16,0,0.0000,0.00,0,0.00,0,0,0,0.00,0.0000,"PMAX_BAD_DOMAIN","Medium","Punycode/IDN domain — likely irrelevant"
"mazda-forum.info","mazda-forum.info","WEBSITE","EX I WW I PMAX I SCALING I FEED ONLY I OVER-INDEX + INDEX + NEAR-INDEX","20369175508","PERFORMANCE_MAX",15,0,0.0000,0.00,0,0.00,0,0,0,0.00,0.0000,"PMAX_BAD_DOMAIN","Medium","Tier 2 high-risk TLD (.info) with suspicious domain name"
"drivingtests.co.nz","drivingtests.co.nz","WEBSITE","EX I WW I PMAX I SCALING I FEED ONLY I OVER-INDEX + INDEX + NEAR-INDEX","20369175508","PERFORMANCE_MAX",15,0,0.0000,0.00,0,0.00,0,0,0,0.00,0.0000,"PMAX_BAD_DOMAIN","Medium","High consonant ratio (75%) suggests auto-generated domain"
"theblushboss.com","theblushboss.com","WEBSITE","EX I WW I PMAX I SCALING I FEED ONLY I PROSPECTING","21137012770","PERFORMANCE_MAX",15,0,0.0000,0.00,0,0.00,0,0,0,0.00,0.0000,"PMAX_BAD_DOMAIN","Medium","High consonant ratio (75%) suggests auto-generated domain"
"ppsspp.org","ppsspp.org","WEBSITE","EX I WW I PMAX I SCALING I FEED ONLY I PROSPECTING","21137012770","PERFORMANCE_MAX",15,0,0.0000,0.00,0,0.00,0,0,0,0.00,0.0000,"PMAX_BAD_DOMAIN","Medium","Domain name appears auto-generated"
"fussballnationalmannschaft.net","fussballnationalmannschaft.net","WEBSITE","EX I WW I PMAX I SCALING I FEED ONLY I PROSPECTING","21137012770","PERFORMANCE_MAX",15,0,0.0000,0.00,0,0.00,0,0,0,0.00,0.0000,"PMAX_BAD_DOMAIN","Medium","Domain name appears auto-generated"
"grids.fun","grids.fun","WEBSITE","EX I WW I PMAX I SCALING I FEED ONLY I PROSPECTING","21137012770","PERFORMANCE_MAX",15,0,0.0000,0.00,0,0.00,0,0,0,0.00,0.0000,"PMAX_BAD_DOMAIN","Medium","Tier 2 high-risk TLD (.fun) with suspicious domain name"
"openairguide.net","openairguide.net","WEBSITE","EX I WW I PMAX I SCALING I FEED ONLY I PROSPECTING","21137012770","PERFORMANCE_MAX",15,0,0.0000,0.00,0,0.00,0,0,0,0.00,0.0000,"PMAX_BAD_DOMAIN","Medium","Matches MFA pattern: ^(www\.)?[a-z]*guide[0-9]*\."
"bytheforkful.com","bytheforkful.com","WEBSITE","EX I WW I PMAX I SCALING I FEED ONLY I PROSPECTING","21137012770","PERFORMANCE_MAX",15,0,0.0000,0.00,0,0.00,0,0,0,0.00,0.0000,"PMAX_BAD_DOMAIN","Medium","High consonant ratio (75%) suggests auto-generated domain"
"chartmasters.org","chartmasters.org","WEBSITE","EX I WW I PMAX I SCALING I FEED ONLY I PROSPECTING","21137012770","PERFORMANCE_MAX",15,0,0.0000,0.00,0,0.00,0,0,0,0.00,0.0000,"PMAX_BAD_DOMAIN","Medium","High consonant ratio (75%) suggests auto-generated domain"
"mommypoppins.com","mommypoppins.com","WEBSITE","EX I WW I PMAX I SCALING I FEED ONLY I PROSPECTING","21137012770","PERFORMANCE_MAX",15,0,0.0000,0.00,0,0.00,0,0,0,0.00,0.0000,"PMAX_BAD_DOMAIN","Medium","High consonant ratio (75%) suggests auto-generated domain"
"clickamericana.com","clickamericana.com","WEBSITE","EX I WW I PMAX I SCALING I FEED ONLY I PROSPECTING","21137012770","PERFORMANCE_MAX",15,0,0.0000,0.00,0,0.00,0,0,0,0.00,0.0000,"PMAX_BAD_DOMAIN","Medium","Matches MFA pattern: ^(www\.)?[a-z]*(click|cash|money|fast)[a-z]*\.(com|net|xyz|top|info)$"
"burrn.online","burrn.online","WEBSITE","EX I WW I PMAX I SCALING I FEED ONLY I PROSPECTING","21137012770","PERFORMANCE_MAX",15,0,0.0000,0.00,0,0.00,0,0,0,0.00,0.0000,"PMAX_BAD_DOMAIN","Medium","Tier 2 high-risk TLD (.online) with suspicious domain name"
"lyndyskitchen.com","lyndyskitchen.com","WEBSITE","EX I WW I PMAX I SCALING I FEED ONLY I PROSPECTING","21137012770","PERFORMANCE_MAX",15,0,0.0000,0.00,0,0.00,0,0,0,0.00,0.0000,"PMAX_BAD_DOMAIN","Medium","High consonant ratio (85%) suggests auto-generated domain"
"wachstumstracker.de","wachstumstracker.de","WEBSITE","EX I WW I PMAX I SCALING I FEED ONLY I PROSPECTING","21137012770","PERFORMANCE_MAX",15,0,0.0000,0.00,0,0.00,0,0,0,0.00,0.0000,"PMAX_BAD_DOMAIN","Medium","High consonant ratio (75%) suggests auto-generated domain"
"getridofpestanimals.com","getridofpestanimals.com","WEBSITE","EX I WW I PMAX I SCALING I FEED ONLY I PROSPECTING","21137012770","PERFORMANCE_MAX",15,0,0.0000,0.00,0,0.00,0,0,0,0.00,0.0000,"PMAX_BAD_DOMAIN","Medium","Matches parked domain pattern: ^(www\.)?get[a-z0-9-]+\.(com|net|org)$"
"yoyogikoen.info","yoyogikoen.info","WEBSITE","EX I WW I PMAX I SCALING I FEED ONLY I PROSPECTING","21137012770","PERFORMANCE_MAX",15,0,0.0000,0.00,0,0.00,0,0,0,0.00,0.0000,"PMAX_BAD_DOMAIN","Medium","Tier 2 high-risk TLD (.info) with suspicious domain name"
"tistory.com","tistory.com","WEBSITE","EX I WW I PMAX I SCALING I FEED ONLY I PROSPECTING","21137012770","PERFORMANCE_MAX",15,0,0.0000,0.00,0,0.00,0,0,0,0.00,0.0000,"PMAX_BAD_DOMAIN","Medium","Matches MFA pattern: ^(www\.)?[a-z]*(article|content|story)s?[0-9]*\."
"playretrogames.online","playretrogames.online","WEBSITE","EX I WW I PMAX I SCALING I FEED ONLY I PROSPECTING","21137012770","PERFORMANCE_MAX",15,0,0.0000,0.00,0,0.00,0,0,0,0.00,0.0000,"PMAX_BAD_DOMAIN","Medium","Tier 2 high-risk TLD (.online) with suspicious domain name"
"wonderhowto.com","wonderhowto.com","WEBSITE","EX I WW I PMAX I SCALING I FEED ONLY I PROSPECTING","21137012770","PERFORMANCE_MAX",15,0,0.0000,0.00,0,0.00,0,0,0,0.00,0.0000,"PMAX_BAD_DOMAIN","Medium","Matches MFA pattern: ^(www\.)?[a-z]*howto[a-z]*\."
"thesoundboardreviews.com","thesoundboardreviews.com","WEBSITE","EX I WW I PMAX I SCALING I FEED ONLY I PROSPECTING","21137012770","PERFORMANCE_MAX",15,0,0.0000,0.00,0,0.00,0,0,0,0.00,0.0000,"PMAX_BAD_DOMAIN","Medium","Domain name appears auto-generated"
"getgreenshot.org","getgreenshot.org","WEBSITE","EX I WW I PMAX I SCALING I FEED ONLY I PROSPECTING","21137012770","PERFORMANCE_MAX",15,0,0.0000,0.00,0,0.00,0,0,0,0.00,0.0000,"PMAX_BAD_DOMAIN","Medium","Matches parked domain pattern: ^(www\.)?get[a-z0-9-]+\.(com|net|org)$"
"fogos.online","fogos.online","WEBSITE","EX I WW I PMAX I SCALING I FEED ONLY I PROSPECTING","21137012770","PERFORMANCE_MAX",15,0,0.0000,0.00,0,0.00,0,0,0,0.00,0.0000,"PMAX_BAD_DOMAIN","Medium","Tier 2 high-risk TLD (.online) with suspicious domain name"
"rovea.info","rovea.info","WEBSITE","EX I WW I PMAX I SCALING I FEED ONLY I OVER-INDEX + INDEX + NEAR-INDEX","20369175508","PERFORMANCE_MAX",14,0,0.0000,0.00,0,0.00,0,0,0,0.00,0.0000,"PMAX_BAD_DOMAIN","Medium","Tier 2 high-risk TLD (.info) with suspicious domain name"
"iq-test.cc","iq-test.cc","WEBSITE","EX I WW I PMAX I SCALING I FEED ONLY I OVER-INDEX + INDEX + NEAR-INDEX","20369175508","PERFORMANCE_MAX",14,0,0.0000,0.00,0,0.00,0,0,0,0.00,0.0000,"PMAX_BAD_DOMAIN","Medium","Tier 2 high-risk TLD (.cc) with suspicious domain name"
"cobbledex.info","cobbledex.info","WEBSITE","EX I WW I PMAX I SCALING I FEED ONLY I OVER-INDEX + INDEX + NEAR-INDEX","20369175508","PERFORMANCE_MAX",14,0,0.0000,0.00,0,0.00,0,0,0,0.00,0.0000,"PMAX_BAD_DOMAIN","Medium","Tier 2 high-risk TLD (.info) with suspicious domain name"
"behindthevoiceactors.com","behindthevoiceactors.com","WEBSITE","EX I WW I PMAX I SCALING I FEED ONLY I OVER-INDEX + INDEX + NEAR-INDEX","20369175508","PERFORMANCE_MAX",14,0,0.0000,0.00,0,0.00,0,0,0,0.00,0.0000,"PMAX_BAD_DOMAIN","Medium","Domain name appears auto-generated"
"tikmate.cc","tikmate.cc","WEBSITE","EX I WW I PMAX I SCALING I FEED ONLY I OVER-INDEX + INDEX + NEAR-INDEX","20369175508","PERFORMANCE_MAX",14,0,0.0000,0.00,0,0.00,0,0,0,0.00,0.0000,"PMAX_BAD_DOMAIN","Medium","Tier 2 high-risk TLD (.cc) with suspicious domain name"
"p2000alarm.nl","p2000alarm.nl","WEBSITE","EX I WW I PMAX I SCALING I FEED ONLY I OVER-INDEX + INDEX + NEAR-INDEX","20369175508","PERFORMANCE_MAX",14,0,0.0000,0.00,0,0.00,0,0,0,0.00,0.0000,"PMAX_BAD_DOMAIN","Medium","High numeric ratio (40%) suggests auto-generated domain"
"ino.online","ino.online","WEBSITE","EX I WW I PMAX I SCALING I FEED ONLY I OVER-INDEX + INDEX + NEAR-INDEX","20369175508","PERFORMANCE_MAX",14,0,0.0000,0.00,0,0.00,0,0,0,0.00,0.0000,"PMAX_BAD_DOMAIN","Medium","Tier 2 high-risk TLD (.online) with suspicious domain name"
"rzeszow24.info","rzeszow24.info","WEBSITE","EX I WW I PMAX I SCALING I FEED ONLY I OVER-INDEX + INDEX + NEAR-INDEX","20369175508","PERFORMANCE_MAX",14,0,0.0000,0.00,0,0.00,0,0,0,0.00,0.0000,"PMAX_BAD_DOMAIN","Medium","Tier 2 high-risk TLD (.info) with suspicious domain name"
"yunite.xyz","yunite.xyz","WEBSITE","EX I WW I PMAX I SCALING I FEED ONLY I PROSPECTING","21137012770","PERFORMANCE_MAX",14,0,0.0000,0.00,0,0.00,0,0,0,0.00,0.0000,"PMAX_BAD_DOMAIN","Medium","Tier 2 high-risk TLD (.xyz) with suspicious domain name"
"savett.cc","savett.cc","WEBSITE","EX I WW I PMAX I SCALING I FEED ONLY I PROSPECTING","21137012770","PERFORMANCE_MAX",14,0,0.0000,0.00,0,0.00,0,0,0,0.00,0.0000,"PMAX_BAD_DOMAIN","Medium","Tier 2 high-risk TLD (.cc) with suspicious domain name"
"tfrrs.org","tfrrs.org","WEBSITE","EX I WW I PMAX I SCALING I FEED ONLY I PROSPECTING","21137012770","PERFORMANCE_MAX",14,0,0.0000,0.00,0,0.00,0,0,0,0.00,0.0000,"PMAX_BAD_DOMAIN","Medium","Domain matches DGA entropy pattern"
"mykidslickthebowl.com","mykidslickthebowl.com","WEBSITE","EX I WW I PMAX I SCALING I FEED ONLY I PROSPECTING","21137012770","PERFORMANCE_MAX",14,0,0.0000,0.00,0,0.00,0,0,0,0.00,0.0000,"PMAX_BAD_DOMAIN","Medium","High consonant ratio (76%) suggests auto-generated domain"
"singletrackworld.com","singletrackworld.com","WEBSITE","EX I WW I PMAX I SCALING I FEED ONLY I PROSPECTING","21137012770","PERFORMANCE_MAX",14,0,0.0000,0.00,0,0.00,0,0,0,0.00,0.0000,"PMAX_BAD_DOMAIN","Medium","High consonant ratio (75%) suggests auto-generated domain"
"thelittleblogofvegan.com","thelittleblogofvegan.com","WEBSITE","EX I WW I PMAX I SCALING I FEED ONLY I PROSPECTING","21137012770","PERFORMANCE_MAX",14,0,0.0000,0.00,0,0.00,0,0,0,0.00,0.0000,"PMAX_BAD_DOMAIN","Medium","Domain name appears auto-generated"
"theyummybowl.com","theyummybowl.com","WEBSITE","EX I WW I PMAX I SCALING I FEED ONLY I PROSPECTING","21137012770","PERFORMANCE_MAX",14,0,0.0000,0.00,0,0.00,0,0,0,0.00,0.0000,"PMAX_BAD_DOMAIN","Medium","High consonant ratio (75%) suggests auto-generated domain"
"propertynews.pl","propertynews.pl","WEBSITE","EX I WW I PMAX I SCALING I FEED ONLY I PROSPECTING","21137012770","PERFORMANCE_MAX",14,0,0.0000,0.00,0,0.00,0,0,0,0.00,0.0000,"PMAX_BAD_DOMAIN","Medium","High consonant ratio (75%) suggests auto-generated domain"
"scriptblox.com","scriptblox.com","WEBSITE","EX I WW I PMAX I SCALING I FEED ONLY I PROSPECTING","21137012770","PERFORMANCE_MAX",14,0,0.0000,0.00,0,0.00,0,0,0,0.00,0.0000,"PMAX_BAD_DOMAIN","Medium","High consonant ratio (80%) suggests auto-generated domain"
"simplisticallyliving.com","simplisticallyliving.com","WEBSITE","EX I WW I PMAX I SCALING I FEED ONLY I PROSPECTING","21137012770","PERFORMANCE_MAX",14,0,0.0000,0.00,0,0.00,0,0,0,0.00,0.0000,"PMAX_BAD_DOMAIN","Medium","Domain name appears auto-generated"
"theboardgameschronicle.com","theboardgameschronicle.com","WEBSITE","EX I WW I PMAX I SCALING I FEED ONLY I PROSPECTING","21137012770","PERFORMANCE_MAX",14,0,0.0000,0.00,0,0.00,0,0,0,0.00,0.0000,"PMAX_BAD_DOMAIN","Medium","Domain name appears auto-generated"
"clutchpoints.com","clutchpoints.com","WEBSITE","EX I WW I PMAX I SCALING I FEED ONLY I PROSPECTING","21137012770","PERFORMANCE_MAX",14,0,0.0000,0.00,0,0.00,0,0,0,0.00,0.0000,"PMAX_BAD_DOMAIN","Medium","High consonant ratio (75%) suggests auto-generated domain"
"japanese-names.info","japanese-names.info","WEBSITE","EX I WW I PMAX I SCALING I FEED ONLY I PROSPECTING","21137012770","PERFORMANCE_MAX",14,0,0.0000,0.00,0,0.00,0,0,0,0.00,0.0000,"PMAX_BAD_DOMAIN","Medium","Tier 2 high-risk TLD (.info) with suspicious domain name"
"ddpcshares.com","ddpcshares.com","WEBSITE","EX I WW I PMAX I SCALING I FEED ONLY I PROSPECTING","21137012770","PERFORMANCE_MAX",14,0,0.0000,0.00,0,0.00,0,0,0,0.00,0.0000,"PMAX_BAD_DOMAIN","Medium","High consonant ratio (80%) suggests auto-generated domain"
"punchdrink.com","punchdrink.com","WEBSITE","EX I WW I PMAX I SCALING I FEED ONLY I PROSPECTING","21137012770","PERFORMANCE_MAX",14,0,0.0000,0.00,0,0.00,0,0,0,0.00,0.0000,"PMAX_BAD_DOMAIN","Medium","High consonant ratio (80%) suggests auto-generated domain"
"przyslijprzepis.pl","przyslijprzepis.pl","WEBSITE","EX I WW I PMAX I SCALING I FEED ONLY I PROSPECTING","21137012770","PERFORMANCE_MAX",14,0,0.0000,0.00,0,0.00,0,0,0,0.00,0.0000,"PMAX_BAD_DOMAIN","Medium","High consonant ratio (80%) suggests auto-generated domain"
"cyclingnews.com","cyclingnews.com","WEBSITE","EX I WW I PMAX I SCALING I FEED ONLY I PROSPECTING","21137012770","PERFORMANCE_MAX",14,0,0.0000,0.00,0,0.00,0,0,0,0.00,0.0000,"PMAX_BAD_DOMAIN","Medium","High consonant ratio (82%) suggests auto-generated domain"
"strengthlevel.de","strengthlevel.de","WEBSITE","EX I WW I PMAX I SCALING I FEED ONLY I OVER-INDEX + INDEX + NEAR-INDEX","20369175508","PERFORMANCE_MAX",13,0,0.0000,0.00,0,0.00,0,0,0,0.00,0.0000,"PMAX_BAD_DOMAIN","Medium","High consonant ratio (77%) suggests auto-generated domain"
"undertok.online","undertok.online","WEBSITE","EX I WW I PMAX I SCALING I FEED ONLY I OVER-INDEX + INDEX + NEAR-INDEX","20369175508","PERFORMANCE_MAX",13,0,0.0000,0.00,0,0.00,0,0,0,0.00,0.0000,"PMAX_BAD_DOMAIN","Medium","Tier 2 high-risk TLD (.online) with suspicious domain name"
"xn--80a0aejb8dva.com","xn--80a0aejb8dva.com","WEBSITE","EX I WW I PMAX I SCALING I FEED ONLY I OVER-INDEX + INDEX + NEAR-INDEX","20369175508","PERFORMANCE_MAX",13,0,0.0000,0.00,0,0.00,0,0,0,0.00,0.0000,"PMAX_BAD_DOMAIN","Medium","Punycode/IDN domain — likely irrelevant"
"weareglobaltravellers.com","weareglobaltravellers.com","WEBSITE","EX I WW I PMAX I SCALING I FEED ONLY I OVER-INDEX + INDEX + NEAR-INDEX","20369175508","PERFORMANCE_MAX",13,0,0.0000,0.00,0,0.00,0,0,0,0.00,0.0000,"PMAX_BAD_DOMAIN","Medium","Domain name appears auto-generated"
"ultimatechristmasmarkets.com","ultimatechristmasmarkets.com","WEBSITE","EX I WW I PMAX I SCALING I FEED ONLY I OVER-INDEX + INDEX + NEAR-INDEX","20369175508","PERFORMANCE_MAX",13,0,0.0000,0.00,0,0.00,0,0,0,0.00,0.0000,"PMAX_BAD_DOMAIN","Medium","Domain name appears auto-generated"
"spiritanimal.info","spiritanimal.info","WEBSITE","EX I WW I PMAX I SCALING I FEED ONLY I OVER-INDEX + INDEX + NEAR-INDEX","20369175508","PERFORMANCE_MAX",13,0,0.0000,0.00,0,0.00,0,0,0,0.00,0.0000,"PMAX_BAD_DOMAIN","Medium","Tier 2 high-risk TLD (.info) with suspicious domain name"
"truckersmp.com","truckersmp.com","WEBSITE","EX I WW I PMAX I SCALING I FEED ONLY I OVER-INDEX + INDEX + NEAR-INDEX","20369175508","PERFORMANCE_MAX",13,0,0.0000,0.00,0,0.00,0,0,0,0.00,0.0000,"PMAX_BAD_DOMAIN","Medium","High consonant ratio (80%) suggests auto-generated domain"
"sern.info","sern.info","WEBSITE","EX I WW I PMAX I SCALING I FEED ONLY I OVER-INDEX + INDEX + NEAR-INDEX","20369175508","PERFORMANCE_MAX",13,0,0.0000,0.00,0,0.00,0,0,0,0.00,0.0000,"PMAX_BAD_DOMAIN","Medium","Tier 2 high-risk TLD (.info) with suspicious domain name"
"sixam.cc","sixam.cc","WEBSITE","EX I WW I PMAX I SCALING I FEED ONLY I OVER-INDEX + INDEX + NEAR-INDEX","20369175508","PERFORMANCE_MAX",13,0,0.0000,0.00,0,0.00,0,0,0,0.00,0.0000,"PMAX_BAD_DOMAIN","Medium","Tier 2 high-risk TLD (.cc) with suspicious domain name"
"transfermarkt.com.tr","transfermarkt.com.tr","WEBSITE","EX I WW I PMAX I SCALING I FEED ONLY I OVER-INDEX + INDEX + NEAR-INDEX","20369175508","PERFORMANCE_MAX",13,0,0.0000,0.00,0,0.00,0,0,0,0.00,0.0000,"PMAX_BAD_DOMAIN","Medium","High consonant ratio (77%) suggests auto-generated domain"
"bmwfans.info","bmwfans.info","WEBSITE","EX I WW I PMAX I SCALING I FEED ONLY I PROSPECTING","21137012770","PERFORMANCE_MAX",13,0,0.0000,0.00,0,0.00,0,0,0,0.00,0.0000,"PMAX_BAD_DOMAIN","Medium","Tier 2 high-risk TLD (.info) with suspicious domain name"
"theashleysrealityroundup.com","theashleysrealityroundup.com","WEBSITE","EX I WW I PMAX I SCALING I FEED ONLY I PROSPECTING","21137012770","PERFORMANCE_MAX",13,0,0.0000,0.00,0,0.00,0,0,0,0.00,0.0000,"PMAX_BAD_DOMAIN","Medium","Domain name appears auto-generated"
"guinnessworldrecords.com","guinnessworldrecords.com","WEBSITE","EX I WW I PMAX I SCALING I FEED ONLY I PROSPECTING","21137012770","PERFORMANCE_MAX",13,0,0.0000,0.00,0,0.00,0,0,0,0.00,0.0000,"PMAX_BAD_DOMAIN","Medium","Domain name appears auto-generated"
"unitedstateszipcodes.org","unitedstateszipcodes.org","WEBSITE","EX I WW I PMAX I SCALING I FEED ONLY I PROSPECTING","21137012770","PERFORMANCE_MAX",13,0,0.0000,0.00,0,0.00,0,0,0,0.00,0.0000,"PMAX_BAD_DOMAIN","Medium","Domain name appears auto-generated"
"tvuir.top","tvuir.top","WEBSITE","EX I WW I PMAX I SCALING I FEED ONLY I PROSPECTING","21137012770","PERFORMANCE_MAX",13,0,0.0000,0.00,0,0.00,0,0,0,0.00,0.0000,"PMAX_BAD_DOMAIN","Medium","Matches parked domain pattern: ^(www\.)?[a-z0-9-]+\.(click|download|bid|win|loan|top)$"
"sweetandsavorybyshinee.com","sweetandsavorybyshinee.com","WEBSITE","EX I WW I PMAX I SCALING I FEED ONLY I PROSPECTING","21137012770","PERFORMANCE_MAX",13,0,0.0000,0.00,0,0.00,0,0,0,0.00,0.0000,"PMAX_BAD_DOMAIN","Medium","Domain name appears auto-generated"
"wonderfulengineering.com","wonderfulengineering.com","WEBSITE","EX I WW I PMAX I SCALING I FEED ONLY I PROSPECTING","21137012770","PERFORMANCE_MAX",13,0,0.0000,0.00,0,0.00,0,0,0,0.00,0.0000,"PMAX_BAD_DOMAIN","Medium","Domain name appears auto-generated"
"shellshock.io","shellshock.io","WEBSITE","EX I WW I PMAX I SCALING I FEED ONLY I PROSPECTING","21137012770","PERFORMANCE_MAX",13,0,0.0000,0.00,0,0.00,0,0,0,0.00,0.0000,"PMAX_BAD_DOMAIN","Medium","High consonant ratio (80%) suggests auto-generated domain"
"buggybuddys.com.au","buggybuddys.com.au","WEBSITE","EX I WW I PMAX I SCALING I FEED ONLY I PROSPECTING","21137012770","PERFORMANCE_MAX",13,0,0.0000,0.00,0,0.00,0,0,0,0.00,0.0000,"PMAX_BAD_DOMAIN","Medium","High consonant ratio (82%) suggests auto-generated domain"
"driverknowledgetests.com","driverknowledgetests.com","WEBSITE","EX I WW I PMAX I SCALING I FEED ONLY I PROSPECTING","21137012770","PERFORMANCE_MAX",13,0,0.0000,0.00,0,0.00,0,0,0,0.00,0.0000,"PMAX_BAD_DOMAIN","Medium","Domain name appears auto-generated"
"laverita.info","laverita.info","WEBSITE","EX I WW I PMAX I SCALING I FEED ONLY I PROSPECTING","21137012770","PERFORMANCE_MAX",13,0,0.0000,0.00,0,0.00,0,0,0,0.00,0.0000,"PMAX_BAD_DOMAIN","Medium","Tier 2 high-risk TLD (.info) with suspicious domain name"
"qoli.info","qoli.info","WEBSITE","EX I WW I PMAX I SCALING I FEED ONLY I PROSPECTING","21137012770","PERFORMANCE_MAX",13,0,0.0000,0.00,0,0.00,0,0,0,0.00,0.0000,"PMAX_BAD_DOMAIN","Medium","Tier 2 high-risk TLD (.info) with suspicious domain name"
"sportingnews.com","sportingnews.com","WEBSITE","EX I WW I PMAX I SCALING I FEED ONLY I PROSPECTING","21137012770","PERFORMANCE_MAX",13,0,0.0000,0.00,0,0.00,0,0,0,0.00,0.0000,"PMAX_BAD_DOMAIN","Medium","High consonant ratio (75%) suggests auto-generated domain"
"p2000alarm.nl","p2000alarm.nl","WEBSITE","EX I WW I PMAX I SCALING I FEED ONLY I PROSPECTING","21137012770","PERFORMANCE_MAX",13,0,0.0000,0.00,0,0.00,0,0,0,0.00,0.0000,"PMAX_BAD_DOMAIN","Medium","High numeric ratio (40%) suggests auto-generated domain"
"lyricsbull.com","lyricsbull.com","WEBSITE","EX I WW I PMAX I SCALING I FEED ONLY I PROSPECTING","21137012770","PERFORMANCE_MAX",13,0,0.0000,0.00,0,0.00,0,0,0,0.00,0.0000,"PMAX_BAD_DOMAIN","Medium","High consonant ratio (80%) suggests auto-generated domain"
"songfacts.com","songfacts.com","WEBSITE","EX I WW I PMAX I SCALING I FEED ONLY I PROSPECTING","21137012770","PERFORMANCE_MAX",13,0,0.0000,0.00,0,0.00,0,0,0,0.00,0.0000,"PMAX_BAD_DOMAIN","Medium","Matches MFA pattern: ^(www\.)?[a-z]*facts?[0-9]*\."
"croxyproxy.com","croxyproxy.com","WEBSITE","EX I WW I PMAX I SCALING I FEED ONLY I PROSPECTING","21137012770","PERFORMANCE_MAX",13,0,0.0000,0.00,0,0.00,0,0,0,0.00,0.0000,"PMAX_BAD_DOMAIN","Medium","High consonant ratio (80%) suggests auto-generated domain"
"milkchoco.online","milkchoco.online","WEBSITE","EX I WW I PMAX I SCALING I FEED ONLY I PROSPECTING","21137012770","PERFORMANCE_MAX",13,0,0.0000,0.00,0,0.00,0,0,0,0.00,0.0000,"PMAX_BAD_DOMAIN","Medium","Tier 2 high-risk TLD (.online) with suspicious domain name"
"sportsport.ba","sportsport.ba","WEBSITE","EX I WW I PMAX I SCALING I FEED ONLY I PROSPECTING","21137012770","PERFORMANCE_MAX",13,0,0.0000,0.00,0,0.00,0,0,0,0.00,0.0000,"PMAX_BAD_DOMAIN","Medium","High consonant ratio (80%) suggests auto-generated domain"
"motherhoodlifebalance.com","motherhoodlifebalance.com","WEBSITE","EX I WW I PMAX I SCALING I FEED ONLY I PROSPECTING","21137012770","PERFORMANCE_MAX",13,0,0.0000,0.00,0,0.00,0,0,0,0.00,0.0000,"PMAX_BAD_DOMAIN","Medium","Domain name appears auto-generated"
"simplegameguide.com","simplegameguide.com","WEBSITE","EX I WW I PMAX I SCALING I FEED ONLY I PROSPECTING","21137012770","PERFORMANCE_MAX",13,0,0.0000,0.00,0,0.00,0,0,0,0.00,0.0000,"PMAX_BAD_DOMAIN","Medium","Matches MFA pattern: ^(www\.)?[a-z]*guide[0-9]*\."
"slodkipomysl.pl","slodkipomysl.pl","WEBSITE","EX I WW I PMAX I SCALING I FEED ONLY I PROSPECTING","21137012770","PERFORMANCE_MAX",13,0,0.0000,0.00,0,0.00,0,0,0,0.00,0.0000,"PMAX_BAD_DOMAIN","Medium","High consonant ratio (75%) suggests auto-generated domain"
"treefy.online","treefy.online","WEBSITE","EX I WW I PMAX I SCALING I FEED ONLY I OVER-INDEX + INDEX + NEAR-INDEX","20369175508","PERFORMANCE_MAX",12,0,0.0000,0.00,0,0.00,0,0,0,0.00,0.0000,"PMAX_BAD_DOMAIN","Medium","Tier 2 high-risk TLD (.online) with suspicious domain name"
"streetsmartnutrition.com","streetsmartnutrition.com","WEBSITE","EX I WW I PMAX I SCALING I FEED ONLY I OVER-INDEX + INDEX + NEAR-INDEX","20369175508","PERFORMANCE_MAX",12,0,0.0000,0.00,0,0.00,0,0,0,0.00,0.0000,"PMAX_BAD_DOMAIN","Medium","Domain name appears auto-generated"
"mondeanimalinteressant.com","mondeanimalinteressant.com","WEBSITE","EX I WW I PMAX I SCALING I FEED ONLY I OVER-INDEX + INDEX + NEAR-INDEX","20369175508","PERFORMANCE_MAX",12,0,0.0000,0.00,0,0.00,0,0,0,0.00,0.0000,"PMAX_BAD_DOMAIN","Medium","Domain name appears auto-generated"
"patchcrazy.co.uk","patchcrazy.co.uk","WEBSITE","EX I WW I PMAX I SCALING I FEED ONLY I OVER-INDEX + INDEX + NEAR-INDEX","20369175508","PERFORMANCE_MAX",12,0,0.0000,0.00,0,0.00,0,0,0,0.00,0.0000,"PMAX_BAD_DOMAIN","Medium","High consonant ratio (80%) suggests auto-generated domain"
"stingynomads.com","stingynomads.com","WEBSITE","EX I WW I PMAX I SCALING I FEED ONLY I OVER-INDEX + INDEX + NEAR-INDEX","20369175508","PERFORMANCE_MAX",12,0,0.0000,0.00,0,0.00,0,0,0,0.00,0.0000,"PMAX_BAD_DOMAIN","Medium","High consonant ratio (75%) suggests auto-generated domain"
"driverknowledgetests.com","driverknowledgetests.com","WEBSITE","EX I WW I PMAX I SCALING I FEED ONLY I OVER-INDEX + INDEX + NEAR-INDEX","20369175508","PERFORMANCE_MAX",12,0,0.0000,0.00,0,0.00,0,0,0,0.00,0.0000,"PMAX_BAD_DOMAIN","Medium","Domain name appears auto-generated"
"gettertools.com","gettertools.com","WEBSITE","EX I WW I PMAX I SCALING I FEED ONLY I OVER-INDEX + INDEX + NEAR-INDEX","20369175508","PERFORMANCE_MAX",12,0,0.0000,0.00,0,0.00,0,0,0,0.00,0.0000,"PMAX_BAD_DOMAIN","Medium","Matches parked domain pattern: ^(www\.)?get[a-z0-9-]+\.(com|net|org)$"
"scriptblox.com","scriptblox.com","WEBSITE","EX I WW I PMAX I SCALING I FEED ONLY I OVER-INDEX + INDEX + NEAR-INDEX","20369175508","PERFORMANCE_MAX",12,0,0.0000,0.00,0,0.00,0,0,0,0.00,0.0000,"PMAX_BAD_DOMAIN","Medium","High consonant ratio (80%) suggests auto-generated domain"
"stocktwits.com","stocktwits.com","WEBSITE","EX I WW I PMAX I SCALING I FEED ONLY I OVER-INDEX + INDEX + NEAR-INDEX","20369175508","PERFORMANCE_MAX",12,0,0.0000,0.00,0,0.00,0,0,0,0.00,0.0000,"PMAX_BAD_DOMAIN","Medium","High consonant ratio (80%) suggests auto-generated domain"
"rashpil.pw","rashpil.pw","WEBSITE","EX I WW I PMAX I SCALING I FEED ONLY I OVER-INDEX + INDEX + NEAR-INDEX","20369175508","PERFORMANCE_MAX",12,0,0.0000,0.00,0,0.00,0,0,0,0.00,0.0000,"PMAX_BAD_DOMAIN","Medium","Tier 2 high-risk TLD (.pw) with suspicious domain name"
"thesportster.com","thesportster.com","WEBSITE","EX I WW I PMAX I SCALING I FEED ONLY I OVER-INDEX + INDEX + NEAR-INDEX","20369175508","PERFORMANCE_MAX",12,0,0.0000,0.00,0,0.00,0,0,0,0.00,0.0000,"PMAX_BAD_DOMAIN","Medium","High consonant ratio (75%) suggests auto-generated domain"
"eso-hub.com","eso-hub.com","WEBSITE","EX I WW I PMAX I SCALING I FEED ONLY I OVER-INDEX + INDEX + NEAR-INDEX","20369175508","PERFORMANCE_MAX",12,0,0.0000,0.00,0,0.00,0,0,0,0.00,0.0000,"PMAX_BAD_DOMAIN","Medium","Matches parked domain pattern: ^(www\.)?[a-z]+-(hub|zone|world|center|solutions|platform|network)\.(com|net|org|xyz|top|info)$"
"fogos.online","fogos.online","WEBSITE","EX I WW I PMAX I SCALING I FEED ONLY I OVER-INDEX + INDEX + NEAR-INDEX","20369175508","PERFORMANCE_MAX",12,0,0.0000,0.00,0,0.00,0,0,0,0.00,0.0000,"PMAX_BAD_DOMAIN","Medium","Tier 2 high-risk TLD (.online) with suspicious domain name"
"open.online","open.online","WEBSITE","EX I WW I PMAX I SCALING I FEED ONLY I OVER-INDEX + INDEX + NEAR-INDEX","20369175508","PERFORMANCE_MAX",12,0,0.0000,0.00,0,0.00,0,0,0,0.00,0.0000,"PMAX_BAD_DOMAIN","Medium","Tier 2 high-risk TLD (.online) with suspicious domain name"
"toysnbricks.com","toysnbricks.com","WEBSITE","EX I WW I PMAX I SCALING I FEED ONLY I OVER-INDEX + INDEX + NEAR-INDEX","20369175508","PERFORMANCE_MAX",12,0,0.0000,0.00,0,0.00,0,0,0,0.00,0.0000,"PMAX_BAD_DOMAIN","Medium","High consonant ratio (82%) suggests auto-generated domain"
"messynessychic.com","messynessychic.com","WEBSITE","EX I WW I PMAX I SCALING I FEED ONLY I PROSPECTING","21137012770","PERFORMANCE_MAX",12,0,0.0000,0.00,0,0.00,0,0,0,0.00,0.0000,"PMAX_BAD_DOMAIN","Medium","High consonant ratio (79%) suggests auto-generated domain"
"the-summer-hikaru-died.online","the-summer-hikaru-died.online","WEBSITE","EX I WW I PMAX I SCALING I FEED ONLY I PROSPECTING","21137012770","PERFORMANCE_MAX",12,0,0.0000,0.00,0,0.00,0,0,0,0.00,0.0000,"PMAX_BAD_DOMAIN","Medium","Matches MFA pattern: ^(www\.)?[a-z]+-[a-z]+-[a-z]+-[a-z]+\."
"brightmindly.net","brightmindly.net","WEBSITE","EX I WW I PMAX I SCALING I FEED ONLY I PROSPECTING","21137012770","PERFORMANCE_MAX",12,0,0.0000,0.00,0,0.00,0,0,0,0.00,0.0000,"PMAX_BAD_DOMAIN","Medium","High consonant ratio (83%) suggests auto-generated domain"
"chillfactfun.com","chillfactfun.com","WEBSITE","EX I WW I PMAX I SCALING I FEED ONLY I PROSPECTING","21137012770","PERFORMANCE_MAX",12,0,0.0000,0.00,0,0.00,0,0,0,0.00,0.0000,"PMAX_BAD_DOMAIN","Medium","High consonant ratio (75%) suggests auto-generated domain"
"pidruchnyk.com.ua","pidruchnyk.com.ua","WEBSITE","EX I WW I PMAX I SCALING I FEED ONLY I PROSPECTING","21137012770","PERFORMANCE_MAX",12,0,0.0000,0.00,0,0.00,0,0,0,0.00,0.0000,"PMAX_BAD_DOMAIN","Medium","High consonant ratio (80%) suggests auto-generated domain"
"tastesjustlikeamemory.com","tastesjustlikeamemory.com","WEBSITE","EX I WW I PMAX I SCALING I FEED ONLY I PROSPECTING","21137012770","PERFORMANCE_MAX",12,0,0.0000,0.00,0,0.00,0,0,0,0.00,0.0000,"PMAX_BAD_DOMAIN","Medium","Domain name appears auto-generated"
"cycling.today","cycling.today","WEBSITE","EX I WW I PMAX I SCALING I FEED ONLY I PROSPECTING","21137012770","PERFORMANCE_MAX",12,0,0.0000,0.00,0,0.00,0,0,0,0.00,0.0000,"PMAX_BAD_DOMAIN","Medium","Tier 2 high-risk TLD (.today) with suspicious domain name"
"vallon.info","vallon.info","WEBSITE","EX I WW I PMAX I SCALING I FEED ONLY I PROSPECTING","21137012770","PERFORMANCE_MAX",12,0,0.0000,0.00,0,0.00,0,0,0,0.00,0.0000,"PMAX_BAD_DOMAIN","Medium","Tier 2 high-risk TLD (.info) with suspicious domain name"
"postwrestling.com","postwrestling.com","WEBSITE","EX I WW I PMAX I SCALING I FEED ONLY I PROSPECTING","21137012770","PERFORMANCE_MAX",12,0,0.0000,0.00,0,0.00,0,0,0,0.00,0.0000,"PMAX_BAD_DOMAIN","Medium","High consonant ratio (77%) suggests auto-generated domain"
"2048game.com","2048game.com","WEBSITE","EX I WW I PMAX I SCALING I FEED ONLY I PROSPECTING","21137012770","PERFORMANCE_MAX",12,0,0.0000,0.00,0,0.00,0,0,0,0.00,0.0000,"PMAX_BAD_DOMAIN","Medium","Domain name appears auto-generated"
"grindnstrat.com","grindnstrat.com","WEBSITE","EX I WW I PMAX I SCALING I FEED ONLY I PROSPECTING","21137012770","PERFORMANCE_MAX",12,0,0.0000,0.00,0,0.00,0,0,0,0.00,0.0000,"PMAX_BAD_DOMAIN","Medium","High consonant ratio (82%) suggests auto-generated domain"
"weltfussball.at","weltfussball.at","WEBSITE","EX I WW I PMAX I SCALING I FEED ONLY I PROSPECTING","21137012770","PERFORMANCE_MAX",12,0,0.0000,0.00,0,0.00,0,0,0,0.00,0.0000,"PMAX_BAD_DOMAIN","Medium","High consonant ratio (75%) suggests auto-generated domain"
"thessalonikiguide.gr","thessalonikiguide.gr","WEBSITE","EX I WW I PMAX I SCALING I FEED ONLY I PROSPECTING","21137012770","PERFORMANCE_MAX",12,0,0.0000,0.00,0,0.00,0,0,0,0.00,0.0000,"PMAX_BAD_DOMAIN","Medium","Matches MFA pattern: ^(www\.)?[a-z]*guide[0-9]*\."
"flightstats.com","flightstats.com","WEBSITE","EX I WW I PMAX I SCALING I FEED ONLY I PROSPECTING","21137012770","PERFORMANCE_MAX",12,0,0.0000,0.00,0,0.00,0,0,0,0.00,0.0000,"PMAX_BAD_DOMAIN","Medium","High consonant ratio (82%) suggests auto-generated domain"
"xn--u9j5h1btf1ez99qnszei5c8ws.com","xn--u9j5h1btf1ez99qnszei5c8ws.com","WEBSITE","EX I WW I PMAX I SCALING I FEED ONLY I PROSPECTING","21137012770","PERFORMANCE_MAX",12,0,0.0000,0.00,0,0.00,0,0,0,0.00,0.0000,"PMAX_BAD_DOMAIN","Medium","Punycode/IDN domain — likely irrelevant"
"transfermarkt.jp","transfermarkt.jp","WEBSITE","EX I WW I PMAX I SCALING I FEED ONLY I PROSPECTING","21137012770","PERFORMANCE_MAX",12,0,0.0000,0.00,0,0.00,0,0,0,0.00,0.0000,"PMAX_BAD_DOMAIN","Medium","High consonant ratio (77%) suggests auto-generated domain"
"dualmonitorbackgrounds.com","dualmonitorbackgrounds.com","WEBSITE","EX I WW I PMAX I SCALING I FEED ONLY I PROSPECTING","21137012770","PERFORMANCE_MAX",12,0,0.0000,0.00,0,0.00,0,0,0,0.00,0.0000,"PMAX_BAD_DOMAIN","Medium","Domain name appears auto-generated"
"rawstory.com","rawstory.com","WEBSITE","EX I WW I PMAX I SCALING I FEED ONLY I PROSPECTING","21137012770","PERFORMANCE_MAX",12,0,0.0000,0.00,0,0.00,0,0,0,0.00,0.0000,"PMAX_BAD_DOMAIN","Medium","Matches MFA pattern: ^(www\.)?[a-z]*(article|content|story)s?[0-9]*\."
"thestoryshack.com","thestoryshack.com","WEBSITE","EX I WW I PMAX I SCALING I FEED ONLY I PROSPECTING","21137012770","PERFORMANCE_MAX",12,0,0.0000,0.00,0,0.00,0,0,0,0.00,0.0000,"PMAX_BAD_DOMAIN","Medium","High consonant ratio (77%) suggests auto-generated domain"
"independentaustralia.net","independentaustralia.net","WEBSITE","EX I WW I PMAX I SCALING I FEED ONLY I PROSPECTING","21137012770","PERFORMANCE_MAX",12,0,0.0000,0.00,0,0.00,0,0,0,0.00,0.0000,"PMAX_BAD_DOMAIN","Medium","Domain name appears auto-generated"
"howtopronounce.com","howtopronounce.com","WEBSITE","EX I WW I PMAX I SCALING I FEED ONLY I PROSPECTING","21137012770","PERFORMANCE_MAX",12,0,0.0000,0.00,0,0.00,0,0,0,0.00,0.0000,"PMAX_BAD_DOMAIN","Medium","Matches MFA pattern: ^(www\.)?[a-z]*howto[a-z]*\."
"transfermarkt.com.tr","transfermarkt.com.tr","WEBSITE","EX I WW I PMAX I SCALING I FEED ONLY I PROSPECTING","21137012770","PERFORMANCE_MAX",12,0,0.0000,0.00,0,0.00,0,0,0,0.00,0.0000,"PMAX_BAD_DOMAIN","Medium","High consonant ratio (77%) suggests auto-generated domain"
"mypassportpic.com","mypassportpic.com","WEBSITE","EX I WW I PMAX I SCALING I FEED ONLY I OVER-INDEX + INDEX + NEAR-INDEX","20369175508","PERFORMANCE_MAX",11,0,0.0000,0.00,0,0.00,0,0,0,0.00,0.0000,"PMAX_BAD_DOMAIN","Medium","High consonant ratio (77%) suggests auto-generated domain"
"schnellesmittagessen.com","schnellesmittagessen.com","WEBSITE","EX I WW I PMAX I SCALING I FEED ONLY I OVER-INDEX + INDEX + NEAR-INDEX","20369175508","PERFORMANCE_MAX",11,0,0.0000,0.00,0,0.00,0,0,0,0.00,0.0000,"PMAX_BAD_DOMAIN","Medium","Domain name appears auto-generated"
"mywanderlust.pl","mywanderlust.pl","WEBSITE","EX I WW I PMAX I SCALING I FEED ONLY I OVER-INDEX + INDEX + NEAR-INDEX","20369175508","PERFORMANCE_MAX",11,0,0.0000,0.00,0,0.00,0,0,0,0.00,0.0000,"PMAX_BAD_DOMAIN","Medium","High consonant ratio (75%) suggests auto-generated domain"
"hauteandhealthyliving.com","hauteandhealthyliving.com","WEBSITE","EX I WW I PMAX I SCALING I FEED ONLY I OVER-INDEX + INDEX + NEAR-INDEX","20369175508","PERFORMANCE_MAX",11,0,0.0000,0.00,0,0.00,0,0,0,0.00,0.0000,"PMAX_BAD_DOMAIN","Medium","Domain name appears auto-generated"
"jennyscrayoncollection.com","jennyscrayoncollection.com","WEBSITE","EX I WW I PMAX I SCALING I FEED ONLY I OVER-INDEX + INDEX + NEAR-INDEX","20369175508","PERFORMANCE_MAX",11,0,0.0000,0.00,0,0.00,0,0,0,0.00,0.0000,"PMAX_BAD_DOMAIN","Medium","Domain name appears auto-generated"
"skyscanner.com","skyscanner.com","WEBSITE","EX I WW I PMAX I SCALING I FEED ONLY I OVER-INDEX + INDEX + NEAR-INDEX","20369175508","PERFORMANCE_MAX",11,0,0.0000,0.00,0,0.00,0,0,0,0.00,0.0000,"PMAX_BAD_DOMAIN","Medium","High consonant ratio (80%) suggests auto-generated domain"
"vcrdb.net","vcrdb.net","WEBSITE","EX I WW I PMAX I SCALING I FEED ONLY I OVER-INDEX + INDEX + NEAR-INDEX","20369175508","PERFORMANCE_MAX",11,0,0.0000,0.00,0,0.00,0,0,0,0.00,0.0000,"PMAX_BAD_DOMAIN","Medium","Domain matches DGA entropy pattern"
"heightcomparison.com","heightcomparison.com","WEBSITE","EX I WW I PMAX I SCALING I FEED ONLY I OVER-INDEX + INDEX + NEAR-INDEX","20369175508","PERFORMANCE_MAX",11,0,0.0000,0.00,0,0.00,0,0,0,0.00,0.0000,"PMAX_BAD_DOMAIN","Medium","Matches MFA pattern: ^(www\.)?[a-z]+comparisons?\."
"truesteamachievements.com","truesteamachievements.com","WEBSITE","EX I WW I PMAX I SCALING I FEED ONLY I OVER-INDEX + INDEX + NEAR-INDEX","20369175508","PERFORMANCE_MAX",11,0,0.0000,0.00,0,0.00,0,0,0,0.00,0.0000,"PMAX_BAD_DOMAIN","Medium","Domain name appears auto-generated"
"krydsordexperten.dk","krydsordexperten.dk","WEBSITE","EX I WW I PMAX I SCALING I FEED ONLY I OVER-INDEX + INDEX + NEAR-INDEX","20369175508","PERFORMANCE_MAX",11,0,0.0000,0.00,0,0.00,0,0,0,0.00,0.0000,"PMAX_BAD_DOMAIN","Medium","High consonant ratio (75%) suggests auto-generated domain"
"ferrovie.info","ferrovie.info","WEBSITE","EX I WW I PMAX I SCALING I FEED ONLY I OVER-INDEX + INDEX + NEAR-INDEX","20369175508","PERFORMANCE_MAX",11,0,0.0000,0.00,0,0.00,0,0,0,0.00,0.0000,"PMAX_BAD_DOMAIN","Medium","Tier 2 high-risk TLD (.info) with suspicious domain name"
"thatspicychick.com","thatspicychick.com","WEBSITE","EX I WW I PMAX I SCALING I FEED ONLY I OVER-INDEX + INDEX + NEAR-INDEX","20369175508","PERFORMANCE_MAX",11,0,0.0000,0.00,0,0.00,0,0,0,0.00,0.0000,"PMAX_BAD_DOMAIN","Medium","High consonant ratio (79%) suggests auto-generated domain"
"koetomo.fun","koetomo.fun","WEBSITE","EX I WW I PMAX I SCALING I FEED ONLY I OVER-INDEX + INDEX + NEAR-INDEX","20369175508","PERFORMANCE_MAX",11,0,0.0000,0.00,0,0.00,0,0,0,0.00,0.0000,"PMAX_BAD_DOMAIN","Medium","Tier 2 high-risk TLD (.fun) with suspicious domain name"
"sportstats.one","sportstats.one","WEBSITE","EX I WW I PMAX I SCALING I FEED ONLY I OVER-INDEX + INDEX + NEAR-INDEX","20369175508","PERFORMANCE_MAX",11,0,0.0000,0.00,0,0.00,0,0,0,0.00,0.0000,"PMAX_BAD_DOMAIN","Medium","High consonant ratio (80%) suggests auto-generated domain"
"fancytextsymbols.com","fancytextsymbols.com","WEBSITE","EX I WW I PMAX I SCALING I FEED ONLY I OVER-INDEX + INDEX + NEAR-INDEX","20369175508","PERFORMANCE_MAX",11,0,0.0000,0.00,0,0.00,0,0,0,0.00,0.0000,"PMAX_BAD_DOMAIN","Medium","High consonant ratio (81%) suggests auto-generated domain"
"officialchadrankings.com","officialchadrankings.com","WEBSITE","EX I WW I PMAX I SCALING I FEED ONLY I OVER-INDEX + INDEX + NEAR-INDEX","20369175508","PERFORMANCE_MAX",11,0,0.0000,0.00,0,0.00,0,0,0,0.00,0.0000,"PMAX_BAD_DOMAIN","Medium","Domain name appears auto-generated"
"theeconomiccollapseblog.com","theeconomiccollapseblog.com","WEBSITE","EX I WW I PMAX I SCALING I FEED ONLY I OVER-INDEX + INDEX + NEAR-INDEX","20369175508","PERFORMANCE_MAX",11,0,0.0000,0.00,0,0.00,0,0,0,0.00,0.0000,"PMAX_BAD_DOMAIN","Medium","Domain name appears auto-generated"
"jdmbuysell.com","jdmbuysell.com","WEBSITE","EX I WW I PMAX I SCALING I FEED ONLY I OVER-INDEX + INDEX + NEAR-INDEX","20369175508","PERFORMANCE_MAX",11,0,0.0000,0.00,0,0.00,0,0,0,0.00,0.0000,"PMAX_BAD_DOMAIN","Medium","High consonant ratio (80%) suggests auto-generated domain"
"gorskiewyrypy.pl","gorskiewyrypy.pl","WEBSITE","EX I WW I PMAX I SCALING I FEED ONLY I OVER-INDEX + INDEX + NEAR-INDEX","20369175508","PERFORMANCE_MAX",11,0,0.0000,0.00,0,0.00,0,0,0,0.00,0.0000,"PMAX_BAD_DOMAIN","Medium","High consonant ratio (77%) suggests auto-generated domain"
"girlsaskguys.com","girlsaskguys.com","WEBSITE","EX I WW I PMAX I SCALING I FEED ONLY I OVER-INDEX + INDEX + NEAR-INDEX","20369175508","PERFORMANCE_MAX",11,0,0.0000,0.00,0,0.00,0,0,0,0.00,0.0000,"PMAX_BAD_DOMAIN","Medium","High consonant ratio (75%) suggests auto-generated domain"
"motherhoodlifebalance.com","motherhoodlifebalance.com","WEBSITE","EX I WW I PMAX I SCALING I FEED ONLY I OVER-INDEX + INDEX + NEAR-INDEX","20369175508","PERFORMANCE_MAX",11,0,0.0000,0.00,0,0.00,0,0,0,0.00,0.0000,"PMAX_BAD_DOMAIN","Medium","Domain name appears auto-generated"
"brutto-netto-rechner.info","brutto-netto-rechner.info","WEBSITE","EX I WW I PMAX I SCALING I FEED ONLY I OVER-INDEX + INDEX + NEAR-INDEX","20369175508","PERFORMANCE_MAX",11,0,0.0000,0.00,0,0.00,0,0,0,0.00,0.0000,"PMAX_BAD_DOMAIN","Medium","Tier 2 high-risk TLD (.info) with suspicious domain name"
"thatsmybis.com","thatsmybis.com","WEBSITE","EX I WW I PMAX I SCALING I FEED ONLY I PROSPECTING","21137012770","PERFORMANCE_MAX",11,0,0.0000,0.00,0,0.00,0,0,0,0.00,0.0000,"PMAX_BAD_DOMAIN","Medium","High consonant ratio (80%) suggests auto-generated domain"
"kitchennightmaresupdates.com","kitchennightmaresupdates.com","WEBSITE","EX I WW I PMAX I SCALING I FEED ONLY I PROSPECTING","21137012770","PERFORMANCE_MAX",11,0,0.0000,0.00,0,0.00,0,0,0,0.00,0.0000,"PMAX_BAD_DOMAIN","Medium","Domain name appears auto-generated"
"allcrystal.com","allcrystal.com","WEBSITE","EX I WW I PMAX I SCALING I FEED ONLY I PROSPECTING","21137012770","PERFORMANCE_MAX",11,0,0.0000,0.00,0,0.00,0,0,0,0.00,0.0000,"PMAX_BAD_DOMAIN","Medium","High consonant ratio (80%) suggests auto-generated domain"
"happymuncher.com","happymuncher.com","WEBSITE","EX I WW I PMAX I SCALING I FEED ONLY I PROSPECTING","21137012770","PERFORMANCE_MAX",11,0,0.0000,0.00,0,0.00,0,0,0,0.00,0.0000,"PMAX_BAD_DOMAIN","Medium","High consonant ratio (75%) suggests auto-generated domain"
"omegle.fun","omegle.fun","WEBSITE","EX I WW I PMAX I SCALING I FEED ONLY I PROSPECTING","21137012770","PERFORMANCE_MAX",11,0,0.0000,0.00,0,0.00,0,0,0,0.00,0.0000,"PMAX_BAD_DOMAIN","Medium","Tier 2 high-risk TLD (.fun) with suspicious domain name"
"cookingwithcocktailrings.com","cookingwithcocktailrings.com","WEBSITE","EX I WW I PMAX I SCALING I FEED ONLY I PROSPECTING","21137012770","PERFORMANCE_MAX",11,0,0.0000,0.00,0,0.00,0,0,0,0.00,0.0000,"PMAX_BAD_DOMAIN","Medium","Domain name appears auto-generated"
"heardle.info","heardle.info","WEBSITE","EX I WW I PMAX I SCALING I FEED ONLY I PROSPECTING","21137012770","PERFORMANCE_MAX",11,0,0.0000,0.00,0,0.00,0,0,0,0.00,0.0000,"PMAX_BAD_DOMAIN","Medium","Tier 2 high-risk TLD (.info) with suspicious domain name"
"veggieandthebeastfeast.com","veggieandthebeastfeast.com","WEBSITE","EX I WW I PMAX I SCALING I FEED ONLY I PROSPECTING","21137012770","PERFORMANCE_MAX",11,0,0.0000,0.00,0,0.00,0,0,0,0.00,0.0000,"PMAX_BAD_DOMAIN","Medium","Domain name appears auto-generated"
"xn--9dbcb2e.com","xn--9dbcb2e.com","WEBSITE","EX I WW I PMAX I SCALING I FEED ONLY I PROSPECTING","21137012770","PERFORMANCE_MAX",11,0,0.0000,0.00,0,0.00,0,0,0,0.00,0.0000,"PMAX_BAD_DOMAIN","Medium","Punycode/IDN domain — likely irrelevant"
"pokemonpicrosssolutions.com","pokemonpicrosssolutions.com","WEBSITE","EX I WW I PMAX I SCALING I FEED ONLY I PROSPECTING","21137012770","PERFORMANCE_MAX",11,0,0.0000,0.00,0,0.00,0,0,0,0.00,0.0000,"PMAX_BAD_DOMAIN","Medium","Domain name appears auto-generated"
"fpsjp.net","fpsjp.net","WEBSITE","EX I WW I PMAX I SCALING I FEED ONLY I PROSPECTING","21137012770","PERFORMANCE_MAX",11,0,0.0000,0.00,0,0.00,0,0,0,0.00,0.0000,"PMAX_BAD_DOMAIN","Medium","Domain matches DGA entropy pattern"
"sysrqmts.com","sysrqmts.com","WEBSITE","EX I WW I PMAX I SCALING I FEED ONLY I PROSPECTING","21137012770","PERFORMANCE_MAX",11,0,0.0000,0.00,0,0.00,0,0,0,0.00,0.0000,"PMAX_BAD_DOMAIN","Medium","Domain name appears auto-generated"
"interestingliterature.com","interestingliterature.com","WEBSITE","EX I WW I PMAX I SCALING I FEED ONLY I PROSPECTING","21137012770","PERFORMANCE_MAX",11,0,0.0000,0.00,0,0.00,0,0,0,0.00,0.0000,"PMAX_BAD_DOMAIN","Medium","Domain name appears auto-generated"
"osrsguide.com","osrsguide.com","WEBSITE","EX I WW I PMAX I SCALING I FEED ONLY I PROSPECTING","21137012770","PERFORMANCE_MAX",11,0,0.0000,0.00,0,0.00,0,0,0,0.00,0.0000,"PMAX_BAD_DOMAIN","Medium","Matches MFA pattern: ^(www\.)?[a-z]*guide[0-9]*\."
"northernbuzz.biz","northernbuzz.biz","WEBSITE","EX I WW I PMAX I SCALING I FEED ONLY I PROSPECTING","21137012770","PERFORMANCE_MAX",11,0,0.0000,0.00,0,0.00,0,0,0,0.00,0.0000,"PMAX_BAD_DOMAIN","Medium","High consonant ratio (75%) suggests auto-generated domain"
"thatspicychick.com","thatspicychick.com","WEBSITE","EX I WW I PMAX I SCALING I FEED ONLY I PROSPECTING","21137012770","PERFORMANCE_MAX",11,0,0.0000,0.00,0,0.00,0,0,0,0.00,0.0000,"PMAX_BAD_DOMAIN","Medium","High consonant ratio (79%) suggests auto-generated domain"
"3dzip.info","3dzip.info","WEBSITE","EX I WW I PMAX I SCALING I FEED ONLY I PROSPECTING","21137012770","PERFORMANCE_MAX",11,0,0.0000,0.00,0,0.00,0,0,0,0.00,0.0000,"PMAX_BAD_DOMAIN","Medium","Tier 2 high-risk TLD (.info) with suspicious domain name"
"fancytextsymbols.com","fancytextsymbols.com","WEBSITE","EX I WW I PMAX I SCALING I FEED ONLY I PROSPECTING","21137012770","PERFORMANCE_MAX",11,0,0.0000,0.00,0,0.00,0,0,0,0.00,0.0000,"PMAX_BAD_DOMAIN","Medium","High consonant ratio (81%) suggests auto-generated domain"
"myjoyonline.com","myjoyonline.com","WEBSITE","EX I WW I PMAX I SCALING I FEED ONLY I PROSPECTING","21137012770","PERFORMANCE_MAX",11,0,0.0000,0.00,0,0.00,0,0,0,0.00,0.0000,"PMAX_BAD_DOMAIN","Medium","Matches parked domain pattern: ^(www\.)?my[a-z]+(online|free|pro)\."
"obserwatorzy.info","obserwatorzy.info","WEBSITE","EX I WW I PMAX I SCALING I FEED ONLY I PROSPECTING","21137012770","PERFORMANCE_MAX",11,0,0.0000,0.00,0,0.00,0,0,0,0.00,0.0000,"PMAX_BAD_DOMAIN","Medium","Tier 2 high-risk TLD (.info) with suspicious domain name"
"mycarbcrew.com","mycarbcrew.com","WEBSITE","EX I WW I PMAX I SCALING I FEED ONLY I PROSPECTING","21137012770","PERFORMANCE_MAX",11,0,0.0000,0.00,0,0.00,0,0,0,0.00,0.0000,"PMAX_BAD_DOMAIN","Medium","High consonant ratio (80%) suggests auto-generated domain"
"worldhistory.org","worldhistory.org","WEBSITE","EX I WW I PMAX I SCALING I FEED ONLY I PROSPECTING","21137012770","PERFORMANCE_MAX",11,0,0.0000,0.00,0,0.00,0,0,0,0.00,0.0000,"PMAX_BAD_DOMAIN","Medium","Matches MFA pattern: ^(www\.)?[a-z]*(article|content|story)s?[0-9]*\."
"plymouthplus.co.uk","plymouthplus.co.uk","WEBSITE","EX I WW I PMAX I SCALING I FEED ONLY I PROSPECTING","21137012770","PERFORMANCE_MAX",11,0,0.0000,0.00,0,0.00,0,0,0,0.00,0.0000,"PMAX_BAD_DOMAIN","Medium","High consonant ratio (75%) suggests auto-generated domain"
"autismpartnershipfoundation.org","autismpartnershipfoundation.org","WEBSITE","EX I WW I PMAX I SCALING I FEED ONLY I PROSPECTING","21137012770","PERFORMANCE_MAX",11,0,0.0000,0.00,0,0.00,0,0,0,0.00,0.0000,"PMAX_BAD_DOMAIN","Medium","Domain name appears auto-generated"
"mysticmondays.com","mysticmondays.com","WEBSITE","EX I WW I PMAX I SCALING I FEED ONLY I PROSPECTING","21137012770","PERFORMANCE_MAX",11,0,0.0000,0.00,0,0.00,0,0,0,0.00,0.0000,"PMAX_BAD_DOMAIN","Medium","High consonant ratio (77%) suggests auto-generated domain"
"fellowsguide.com","fellowsguide.com","WEBSITE","EX I WW I PMAX I SCALING I FEED ONLY I PROSPECTING","21137012770","PERFORMANCE_MAX",11,0,0.0000,0.00,0,0.00,0,0,0,0.00,0.0000,"PMAX_BAD_DOMAIN","Medium","Matches MFA pattern: ^(www\.)?[a-z]*guide[0-9]*\."
"transfermarkt.mx","transfermarkt.mx","WEBSITE","EX I WW I PMAX I SCALING I FEED ONLY I PROSPECTING","21137012770","PERFORMANCE_MAX",11,0,0.0000,0.00,0,0.00,0,0,0,0.00,0.0000,"PMAX_BAD_DOMAIN","Medium","High consonant ratio (77%) suggests auto-generated domain"
"transfermarkt.fr","transfermarkt.fr","WEBSITE","EX I WW I PMAX I SCALING I FEED ONLY I OVER-INDEX + INDEX + NEAR-INDEX","20369175508","PERFORMANCE_MAX",10,0,0.0000,0.00,0,0.00,0,0,0,0.00,0.0000,"PMAX_BAD_DOMAIN","Medium","High consonant ratio (77%) suggests auto-generated domain"
"josephwriteranderson.com","josephwriteranderson.com","WEBSITE","EX I WW I PMAX I SCALING I FEED ONLY I OVER-INDEX + INDEX + NEAR-INDEX","20369175508","PERFORMANCE_MAX",10,0,0.0000,0.00,0,0.00,0,0,0,0.00,0.0000,"PMAX_BAD_DOMAIN","Medium","Domain name appears auto-generated"
"dungeonsanddragonsfan.com","dungeonsanddragonsfan.com","WEBSITE","EX I WW I PMAX I SCALING I FEED ONLY I OVER-INDEX + INDEX + NEAR-INDEX","20369175508","PERFORMANCE_MAX",10,0,0.0000,0.00,0,0.00,0,0,0,0.00,0.0000,"PMAX_BAD_DOMAIN","Medium","Domain name appears auto-generated"
"bakingwithgranny.co.uk","bakingwithgranny.co.uk","WEBSITE","EX I WW I PMAX I SCALING I FEED ONLY I OVER-INDEX + INDEX + NEAR-INDEX","20369175508","PERFORMANCE_MAX",10,0,0.0000,0.00,0,0.00,0,0,0,0.00,0.0000,"PMAX_BAD_DOMAIN","Medium","High consonant ratio (75%) suggests auto-generated domain"
"weltfussball.at","weltfussball.at","WEBSITE","EX I WW I PMAX I SCALING I FEED ONLY I OVER-INDEX + INDEX + NEAR-INDEX","20369175508","PERFORMANCE_MAX",10,0,0.0000,0.00,0,0.00,0,0,0,0.00,0.0000,"PMAX_BAD_DOMAIN","Medium","High consonant ratio (75%) suggests auto-generated domain"
"thewatchmn.com","thewatchmn.com","WEBSITE","EX I WW I PMAX I SCALING I FEED ONLY I OVER-INDEX + INDEX + NEAR-INDEX","20369175508","PERFORMANCE_MAX",10,0,0.0000,0.00,0,0.00,0,0,0,0.00,0.0000,"PMAX_BAD_DOMAIN","Medium","High consonant ratio (80%) suggests auto-generated domain"
"charliethecookandrews.com","charliethecookandrews.com","WEBSITE","EX I WW I PMAX I SCALING I FEED ONLY I OVER-INDEX + INDEX + NEAR-INDEX","20369175508","PERFORMANCE_MAX",10,0,0.0000,0.00,0,0.00,0,0,0,0.00,0.0000,"PMAX_BAD_DOMAIN","Medium","Domain name appears auto-generated"
"1000ps.com","1000ps.com","WEBSITE","EX I WW I PMAX I SCALING I FEED ONLY I OVER-INDEX + INDEX + NEAR-INDEX","20369175508","PERFORMANCE_MAX",10,0,0.0000,0.00,0,0.00,0,0,0,0.00,0.0000,"PMAX_BAD_DOMAIN","Medium","Matches parked domain pattern: ^(www\.)?\d{3,}[a-z]{1,3}\."
"transfery.info","transfery.info","WEBSITE","EX I WW I PMAX I SCALING I FEED ONLY I OVER-INDEX + INDEX + NEAR-INDEX","20369175508","PERFORMANCE_MAX",10,0,0.0000,0.00,0,0.00,0,0,0,0.00,0.0000,"PMAX_BAD_DOMAIN","Medium","Tier 2 high-risk TLD (.info) with suspicious domain name"
"football-zone.net","football-zone.net","WEBSITE","EX I WW I PMAX I SCALING I FEED ONLY I OVER-INDEX + INDEX + NEAR-INDEX","20369175508","PERFORMANCE_MAX",10,0,0.0000,0.00,0,0.00,0,0,0,0.00,0.0000,"PMAX_BAD_DOMAIN","Medium","Matches parked domain pattern: ^(www\.)?[a-z]+-(hub|zone|world|center|solutions|platform|network)\.(com|net|org|xyz|top|info)$"
"umsalary.info","umsalary.info","WEBSITE","EX I WW I PMAX I SCALING I FEED ONLY I OVER-INDEX + INDEX + NEAR-INDEX","20369175508","PERFORMANCE_MAX",10,0,0.0000,0.00,0,0.00,0,0,0,0.00,0.0000,"PMAX_BAD_DOMAIN","Medium","Tier 2 high-risk TLD (.info) with suspicious domain name"
"tomsguide.com","tomsguide.com","WEBSITE","EX I WW I PMAX I SCALING I FEED ONLY I OVER-INDEX + INDEX + NEAR-INDEX","20369175508","PERFORMANCE_MAX",10,0,0.0000,0.00,0,0.00,0,0,0,0.00,0.0000,"PMAX_BAD_DOMAIN","Medium","Matches MFA pattern: ^(www\.)?[a-z]*guide[0-9]*\."
"militarywatchmagazine.com","militarywatchmagazine.com","WEBSITE","EX I WW I PMAX I SCALING I FEED ONLY I OVER-INDEX + INDEX + NEAR-INDEX","20369175508","PERFORMANCE_MAX",10,0,0.0000,0.00,0,0.00,0,0,0,0.00,0.0000,"PMAX_BAD_DOMAIN","Medium","Domain name appears auto-generated"
"handelsblatt.com","handelsblatt.com","WEBSITE","EX I WW I PMAX I SCALING I FEED ONLY I PROSPECTING","21137012770","PERFORMANCE_MAX",10,0,0.0000,0.00,0,0.00,0,0,0,0.00,0.0000,"PMAX_BAD_DOMAIN","Medium","High consonant ratio (75%) suggests auto-generated domain"
"wrestlingnews.co","wrestlingnews.co","WEBSITE","EX I WW I PMAX I SCALING I FEED ONLY I PROSPECTING","21137012770","PERFORMANCE_MAX",10,0,0.0000,0.00,0,0.00,0,0,0,0.00,0.0000,"PMAX_BAD_DOMAIN","Medium","High consonant ratio (77%) suggests auto-generated domain"
"topdrives.club","topdrives.club","WEBSITE","EX I WW I PMAX I SCALING I FEED ONLY I PROSPECTING","21137012770","PERFORMANCE_MAX",10,0,0.0000,0.00,0,0.00,0,0,0,0.00,0.0000,"PMAX_BAD_DOMAIN","Medium","Tier 2 high-risk TLD (.club) with suspicious domain name"
"cycleworld.com","cycleworld.com","WEBSITE","EX I WW I PMAX I SCALING I FEED ONLY I PROSPECTING","21137012770","PERFORMANCE_MAX",10,0,0.0000,0.00,0,0.00,0,0,0,0.00,0.0000,"PMAX_BAD_DOMAIN","Medium","High consonant ratio (80%) suggests auto-generated domain"
"playpartyplan.com","playpartyplan.com","WEBSITE","EX I WW I PMAX I SCALING I FEED ONLY I PROSPECTING","21137012770","PERFORMANCE_MAX",10,0,0.0000,0.00,0,0.00,0,0,0,0.00,0.0000,"PMAX_BAD_DOMAIN","Medium","High consonant ratio (77%) suggests auto-generated domain"
"biisit.info","biisit.info","WEBSITE","EX I WW I PMAX I SCALING I FEED ONLY I PROSPECTING","21137012770","PERFORMANCE_MAX",10,0,0.0000,0.00,0,0.00,0,0,0,0.00,0.0000,"PMAX_BAD_DOMAIN","Medium","Tier 2 high-risk TLD (.info) with suspicious domain name"
"newonnetflix.info","newonnetflix.info","WEBSITE","EX I WW I PMAX I SCALING I FEED ONLY I PROSPECTING","21137012770","PERFORMANCE_MAX",10,0,0.0000,0.00,0,0.00,0,0,0,0.00,0.0000,"PMAX_BAD_DOMAIN","Medium","Tier 2 high-risk TLD (.info) with suspicious domain name"
"redanianintelligence.com","redanianintelligence.com","WEBSITE","EX I WW I PMAX I SCALING I FEED ONLY I PROSPECTING","21137012770","PERFORMANCE_MAX",10,0,0.0000,0.00,0,0.00,0,0,0,0.00,0.0000,"PMAX_BAD_DOMAIN","Medium","Domain name appears auto-generated"
"nfldraftbuzz.com","nfldraftbuzz.com","WEBSITE","EX I WW I PMAX I SCALING I FEED ONLY I PROSPECTING","21137012770","PERFORMANCE_MAX",10,0,0.0000,0.00,0,0.00,0,0,0,0.00,0.0000,"PMAX_BAD_DOMAIN","Medium","High consonant ratio (83%) suggests auto-generated domain"
"livelikeitstheweekend.com","livelikeitstheweekend.com","WEBSITE","EX I WW I PMAX I SCALING I FEED ONLY I PROSPECTING","21137012770","PERFORMANCE_MAX",10,0,0.0000,0.00,0,0.00,0,0,0,0.00,0.0000,"PMAX_BAD_DOMAIN","Medium","Domain name appears auto-generated"
"weareglobaltravellers.com","weareglobaltravellers.com","WEBSITE","EX I WW I PMAX I SCALING I FEED ONLY I PROSPECTING","21137012770","PERFORMANCE_MAX",10,0,0.0000,0.00,0,0.00,0,0,0,0.00,0.0000,"PMAX_BAD_DOMAIN","Medium","Domain name appears auto-generated"
"koetomo.fun","koetomo.fun","WEBSITE","EX I WW I PMAX I SCALING I FEED ONLY I PROSPECTING","21137012770","PERFORMANCE_MAX",10,0,0.0000,0.00,0,0.00,0,0,0,0.00,0.0000,"PMAX_BAD_DOMAIN","Medium","Tier 2 high-risk TLD (.fun) with suspicious domain name"
"cyclesports.jp","cyclesports.jp","WEBSITE","EX I WW I PMAX I SCALING I FEED ONLY I PROSPECTING","21137012770","PERFORMANCE_MAX",10,0,0.0000,0.00,0,0.00,0,0,0,0.00,0.0000,"PMAX_BAD_DOMAIN","Medium","High consonant ratio (82%) suggests auto-generated domain"
"compresspng.com","compresspng.com","WEBSITE","EX I WW I PMAX I SCALING I FEED ONLY I PROSPECTING","21137012770","PERFORMANCE_MAX",10,0,0.0000,0.00,0,0.00,0,0,0,0.00,0.0000,"PMAX_BAD_DOMAIN","Medium","High consonant ratio (82%) suggests auto-generated domain"
"mon-horoscope-du-jour.com","mon-horoscope-du-jour.com","WEBSITE","EX I WW I PMAX I SCALING I FEED ONLY I PROSPECTING","21137012770","PERFORMANCE_MAX",10,0,0.0000,0.00,0,0.00,0,0,0,0.00,0.0000,"PMAX_BAD_DOMAIN","Medium","Matches MFA pattern: ^(www\.)?[a-z]+-[a-z]+-[a-z]+-[a-z]+\."
"imei.info","imei.info","WEBSITE","EX I WW I PMAX I SCALING I FEED ONLY I PROSPECTING","21137012770","PERFORMANCE_MAX",10,0,0.0000,0.00,0,0.00,0,0,0,0.00,0.0000,"PMAX_BAD_DOMAIN","Medium","Tier 2 high-risk TLD (.info) with suspicious domain name"
"destiny-matrix.cc","destiny-matrix.cc","WEBSITE","EX I WW I PMAX I SCALING I FEED ONLY I PROSPECTING","21137012770","PERFORMANCE_MAX",10,0,0.0000,0.00,0,0.00,0,0,0,0.00,0.0000,"PMAX_BAD_DOMAIN","Medium","Tier 2 high-risk TLD (.cc) with suspicious domain name"
"lordbyronskitchen.com","lordbyronskitchen.com","WEBSITE","EX I WW I PMAX I SCALING I FEED ONLY I PROSPECTING","21137012770","PERFORMANCE_MAX",10,0,0.0000,0.00,0,0.00,0,0,0,0.00,0.0000,"PMAX_BAD_DOMAIN","Medium","High consonant ratio (76%) suggests auto-generated domain"
"hotword.site","hotword.site","WEBSITE","EX I WW I PMAX I SCALING I FEED ONLY I PROSPECTING","21137012770","PERFORMANCE_MAX",10,0,0.0000,0.00,0,0.00,0,0,0,0.00,0.0000,"PMAX_BAD_DOMAIN","Medium","Tier 2 high-risk TLD (.site) with suspicious domain name"
"hkjunkcall.com","hkjunkcall.com","WEBSITE","EX I WW I PMAX I SCALING I FEED ONLY I PROSPECTING","21137012770","PERFORMANCE_MAX",10,0,0.0000,0.00,0,0.00,0,0,0,0.00,0.0000,"PMAX_BAD_DOMAIN","Medium","High consonant ratio (80%) suggests auto-generated domain"
"talesfromthekitchenshed.com","talesfromthekitchenshed.com","WEBSITE","EX I WW I PMAX I SCALING I FEED ONLY I PROSPECTING","21137012770","PERFORMANCE_MAX",10,0,0.0000,0.00,0,0.00,0,0,0,0.00,0.0000,"PMAX_BAD_DOMAIN","Medium","Domain name appears auto-generated"
"thenerdstash.com","thenerdstash.com","WEBSITE","EX I WW I PMAX I SCALING I FEED ONLY I OVER-INDEX + INDEX + NEAR-INDEX","20369175508","PERFORMANCE_MAX",9,0,0.0000,0.00,0,0.00,0,0,0,0.00,0.0000,"PMAX_BAD_DOMAIN","Medium","High consonant ratio (75%) suggests auto-generated domain"
"minecraftbestservers.com","minecraftbestservers.com","WEBSITE","EX I WW I PMAX I SCALING I FEED ONLY I OVER-INDEX + INDEX + NEAR-INDEX","20369175508","PERFORMANCE_MAX",9,0,0.0000,0.00,0,0.00,0,0,0,0.00,0.0000,"PMAX_BAD_DOMAIN","Medium","Domain name appears auto-generated"
"clickspeedtester.com","clickspeedtester.com","WEBSITE","EX I WW I PMAX I SCALING I FEED ONLY I OVER-INDEX + INDEX + NEAR-INDEX","20369175508","PERFORMANCE_MAX",9,0,0.0000,0.00,0,0.00,0,0,0,0.00,0.0000,"PMAX_BAD_DOMAIN","Medium","Matches MFA pattern: ^(www\.)?[a-z]*(click|cash|money|fast)[a-z]*\.(com|net|xyz|top|info)$"
"osrsguide.com","osrsguide.com","WEBSITE","EX I WW I PMAX I SCALING I FEED ONLY I OVER-INDEX + INDEX + NEAR-INDEX","20369175508","PERFORMANCE_MAX",9,0,0.0000,0.00,0,0.00,0,0,0,0.00,0.0000,"PMAX_BAD_DOMAIN","Medium","Matches MFA pattern: ^(www\.)?[a-z]*guide[0-9]*\."
"thefoodietakesflight.com","thefoodietakesflight.com","WEBSITE","EX I WW I PMAX I SCALING I FEED ONLY I OVER-INDEX + INDEX + NEAR-INDEX","20369175508","PERFORMANCE_MAX",9,0,0.0000,0.00,0,0.00,0,0,0,0.00,0.0000,"PMAX_BAD_DOMAIN","Medium","Domain name appears auto-generated"
"xmplaylist.com","xmplaylist.com","WEBSITE","EX I WW I PMAX I SCALING I FEED ONLY I OVER-INDEX + INDEX + NEAR-INDEX","20369175508","PERFORMANCE_MAX",9,0,0.0000,0.00,0,0.00,0,0,0,0.00,0.0000,"PMAX_BAD_DOMAIN","Medium","High consonant ratio (80%) suggests auto-generated domain"
"kristineskitchenblog.com","kristineskitchenblog.com","WEBSITE","EX I WW I PMAX I SCALING I FEED ONLY I OVER-INDEX + INDEX + NEAR-INDEX","20369175508","PERFORMANCE_MAX",9,0,0.0000,0.00,0,0.00,0,0,0,0.00,0.0000,"PMAX_BAD_DOMAIN","Medium","Domain name appears auto-generated"
"msshiandmrhe.com","msshiandmrhe.com","WEBSITE","EX I WW I PMAX I SCALING I FEED ONLY I OVER-INDEX + INDEX + NEAR-INDEX","20369175508","PERFORMANCE_MAX",9,0,0.0000,0.00,0,0.00,0,0,0,0.00,0.0000,"PMAX_BAD_DOMAIN","Medium","High consonant ratio (75%) suggests auto-generated domain"
"ls2017.com","ls2017.com","WEBSITE","EX I WW I PMAX I SCALING I FEED ONLY I OVER-INDEX + INDEX + NEAR-INDEX","20369175508","PERFORMANCE_MAX",9,0,0.0000,0.00,0,0.00,0,0,0,0.00,0.0000,"PMAX_BAD_DOMAIN","Medium","Matches parked domain pattern: ^(www\.)?[a-z]{2,3}\d{4,}\."
"beyondyellowbrickblog.com","beyondyellowbrickblog.com","WEBSITE","EX I WW I PMAX I SCALING I FEED ONLY I PROSPECTING","21137012770","PERFORMANCE_MAX",9,0,0.0000,0.00,0,0.00,0,0,0,0.00,0.0000,"PMAX_BAD_DOMAIN","Medium","Domain name appears auto-generated"
"receive-sms.cc","receive-sms.cc","WEBSITE","EX I WW I PMAX I SCALING I FEED ONLY I PROSPECTING","21137012770","PERFORMANCE_MAX",9,0,0.0000,0.00,0,0.00,0,0,0,0.00,0.0000,"PMAX_BAD_DOMAIN","Medium","Tier 2 high-risk TLD (.cc) with suspicious domain name"
"karissasvegankitchen.com","karissasvegankitchen.com","WEBSITE","EX I WW I PMAX I SCALING I FEED ONLY I PROSPECTING","21137012770","PERFORMANCE_MAX",9,0,0.0000,0.00,0,0.00,0,0,0,0.00,0.0000,"PMAX_BAD_DOMAIN","Medium","Domain name appears auto-generated"
"codecheck.info","codecheck.info","WEBSITE","EX I WW I PMAX I SCALING I FEED ONLY I PROSPECTING","21137012770","PERFORMANCE_MAX",9,0,0.0000,0.00,0,0.00,0,0,0,0.00,0.0000,"PMAX_BAD_DOMAIN","Medium","Tier 2 high-risk TLD (.info) with suspicious domain name"
"techzpravy.cz","techzpravy.cz","WEBSITE","EX I WW I PMAX I SCALING I FEED ONLY I PROSPECTING","21137012770","PERFORMANCE_MAX",9,0,0.0000,0.00,0,0.00,0,0,0,0.00,0.0000,"PMAX_BAD_DOMAIN","Medium","High consonant ratio (80%) suggests auto-generated domain"
"gebruikershandleiding.com","gebruikershandleiding.com","WEBSITE","EX I WW I PMAX I SCALING I FEED ONLY I PROSPECTING","21137012770","PERFORMANCE_MAX",9,0,0.0000,0.00,0,0.00,0,0,0,0.00,0.0000,"PMAX_BAD_DOMAIN","Medium","Domain name appears auto-generated"
"statsskuld.se","statsskuld.se","WEBSITE","EX I WW I PMAX I SCALING I FEED ONLY I PROSPECTING","21137012770","PERFORMANCE_MAX",9,0,0.0000,0.00,0,0.00,0,0,0,0.00,0.0000,"PMAX_BAD_DOMAIN","Medium","High consonant ratio (80%) suggests auto-generated domain"
"transfermarkt.ch","transfermarkt.ch","WEBSITE","EX I WW I PMAX I SCALING I FEED ONLY I PROSPECTING","21137012770","PERFORMANCE_MAX",9,0,0.0000,0.00,0,0.00,0,0,0,0.00,0.0000,"PMAX_BAD_DOMAIN","Medium","High consonant ratio (77%) suggests auto-generated domain"
"canadacompanyregistry.com","canadacompanyregistry.com","WEBSITE","EX I WW I PMAX I SCALING I FEED ONLY I PROSPECTING","21137012770","PERFORMANCE_MAX",9,0,0.0000,0.00,0,0.00,0,0,0,0.00,0.0000,"PMAX_BAD_DOMAIN","Medium","Domain name appears auto-generated"
"skyscanner.com","skyscanner.com","WEBSITE","EX I WW I PMAX I SCALING I FEED ONLY I PROSPECTING","21137012770","PERFORMANCE_MAX",9,0,0.0000,0.00,0,0.00,0,0,0,0.00,0.0000,"PMAX_BAD_DOMAIN","Medium","High consonant ratio (80%) suggests auto-generated domain"
"descubrefuerteventura.com","descubrefuerteventura.com","WEBSITE","EX I WW I PMAX I SCALING I FEED ONLY I PROSPECTING","21137012770","PERFORMANCE_MAX",9,0,0.0000,0.00,0,0.00,0,0,0,0.00,0.0000,"PMAX_BAD_DOMAIN","Medium","Domain name appears auto-generated"
"heures.info","heures.info","WEBSITE","EX I WW I PMAX I SCALING I FEED ONLY I PROSPECTING","21137012770","PERFORMANCE_MAX",9,0,0.0000,0.00,0,0.00,0,0,0,0.00,0.0000,"PMAX_BAD_DOMAIN","Medium","Tier 2 high-risk TLD (.info) with suspicious domain name"
"logos-world.net","logos-world.net","WEBSITE","EX I WW I PMAX I SCALING I FEED ONLY I PROSPECTING","21137012770","PERFORMANCE_MAX",9,0,0.0000,0.00,0,0.00,0,0,0,0.00,0.0000,"PMAX_BAD_DOMAIN","Medium","Matches parked domain pattern: ^(www\.)?[a-z]+-(hub|zone|world|center|solutions|platform|network)\.(com|net|org|xyz|top|info)$"
"scrapsfromtheloft.com","scrapsfromtheloft.com","WEBSITE","EX I WW I PMAX I SCALING I FEED ONLY I PROSPECTING","21137012770","PERFORMANCE_MAX",9,0,0.0000,0.00,0,0.00,0,0,0,0.00,0.0000,"PMAX_BAD_DOMAIN","Medium","High consonant ratio (76%) suggests auto-generated domain"
"ooopenlab.cc","ooopenlab.cc","WEBSITE","EX I WW I PMAX I SCALING I FEED ONLY I PROSPECTING","21137012770","PERFORMANCE_MAX",9,0,0.0000,0.00,0,0.00,0,0,0,0.00,0.0000,"PMAX_BAD_DOMAIN","Medium","Tier 2 high-risk TLD (.cc) with suspicious domain name"
"bbqexpress.top","bbqexpress.top","WEBSITE","EX I WW I PMAX I SCALING I FEED ONLY I PROSPECTING","21137012770","PERFORMANCE_MAX",9,0,0.0000,0.00,0,0.00,0,0,0,0.00,0.0000,"PMAX_BAD_DOMAIN","Medium","Matches parked domain pattern: ^(www\.)?[a-z0-9-]+\.(click|download|bid|win|loan|top)$"
"butterwithasideofbread.com","butterwithasideofbread.com","WEBSITE","EX I WW I PMAX I SCALING I FEED ONLY I PROSPECTING","21137012770","PERFORMANCE_MAX",9,0,0.0000,0.00,0,0.00,0,0,0,0.00,0.0000,"PMAX_BAD_DOMAIN","Medium","Domain name appears auto-generated"
"nerdschalk.com","nerdschalk.com","WEBSITE","EX I WW I PMAX I SCALING I FEED ONLY I PROSPECTING","21137012770","PERFORMANCE_MAX",9,0,0.0000,0.00,0,0.00,0,0,0,0.00,0.0000,"PMAX_BAD_DOMAIN","Medium","High consonant ratio (80%) suggests auto-generated domain"
"world-weather.info","world-weather.info","WEBSITE","EX I WW I PMAX I SCALING I FEED ONLY I PROSPECTING","21137012770","PERFORMANCE_MAX",9,0,0.0000,0.00,0,0.00,0,0,0,0.00,0.0000,"PMAX_BAD_DOMAIN","Medium","Tier 2 high-risk TLD (.info) with suspicious domain name"
"skyscanner.com.au","skyscanner.com.au","WEBSITE","EX I WW I PMAX I SCALING I FEED ONLY I PROSPECTING","21137012770","PERFORMANCE_MAX",9,0,0.0000,0.00,0,0.00,0,0,0,0.00,0.0000,"PMAX_BAD_DOMAIN","Medium","High consonant ratio (80%) suggests auto-generated domain"
"burntpelletbbq.com","burntpelletbbq.com","WEBSITE","EX I WW I PMAX I SCALING I FEED ONLY I PROSPECTING","21137012770","PERFORMANCE_MAX",9,0,0.0000,0.00,0,0.00,0,0,0,0.00,0.0000,"PMAX_BAD_DOMAIN","Medium","High consonant ratio (79%) suggests auto-generated domain"
"10000recipe.com","10000recipe.com","WEBSITE","EX I WW I PMAX I SCALING I FEED ONLY I PROSPECTING","21137012770","PERFORMANCE_MAX",9,0,0.0000,0.00,0,0.00,0,0,0,0.00,0.0000,"PMAX_BAD_DOMAIN","Medium","High numeric ratio (45%) suggests auto-generated domain"
"getsuvolley.com","getsuvolley.com","WEBSITE","EX I WW I PMAX I SCALING I FEED ONLY I PROSPECTING","21137012770","PERFORMANCE_MAX",9,0,0.0000,0.00,0,0.00,0,0,0,0.00,0.0000,"PMAX_BAD_DOMAIN","Medium","Matches parked domain pattern: ^(www\.)?get[a-z0-9-]+\.(com|net|org)$"
"xn--u9j1gsa8mmgt69o30ec97apm6bpb9b.com","xn--u9j1gsa8mmgt69o30ec97apm6bpb9b.com","WEBSITE","EX I WW I PMAX I SCALING I FEED ONLY I PROSPECTING","21137012770","PERFORMANCE_MAX",9,0,0.0000,0.00,0,0.00,0,0,0,0.00,0.0000,"PMAX_BAD_DOMAIN","Medium","Punycode/IDN domain — likely irrelevant"
"dishbyrish.co.uk","dishbyrish.co.uk","WEBSITE","EX I WW I PMAX I SCALING I FEED ONLY I PROSPECTING","21137012770","PERFORMANCE_MAX",9,0,0.0000,0.00,0,0.00,0,0,0,0.00,0.0000,"PMAX_BAD_DOMAIN","Medium","High consonant ratio (80%) suggests auto-generated domain"
"convertcsv.com","convertcsv.com","WEBSITE","EX I WW I PMAX I SCALING I FEED ONLY I PROSPECTING","21137012770","PERFORMANCE_MAX",9,0,0.0000,0.00,0,0.00,0,0,0,0.00,0.0000,"PMAX_BAD_DOMAIN","Medium","High consonant ratio (80%) suggests auto-generated domain"
"gcam.top","gcam.top","WEBSITE","EX I WW I PMAX I SCALING I FEED ONLY I OVER-INDEX + INDEX + NEAR-INDEX","20369175508","PERFORMANCE_MAX",8,0,0.0000,0.00,0,0.00,0,0,0,0.00,0.0000,"PMAX_BAD_DOMAIN","Medium","Matches parked domain pattern: ^(www\.)?[a-z0-9-]+\.(click|download|bid|win|loan|top)$"
"fussballgucken.info","fussballgucken.info","WEBSITE","EX I WW I PMAX I SCALING I FEED ONLY I OVER-INDEX + INDEX + NEAR-INDEX","20369175508","PERFORMANCE_MAX",8,0,0.0000,0.00,0,0.00,0,0,0,0.00,0.0000,"PMAX_BAD_DOMAIN","Medium","Tier 2 high-risk TLD (.info) with suspicious domain name"
"burrn.online","burrn.online","WEBSITE","EX I WW I PMAX I SCALING I FEED ONLY I OVER-INDEX + INDEX + NEAR-INDEX","20369175508","PERFORMANCE_MAX",8,0,0.0000,0.00,0,0.00,0,0,0,0.00,0.0000,"PMAX_BAD_DOMAIN","Medium","Tier 2 high-risk TLD (.online) with suspicious domain name"
"diyncrafts.com","diyncrafts.com","WEBSITE","EX I WW I PMAX I SCALING I FEED ONLY I OVER-INDEX + INDEX + NEAR-INDEX","20369175508","PERFORMANCE_MAX",8,0,0.0000,0.00,0,0.00,0,0,0,0.00,0.0000,"PMAX_BAD_DOMAIN","Medium","High consonant ratio (80%) suggests auto-generated domain"
"bruksanvisningpdf.no","bruksanvisningpdf.no","WEBSITE","EX I WW I PMAX I SCALING I FEED ONLY I OVER-INDEX + INDEX + NEAR-INDEX","20369175508","PERFORMANCE_MAX",8,0,0.0000,0.00,0,0.00,0,0,0,0.00,0.0000,"PMAX_BAD_DOMAIN","Medium","High consonant ratio (76%) suggests auto-generated domain"
"gebuehren-rechner.info","gebuehren-rechner.info","WEBSITE","EX I WW I PMAX I SCALING I FEED ONLY I OVER-INDEX + INDEX + NEAR-INDEX","20369175508","PERFORMANCE_MAX",8,0,0.0000,0.00,0,0.00,0,0,0,0.00,0.0000,"PMAX_BAD_DOMAIN","Medium","Tier 2 high-risk TLD (.info) with suspicious domain name"
"loveliveeatlandleben.com","loveliveeatlandleben.com","WEBSITE","EX I WW I PMAX I SCALING I FEED ONLY I PROSPECTING","21137012770","PERFORMANCE_MAX",8,0,0.0000,0.00,0,0.00,0,0,0,0.00,0.0000,"PMAX_BAD_DOMAIN","Medium","Domain name appears auto-generated"
"hebridespropertyfinder.com","hebridespropertyfinder.com","WEBSITE","EX I WW I PMAX I SCALING I FEED ONLY I PROSPECTING","21137012770","PERFORMANCE_MAX",8,0,0.0000,0.00,0,0.00,0,0,0,0.00,0.0000,"PMAX_BAD_DOMAIN","Medium","Domain name appears auto-generated"
"fibromyalgiaresources.com","fibromyalgiaresources.com","WEBSITE","EX I WW I PMAX I SCALING I FEED ONLY I PROSPECTING","21137012770","PERFORMANCE_MAX",8,0,0.0000,0.00,0,0.00,0,0,0,0.00,0.0000,"PMAX_BAD_DOMAIN","Medium","Domain name appears auto-generated"
"cilantroandcitronella.com","cilantroandcitronella.com","WEBSITE","EX I WW I PMAX I SCALING I FEED ONLY I PROSPECTING","21137012770","PERFORMANCE_MAX",8,0,0.0000,0.00,0,0.00,0,0,0,0.00,0.0000,"PMAX_BAD_DOMAIN","Medium","Domain name appears auto-generated"
"slot-solution.site","slot-solution.site","WEBSITE","EX I WW I PMAX I SCALING I FEED ONLY I PROSPECTING","21137012770","PERFORMANCE_MAX",8,0,0.0000,0.00,0,0.00,0,0,0,0.00,0.0000,"PMAX_BAD_DOMAIN","Medium","Tier 2 high-risk TLD (.site) with suspicious domain name"
"basketballjerseyarchive.com","basketballjerseyarchive.com","WEBSITE","EX I WW I PMAX I SCALING I FEED ONLY I PROSPECTING","21137012770","PERFORMANCE_MAX",8,0,0.0000,0.00,0,0.00,0,0,0,0.00,0.0000,"PMAX_BAD_DOMAIN","Medium","Domain name appears auto-generated"
"saltnsprinkles.com","saltnsprinkles.com","WEBSITE","EX I WW I PMAX I SCALING I FEED ONLY I PROSPECTING","21137012770","PERFORMANCE_MAX",8,0,0.0000,0.00,0,0.00,0,0,0,0.00,0.0000,"PMAX_BAD_DOMAIN","Medium","High consonant ratio (79%) suggests auto-generated domain"
"moneywise.com","moneywise.com","WEBSITE","EX I WW I PMAX I SCALING I FEED ONLY I PROSPECTING","21137012770","PERFORMANCE_MAX",8,0,0.0000,0.00,0,0.00,0,0,0,0.00,0.0000,"PMAX_BAD_DOMAIN","Medium","Matches MFA pattern: ^(www\.)?[a-z]*(click|cash|money|fast)[a-z]*\.(com|net|xyz|top|info)$"
"veganoporaccidentespain.com","veganoporaccidentespain.com","WEBSITE","EX I WW I PMAX I SCALING I FEED ONLY I PROSPECTING","21137012770","PERFORMANCE_MAX",8,0,0.0000,0.00,0,0.00,0,0,0,0.00,0.0000,"PMAX_BAD_DOMAIN","Medium","Domain name appears auto-generated"
"theshieldofwrestling.com","theshieldofwrestling.com","WEBSITE","EX I WW I PMAX I SCALING I FEED ONLY I PROSPECTING","21137012770","PERFORMANCE_MAX",8,0,0.0000,0.00,0,0.00,0,0,0,0.00,0.0000,"PMAX_BAD_DOMAIN","Medium","Domain name appears auto-generated"
"myradioonline.it","myradioonline.it","WEBSITE","EX I WW I PMAX I SCALING I FEED ONLY I PROSPECTING","21137012770","PERFORMANCE_MAX",8,0,0.0000,0.00,0,0.00,0,0,0,0.00,0.0000,"PMAX_BAD_DOMAIN","Medium","Matches parked domain pattern: ^(www\.)?my[a-z]+(online|free|pro)\."
"tmspn.com","tmspn.com","WEBSITE","EX I WW I PMAX I SCALING I FEED ONLY I PROSPECTING","21137012770","PERFORMANCE_MAX",8,0,0.0000,0.00,0,0.00,0,0,0,0.00,0.0000,"PMAX_BAD_DOMAIN","Medium","Domain matches DGA entropy pattern"
"nordisch.info","nordisch.info","WEBSITE","EX I WW I PMAX I SCALING I FEED ONLY I PROSPECTING","21137012770","PERFORMANCE_MAX",8,0,0.0000,0.00,0,0.00,0,0,0,0.00,0.0000,"PMAX_BAD_DOMAIN","Medium","Tier 2 high-risk TLD (.info) with suspicious domain name"
"blg-46sui96.com","blg-46sui96.com","WEBSITE","EX I WW I PMAX I SCALING I FEED ONLY I PROSPECTING","21137012770","PERFORMANCE_MAX",8,0,0.0000,0.00,0,0.00,0,0,0,0.00,0.0000,"PMAX_BAD_DOMAIN","Medium","High numeric ratio (36%) suggests auto-generated domain"
"twitchmetrics.net","twitchmetrics.net","WEBSITE","EX I WW I PMAX I SCALING I FEED ONLY I PROSPECTING","21137012770","PERFORMANCE_MAX",8,0,0.0000,0.00,0,0.00,0,0,0,0.00,0.0000,"PMAX_BAD_DOMAIN","Medium","High consonant ratio (77%) suggests auto-generated domain"
"mens-club.online","mens-club.online","WEBSITE","EX I WW I PMAX I SCALING I FEED ONLY I PROSPECTING","21137012770","PERFORMANCE_MAX",8,0,0.0000,0.00,0,0.00,0,0,0,0.00,0.0000,"PMAX_BAD_DOMAIN","Medium","Tier 2 high-risk TLD (.online) with suspicious domain name"
"familydestinationsguide.com","familydestinationsguide.com","WEBSITE","EX I WW I PMAX I SCALING I FEED ONLY I PROSPECTING","21137012770","PERFORMANCE_MAX",8,0,0.0000,0.00,0,0.00,0,0,0,0.00,0.0000,"PMAX_BAD_DOMAIN","Medium","Matches MFA pattern: ^(www\.)?[a-z]*guide[0-9]*\."
"exoticanimalsforsale.net","exoticanimalsforsale.net","WEBSITE","EX I WW I PMAX I SCALING I FEED ONLY I PROSPECTING","21137012770","PERFORMANCE_MAX",8,0,0.0000,0.00,0,0.00,0,0,0,0.00,0.0000,"PMAX_BAD_DOMAIN","Medium","Domain name appears auto-generated"
"zardyplants.com","zardyplants.com","WEBSITE","EX I WW I PMAX I SCALING I FEED ONLY I PROSPECTING","21137012770","PERFORMANCE_MAX",8,0,0.0000,0.00,0,0.00,0,0,0,0.00,0.0000,"PMAX_BAD_DOMAIN","Medium","High consonant ratio (82%) suggests auto-generated domain"
"beautifuldawndesigns.net","beautifuldawndesigns.net","WEBSITE","EX I WW I PMAX I SCALING I FEED ONLY I PROSPECTING","21137012770","PERFORMANCE_MAX",8,0,0.0000,0.00,0,0.00,0,0,0,0.00,0.0000,"PMAX_BAD_DOMAIN","Medium","Domain name appears auto-generated"
"transfermarkt.gr","transfermarkt.gr","WEBSITE","EX I WW I PMAX I SCALING I FEED ONLY I PROSPECTING","21137012770","PERFORMANCE_MAX",8,0,0.0000,0.00,0,0.00,0,0,0,0.00,0.0000,"PMAX_BAD_DOMAIN","Medium","High consonant ratio (77%) suggests auto-generated domain"
"simplywall.st","simplywall.st","WEBSITE","EX I WW I PMAX I SCALING I FEED ONLY I PROSPECTING","21137012770","PERFORMANCE_MAX",8,0,0.0000,0.00,0,0.00,0,0,0,0.00,0.0000,"PMAX_BAD_DOMAIN","Medium","High consonant ratio (80%) suggests auto-generated domain"
"worldofsports.net","worldofsports.net","WEBSITE","EX I WW I PMAX I SCALING I FEED ONLY I PROSPECTING","21137012770","PERFORMANCE_MAX",8,0,0.0000,0.00,0,0.00,0,0,0,0.00,0.0000,"PMAX_BAD_DOMAIN","Medium","High consonant ratio (77%) suggests auto-generated domain"
"sinfest.xyz","sinfest.xyz","WEBSITE","EX I WW I PMAX I SCALING I FEED ONLY I PROSPECTING","21137012770","PERFORMANCE_MAX",8,0,0.0000,0.00,0,0.00,0,0,0,0.00,0.0000,"PMAX_BAD_DOMAIN","Medium","Tier 2 high-risk TLD (.xyz) with suspicious domain name"
"clickliverpool.com","clickliverpool.com","WEBSITE","EX I WW I PMAX I SCALING I FEED ONLY I PROSPECTING","21137012770","PERFORMANCE_MAX",8,0,0.0000,0.00,0,0.00,0,0,0,0.00,0.0000,"PMAX_BAD_DOMAIN","Medium","Matches MFA pattern: ^(www\.)?[a-z]*(click|cash|money|fast)[a-z]*\.(com|net|xyz|top|info)$"
"khinskitchen.com","khinskitchen.com","WEBSITE","EX I WW I PMAX I SCALING I FEED ONLY I PROSPECTING","21137012770","PERFORMANCE_MAX",8,0,0.0000,0.00,0,0.00,0,0,0,0.00,0.0000,"PMAX_BAD_DOMAIN","Medium","High consonant ratio (75%) suggests auto-generated domain"
"textsymbols.net","textsymbols.net","WEBSITE","EX I WW I PMAX I SCALING I FEED ONLY I PROSPECTING","21137012770","PERFORMANCE_MAX",8,0,0.0000,0.00,0,0.00,0,0,0,0.00,0.0000,"PMAX_BAD_DOMAIN","Medium","High consonant ratio (82%) suggests auto-generated domain"
"dpwpkbsumut.id","dpwpkbsumut.id","WEBSITE","EX I WW I PMAX I SCALING I FEED ONLY I PROSPECTING","21137012770","PERFORMANCE_MAX",8,0,0.0000,0.00,0,0.00,0,0,0,0.00,0.0000,"PMAX_BAD_DOMAIN","Medium","High consonant ratio (82%) suggests auto-generated domain"
"canadiancookingadventures.com","canadiancookingadventures.com","WEBSITE","EX I WW I PMAX I SCALING I FEED ONLY I PROSPECTING","21137012770","PERFORMANCE_MAX",8,0,0.0000,0.00,0,0.00,0,0,0,0.00,0.0000,"PMAX_BAD_DOMAIN","Medium","Domain name appears auto-generated"
"ciclismointernacional.com","ciclismointernacional.com","WEBSITE","EX I WW I PMAX I SCALING I FEED ONLY I OVER-INDEX + INDEX + NEAR-INDEX","20369175508","PERFORMANCE_MAX",7,0,0.0000,0.00,0,0.00,0,0,0,0.00,0.0000,"PMAX_BAD_DOMAIN","Medium","Domain name appears auto-generated"
"matchlyric.com","matchlyric.com","WEBSITE","EX I WW I PMAX I SCALING I FEED ONLY I OVER-INDEX + INDEX + NEAR-INDEX","20369175508","PERFORMANCE_MAX",7,0,0.0000,0.00,0,0.00,0,0,0,0.00,0.0000,"PMAX_BAD_DOMAIN","Medium","High consonant ratio (80%) suggests auto-generated domain"
"polszczyzna.pl","polszczyzna.pl","WEBSITE","EX I WW I PMAX I SCALING I FEED ONLY I OVER-INDEX + INDEX + NEAR-INDEX","20369175508","PERFORMANCE_MAX",7,0,0.0000,0.00,0,0.00,0,0,0,0.00,0.0000,"PMAX_BAD_DOMAIN","Medium","High consonant ratio (82%) suggests auto-generated domain"
"lacuisinedessouvenirs.com","lacuisinedessouvenirs.com","WEBSITE","EX I WW I PMAX I SCALING I FEED ONLY I OVER-INDEX + INDEX + NEAR-INDEX","20369175508","PERFORMANCE_MAX",7,0,0.0000,0.00,0,0.00,0,0,0,0.00,0.0000,"PMAX_BAD_DOMAIN","Medium","Domain name appears auto-generated"
"mhwcode.space","mhwcode.space","WEBSITE","EX I WW I PMAX I SCALING I FEED ONLY I OVER-INDEX + INDEX + NEAR-INDEX","20369175508","PERFORMANCE_MAX",7,0,0.0000,0.00,0,0.00,0,0,0,0.00,0.0000,"PMAX_BAD_DOMAIN","Medium","Tier 2 high-risk TLD (.space) with suspicious domain name"
"slickcharts.com","slickcharts.com","WEBSITE","EX I WW I PMAX I SCALING I FEED ONLY I OVER-INDEX + INDEX + NEAR-INDEX","20369175508","PERFORMANCE_MAX",7,0,0.0000,0.00,0,0.00,0,0,0,0.00,0.0000,"PMAX_BAD_DOMAIN","Medium","High consonant ratio (82%) suggests auto-generated domain"
"postwrestling.com","postwrestling.com","WEBSITE","EX I WW I PMAX I SCALING I FEED ONLY I OVER-INDEX + INDEX + NEAR-INDEX","20369175508","PERFORMANCE_MAX",7,0,0.0000,0.00,0,0.00,0,0,0,0.00,0.0000,"PMAX_BAD_DOMAIN","Medium","High consonant ratio (77%) suggests auto-generated domain"
"newonnetflix.info","newonnetflix.info","WEBSITE","EX I WW I PMAX I SCALING I FEED ONLY I OVER-INDEX + INDEX + NEAR-INDEX","20369175508","PERFORMANCE_MAX",7,0,0.0000,0.00,0,0.00,0,0,0,0.00,0.0000,"PMAX_BAD_DOMAIN","Medium","Tier 2 high-risk TLD (.info) with suspicious domain name"
"viewigstory.com","viewigstory.com","WEBSITE","EX I WW I PMAX I SCALING I FEED ONLY I OVER-INDEX + INDEX + NEAR-INDEX","20369175508","PERFORMANCE_MAX",7,0,0.0000,0.00,0,0.00,0,0,0,0.00,0.0000,"PMAX_BAD_DOMAIN","Medium","Matches MFA pattern: ^(www\.)?[a-z]*(article|content|story)s?[0-9]*\."
"livelikeitstheweekend.com","livelikeitstheweekend.com","WEBSITE","EX I WW I PMAX I SCALING I FEED ONLY I OVER-INDEX + INDEX + NEAR-INDEX","20369175508","PERFORMANCE_MAX",7,0,0.0000,0.00,0,0.00,0,0,0,0.00,0.0000,"PMAX_BAD_DOMAIN","Medium","Domain name appears auto-generated"
"champinon.info","champinon.info","WEBSITE","EX I WW I PMAX I SCALING I FEED ONLY I OVER-INDEX + INDEX + NEAR-INDEX","20369175508","PERFORMANCE_MAX",7,0,0.0000,0.00,0,0.00,0,0,0,0.00,0.0000,"PMAX_BAD_DOMAIN","Medium","Tier 2 high-risk TLD (.info) with suspicious domain name"
"5ingredients15minutes.com","5ingredients15minutes.com","WEBSITE","EX I WW I PMAX I SCALING I FEED ONLY I OVER-INDEX + INDEX + NEAR-INDEX","20369175508","PERFORMANCE_MAX",7,0,0.0000,0.00,0,0.00,0,0,0,0.00,0.0000,"PMAX_BAD_DOMAIN","Medium","Domain name appears auto-generated"
"ifonts.xyz","ifonts.xyz","WEBSITE","EX I WW I PMAX I SCALING I FEED ONLY I OVER-INDEX + INDEX + NEAR-INDEX","20369175508","PERFORMANCE_MAX",7,0,0.0000,0.00,0,0.00,0,0,0,0.00,0.0000,"PMAX_BAD_DOMAIN","Medium","Tier 2 high-risk TLD (.xyz) with suspicious domain name"
"thereluctantexplorers.com","thereluctantexplorers.com","WEBSITE","EX I WW I PMAX I SCALING I FEED ONLY I OVER-INDEX + INDEX + NEAR-INDEX","20369175508","PERFORMANCE_MAX",7,0,0.0000,0.00,0,0.00,0,0,0,0.00,0.0000,"PMAX_BAD_DOMAIN","Medium","Domain name appears auto-generated"
"fantasynamegenerators.com","fantasynamegenerators.com","WEBSITE","EX I WW I PMAX I SCALING I FEED ONLY I OVER-INDEX + INDEX + NEAR-INDEX","20369175508","PERFORMANCE_MAX",7,0,0.0000,0.00,0,0.00,0,0,0,0.00,0.0000,"PMAX_BAD_DOMAIN","Medium","Domain name appears auto-generated"
"mythicstats.com","mythicstats.com","WEBSITE","EX I WW I PMAX I SCALING I FEED ONLY I OVER-INDEX + INDEX + NEAR-INDEX","20369175508","PERFORMANCE_MAX",7,0,0.0000,0.00,0,0.00,0,0,0,0.00,0.0000,"PMAX_BAD_DOMAIN","Medium","High consonant ratio (82%) suggests auto-generated domain"
"xn--dbh-cj4e260f.xyz","xn--dbh-cj4e260f.xyz","WEBSITE","EX I WW I PMAX I SCALING I FEED ONLY I OVER-INDEX + INDEX + NEAR-INDEX","20369175508","PERFORMANCE_MAX",7,0,0.0000,0.00,0,0.00,0,0,0,0.00,0.0000,"PMAX_BAD_DOMAIN","Medium","Punycode/IDN domain — likely irrelevant"
"brandsoftheworld.com","brandsoftheworld.com","WEBSITE","EX I WW I PMAX I SCALING I FEED ONLY I OVER-INDEX + INDEX + NEAR-INDEX","20369175508","PERFORMANCE_MAX",7,0,0.0000,0.00,0,0.00,0,0,0,0.00,0.0000,"PMAX_BAD_DOMAIN","Medium","High consonant ratio (75%) suggests auto-generated domain"
"grrrltraveler.com","grrrltraveler.com","WEBSITE","EX I WW I PMAX I SCALING I FEED ONLY I PROSPECTING","21137012770","PERFORMANCE_MAX",7,0,0.0000,0.00,0,0.00,0,0,0,0.00,0.0000,"PMAX_BAD_DOMAIN","Medium","High consonant ratio (77%) suggests auto-generated domain"
"hungryenoughtoeatsix.com","hungryenoughtoeatsix.com","WEBSITE","EX I WW I PMAX I SCALING I FEED ONLY I PROSPECTING","21137012770","PERFORMANCE_MAX",7,0,0.0000,0.00,0,0.00,0,0,0,0.00,0.0000,"PMAX_BAD_DOMAIN","Medium","Domain name appears auto-generated"
"transfermarkt.ro","transfermarkt.ro","WEBSITE","EX I WW I PMAX I SCALING I FEED ONLY I PROSPECTING","21137012770","PERFORMANCE_MAX",7,0,0.0000,0.00,0,0.00,0,0,0,0.00,0.0000,"PMAX_BAD_DOMAIN","Medium","High consonant ratio (77%) suggests auto-generated domain"
"drinkfood.info","drinkfood.info","WEBSITE","EX I WW I PMAX I SCALING I FEED ONLY I PROSPECTING","21137012770","PERFORMANCE_MAX",7,0,0.0000,0.00,0,0.00,0,0,0,0.00,0.0000,"PMAX_BAD_DOMAIN","Medium","Tier 2 high-risk TLD (.info) with suspicious domain name"
"estone.cc","estone.cc","WEBSITE","EX I WW I PMAX I SCALING I FEED ONLY I PROSPECTING","21137012770","PERFORMANCE_MAX",7,0,0.0000,0.00,0,0.00,0,0,0,0.00,0.0000,"PMAX_BAD_DOMAIN","Medium","Tier 2 high-risk TLD (.cc) with suspicious domain name"
"smartpenniesguide.com","smartpenniesguide.com","WEBSITE","EX I WW I PMAX I SCALING I FEED ONLY I PROSPECTING","21137012770","PERFORMANCE_MAX",7,0,0.0000,0.00,0,0.00,0,0,0,0.00,0.0000,"PMAX_BAD_DOMAIN","Medium","Matches MFA pattern: ^(www\.)?[a-z]*guide[0-9]*\."
"taibaiding.info","taibaiding.info","WEBSITE","EX I WW I PMAX I SCALING I FEED ONLY I PROSPECTING","21137012770","PERFORMANCE_MAX",7,0,0.0000,0.00,0,0.00,0,0,0,0.00,0.0000,"PMAX_BAD_DOMAIN","Medium","Tier 2 high-risk TLD (.info) with suspicious domain name"
"vickyflipfloptravels.com","vickyflipfloptravels.com","WEBSITE","EX I WW I PMAX I SCALING I FEED ONLY I PROSPECTING","21137012770","PERFORMANCE_MAX",7,0,0.0000,0.00,0,0.00,0,0,0,0.00,0.0000,"PMAX_BAD_DOMAIN","Medium","Domain name appears auto-generated"
"crystalmark.info","crystalmark.info","WEBSITE","EX I WW I PMAX I SCALING I FEED ONLY I PROSPECTING","21137012770","PERFORMANCE_MAX",7,0,0.0000,0.00,0,0.00,0,0,0,0.00,0.0000,"PMAX_BAD_DOMAIN","Medium","High consonant ratio (82%) suggests auto-generated domain"
"jennyscrayoncollection.com","jennyscrayoncollection.com","WEBSITE","EX I WW I PMAX I SCALING I FEED ONLY I PROSPECTING","21137012770","PERFORMANCE_MAX",7,0,0.0000,0.00,0,0.00,0,0,0,0.00,0.0000,"PMAX_BAD_DOMAIN","Medium","Domain name appears auto-generated"
"glutenfreeonashoestring.com","glutenfreeonashoestring.com","WEBSITE","EX I WW I PMAX I SCALING I FEED ONLY I PROSPECTING","21137012770","PERFORMANCE_MAX",7,0,0.0000,0.00,0,0.00,0,0,0,0.00,0.0000,"PMAX_BAD_DOMAIN","Medium","Domain name appears auto-generated"
"northamericanmotoring.com","northamericanmotoring.com","WEBSITE","EX I WW I PMAX I SCALING I FEED ONLY I PROSPECTING","21137012770","PERFORMANCE_MAX",7,0,0.0000,0.00,0,0.00,0,0,0,0.00,0.0000,"PMAX_BAD_DOMAIN","Medium","Domain name appears auto-generated"
"mydutyfree.net","mydutyfree.net","WEBSITE","EX I WW I PMAX I SCALING I FEED ONLY I PROSPECTING","21137012770","PERFORMANCE_MAX",7,0,0.0000,0.00,0,0.00,0,0,0,0.00,0.0000,"PMAX_BAD_DOMAIN","Medium","Matches parked domain pattern: ^(www\.)?my[a-z]+(online|free|pro)\."
"therealfooddietitians.com","therealfooddietitians.com","WEBSITE","EX I WW I PMAX I SCALING I FEED ONLY I PROSPECTING","21137012770","PERFORMANCE_MAX",7,0,0.0000,0.00,0,0.00,0,0,0,0.00,0.0000,"PMAX_BAD_DOMAIN","Medium","Domain name appears auto-generated"
"fastcompany.com","fastcompany.com","WEBSITE","EX I WW I PMAX I SCALING I FEED ONLY I PROSPECTING","21137012770","PERFORMANCE_MAX",7,0,0.0000,0.00,0,0.00,0,0,0,0.00,0.0000,"PMAX_BAD_DOMAIN","Medium","Matches MFA pattern: ^(www\.)?[a-z]*(click|cash|money|fast)[a-z]*\.(com|net|xyz|top|info)$"
"synonymbog.com","synonymbog.com","WEBSITE","EX I WW I PMAX I SCALING I FEED ONLY I PROSPECTING","21137012770","PERFORMANCE_MAX",7,0,0.0000,0.00,0,0.00,0,0,0,0.00,0.0000,"PMAX_BAD_DOMAIN","Medium","High consonant ratio (80%) suggests auto-generated domain"
"sprytnetriki.pl","sprytnetriki.pl","WEBSITE","EX I WW I PMAX I SCALING I FEED ONLY I PROSPECTING","21137012770","PERFORMANCE_MAX",7,0,0.0000,0.00,0,0.00,0,0,0,0.00,0.0000,"PMAX_BAD_DOMAIN","Medium","High consonant ratio (75%) suggests auto-generated domain"
"1001spiele.de","1001spiele.de","WEBSITE","EX I WW I PMAX I SCALING I FEED ONLY I PROSPECTING","21137012770","PERFORMANCE_MAX",7,0,0.0000,0.00,0,0.00,0,0,0,0.00,0.0000,"PMAX_BAD_DOMAIN","Medium","High numeric ratio (40%) suggests auto-generated domain"
"dress-up-darling-manga.com","dress-up-darling-manga.com","WEBSITE","EX I WW I PMAX I SCALING I FEED ONLY I PROSPECTING","21137012770","PERFORMANCE_MAX",7,0,0.0000,0.00,0,0.00,0,0,0,0.00,0.0000,"PMAX_BAD_DOMAIN","Medium","Matches MFA pattern: ^(www\.)?[a-z]+-[a-z]+-[a-z]+-[a-z]+\."
"footballmanagergraphics.com","footballmanagergraphics.com","WEBSITE","EX I WW I PMAX I SCALING I FEED ONLY I PROSPECTING","21137012770","PERFORMANCE_MAX",7,0,0.0000,0.00,0,0.00,0,0,0,0.00,0.0000,"PMAX_BAD_DOMAIN","Medium","Domain name appears auto-generated"
"menorca.info","menorca.info","WEBSITE","EX I WW I PMAX I SCALING I FEED ONLY I PROSPECTING","21137012770","PERFORMANCE_MAX",7,0,0.0000,0.00,0,0.00,0,0,0,0.00,0.0000,"PMAX_BAD_DOMAIN","Medium","Tier 2 high-risk TLD (.info) with suspicious domain name"
"northamptonchron.co.uk","northamptonchron.co.uk","WEBSITE","EX I WW I PMAX I SCALING I FEED ONLY I PROSPECTING","21137012770","PERFORMANCE_MAX",7,0,0.0000,0.00,0,0.00,0,0,0,0.00,0.0000,"PMAX_BAD_DOMAIN","Medium","High consonant ratio (75%) suggests auto-generated domain"
"dishbydish.net","dishbydish.net","WEBSITE","EX I WW I PMAX I SCALING I FEED ONLY I PROSPECTING","21137012770","PERFORMANCE_MAX",7,0,0.0000,0.00,0,0.00,0,0,0,0.00,0.0000,"PMAX_BAD_DOMAIN","Medium","High consonant ratio (80%) suggests auto-generated domain"
"vintageleatherjackets.org","vintageleatherjackets.org","WEBSITE","EX I WW I PMAX I SCALING I FEED ONLY I PROSPECTING","21137012770","PERFORMANCE_MAX",7,0,0.0000,0.00,0,0.00,0,0,0,0.00,0.0000,"PMAX_BAD_DOMAIN","Medium","Domain name appears auto-generated"
"officialchadrankings.com","officialchadrankings.com","WEBSITE","EX I WW I PMAX I SCALING I FEED ONLY I PROSPECTING","21137012770","PERFORMANCE_MAX",7,0,0.0000,0.00,0,0.00,0,0,0,0.00,0.0000,"PMAX_BAD_DOMAIN","Medium","Domain name appears auto-generated"
"goatsports.xyz","goatsports.xyz","WEBSITE","EX I WW I PMAX I SCALING I FEED ONLY I PROSPECTING","21137012770","PERFORMANCE_MAX",7,0,0.0000,0.00,0,0.00,0,0,0,0.00,0.0000,"PMAX_BAD_DOMAIN","Medium","Tier 2 high-risk TLD (.xyz) with suspicious domain name"
"viralsurgery.com","viralsurgery.com","WEBSITE","EX I WW I PMAX I SCALING I FEED ONLY I PROSPECTING","21137012770","PERFORMANCE_MAX",7,0,0.0000,0.00,0,0.00,0,0,0,0.00,0.0000,"PMAX_BAD_DOMAIN","Medium","Matches MFA pattern: ^(www\.)?viral[a-z]+\."
"throttlestop.net","throttlestop.net","WEBSITE","EX I WW I PMAX I SCALING I FEED ONLY I PROSPECTING","21137012770","PERFORMANCE_MAX",7,0,0.0000,0.00,0,0.00,0,0,0,0.00,0.0000,"PMAX_BAD_DOMAIN","Medium","High consonant ratio (75%) suggests auto-generated domain"
"architecturaldesigns.com","architecturaldesigns.com","WEBSITE","EX I WW I PMAX I SCALING I FEED ONLY I PROSPECTING","21137012770","PERFORMANCE_MAX",7,0,0.0000,0.00,0,0.00,0,0,0,0.00,0.0000,"PMAX_BAD_DOMAIN","Medium","Domain name appears auto-generated"
"paket.monster","paket.monster","WEBSITE","EX I WW I PMAX I SCALING I FEED ONLY I PROSPECTING","21137012770","PERFORMANCE_MAX",7,0,0.0000,0.00,0,0.00,0,0,0,0.00,0.0000,"PMAX_BAD_DOMAIN","Medium","Tier 1 high-risk TLD (.monster) — auto-flagged"
"sportschosun.com","sportschosun.com","WEBSITE","EX I WW I PMAX I SCALING I FEED ONLY I PROSPECTING","21137012770","PERFORMANCE_MAX",7,0,0.0000,0.00,0,0.00,0,0,0,0.00,0.0000,"PMAX_BAD_DOMAIN","Medium","High consonant ratio (75%) suggests auto-generated domain"
"1000ps.at","1000ps.at","WEBSITE","EX I WW I PMAX I SCALING I FEED ONLY I PROSPECTING","21137012770","PERFORMANCE_MAX",7,0,0.0000,0.00,0,0.00,0,0,0,0.00,0.0000,"PMAX_BAD_DOMAIN","Medium","Matches parked domain pattern: ^(www\.)?\d{3,}[a-z]{1,3}\."
"indifferentlanguages.com","indifferentlanguages.com","WEBSITE","EX I WW I PMAX I SCALING I FEED ONLY I PROSPECTING","21137012770","PERFORMANCE_MAX",7,0,0.0000,0.00,0,0.00,0,0,0,0.00,0.0000,"PMAX_BAD_DOMAIN","Medium","Domain name appears auto-generated"
"bolec.info","bolec.info","WEBSITE","EX I WW I PMAX I SCALING I FEED ONLY I PROSPECTING","21137012770","PERFORMANCE_MAX",7,0,0.0000,0.00,0,0.00,0,0,0,0.00,0.0000,"PMAX_BAD_DOMAIN","Medium","Tier 2 high-risk TLD (.info) with suspicious domain name"
"transfermarkt.be","transfermarkt.be","WEBSITE","EX I WW I PMAX I SCALING I FEED ONLY I PROSPECTING","21137012770","PERFORMANCE_MAX",7,0,0.0000,0.00,0,0.00,0,0,0,0.00,0.0000,"PMAX_BAD_DOMAIN","Medium","High consonant ratio (77%) suggests auto-generated domain"
"insidetherustickitchen.com","insidetherustickitchen.com","WEBSITE","EX I WW I PMAX I SCALING I FEED ONLY I PROSPECTING","21137012770","PERFORMANCE_MAX",7,0,0.0000,0.00,0,0.00,0,0,0,0.00,0.0000,"PMAX_BAD_DOMAIN","Medium","Domain name appears auto-generated"
"vitalthrills.com","vitalthrills.com","WEBSITE","EX I WW I PMAX I SCALING I FEED ONLY I PROSPECTING","21137012770","PERFORMANCE_MAX",7,0,0.0000,0.00,0,0.00,0,0,0,0.00,0.0000,"PMAX_BAD_DOMAIN","Medium","High consonant ratio (75%) suggests auto-generated domain"
"bigflavorstinykitchen.com","bigflavorstinykitchen.com","WEBSITE","EX I WW I PMAX I SCALING I FEED ONLY I PROSPECTING","21137012770","PERFORMANCE_MAX",7,0,0.0000,0.00,0,0.00,0,0,0,0.00,0.0000,"PMAX_BAD_DOMAIN","Medium","Domain name appears auto-generated"
"katwijk.info","katwijk.info","WEBSITE","EX I WW I PMAX I SCALING I FEED ONLY I PROSPECTING","21137012770","PERFORMANCE_MAX",7,0,0.0000,0.00,0,0.00,0,0,0,0.00,0.0000,"PMAX_BAD_DOMAIN","Medium","Tier 2 high-risk TLD (.info) with suspicious domain name"
"bracknellnews.co.uk","bracknellnews.co.uk","WEBSITE","EX I WW I PMAX I SCALING I FEED ONLY I PROSPECTING","21137012770","PERFORMANCE_MAX",7,0,0.0000,0.00,0,0.00,0,0,0,0.00,0.0000,"PMAX_BAD_DOMAIN","Medium","High consonant ratio (77%) suggests auto-generated domain"
"twinstrangers.net","twinstrangers.net","WEBSITE","EX I WW I PMAX I SCALING I FEED ONLY I PROSPECTING","21137012770","PERFORMANCE_MAX",7,0,0.0000,0.00,0,0.00,0,0,0,0.00,0.0000,"PMAX_BAD_DOMAIN","Medium","High consonant ratio (77%) suggests auto-generated domain"
"celebrationgeneration.com","celebrationgeneration.com","WEBSITE","EX I WW I PMAX I SCALING I FEED ONLY I PROSPECTING","21137012770","PERFORMANCE_MAX",7,0,0.0000,0.00,0,0.00,0,0,0,0.00,0.0000,"PMAX_BAD_DOMAIN","Medium","Domain name appears auto-generated"
"xn--lintujen-net-ocba.net","xn--lintujen-net-ocba.net","WEBSITE","EX I WW I PMAX I SCALING I FEED ONLY I PROSPECTING","21137012770","PERFORMANCE_MAX",7,0,0.0000,0.00,0,0.00,0,0,0,0.00,0.0000,"PMAX_BAD_DOMAIN","Medium","Punycode/IDN domain — likely irrelevant"
"nohat.cc","nohat.cc","WEBSITE","EX I WW I PMAX I SCALING I FEED ONLY I PROSPECTING","21137012770","PERFORMANCE_MAX",7,0,0.0000,0.00,0,0.00,0,0,0,0.00,0.0000,"PMAX_BAD_DOMAIN","Medium","Tier 2 high-risk TLD (.cc) with suspicious domain name"
"jaylynnlittle.com","jaylynnlittle.com","WEBSITE","EX I WW I PMAX I SCALING I FEED ONLY I PROSPECTING","21137012770","PERFORMANCE_MAX",7,0,0.0000,0.00,0,0.00,0,0,0,0.00,0.0000,"PMAX_BAD_DOMAIN","Medium","High consonant ratio (77%) suggests auto-generated domain"
"bracketfights.com","bracketfights.com","WEBSITE","EX I WW I PMAX I SCALING I FEED ONLY I PROSPECTING","21137012770","PERFORMANCE_MAX",7,0,0.0000,0.00,0,0.00,0,0,0,0.00,0.0000,"PMAX_BAD_DOMAIN","Medium","High consonant ratio (77%) suggests auto-generated domain"
"gebuehren-rechner.info","gebuehren-rechner.info","WEBSITE","EX I WW I PMAX I SCALING I FEED ONLY I PROSPECTING","21137012770","PERFORMANCE_MAX",7,0,0.0000,0.00,0,0.00,0,0,0,0.00,0.0000,"PMAX_BAD_DOMAIN","Medium","Tier 2 high-risk TLD (.info) with suspicious domain name"
"talesoftimesforgotten.com","talesoftimesforgotten.com","WEBSITE","EX I WW I PMAX I SCALING I FEED ONLY I PROSPECTING","21137012770","PERFORMANCE_MAX",7,0,0.0000,0.00,0,0.00,0,0,0,0.00,0.0000,"PMAX_BAD_DOMAIN","Medium","Domain name appears auto-generated"
"retrogames.cc","retrogames.cc","WEBSITE","EX I WW I PMAX I SCALING I FEED ONLY I OVER-INDEX + INDEX + NEAR-INDEX","20369175508","PERFORMANCE_MAX",6,0,0.0000,0.00,0,0.00,0,0,0,0.00,0.0000,"PMAX_BAD_DOMAIN","Medium","Tier 2 high-risk TLD (.cc) with suspicious domain name"
"dreamlightvalleywiki.com","dreamlightvalleywiki.com","WEBSITE","EX I WW I PMAX I SCALING I FEED ONLY I OVER-INDEX + INDEX + NEAR-INDEX","20369175508","PERFORMANCE_MAX",6,0,0.0000,0.00,0,0.00,0,0,0,0.00,0.0000,"PMAX_BAD_DOMAIN","Medium","Domain name appears auto-generated"
"lamenteesmaravillosa.com","lamenteesmaravillosa.com","WEBSITE","EX I WW I PMAX I SCALING I FEED ONLY I OVER-INDEX + INDEX + NEAR-INDEX","20369175508","PERFORMANCE_MAX",6,0,0.0000,0.00,0,0.00,0,0,0,0.00,0.0000,"PMAX_BAD_DOMAIN","Medium","Domain name appears auto-generated"
"czechtheworld.com","czechtheworld.com","WEBSITE","EX I WW I PMAX I SCALING I FEED ONLY I OVER-INDEX + INDEX + NEAR-INDEX","20369175508","PERFORMANCE_MAX",6,0,0.0000,0.00,0,0.00,0,0,0,0.00,0.0000,"PMAX_BAD_DOMAIN","Medium","High consonant ratio (77%) suggests auto-generated domain"
"replika-news.top","replika-news.top","WEBSITE","EX I WW I PMAX I SCALING I FEED ONLY I OVER-INDEX + INDEX + NEAR-INDEX","20369175508","PERFORMANCE_MAX",6,0,0.0000,0.00,0,0.00,0,0,0,0.00,0.0000,"PMAX_BAD_DOMAIN","Medium","Matches parked domain pattern: ^(www\.)?[a-z0-9-]+\.(click|download|bid|win|loan|top)$"
"poiy.online","poiy.online","WEBSITE","EX I WW I PMAX I SCALING I FEED ONLY I OVER-INDEX + INDEX + NEAR-INDEX","20369175508","PERFORMANCE_MAX",6,0,0.0000,0.00,0,0.00,0,0,0,0.00,0.0000,"PMAX_BAD_DOMAIN","Medium","Tier 2 high-risk TLD (.online) with suspicious domain name"
"xn--solitr-fua.de","xn--solitr-fua.de","WEBSITE","EX I WW I PMAX I SCALING I FEED ONLY I OVER-INDEX + INDEX + NEAR-INDEX","20369175508","PERFORMANCE_MAX",6,0,0.0000,0.00,0,0.00,0,0,0,0.00,0.0000,"PMAX_BAD_DOMAIN","Medium","Punycode/IDN domain — likely irrelevant"
"prettyscale.online","prettyscale.online","WEBSITE","EX I WW I PMAX I SCALING I FEED ONLY I OVER-INDEX + INDEX + NEAR-INDEX","20369175508","PERFORMANCE_MAX",6,0,0.0000,0.00,0,0.00,0,0,0,0.00,0.0000,"PMAX_BAD_DOMAIN","Medium","Tier 2 high-risk TLD (.online) with suspicious domain name"
"sportswanted.de","sportswanted.de","WEBSITE","EX I WW I PMAX I SCALING I FEED ONLY I OVER-INDEX + INDEX + NEAR-INDEX","20369175508","PERFORMANCE_MAX",6,0,0.0000,0.00,0,0.00,0,0,0,0.00,0.0000,"PMAX_BAD_DOMAIN","Medium","High consonant ratio (75%) suggests auto-generated domain"
"transfermarkt.nl","transfermarkt.nl","WEBSITE","EX I WW I PMAX I SCALING I FEED ONLY I OVER-INDEX + INDEX + NEAR-INDEX","20369175508","PERFORMANCE_MAX",6,0,0.0000,0.00,0,0.00,0,0,0,0.00,0.0000,"PMAX_BAD_DOMAIN","Medium","High consonant ratio (77%) suggests auto-generated domain"
"news-it.top","news-it.top","WEBSITE","EX I WW I PMAX I SCALING I FEED ONLY I OVER-INDEX + INDEX + NEAR-INDEX","20369175508","PERFORMANCE_MAX",6,0,0.0000,0.00,0,0.00,0,0,0,0.00,0.0000,"PMAX_BAD_DOMAIN","Medium","Matches parked domain pattern: ^(www\.)?[a-z0-9-]+\.(click|download|bid|win|loan|top)$"
"compresspng.com","compresspng.com","WEBSITE","EX I WW I PMAX I SCALING I FEED ONLY I OVER-INDEX + INDEX + NEAR-INDEX","20369175508","PERFORMANCE_MAX",6,0,0.0000,0.00,0,0.00,0,0,0,0.00,0.0000,"PMAX_BAD_DOMAIN","Medium","High consonant ratio (82%) suggests auto-generated domain"
"lpmff.de","lpmff.de","WEBSITE","EX I WW I PMAX I SCALING I FEED ONLY I OVER-INDEX + INDEX + NEAR-INDEX","20369175508","PERFORMANCE_MAX",6,0,0.0000,0.00,0,0.00,0,0,0,0.00,0.0000,"PMAX_BAD_DOMAIN","Medium","Domain matches DGA entropy pattern"
"forthefrills.com","forthefrills.com","WEBSITE","EX I WW I PMAX I SCALING I FEED ONLY I OVER-INDEX + INDEX + NEAR-INDEX","20369175508","PERFORMANCE_MAX",6,0,0.0000,0.00,0,0.00,0,0,0,0.00,0.0000,"PMAX_BAD_DOMAIN","Medium","High consonant ratio (75%) suggests auto-generated domain"
"symbolcopy.com","symbolcopy.com","WEBSITE","EX I WW I PMAX I SCALING I FEED ONLY I OVER-INDEX + INDEX + NEAR-INDEX","20369175508","PERFORMANCE_MAX",6,0,0.0000,0.00,0,0.00,0,0,0,0.00,0.0000,"PMAX_BAD_DOMAIN","Medium","High consonant ratio (80%) suggests auto-generated domain"
"transfermarkt.gr","transfermarkt.gr","WEBSITE","EX I WW I PMAX I SCALING I FEED ONLY I OVER-INDEX + INDEX + NEAR-INDEX","20369175508","PERFORMANCE_MAX",6,0,0.0000,0.00,0,0.00,0,0,0,0.00,0.0000,"PMAX_BAD_DOMAIN","Medium","High consonant ratio (77%) suggests auto-generated domain"
"northernirelandworld.com","northernirelandworld.com","WEBSITE","EX I WW I PMAX I SCALING I FEED ONLY I OVER-INDEX + INDEX + NEAR-INDEX","20369175508","PERFORMANCE_MAX",6,0,0.0000,0.00,0,0.00,0,0,0,0.00,0.0000,"PMAX_BAD_DOMAIN","Medium","Domain name appears auto-generated"
"ktoto.info","ktoto.info","WEBSITE","EX I WW I PMAX I SCALING I FEED ONLY I OVER-INDEX + INDEX + NEAR-INDEX","20369175508","PERFORMANCE_MAX",6,0,0.0000,0.00,0,0.00,0,0,0,0.00,0.0000,"PMAX_BAD_DOMAIN","Medium","Tier 2 high-risk TLD (.info) with suspicious domain name"
"codycross.info","codycross.info","WEBSITE","EX I WW I PMAX I SCALING I FEED ONLY I OVER-INDEX + INDEX + NEAR-INDEX","20369175508","PERFORMANCE_MAX",6,0,0.0000,0.00,0,0.00,0,0,0,0.00,0.0000,"PMAX_BAD_DOMAIN","Medium","Tier 2 high-risk TLD (.info) with suspicious domain name"
"cyclingnews.com","cyclingnews.com","WEBSITE","EX I WW I PMAX I SCALING I FEED ONLY I OVER-INDEX + INDEX + NEAR-INDEX","20369175508","PERFORMANCE_MAX",6,0,0.0000,0.00,0,0.00,0,0,0,0.00,0.0000,"PMAX_BAD_DOMAIN","Medium","High consonant ratio (82%) suggests auto-generated domain"
"worldanimalfoundation.org","worldanimalfoundation.org","WEBSITE","EX I WW I PMAX I SCALING I FEED ONLY I OVER-INDEX + INDEX + NEAR-INDEX","20369175508","PERFORMANCE_MAX",6,0,0.0000,0.00,0,0.00,0,0,0,0.00,0.0000,"PMAX_BAD_DOMAIN","Medium","Domain name appears auto-generated"
"ptcgp-tracker.com","ptcgp-tracker.com","WEBSITE","EX I WW I PMAX I SCALING I FEED ONLY I OVER-INDEX + INDEX + NEAR-INDEX","20369175508","PERFORMANCE_MAX",6,0,0.0000,0.00,0,0.00,0,0,0,0.00,0.0000,"PMAX_BAD_DOMAIN","Medium","High consonant ratio (77%) suggests auto-generated domain"
"percentagecalculator.net","percentagecalculator.net","WEBSITE","EX I WW I PMAX I SCALING I FEED ONLY I OVER-INDEX + INDEX + NEAR-INDEX","20369175508","PERFORMANCE_MAX",6,0,0.0000,0.00,0,0.00,0,0,0,0.00,0.0000,"PMAX_BAD_DOMAIN","Medium","Domain name appears auto-generated"
"fakeaddressgenerator.com","fakeaddressgenerator.com","WEBSITE","EX I WW I PMAX I SCALING I FEED ONLY I OVER-INDEX + INDEX + NEAR-INDEX","20369175508","PERFORMANCE_MAX",6,0,0.0000,0.00,0,0.00,0,0,0,0.00,0.0000,"PMAX_BAD_DOMAIN","Medium","Domain name appears auto-generated"
"worldcuppass.com","worldcuppass.com","WEBSITE","EX I WW I PMAX I SCALING I FEED ONLY I OVER-INDEX + INDEX + NEAR-INDEX","20369175508","PERFORMANCE_MAX",6,0,0.0000,0.00,0,0.00,0,0,0,0.00,0.0000,"PMAX_BAD_DOMAIN","Medium","High consonant ratio (75%) suggests auto-generated domain"
"salsasgrill.top","salsasgrill.top","WEBSITE","EX I WW I PMAX I SCALING I FEED ONLY I PROSPECTING","21137012770","PERFORMANCE_MAX",6,0,0.0000,0.00,0,0.00,0,0,0,0.00,0.0000,"PMAX_BAD_DOMAIN","Medium","Matches parked domain pattern: ^(www\.)?[a-z0-9-]+\.(click|download|bid|win|loan|top)$"
"backyardboss.net","backyardboss.net","WEBSITE","EX I WW I PMAX I SCALING I FEED ONLY I PROSPECTING","21137012770","PERFORMANCE_MAX",6,0,0.0000,0.00,0,0.00,0,0,0,0.00,0.0000,"PMAX_BAD_DOMAIN","Medium","High consonant ratio (75%) suggests auto-generated domain"
"drawinghowtodraw.com","drawinghowtodraw.com","WEBSITE","EX I WW I PMAX I SCALING I FEED ONLY I PROSPECTING","21137012770","PERFORMANCE_MAX",6,0,0.0000,0.00,0,0.00,0,0,0,0.00,0.0000,"PMAX_BAD_DOMAIN","Medium","Matches MFA pattern: ^(www\.)?[a-z]*howto[a-z]*\."
"riseofkingdomsguides.com","riseofkingdomsguides.com","WEBSITE","EX I WW I PMAX I SCALING I FEED ONLY I PROSPECTING","21137012770","PERFORMANCE_MAX",6,0,0.0000,0.00,0,0.00,0,0,0,0.00,0.0000,"PMAX_BAD_DOMAIN","Medium","Domain name appears auto-generated"
"forococheselectricos.com","forococheselectricos.com","WEBSITE","EX I WW I PMAX I SCALING I FEED ONLY I PROSPECTING","21137012770","PERFORMANCE_MAX",6,0,0.0000,0.00,0,0.00,0,0,0,0.00,0.0000,"PMAX_BAD_DOMAIN","Medium","Domain name appears auto-generated"
"getinspiredeveryday.com","getinspiredeveryday.com","WEBSITE","EX I WW I PMAX I SCALING I FEED ONLY I PROSPECTING","21137012770","PERFORMANCE_MAX",6,0,0.0000,0.00,0,0.00,0,0,0,0.00,0.0000,"PMAX_BAD_DOMAIN","Medium","Matches parked domain pattern: ^(www\.)?get[a-z0-9-]+\.(com|net|org)$"
"cyclingweekly.com","cyclingweekly.com","WEBSITE","EX I WW I PMAX I SCALING I FEED ONLY I PROSPECTING","21137012770","PERFORMANCE_MAX",6,0,0.0000,0.00,0,0.00,0,0,0,0.00,0.0000,"PMAX_BAD_DOMAIN","Medium","High consonant ratio (77%) suggests auto-generated domain"
"600cc.org","600cc.org","WEBSITE","EX I WW I PMAX I SCALING I FEED ONLY I PROSPECTING","21137012770","PERFORMANCE_MAX",6,0,0.0000,0.00,0,0.00,0,0,0,0.00,0.0000,"PMAX_BAD_DOMAIN","Medium","Matches parked domain pattern: ^(www\.)?\d{3,}[a-z]{1,3}\."
"rehabilitace.info","rehabilitace.info","WEBSITE","EX I WW I PMAX I SCALING I FEED ONLY I PROSPECTING","21137012770","PERFORMANCE_MAX",6,0,0.0000,0.00,0,0.00,0,0,0,0.00,0.0000,"PMAX_BAD_DOMAIN","Medium","Tier 2 high-risk TLD (.info) with suspicious domain name"
"plzplz.de","plzplz.de","WEBSITE","EX I WW I PMAX I SCALING I FEED ONLY I PROSPECTING","21137012770","PERFORMANCE_MAX",6,0,0.0000,0.00,0,0.00,0,0,0,0.00,0.0000,"PMAX_BAD_DOMAIN","Medium","Domain name appears auto-generated"
"kknews.cc","kknews.cc","WEBSITE","EX I WW I PMAX I SCALING I FEED ONLY I PROSPECTING","21137012770","PERFORMANCE_MAX",6,0,0.0000,0.00,0,0.00,0,0,0,0.00,0.0000,"PMAX_BAD_DOMAIN","Medium","Tier 2 high-risk TLD (.cc) with suspicious domain name"
"grandfleet.info","grandfleet.info","WEBSITE","EX I WW I PMAX I SCALING I FEED ONLY I PROSPECTING","21137012770","PERFORMANCE_MAX",6,0,0.0000,0.00,0,0.00,0,0,0,0.00,0.0000,"PMAX_BAD_DOMAIN","Medium","Tier 2 high-risk TLD (.info) with suspicious domain name"
"worldflags.net","worldflags.net","WEBSITE","EX I WW I PMAX I SCALING I FEED ONLY I PROSPECTING","21137012770","PERFORMANCE_MAX",6,0,0.0000,0.00,0,0.00,0,0,0,0.00,0.0000,"PMAX_BAD_DOMAIN","Medium","High consonant ratio (80%) suggests auto-generated domain"
"agencyclick.com","agencyclick.com","WEBSITE","EX I WW I PMAX I SCALING I FEED ONLY I PROSPECTING","21137012770","PERFORMANCE_MAX",6,0,0.0000,0.00,0,0.00,0,0,0,0.00,0.0000,"PMAX_BAD_DOMAIN","Medium","Matches MFA pattern: ^(www\.)?[a-z]*(click|cash|money|fast)[a-z]*\.(com|net|xyz|top|info)$"
"bestbeginnermotorcycles.com","bestbeginnermotorcycles.com","WEBSITE","EX I WW I PMAX I SCALING I FEED ONLY I PROSPECTING","21137012770","PERFORMANCE_MAX",6,0,0.0000,0.00,0,0.00,0,0,0,0.00,0.0000,"PMAX_BAD_DOMAIN","Medium","Domain name appears auto-generated"
"bestproducts.com","bestproducts.com","WEBSITE","EX I WW I PMAX I SCALING I FEED ONLY I PROSPECTING","21137012770","PERFORMANCE_MAX",6,0,0.0000,0.00,0,0.00,0,0,0,0.00,0.0000,"PMAX_BAD_DOMAIN","Medium","High consonant ratio (75%) suggests auto-generated domain"
"caramelandcashews.com","caramelandcashews.com","WEBSITE","EX I WW I PMAX I SCALING I FEED ONLY I PROSPECTING","21137012770","PERFORMANCE_MAX",6,0,0.0000,0.00,0,0.00,0,0,0,0.00,0.0000,"PMAX_BAD_DOMAIN","Medium","Matches MFA pattern: ^(www\.)?[a-z]*(click|cash|money|fast)[a-z]*\.(com|net|xyz|top|info)$"
"artyclick.com","artyclick.com","WEBSITE","EX I WW I PMAX I SCALING I FEED ONLY I PROSPECTING","21137012770","PERFORMANCE_MAX",6,0,0.0000,0.00,0,0.00,0,0,0,0.00,0.0000,"PMAX_BAD_DOMAIN","Medium","Matches MFA pattern: ^(www\.)?[a-z]*(click|cash|money|fast)[a-z]*\.(com|net|xyz|top|info)$"
"tsuttarou.info","tsuttarou.info","WEBSITE","EX I WW I PMAX I SCALING I FEED ONLY I PROSPECTING","21137012770","PERFORMANCE_MAX",6,0,0.0000,0.00,0,0.00,0,0,0,0.00,0.0000,"PMAX_BAD_DOMAIN","Medium","Tier 2 high-risk TLD (.info) with suspicious domain name"
"fussballgucken.info","fussballgucken.info","WEBSITE","EX I WW I PMAX I SCALING I FEED ONLY I PROSPECTING","21137012770","PERFORMANCE_MAX",6,0,0.0000,0.00,0,0.00,0,0,0,0.00,0.0000,"PMAX_BAD_DOMAIN","Medium","Tier 2 high-risk TLD (.info) with suspicious domain name"
"braziliankitchenabroad.com","braziliankitchenabroad.com","WEBSITE","EX I WW I PMAX I SCALING I FEED ONLY I PROSPECTING","21137012770","PERFORMANCE_MAX",6,0,0.0000,0.00,0,0.00,0,0,0,0.00,0.0000,"PMAX_BAD_DOMAIN","Medium","Domain name appears auto-generated"
"timelessmyths.com","timelessmyths.com","WEBSITE","EX I WW I PMAX I SCALING I FEED ONLY I PROSPECTING","21137012770","PERFORMANCE_MAX",6,0,0.0000,0.00,0,0.00,0,0,0,0.00,0.0000,"PMAX_BAD_DOMAIN","Medium","High consonant ratio (77%) suggests auto-generated domain"
"autostrada.info","autostrada.info","WEBSITE","EX I WW I PMAX I SCALING I FEED ONLY I PROSPECTING","21137012770","PERFORMANCE_MAX",6,0,0.0000,0.00,0,0.00,0,0,0,0.00,0.0000,"PMAX_BAD_DOMAIN","Medium","Tier 2 high-risk TLD (.info) with suspicious domain name"
"482jobs.com","482jobs.com","WEBSITE","EX I WW I PMAX I SCALING I FEED ONLY I PROSPECTING","21137012770","PERFORMANCE_MAX",6,0,0.0000,0.00,0,0.00,0,0,0,0.00,0.0000,"PMAX_BAD_DOMAIN","Medium","Domain name appears auto-generated"
"nczas.info","nczas.info","WEBSITE","EX I WW I PMAX I SCALING I FEED ONLY I PROSPECTING","21137012770","PERFORMANCE_MAX",6,0,0.0000,0.00,0,0.00,0,0,0,0.00,0.0000,"PMAX_BAD_DOMAIN","Medium","Tier 2 high-risk TLD (.info) with suspicious domain name"
"birdwatchinghq.com","birdwatchinghq.com","WEBSITE","EX I WW I PMAX I SCALING I FEED ONLY I PROSPECTING","21137012770","PERFORMANCE_MAX",6,0,0.0000,0.00,0,0.00,0,0,0,0.00,0.0000,"PMAX_BAD_DOMAIN","Medium","High consonant ratio (79%) suggests auto-generated domain"
"dnschecker.org","dnschecker.org","WEBSITE","EX I WW I PMAX I SCALING I FEED ONLY I PROSPECTING","21137012770","PERFORMANCE_MAX",6,0,0.0000,0.00,0,0.00,0,0,0,0.00,0.0000,"PMAX_BAD_DOMAIN","Medium","High consonant ratio (80%) suggests auto-generated domain"
"synonyymit.fi","synonyymit.fi","WEBSITE","EX I WW I PMAX I SCALING I FEED ONLY I PROSPECTING","21137012770","PERFORMANCE_MAX",6,0,0.0000,0.00,0,0.00,0,0,0,0.00,0.0000,"PMAX_BAD_DOMAIN","Medium","High consonant ratio (80%) suggests auto-generated domain"
"getrealphilippines.com","getrealphilippines.com","WEBSITE","EX I WW I PMAX I SCALING I FEED ONLY I PROSPECTING","21137012770","PERFORMANCE_MAX",6,0,0.0000,0.00,0,0.00,0,0,0,0.00,0.0000,"PMAX_BAD_DOMAIN","Medium","Matches parked domain pattern: ^(www\.)?get[a-z0-9-]+\.(com|net|org)$"
"simplywhisked.com","simplywhisked.com","WEBSITE","EX I WW I PMAX I SCALING I FEED ONLY I PROSPECTING","21137012770","PERFORMANCE_MAX",6,0,0.0000,0.00,0,0.00,0,0,0,0.00,0.0000,"PMAX_BAD_DOMAIN","Medium","High consonant ratio (77%) suggests auto-generated domain"
"tudonumclick.com","tudonumclick.com","WEBSITE","EX I WW I PMAX I SCALING I FEED ONLY I PROSPECTING","21137012770","PERFORMANCE_MAX",6,0,0.0000,0.00,0,0.00,0,0,0,0.00,0.0000,"PMAX_BAD_DOMAIN","Medium","Matches MFA pattern: ^(www\.)?[a-z]*(click|cash|money|fast)[a-z]*\.(com|net|xyz|top|info)$"
"volkermampft.de","volkermampft.de","WEBSITE","EX I WW I PMAX I SCALING I FEED ONLY I PROSPECTING","21137012770","PERFORMANCE_MAX",6,0,0.0000,0.00,0,0.00,0,0,0,0.00,0.0000,"PMAX_BAD_DOMAIN","Medium","High consonant ratio (75%) suggests auto-generated domain"
"thecountrychiccottage.net","thecountrychiccottage.net","WEBSITE","EX I WW I PMAX I SCALING I FEED ONLY I PROSPECTING","21137012770","PERFORMANCE_MAX",6,0,0.0000,0.00,0,0.00,0,0,0,0.00,0.0000,"PMAX_BAD_DOMAIN","Medium","Domain name appears auto-generated"
"spaceshipsandlaserbeams.com","spaceshipsandlaserbeams.com","WEBSITE","EX I WW I PMAX I SCALING I FEED ONLY I PROSPECTING","21137012770","PERFORMANCE_MAX",6,0,0.0000,0.00,0,0.00,0,0,0,0.00,0.0000,"PMAX_BAD_DOMAIN","Medium","Domain name appears auto-generated"
"zadania.info","zadania.info","WEBSITE","EX I WW I PMAX I SCALING I FEED ONLY I PROSPECTING","21137012770","PERFORMANCE_MAX",6,0,0.0000,0.00,0,0.00,0,0,0,0.00,0.0000,"PMAX_BAD_DOMAIN","Medium","Tier 2 high-risk TLD (.info) with suspicious domain name"
"terrax.site","terrax.site","WEBSITE","EX I WW I PMAX I SCALING I FEED ONLY I PROSPECTING","21137012770","PERFORMANCE_MAX",6,0,0.0000,0.00,0,0.00,0,0,0,0.00,0.0000,"PMAX_BAD_DOMAIN","Medium","Tier 2 high-risk TLD (.site) with suspicious domain name"
"felicitari.online","felicitari.online","WEBSITE","EX I WW I PMAX I SCALING I FEED ONLY I PROSPECTING","21137012770","PERFORMANCE_MAX",6,0,0.0000,0.00,0,0.00,0,0,0,0.00,0.0000,"PMAX_BAD_DOMAIN","Medium","Tier 2 high-risk TLD (.online) with suspicious domain name"
"kreszteszt.net","kreszteszt.net","WEBSITE","EX I WW I PMAX I SCALING I FEED ONLY I PROSPECTING","21137012770","PERFORMANCE_MAX",6,0,0.0000,0.00,0,0.00,0,0,0,0.00,0.0000,"PMAX_BAD_DOMAIN","Medium","High consonant ratio (80%) suggests auto-generated domain"
"nikkis.info","nikkis.info","WEBSITE","EX I WW I PMAX I SCALING I FEED ONLY I PROSPECTING","21137012770","PERFORMANCE_MAX",6,0,0.0000,0.00,0,0.00,0,0,0,0.00,0.0000,"PMAX_BAD_DOMAIN","Medium","Tier 2 high-risk TLD (.info) with suspicious domain name"
"ifeg.info","ifeg.info","WEBSITE","EX I WW I PMAX I SCALING I FEED ONLY I PROSPECTING","21137012770","PERFORMANCE_MAX",6,0,0.0000,0.00,0,0.00,0,0,0,0.00,0.0000,"PMAX_BAD_DOMAIN","Medium","Tier 2 high-risk TLD (.info) with suspicious domain name"
"getindevice.com","getindevice.com","WEBSITE","EX I WW I PMAX I SCALING I FEED ONLY I PROSPECTING","21137012770","PERFORMANCE_MAX",6,0,0.0000,0.00,0,0.00,0,0,0,0.00,0.0000,"PMAX_BAD_DOMAIN","Medium","Matches parked domain pattern: ^(www\.)?get[a-z0-9-]+\.(com|net|org)$"
"football-zone.net","football-zone.net","WEBSITE","EX I WW I PMAX I SCALING I FEED ONLY I PROSPECTING","21137012770","PERFORMANCE_MAX",6,0,0.0000,0.00,0,0.00,0,0,0,0.00,0.0000,"PMAX_BAD_DOMAIN","Medium","Matches parked domain pattern: ^(www\.)?[a-z]+-(hub|zone|world|center|solutions|platform|network)\.(com|net|org|xyz|top|info)$"
"golfsimulatoradvisor.com","golfsimulatoradvisor.com","WEBSITE","EX I WW I PMAX I SCALING I FEED ONLY I PROSPECTING","21137012770","PERFORMANCE_MAX",6,0,0.0000,0.00,0,0.00,0,0,0,0.00,0.0000,"PMAX_BAD_DOMAIN","Medium","Domain name appears auto-generated"
"stylebyemilyhenderson.com","stylebyemilyhenderson.com","WEBSITE","EX I WW I PMAX I SCALING I FEED ONLY I PROSPECTING","21137012770","PERFORMANCE_MAX",6,0,0.0000,0.00,0,0.00,0,0,0,0.00,0.0000,"PMAX_BAD_DOMAIN","Medium","Domain name appears auto-generated"
"brackcheck.com","brackcheck.com","WEBSITE","EX I WW I PMAX I SCALING I FEED ONLY I PROSPECTING","21137012770","PERFORMANCE_MAX",6,0,0.0000,0.00,0,0.00,0,0,0,0.00,0.0000,"PMAX_BAD_DOMAIN","Medium","High consonant ratio (80%) suggests auto-generated domain"
"u.today","u.today","WEBSITE","EX I WW I PMAX I SCALING I FEED ONLY I PROSPECTING","21137012770","PERFORMANCE_MAX",6,0,0.0000,0.00,0,0.00,0,0,0,0.00,0.0000,"PMAX_BAD_DOMAIN","Medium","Tier 2 high-risk TLD (.today) with suspicious domain name"
"virallel.com","virallel.com","WEBSITE","EX I WW I PMAX I SCALING I FEED ONLY I PROSPECTING","21137012770","PERFORMANCE_MAX",6,0,0.0000,0.00,0,0.00,0,0,0,0.00,0.0000,"PMAX_BAD_DOMAIN","Medium","Matches MFA pattern: ^(www\.)?viral[a-z]+\."
"barryanddistrictnews.co.uk","barryanddistrictnews.co.uk","WEBSITE","EX I WW I PMAX I SCALING I FEED ONLY I PROSPECTING","21137012770","PERFORMANCE_MAX",6,0,0.0000,0.00,0,0.00,0,0,0,0.00,0.0000,"PMAX_BAD_DOMAIN","Medium","High consonant ratio (75%) suggests auto-generated domain"
"nationalgeographicla.com","nationalgeographicla.com","WEBSITE","EX I WW I PMAX I SCALING I FEED ONLY I PROSPECTING","21137012770","PERFORMANCE_MAX",6,0,0.0000,0.00,0,0.00,0,0,0,0.00,0.0000,"PMAX_BAD_DOMAIN","Medium","Domain name appears auto-generated"
"wwfoldschool.com","wwfoldschool.com","WEBSITE","EX I WW I PMAX I SCALING I FEED ONLY I PROSPECTING","21137012770","PERFORMANCE_MAX",6,0,0.0000,0.00,0,0.00,0,0,0,0.00,0.0000,"PMAX_BAD_DOMAIN","Medium","High consonant ratio (75%) suggests auto-generated domain"
"alternativemovieposters.com","alternativemovieposters.com","WEBSITE","EX I WW I PMAX I SCALING I FEED ONLY I PROSPECTING","21137012770","PERFORMANCE_MAX",6,0,0.0000,0.00,0,0.00,0,0,0,0.00,0.0000,"PMAX_BAD_DOMAIN","Medium","Domain name appears auto-generated"
"naziemna.info","naziemna.info","WEBSITE","EX I WW I PMAX I SCALING I FEED ONLY I PROSPECTING","21137012770","PERFORMANCE_MAX",6,0,0.0000,0.00,0,0.00,0,0,0,0.00,0.0000,"PMAX_BAD_DOMAIN","Medium","Tier 2 high-risk TLD (.info) with suspicious domain name"
"scrippsnews.com","scrippsnews.com","WEBSITE","EX I WW I PMAX I SCALING I FEED ONLY I PROSPECTING","21137012770","PERFORMANCE_MAX",6,0,0.0000,0.00,0,0.00,0,0,0,0.00,0.0000,"PMAX_BAD_DOMAIN","Medium","High consonant ratio (82%) suggests auto-generated domain"
"emporda.info","emporda.info","WEBSITE","EX I WW I PMAX I SCALING I FEED ONLY I PROSPECTING","21137012770","PERFORMANCE_MAX",6,0,0.0000,0.00,0,0.00,0,0,0,0.00,0.0000,"PMAX_BAD_DOMAIN","Medium","Tier 2 high-risk TLD (.info) with suspicious domain name"
"1000marcas.net","1000marcas.net","WEBSITE","EX I WW I PMAX I SCALING I FEED ONLY I PROSPECTING","21137012770","PERFORMANCE_MAX",6,0,0.0000,0.00,0,0.00,0,0,0,0.00,0.0000,"PMAX_BAD_DOMAIN","Medium","High numeric ratio (40%) suggests auto-generated domain"
"returnofthecaferacers.com","returnofthecaferacers.com","WEBSITE","EX I WW I PMAX I SCALING I FEED ONLY I PROSPECTING","21137012770","PERFORMANCE_MAX",6,0,0.0000,0.00,0,0.00,0,0,0,0.00,0.0000,"PMAX_BAD_DOMAIN","Medium","Domain name appears auto-generated"
"starwarsblog.jp","starwarsblog.jp","WEBSITE","EX I WW I PMAX I SCALING I FEED ONLY I PROSPECTING","21137012770","PERFORMANCE_MAX",6,0,0.0000,0.00,0,0.00,0,0,0,0.00,0.0000,"PMAX_BAD_DOMAIN","Medium","High consonant ratio (75%) suggests auto-generated domain"
"itsavegworldafterall.com","itsavegworldafterall.com","WEBSITE","EX I WW I PMAX I SCALING I FEED ONLY I PROSPECTING","21137012770","PERFORMANCE_MAX",6,0,0.0000,0.00,0,0.00,0,0,0,0.00,0.0000,"PMAX_BAD_DOMAIN","Medium","Domain name appears auto-generated"
"chordslankalk.com","chordslankalk.com","WEBSITE","EX I WW I PMAX I SCALING I FEED ONLY I PROSPECTING","21137012770","PERFORMANCE_MAX",6,0,0.0000,0.00,0,0.00,0,0,0,0.00,0.0000,"PMAX_BAD_DOMAIN","Medium","High consonant ratio (77%) suggests auto-generated domain"
"sims4mods.cc","sims4mods.cc","WEBSITE","EX I WW I PMAX I SCALING I FEED ONLY I PROSPECTING","21137012770","PERFORMANCE_MAX",6,0,0.0000,0.00,0,0.00,0,0,0,0.00,0.0000,"PMAX_BAD_DOMAIN","Medium","Tier 2 high-risk TLD (.cc) with suspicious domain name"
"theviewfromgreatisland.com","theviewfromgreatisland.com","WEBSITE","EX I WW I PMAX I SCALING I FEED ONLY I PROSPECTING","21137012770","PERFORMANCE_MAX",6,0,0.0000,0.00,0,0.00,0,0,0,0.00,0.0000,"PMAX_BAD_DOMAIN","Medium","Domain name appears auto-generated"
"toysnbricks.com","toysnbricks.com","WEBSITE","EX I WW I PMAX I SCALING I FEED ONLY I PROSPECTING","21137012770","PERFORMANCE_MAX",6,0,0.0000,0.00,0,0.00,0,0,0,0.00,0.0000,"PMAX_BAD_DOMAIN","Medium","High consonant ratio (82%) suggests auto-generated domain"
"recordshop.directory","recordshop.directory","WEBSITE","EX I WW I PMAX I SCALING I FEED ONLY I PROSPECTING","21137012770","PERFORMANCE_MAX",6,0,0.0000,0.00,0,0.00,0,0,0,0.00,0.0000,"PMAX_BAD_DOMAIN","Medium","Tier 2 high-risk TLD (.directory) with suspicious domain name"
"cyclingpro.net","cyclingpro.net","WEBSITE","EX I WW I PMAX I SCALING I FEED ONLY I PROSPECTING","21137012770","PERFORMANCE_MAX",6,0,0.0000,0.00,0,0.00,0,0,0,0.00,0.0000,"PMAX_BAD_DOMAIN","Medium","High consonant ratio (80%) suggests auto-generated domain"
"a11.fun","a11.fun","WEBSITE","EX I WW I PMAX I SCALING I FEED ONLY I PROSPECTING","21137012770","PERFORMANCE_MAX",6,0,0.0000,0.00,0,0.00,0,0,0,0.00,0.0000,"PMAX_BAD_DOMAIN","Medium","Tier 2 high-risk TLD (.fun) with suspicious domain name"
"influencerdiscountcodes.com","influencerdiscountcodes.com","WEBSITE","EX I WW I PMAX I SCALING I FEED ONLY I OVER-INDEX + INDEX + NEAR-INDEX","20369175508","PERFORMANCE_MAX",5,0,0.0000,0.00,0,0.00,0,0,0,0.00,0.0000,"PMAX_BAD_DOMAIN","Medium","Domain name appears auto-generated"
"questionablecontent.net","questionablecontent.net","WEBSITE","EX I WW I PMAX I SCALING I FEED ONLY I OVER-INDEX + INDEX + NEAR-INDEX","20369175508","PERFORMANCE_MAX",5,0,0.0000,0.00,0,0.00,0,0,0,0.00,0.0000,"PMAX_BAD_DOMAIN","Medium","Matches MFA pattern: ^(www\.)?[a-z]*(article|content|story)s?[0-9]*\."
"conciertos.club","conciertos.club","WEBSITE","EX I WW I PMAX I SCALING I FEED ONLY I OVER-INDEX + INDEX + NEAR-INDEX","20369175508","PERFORMANCE_MAX",5,0,0.0000,0.00,0,0.00,0,0,0,0.00,0.0000,"PMAX_BAD_DOMAIN","Medium","Tier 2 high-risk TLD (.club) with suspicious domain name"
"mytischtennis.de","mytischtennis.de","WEBSITE","EX I WW I PMAX I SCALING I FEED ONLY I OVER-INDEX + INDEX + NEAR-INDEX","20369175508","PERFORMANCE_MAX",5,0,0.0000,0.00,0,0.00,0,0,0,0.00,0.0000,"PMAX_BAD_DOMAIN","Medium","High consonant ratio (77%) suggests auto-generated domain"
"themediterraneantraveller.com","themediterraneantraveller.com","WEBSITE","EX I WW I PMAX I SCALING I FEED ONLY I OVER-INDEX + INDEX + NEAR-INDEX","20369175508","PERFORMANCE_MAX",5,0,0.0000,0.00,0,0.00,0,0,0,0.00,0.0000,"PMAX_BAD_DOMAIN","Medium","Domain name appears auto-generated"
"masterychart.com","masterychart.com","WEBSITE","EX I WW I PMAX I SCALING I FEED ONLY I OVER-INDEX + INDEX + NEAR-INDEX","20369175508","PERFORMANCE_MAX",5,0,0.0000,0.00,0,0.00,0,0,0,0.00,0.0000,"PMAX_BAD_DOMAIN","Medium","High consonant ratio (75%) suggests auto-generated domain"
"mtgcardsmith.com","mtgcardsmith.com","WEBSITE","EX I WW I PMAX I SCALING I FEED ONLY I OVER-INDEX + INDEX + NEAR-INDEX","20369175508","PERFORMANCE_MAX",5,0,0.0000,0.00,0,0.00,0,0,0,0.00,0.0000,"PMAX_BAD_DOMAIN","Medium","High consonant ratio (83%) suggests auto-generated domain"
"transfermarkt.com.ar","transfermarkt.com.ar","WEBSITE","EX I WW I PMAX I SCALING I FEED ONLY I OVER-INDEX + INDEX + NEAR-INDEX","20369175508","PERFORMANCE_MAX",5,0,0.0000,0.00,0,0.00,0,0,0,0.00,0.0000,"PMAX_BAD_DOMAIN","Medium","High consonant ratio (77%) suggests auto-generated domain"
"kitchensparks.com","kitchensparks.com","WEBSITE","EX I WW I PMAX I SCALING I FEED ONLY I OVER-INDEX + INDEX + NEAR-INDEX","20369175508","PERFORMANCE_MAX",5,0,0.0000,0.00,0,0.00,0,0,0,0.00,0.0000,"PMAX_BAD_DOMAIN","Medium","High consonant ratio (77%) suggests auto-generated domain"
"myshiptracking.com","myshiptracking.com","WEBSITE","EX I WW I PMAX I SCALING I FEED ONLY I OVER-INDEX + INDEX + NEAR-INDEX","20369175508","PERFORMANCE_MAX",5,0,0.0000,0.00,0,0.00,0,0,0,0.00,0.0000,"PMAX_BAD_DOMAIN","Medium","High consonant ratio (79%) suggests auto-generated domain"
"mrsandthemisc.com","mrsandthemisc.com","WEBSITE","EX I WW I PMAX I SCALING I FEED ONLY I OVER-INDEX + INDEX + NEAR-INDEX","20369175508","PERFORMANCE_MAX",5,0,0.0000,0.00,0,0.00,0,0,0,0.00,0.0000,"PMAX_BAD_DOMAIN","Medium","High consonant ratio (77%) suggests auto-generated domain"
"kanatan.info","kanatan.info","WEBSITE","EX I WW I PMAX I SCALING I FEED ONLY I OVER-INDEX + INDEX + NEAR-INDEX","20369175508","PERFORMANCE_MAX",5,0,0.0000,0.00,0,0.00,0,0,0,0.00,0.0000,"PMAX_BAD_DOMAIN","Medium","Tier 2 high-risk TLD (.info) with suspicious domain name"
"barefeetinthekitchen.com","barefeetinthekitchen.com","WEBSITE","EX I WW I PMAX I SCALING I FEED ONLY I OVER-INDEX + INDEX + NEAR-INDEX","20369175508","PERFORMANCE_MAX",5,0,0.0000,0.00,0,0.00,0,0,0,0.00,0.0000,"PMAX_BAD_DOMAIN","Medium","Domain name appears auto-generated"
"transfermarkt.pt","transfermarkt.pt","WEBSITE","EX I WW I PMAX I SCALING I FEED ONLY I OVER-INDEX + INDEX + NEAR-INDEX","20369175508","PERFORMANCE_MAX",5,0,0.0000,0.00,0,0.00,0,0,0,0.00,0.0000,"PMAX_BAD_DOMAIN","Medium","High consonant ratio (77%) suggests auto-generated domain"
"ripper.store","ripper.store","WEBSITE","EX I WW I PMAX I SCALING I FEED ONLY I OVER-INDEX + INDEX + NEAR-INDEX","20369175508","PERFORMANCE_MAX",5,0,0.0000,0.00,0,0.00,0,0,0,0.00,0.0000,"PMAX_BAD_DOMAIN","Medium","Tier 2 high-risk TLD (.store) with suspicious domain name"
"elperiodicomediterraneo.com","elperiodicomediterraneo.com","WEBSITE","EX I WW I PMAX I SCALING I FEED ONLY I OVER-INDEX + INDEX + NEAR-INDEX","20369175508","PERFORMANCE_MAX",5,0,0.0000,0.00,0,0.00,0,0,0,0.00,0.0000,"PMAX_BAD_DOMAIN","Medium","Domain name appears auto-generated"
"montgomerycountypolicereporter.com","montgomerycountypolicereporter.com","WEBSITE","EX I WW I PMAX I SCALING I FEED ONLY I OVER-INDEX + INDEX + NEAR-INDEX","20369175508","PERFORMANCE_MAX",5,0,0.0000,0.00,0,0.00,0,0,0,0.00,0.0000,"PMAX_BAD_DOMAIN","Medium","Domain name appears auto-generated"
"openairguide.net","openairguide.net","WEBSITE","EX I WW I PMAX I SCALING I FEED ONLY I OVER-INDEX + INDEX + NEAR-INDEX","20369175508","PERFORMANCE_MAX",5,0,0.0000,0.00,0,0.00,0,0,0,0.00,0.0000,"PMAX_BAD_DOMAIN","Medium","Matches MFA pattern: ^(www\.)?[a-z]*guide[0-9]*\."
"djguide.nl","djguide.nl","WEBSITE","EX I WW I PMAX I SCALING I FEED ONLY I OVER-INDEX + INDEX + NEAR-INDEX","20369175508","PERFORMANCE_MAX",5,0,0.0000,0.00,0,0.00,0,0,0,0.00,0.0000,"PMAX_BAD_DOMAIN","Medium","Matches MFA pattern: ^(www\.)?[a-z]*guide[0-9]*\."
"grindnstrat.com","grindnstrat.com","WEBSITE","EX I WW I PMAX I SCALING I FEED ONLY I OVER-INDEX + INDEX + NEAR-INDEX","20369175508","PERFORMANCE_MAX",5,0,0.0000,0.00,0,0.00,0,0,0,0.00,0.0000,"PMAX_BAD_DOMAIN","Medium","High consonant ratio (82%) suggests auto-generated domain"
"auto-motor-und-sport.de","auto-motor-und-sport.de","WEBSITE","EX I WW I PMAX I SCALING I FEED ONLY I OVER-INDEX + INDEX + NEAR-INDEX","20369175508","PERFORMANCE_MAX",5,0,0.0000,0.00,0,0.00,0,0,0,0.00,0.0000,"PMAX_BAD_DOMAIN","Medium","Matches MFA pattern: ^(www\.)?[a-z]+-[a-z]+-[a-z]+-[a-z]+\."
"dlawas.info","dlawas.info","WEBSITE","EX I WW I PMAX I SCALING I FEED ONLY I OVER-INDEX + INDEX + NEAR-INDEX","20369175508","PERFORMANCE_MAX",5,0,0.0000,0.00,0,0.00,0,0,0,0.00,0.0000,"PMAX_BAD_DOMAIN","Medium","Tier 2 high-risk TLD (.info) with suspicious domain name"
"skyscrapercity.com","skyscrapercity.com","WEBSITE","EX I WW I PMAX I SCALING I FEED ONLY I OVER-INDEX + INDEX + NEAR-INDEX","20369175508","PERFORMANCE_MAX",5,0,0.0000,0.00,0,0.00,0,0,0,0.00,0.0000,"PMAX_BAD_DOMAIN","Medium","High consonant ratio (79%) suggests auto-generated domain"
"maritime-zone.com","maritime-zone.com","WEBSITE","EX I WW I PMAX I SCALING I FEED ONLY I OVER-INDEX + INDEX + NEAR-INDEX","20369175508","PERFORMANCE_MAX",5,0,0.0000,0.00,0,0.00,0,0,0,0.00,0.0000,"PMAX_BAD_DOMAIN","Medium","Matches parked domain pattern: ^(www\.)?[a-z]+-(hub|zone|world|center|solutions|platform|network)\.(com|net|org|xyz|top|info)$"
"synonyymit.fi","synonyymit.fi","WEBSITE","EX I WW I PMAX I SCALING I FEED ONLY I OVER-INDEX + INDEX + NEAR-INDEX","20369175508","PERFORMANCE_MAX",5,0,0.0000,0.00,0,0.00,0,0,0,0.00,0.0000,"PMAX_BAD_DOMAIN","Medium","High consonant ratio (80%) suggests auto-generated domain"
"pcguide.com","pcguide.com","WEBSITE","EX I WW I PMAX I SCALING I FEED ONLY I OVER-INDEX + INDEX + NEAR-INDEX","20369175508","PERFORMANCE_MAX",5,0,0.0000,0.00,0,0.00,0,0,0,0.00,0.0000,"PMAX_BAD_DOMAIN","Medium","Matches MFA pattern: ^(www\.)?[a-z]*guide[0-9]*\."
"bountystory.tech","bountystory.tech","WEBSITE","EX I WW I PMAX I SCALING I FEED ONLY I OVER-INDEX + INDEX + NEAR-INDEX","20369175508","PERFORMANCE_MAX",5,0,0.0000,0.00,0,0.00,0,0,0,0.00,0.0000,"PMAX_BAD_DOMAIN","Medium","Matches MFA pattern: ^(www\.)?[a-z]*(article|content|story)s?[0-9]*\."
"lascosasquenoshacenfelices.com","lascosasquenoshacenfelices.com","WEBSITE","EX I WW I PMAX I SCALING I FEED ONLY I OVER-INDEX + INDEX + NEAR-INDEX","20369175508","PERFORMANCE_MAX",5,0,0.0000,0.00,0,0.00,0,0,0,0.00,0.0000,"PMAX_BAD_DOMAIN","Medium","Domain name appears auto-generated"
"powerliftingtechnique.com","powerliftingtechnique.com","WEBSITE","EX I WW I PMAX I SCALING I FEED ONLY I OVER-INDEX + INDEX + NEAR-INDEX","20369175508","PERFORMANCE_MAX",5,0,0.0000,0.00,0,0.00,0,0,0,0.00,0.0000,"PMAX_BAD_DOMAIN","Medium","Domain name appears auto-generated"
"scarymommy.com","scarymommy.com","WEBSITE","EX I WW I PMAX I SCALING I FEED ONLY I OVER-INDEX + INDEX + NEAR-INDEX","20369175508","PERFORMANCE_MAX",5,0,0.0000,0.00,0,0.00,0,0,0,0.00,0.0000,"PMAX_BAD_DOMAIN","Medium","High consonant ratio (80%) suggests auto-generated domain"
"sportingnews.com","sportingnews.com","WEBSITE","EX I WW I PMAX I SCALING I FEED ONLY I OVER-INDEX + INDEX + NEAR-INDEX","20369175508","PERFORMANCE_MAX",5,0,0.0000,0.00,0,0.00,0,0,0,0.00,0.0000,"PMAX_BAD_DOMAIN","Medium","High consonant ratio (75%) suggests auto-generated domain"
"centropkmn.com","centropkmn.com","WEBSITE","EX I WW I PMAX I SCALING I FEED ONLY I OVER-INDEX + INDEX + NEAR-INDEX","20369175508","PERFORMANCE_MAX",5,0,0.0000,0.00,0,0.00,0,0,0,0.00,0.0000,"PMAX_BAD_DOMAIN","Medium","High consonant ratio (80%) suggests auto-generated domain"
"gamegupi.top","gamegupi.top","WEBSITE","EX I WW I PMAX I SCALING I FEED ONLY I OVER-INDEX + INDEX + NEAR-INDEX","20369175508","PERFORMANCE_MAX",5,0,0.0000,0.00,0,0.00,0,0,0,0.00,0.0000,"PMAX_BAD_DOMAIN","Medium","Matches parked domain pattern: ^(www\.)?[a-z0-9-]+\.(click|download|bid|win|loan|top)$"
"golfsimulatoradvisor.com","golfsimulatoradvisor.com","WEBSITE","EX I WW I PMAX I SCALING I FEED ONLY I OVER-INDEX + INDEX + NEAR-INDEX","20369175508","PERFORMANCE_MAX",5,0,0.0000,0.00,0,0.00,0,0,0,0.00,0.0000,"PMAX_BAD_DOMAIN","Medium","Domain name appears auto-generated"
"pubgitems.info","pubgitems.info","WEBSITE","EX I WW I PMAX I SCALING I FEED ONLY I OVER-INDEX + INDEX + NEAR-INDEX","20369175508","PERFORMANCE_MAX",5,0,0.0000,0.00,0,0.00,0,0,0,0.00,0.0000,"PMAX_BAD_DOMAIN","Medium","Tier 2 high-risk TLD (.info) with suspicious domain name"
"mittelaltermarkt.online","mittelaltermarkt.online","WEBSITE","EX I WW I PMAX I SCALING I FEED ONLY I OVER-INDEX + INDEX + NEAR-INDEX","20369175508","PERFORMANCE_MAX",5,0,0.0000,0.00,0,0.00,0,0,0,0.00,0.0000,"PMAX_BAD_DOMAIN","Medium","Tier 2 high-risk TLD (.online) with suspicious domain name"
"hpupdate.info","hpupdate.info","WEBSITE","EX I WW I PMAX I SCALING I FEED ONLY I OVER-INDEX + INDEX + NEAR-INDEX","20369175508","PERFORMANCE_MAX",5,0,0.0000,0.00,0,0.00,0,0,0,0.00,0.0000,"PMAX_BAD_DOMAIN","Medium","Tier 2 high-risk TLD (.info) with suspicious domain name"
"die-frau-am-grill.de","die-frau-am-grill.de","WEBSITE","EX I WW I PMAX I SCALING I FEED ONLY I OVER-INDEX + INDEX + NEAR-INDEX","20369175508","PERFORMANCE_MAX",5,0,0.0000,0.00,0,0.00,0,0,0,0.00,0.0000,"PMAX_BAD_DOMAIN","Medium","Matches MFA pattern: ^(www\.)?[a-z]+-[a-z]+-[a-z]+-[a-z]+\."
"gundamkitscollection.com","gundamkitscollection.com","WEBSITE","EX I WW I PMAX I SCALING I FEED ONLY I OVER-INDEX + INDEX + NEAR-INDEX","20369175508","PERFORMANCE_MAX",5,0,0.0000,0.00,0,0.00,0,0,0,0.00,0.0000,"PMAX_BAD_DOMAIN","Medium","Domain name appears auto-generated"
"ffxi-memoir.info","ffxi-memoir.info","WEBSITE","EX I WW I PMAX I SCALING I FEED ONLY I OVER-INDEX + INDEX + NEAR-INDEX","20369175508","PERFORMANCE_MAX",5,0,0.0000,0.00,0,0.00,0,0,0,0.00,0.0000,"PMAX_BAD_DOMAIN","Medium","Tier 2 high-risk TLD (.info) with suspicious domain name"
"bigflavorstinykitchen.com","bigflavorstinykitchen.com","WEBSITE","EX I WW I PMAX I SCALING I FEED ONLY I OVER-INDEX + INDEX + NEAR-INDEX","20369175508","PERFORMANCE_MAX",5,0,0.0000,0.00,0,0.00,0,0,0,0.00,0.0000,"PMAX_BAD_DOMAIN","Medium","Domain name appears auto-generated"
"myprettybrowneats.com","myprettybrowneats.com","WEBSITE","EX I WW I PMAX I SCALING I FEED ONLY I OVER-INDEX + INDEX + NEAR-INDEX","20369175508","PERFORMANCE_MAX",5,0,0.0000,0.00,0,0.00,0,0,0,0.00,0.0000,"PMAX_BAD_DOMAIN","Medium","High consonant ratio (76%) suggests auto-generated domain"
"dpwpkbsumut.id","dpwpkbsumut.id","WEBSITE","EX I WW I PMAX I SCALING I FEED ONLY I OVER-INDEX + INDEX + NEAR-INDEX","20369175508","PERFORMANCE_MAX",5,0,0.0000,0.00,0,0.00,0,0,0,0.00,0.0000,"PMAX_BAD_DOMAIN","Medium","High consonant ratio (82%) suggests auto-generated domain"
"simplyloveprintables.com","simplyloveprintables.com","WEBSITE","EX I WW I PMAX I SCALING I FEED ONLY I OVER-INDEX + INDEX + NEAR-INDEX","20369175508","PERFORMANCE_MAX",5,0,0.0000,0.00,0,0.00,0,0,0,0.00,0.0000,"PMAX_BAD_DOMAIN","Medium","Domain name appears auto-generated"
"750g.com","750g.com","WEBSITE","EX I WW I PMAX I SCALING I FEED ONLY I PROSPECTING","21137012770","PERFORMANCE_MAX",5,0,0.0000,0.00,0,0.00,0,0,0,0.00,0.0000,"PMAX_BAD_DOMAIN","Medium","Matches parked domain pattern: ^(www\.)?\d{3,}[a-z]{1,3}\."
"trucksim.top","trucksim.top","WEBSITE","EX I WW I PMAX I SCALING I FEED ONLY I PROSPECTING","21137012770","PERFORMANCE_MAX",5,0,0.0000,0.00,0,0.00,0,0,0,0.00,0.0000,"PMAX_BAD_DOMAIN","Medium","Matches parked domain pattern: ^(www\.)?[a-z0-9-]+\.(click|download|bid|win|loan|top)$"
"yossi40-100.com","yossi40-100.com","WEBSITE","EX I WW I PMAX I SCALING I FEED ONLY I PROSPECTING","21137012770","PERFORMANCE_MAX",5,0,0.0000,0.00,0,0.00,0,0,0,0.00,0.0000,"PMAX_BAD_DOMAIN","Medium","High numeric ratio (45%) suggests auto-generated domain"
"somethingnutritiousblog.com","somethingnutritiousblog.com","WEBSITE","EX I WW I PMAX I SCALING I FEED ONLY I PROSPECTING","21137012770","PERFORMANCE_MAX",5,0,0.0000,0.00,0,0.00,0,0,0,0.00,0.0000,"PMAX_BAD_DOMAIN","Medium","Domain name appears auto-generated"
"tonuriaz.info","tonuriaz.info","WEBSITE","EX I WW I PMAX I SCALING I FEED ONLY I PROSPECTING","21137012770","PERFORMANCE_MAX",5,0,0.0000,0.00,0,0.00,0,0,0,0.00,0.0000,"PMAX_BAD_DOMAIN","Medium","Tier 2 high-risk TLD (.info) with suspicious domain name"
"czechtheworld.com","czechtheworld.com","WEBSITE","EX I WW I PMAX I SCALING I FEED ONLY I PROSPECTING","21137012770","PERFORMANCE_MAX",5,0,0.0000,0.00,0,0.00,0,0,0,0.00,0.0000,"PMAX_BAD_DOMAIN","Medium","High consonant ratio (77%) suggests auto-generated domain"
"superhumaneramanga.site","superhumaneramanga.site","WEBSITE","EX I WW I PMAX I SCALING I FEED ONLY I PROSPECTING","21137012770","PERFORMANCE_MAX",5,0,0.0000,0.00,0,0.00,0,0,0,0.00,0.0000,"PMAX_BAD_DOMAIN","Medium","Tier 2 high-risk TLD (.site) with suspicious domain name"
"moneycontrol.com","moneycontrol.com","WEBSITE","EX I WW I PMAX I SCALING I FEED ONLY I PROSPECTING","21137012770","PERFORMANCE_MAX",5,0,0.0000,0.00,0,0.00,0,0,0,0.00,0.0000,"PMAX_BAD_DOMAIN","Medium","Matches MFA pattern: ^(www\.)?[a-z]*(click|cash|money|fast)[a-z]*\.(com|net|xyz|top|info)$"
"checkmynat.com","checkmynat.com","WEBSITE","EX I WW I PMAX I SCALING I FEED ONLY I PROSPECTING","21137012770","PERFORMANCE_MAX",5,0,0.0000,0.00,0,0.00,0,0,0,0.00,0.0000,"PMAX_BAD_DOMAIN","Medium","High consonant ratio (80%) suggests auto-generated domain"
"energy-ua.info","energy-ua.info","WEBSITE","EX I WW I PMAX I SCALING I FEED ONLY I PROSPECTING","21137012770","PERFORMANCE_MAX",5,0,0.0000,0.00,0,0.00,0,0,0,0.00,0.0000,"PMAX_BAD_DOMAIN","Medium","Tier 2 high-risk TLD (.info) with suspicious domain name"
"500px.com","500px.com","WEBSITE","EX I WW I PMAX I SCALING I FEED ONLY I PROSPECTING","21137012770","PERFORMANCE_MAX",5,0,0.0000,0.00,0,0.00,0,0,0,0.00,0.0000,"PMAX_BAD_DOMAIN","Medium","Matches parked domain pattern: ^(www\.)?\d{3,}[a-z]{1,3}\."
"theflightclub.it","theflightclub.it","WEBSITE","EX I WW I PMAX I SCALING I FEED ONLY I PROSPECTING","21137012770","PERFORMANCE_MAX",5,0,0.0000,0.00,0,0.00,0,0,0,0.00,0.0000,"PMAX_BAD_DOMAIN","Medium","High consonant ratio (77%) suggests auto-generated domain"
"smartpress.by","smartpress.by","WEBSITE","EX I WW I PMAX I SCALING I FEED ONLY I PROSPECTING","21137012770","PERFORMANCE_MAX",5,0,0.0000,0.00,0,0.00,0,0,0,0.00,0.0000,"PMAX_BAD_DOMAIN","Medium","High consonant ratio (80%) suggests auto-generated domain"
"can-i-run-it.com","can-i-run-it.com","WEBSITE","EX I WW I PMAX I SCALING I FEED ONLY I PROSPECTING","21137012770","PERFORMANCE_MAX",5,0,0.0000,0.00,0,0.00,0,0,0,0.00,0.0000,"PMAX_BAD_DOMAIN","Medium","Matches MFA pattern: ^(www\.)?[a-z]+-[a-z]+-[a-z]+-[a-z]+\."
"wlrfm.com","wlrfm.com","WEBSITE","EX I WW I PMAX I SCALING I FEED ONLY I PROSPECTING","21137012770","PERFORMANCE_MAX",5,0,0.0000,0.00,0,0.00,0,0,0,0.00,0.0000,"PMAX_BAD_DOMAIN","Medium","Domain matches DGA entropy pattern"
"directvsports.com","directvsports.com","WEBSITE","EX I WW I PMAX I SCALING I FEED ONLY I PROSPECTING","21137012770","PERFORMANCE_MAX",5,0,0.0000,0.00,0,0.00,0,0,0,0.00,0.0000,"PMAX_BAD_DOMAIN","Medium","High consonant ratio (77%) suggests auto-generated domain"
"leagueoflegendstools.com","leagueoflegendstools.com","WEBSITE","EX I WW I PMAX I SCALING I FEED ONLY I PROSPECTING","21137012770","PERFORMANCE_MAX",5,0,0.0000,0.00,0,0.00,0,0,0,0.00,0.0000,"PMAX_BAD_DOMAIN","Medium","Domain name appears auto-generated"
"ilide.info","ilide.info","WEBSITE","EX I WW I PMAX I SCALING I FEED ONLY I PROSPECTING","21137012770","PERFORMANCE_MAX",5,0,0.0000,0.00,0,0.00,0,0,0,0.00,0.0000,"PMAX_BAD_DOMAIN","Medium","Tier 2 high-risk TLD (.info) with suspicious domain name"
"ashrae-meteo.info","ashrae-meteo.info","WEBSITE","EX I WW I PMAX I SCALING I FEED ONLY I PROSPECTING","21137012770","PERFORMANCE_MAX",5,0,0.0000,0.00,0,0.00,0,0,0,0.00,0.0000,"PMAX_BAD_DOMAIN","Medium","Tier 2 high-risk TLD (.info) with suspicious domain name"
"420on.cz","420on.cz","WEBSITE","EX I WW I PMAX I SCALING I FEED ONLY I PROSPECTING","21137012770","PERFORMANCE_MAX",5,0,0.0000,0.00,0,0.00,0,0,0,0.00,0.0000,"PMAX_BAD_DOMAIN","Medium","Matches parked domain pattern: ^(www\.)?\d{3,}[a-z]{1,3}\."
"chmatome.club","chmatome.club","WEBSITE","EX I WW I PMAX I SCALING I FEED ONLY I PROSPECTING","21137012770","PERFORMANCE_MAX",5,0,0.0000,0.00,0,0.00,0,0,0,0.00,0.0000,"PMAX_BAD_DOMAIN","Medium","Tier 2 high-risk TLD (.club) with suspicious domain name"
"sinfullyspicy.com","sinfullyspicy.com","WEBSITE","EX I WW I PMAX I SCALING I FEED ONLY I PROSPECTING","21137012770","PERFORMANCE_MAX",5,0,0.0000,0.00,0,0.00,0,0,0,0.00,0.0000,"PMAX_BAD_DOMAIN","Medium","High consonant ratio (77%) suggests auto-generated domain"
"nadiashealthykitchen.com","nadiashealthykitchen.com","WEBSITE","EX I WW I PMAX I SCALING I FEED ONLY I PROSPECTING","21137012770","PERFORMANCE_MAX",5,0,0.0000,0.00,0,0.00,0,0,0,0.00,0.0000,"PMAX_BAD_DOMAIN","Medium","Domain name appears auto-generated"
"was-reimt-sich-auf.de","was-reimt-sich-auf.de","WEBSITE","EX I WW I PMAX I SCALING I FEED ONLY I PROSPECTING","21137012770","PERFORMANCE_MAX",5,0,0.0000,0.00,0,0.00,0,0,0,0.00,0.0000,"PMAX_BAD_DOMAIN","Medium","Matches MFA pattern: ^(www\.)?[a-z]+-[a-z]+-[a-z]+-[a-z]+\."
"cookthestory.com","cookthestory.com","WEBSITE","EX I WW I PMAX I SCALING I FEED ONLY I PROSPECTING","21137012770","PERFORMANCE_MAX",5,0,0.0000,0.00,0,0.00,0,0,0,0.00,0.0000,"PMAX_BAD_DOMAIN","Medium","Matches MFA pattern: ^(www\.)?[a-z]*(article|content|story)s?[0-9]*\."
"hdwallpapers.in","hdwallpapers.in","WEBSITE","EX I WW I PMAX I SCALING I FEED ONLY I PROSPECTING","21137012770","PERFORMANCE_MAX",5,0,0.0000,0.00,0,0.00,0,0,0,0.00,0.0000,"PMAX_BAD_DOMAIN","Medium","High consonant ratio (75%) suggests auto-generated domain"
"bodr.online","bodr.online","WEBSITE","EX I WW I PMAX I SCALING I FEED ONLY I PROSPECTING","21137012770","PERFORMANCE_MAX",5,0,0.0000,0.00,0,0.00,0,0,0,0.00,0.0000,"PMAX_BAD_DOMAIN","Medium","Tier 2 high-risk TLD (.online) with suspicious domain name"
"xn--sprche-5ya.co","xn--sprche-5ya.co","WEBSITE","EX I WW I PMAX I SCALING I FEED ONLY I PROSPECTING","21137012770","PERFORMANCE_MAX",5,0,0.0000,0.00,0,0.00,0,0,0,0.00,0.0000,"PMAX_BAD_DOMAIN","Medium","Punycode/IDN domain — likely irrelevant"
"krydsordexperten.dk","krydsordexperten.dk","WEBSITE","EX I WW I PMAX I SCALING I FEED ONLY I PROSPECTING","21137012770","PERFORMANCE_MAX",5,0,0.0000,0.00,0,0.00,0,0,0,0.00,0.0000,"PMAX_BAD_DOMAIN","Medium","High consonant ratio (75%) suggests auto-generated domain"
"slickcharts.com","slickcharts.com","WEBSITE","EX I WW I PMAX I SCALING I FEED ONLY I PROSPECTING","21137012770","PERFORMANCE_MAX",5,0,0.0000,0.00,0,0.00,0,0,0,0.00,0.0000,"PMAX_BAD_DOMAIN","Medium","High consonant ratio (82%) suggests auto-generated domain"
"swordofthedemonhunter.com","swordofthedemonhunter.com","WEBSITE","EX I WW I PMAX I SCALING I FEED ONLY I PROSPECTING","21137012770","PERFORMANCE_MAX",5,0,0.0000,0.00,0,0.00,0,0,0,0.00,0.0000,"PMAX_BAD_DOMAIN","Medium","Domain name appears auto-generated"
"grandmmadelights.com","grandmmadelights.com","WEBSITE","EX I WW I PMAX I SCALING I FEED ONLY I PROSPECTING","21137012770","PERFORMANCE_MAX",5,0,0.0000,0.00,0,0.00,0,0,0,0.00,0.0000,"PMAX_BAD_DOMAIN","Medium","High consonant ratio (75%) suggests auto-generated domain"
"lineal.online","lineal.online","WEBSITE","EX I WW I PMAX I SCALING I FEED ONLY I PROSPECTING","21137012770","PERFORMANCE_MAX",5,0,0.0000,0.00,0,0.00,0,0,0,0.00,0.0000,"PMAX_BAD_DOMAIN","Medium","Tier 2 high-risk TLD (.online) with suspicious domain name"
"flohmarktheld.de","flohmarktheld.de","WEBSITE","EX I WW I PMAX I SCALING I FEED ONLY I PROSPECTING","21137012770","PERFORMANCE_MAX",5,0,0.0000,0.00,0,0.00,0,0,0,0.00,0.0000,"PMAX_BAD_DOMAIN","Medium","High consonant ratio (77%) suggests auto-generated domain"
"charlottefashionplate.com","charlottefashionplate.com","WEBSITE","EX I WW I PMAX I SCALING I FEED ONLY I PROSPECTING","21137012770","PERFORMANCE_MAX",5,0,0.0000,0.00,0,0.00,0,0,0,0.00,0.0000,"PMAX_BAD_DOMAIN","Medium","Domain name appears auto-generated"
"cinnamonandcoriander.com","cinnamonandcoriander.com","WEBSITE","EX I WW I PMAX I SCALING I FEED ONLY I PROSPECTING","21137012770","PERFORMANCE_MAX",5,0,0.0000,0.00,0,0.00,0,0,0,0.00,0.0000,"PMAX_BAD_DOMAIN","Medium","Domain name appears auto-generated"
"autogenius.info","autogenius.info","WEBSITE","EX I WW I PMAX I SCALING I FEED ONLY I PROSPECTING","21137012770","PERFORMANCE_MAX",5,0,0.0000,0.00,0,0.00,0,0,0,0.00,0.0000,"PMAX_BAD_DOMAIN","Medium","Tier 2 high-risk TLD (.info) with suspicious domain name"
"gimp.cc","gimp.cc","WEBSITE","EX I WW I PMAX I SCALING I FEED ONLY I PROSPECTING","21137012770","PERFORMANCE_MAX",5,0,0.0000,0.00,0,0.00,0,0,0,0.00,0.0000,"PMAX_BAD_DOMAIN","Medium","Tier 2 high-risk TLD (.cc) with suspicious domain name"
"thgi.online","thgi.online","WEBSITE","EX I WW I PMAX I SCALING I FEED ONLY I PROSPECTING","21137012770","PERFORMANCE_MAX",5,0,0.0000,0.00,0,0.00,0,0,0,0.00,0.0000,"PMAX_BAD_DOMAIN","Medium","Tier 2 high-risk TLD (.online) with suspicious domain name"
"minib.cc","minib.cc","WEBSITE","EX I WW I PMAX I SCALING I FEED ONLY I PROSPECTING","21137012770","PERFORMANCE_MAX",5,0,0.0000,0.00,0,0.00,0,0,0,0.00,0.0000,"PMAX_BAD_DOMAIN","Medium","Tier 2 high-risk TLD (.cc) with suspicious domain name"
"history.com","history.com","WEBSITE","EX I WW I PMAX I SCALING I FEED ONLY I PROSPECTING","21137012770","PERFORMANCE_MAX",5,0,0.0000,0.00,0,0.00,0,0,0,0.00,0.0000,"PMAX_BAD_DOMAIN","Medium","Matches MFA pattern: ^(www\.)?[a-z]*(article|content|story)s?[0-9]*\."
"farsondigitalwatercams.com","farsondigitalwatercams.com","WEBSITE","EX I WW I PMAX I SCALING I FEED ONLY I PROSPECTING","21137012770","PERFORMANCE_MAX",5,0,0.0000,0.00,0,0.00,0,0,0,0.00,0.0000,"PMAX_BAD_DOMAIN","Medium","Domain name appears auto-generated"
"pndgaminglab.com","pndgaminglab.com","WEBSITE","EX I WW I PMAX I SCALING I FEED ONLY I PROSPECTING","21137012770","PERFORMANCE_MAX",5,0,0.0000,0.00,0,0.00,0,0,0,0.00,0.0000,"PMAX_BAD_DOMAIN","Medium","High consonant ratio (75%) suggests auto-generated domain"
"displayspecifications.com","displayspecifications.com","WEBSITE","EX I WW I PMAX I SCALING I FEED ONLY I PROSPECTING","21137012770","PERFORMANCE_MAX",5,0,0.0000,0.00,0,0.00,0,0,0,0.00,0.0000,"PMAX_BAD_DOMAIN","Medium","Domain name appears auto-generated"
"obukhiv.info","obukhiv.info","WEBSITE","EX I WW I PMAX I SCALING I FEED ONLY I PROSPECTING","21137012770","PERFORMANCE_MAX",5,0,0.0000,0.00,0,0.00,0,0,0,0.00,0.0000,"PMAX_BAD_DOMAIN","Medium","Tier 2 high-risk TLD (.info) with suspicious domain name"
"worldbricks.com","worldbricks.com","WEBSITE","EX I WW I PMAX I SCALING I FEED ONLY I PROSPECTING","21137012770","PERFORMANCE_MAX",5,0,0.0000,0.00,0,0.00,0,0,0,0.00,0.0000,"PMAX_BAD_DOMAIN","Medium","High consonant ratio (82%) suggests auto-generated domain"
"snowboardingprofiles.com","snowboardingprofiles.com","WEBSITE","EX I WW I PMAX I SCALING I FEED ONLY I PROSPECTING","21137012770","PERFORMANCE_MAX",5,0,0.0000,0.00,0,0.00,0,0,0,0.00,0.0000,"PMAX_BAD_DOMAIN","Medium","Domain name appears auto-generated"
"thehulltruth.com","thehulltruth.com","WEBSITE","EX I WW I PMAX I SCALING I FEED ONLY I PROSPECTING","21137012770","PERFORMANCE_MAX",5,0,0.0000,0.00,0,0.00,0,0,0,0.00,0.0000,"PMAX_BAD_DOMAIN","Medium","High consonant ratio (75%) suggests auto-generated domain"
"nullsbrawl.pl","nullsbrawl.pl","WEBSITE","EX I WW I PMAX I SCALING I FEED ONLY I PROSPECTING","21137012770","PERFORMANCE_MAX",5,0,0.0000,0.00,0,0.00,0,0,0,0.00,0.0000,"PMAX_BAD_DOMAIN","Medium","High consonant ratio (80%) suggests auto-generated domain"
"junat.info","junat.info","WEBSITE","EX I WW I PMAX I SCALING I FEED ONLY I PROSPECTING","21137012770","PERFORMANCE_MAX",5,0,0.0000,0.00,0,0.00,0,0,0,0.00,0.0000,"PMAX_BAD_DOMAIN","Medium","Tier 2 high-risk TLD (.info) with suspicious domain name"
"grillplatz.org","grillplatz.org","WEBSITE","EX I WW I PMAX I SCALING I FEED ONLY I PROSPECTING","21137012770","PERFORMANCE_MAX",5,0,0.0000,0.00,0,0.00,0,0,0,0.00,0.0000,"PMAX_BAD_DOMAIN","Medium","High consonant ratio (80%) suggests auto-generated domain"
"readinstory.com","readinstory.com","WEBSITE","EX I WW I PMAX I SCALING I FEED ONLY I PROSPECTING","21137012770","PERFORMANCE_MAX",5,0,0.0000,0.00,0,0.00,0,0,0,0.00,0.0000,"PMAX_BAD_DOMAIN","Medium","Matches MFA pattern: ^(www\.)?[a-z]*(article|content|story)s?[0-9]*\."
"haikyo.info","haikyo.info","WEBSITE","EX I WW I PMAX I SCALING I FEED ONLY I PROSPECTING","21137012770","PERFORMANCE_MAX",5,0,0.0000,0.00,0,0.00,0,0,0,0.00,0.0000,"PMAX_BAD_DOMAIN","Medium","Tier 2 high-risk TLD (.info) with suspicious domain name"
"raspberrytips.com","raspberrytips.com","WEBSITE","EX I WW I PMAX I SCALING I FEED ONLY I PROSPECTING","21137012770","PERFORMANCE_MAX",5,0,0.0000,0.00,0,0.00,0,0,0,0.00,0.0000,"PMAX_BAD_DOMAIN","Medium","High consonant ratio (77%) suggests auto-generated domain"
"wdwnt.com","wdwnt.com","WEBSITE","EX I WW I PMAX I SCALING I FEED ONLY I PROSPECTING","21137012770","PERFORMANCE_MAX",5,0,0.0000,0.00,0,0.00,0,0,0,0.00,0.0000,"PMAX_BAD_DOMAIN","Medium","Domain matches DGA entropy pattern"
"burbuja.info","burbuja.info","WEBSITE","EX I WW I PMAX I SCALING I FEED ONLY I PROSPECTING","21137012770","PERFORMANCE_MAX",5,0,0.0000,0.00,0,0.00,0,0,0,0.00,0.0000,"PMAX_BAD_DOMAIN","Medium","Tier 2 high-risk TLD (.info) with suspicious domain name"
"thebalancednutritionist.com","thebalancednutritionist.com","WEBSITE","EX I WW I PMAX I SCALING I FEED ONLY I PROSPECTING","21137012770","PERFORMANCE_MAX",5,0,0.0000,0.00,0,0.00,0,0,0,0.00,0.0000,"PMAX_BAD_DOMAIN","Medium","Domain name appears auto-generated"
"5000yan.com","5000yan.com","WEBSITE","EX I WW I PMAX I SCALING I FEED ONLY I PROSPECTING","21137012770","PERFORMANCE_MAX",5,0,0.0000,0.00,0,0.00,0,0,0,0.00,0.0000,"PMAX_BAD_DOMAIN","Medium","Matches parked domain pattern: ^(www\.)?\d{3,}[a-z]{1,3}\."
"amenagerieofstitchesblog.com","amenagerieofstitchesblog.com","WEBSITE","EX I WW I PMAX I SCALING I FEED ONLY I PROSPECTING","21137012770","PERFORMANCE_MAX",5,0,0.0000,0.00,0,0.00,0,0,0,0.00,0.0000,"PMAX_BAD_DOMAIN","Medium","Domain name appears auto-generated"
"skyryedesign.com","skyryedesign.com","WEBSITE","EX I WW I PMAX I SCALING I FEED ONLY I PROSPECTING","21137012770","PERFORMANCE_MAX",5,0,0.0000,0.00,0,0.00,0,0,0,0.00,0.0000,"PMAX_BAD_DOMAIN","Medium","High consonant ratio (75%) suggests auto-generated domain"
"toaz.info","toaz.info","WEBSITE","EX I WW I PMAX I SCALING I FEED ONLY I PROSPECTING","21137012770","PERFORMANCE_MAX",5,0,0.0000,0.00,0,0.00,0,0,0,0.00,0.0000,"PMAX_BAD_DOMAIN","Medium","Tier 2 high-risk TLD (.info) with suspicious domain name"
"tarasmulticulturaltable.com","tarasmulticulturaltable.com","WEBSITE","EX I WW I PMAX I SCALING I FEED ONLY I PROSPECTING","21137012770","PERFORMANCE_MAX",5,0,0.0000,0.00,0,0.00,0,0,0,0.00,0.0000,"PMAX_BAD_DOMAIN","Medium","Domain name appears auto-generated"
"neka.cc","neka.cc","WEBSITE","EX I WW I PMAX I SCALING I FEED ONLY I PROSPECTING","21137012770","PERFORMANCE_MAX",5,0,0.0000,0.00,0,0.00,0,0,0,0.00,0.0000,"PMAX_BAD_DOMAIN","Medium","Tier 2 high-risk TLD (.cc) with suspicious domain name"
"howtolovecomics.com","howtolovecomics.com","WEBSITE","EX I WW I PMAX I SCALING I FEED ONLY I PROSPECTING","21137012770","PERFORMANCE_MAX",5,0,0.0000,0.00,0,0.00,0,0,0,0.00,0.0000,"PMAX_BAD_DOMAIN","Medium","Matches MFA pattern: ^(www\.)?[a-z]*howto[a-z]*\."
"fermentingforfoodies.com","fermentingforfoodies.com","WEBSITE","EX I WW I PMAX I SCALING I FEED ONLY I PROSPECTING","21137012770","PERFORMANCE_MAX",5,0,0.0000,0.00,0,0.00,0,0,0,0.00,0.0000,"PMAX_BAD_DOMAIN","Medium","Domain name appears auto-generated"
"thebrickpost.com","thebrickpost.com","WEBSITE","EX I WW I PMAX I SCALING I FEED ONLY I PROSPECTING","21137012770","PERFORMANCE_MAX",5,0,0.0000,0.00,0,0.00,0,0,0,0.00,0.0000,"PMAX_BAD_DOMAIN","Medium","High consonant ratio (75%) suggests auto-generated domain"
"hpupdate.info","hpupdate.info","WEBSITE","EX I WW I PMAX I SCALING I FEED ONLY I PROSPECTING","21137012770","PERFORMANCE_MAX",5,0,0.0000,0.00,0,0.00,0,0,0,0.00,0.0000,"PMAX_BAD_DOMAIN","Medium","Tier 2 high-risk TLD (.info) with suspicious domain name"
"thedeliciouscrescent.com","thedeliciouscrescent.com","WEBSITE","EX I WW I PMAX I SCALING I FEED ONLY I PROSPECTING","21137012770","PERFORMANCE_MAX",5,0,0.0000,0.00,0,0.00,0,0,0,0.00,0.0000,"PMAX_BAD_DOMAIN","Medium","Domain name appears auto-generated"
"zzstylesound.com","zzstylesound.com","WEBSITE","EX I WW I PMAX I SCALING I FEED ONLY I PROSPECTING","21137012770","PERFORMANCE_MAX",5,0,0.0000,0.00,0,0.00,0,0,0,0.00,0.0000,"PMAX_BAD_DOMAIN","Medium","High consonant ratio (75%) suggests auto-generated domain"
"bruksanvisningpdf.no","bruksanvisningpdf.no","WEBSITE","EX I WW I PMAX I SCALING I FEED ONLY I PROSPECTING","21137012770","PERFORMANCE_MAX",5,0,0.0000,0.00,0,0.00,0,0,0,0.00,0.0000,"PMAX_BAD_DOMAIN","Medium","High consonant ratio (76%) suggests auto-generated domain"
"preppykitchen.com","preppykitchen.com","WEBSITE","EX I WW I PMAX I SCALING I FEED ONLY I PROSPECTING","21137012770","PERFORMANCE_MAX",5,0,0.0000,0.00,0,0.00,0,0,0,0.00,0.0000,"PMAX_BAD_DOMAIN","Medium","High consonant ratio (77%) suggests auto-generated domain"
"rcdbs.com","rcdbs.com","WEBSITE","EX I WW I PMAX I SCALING I FEED ONLY I PROSPECTING","21137012770","PERFORMANCE_MAX",5,0,0.0000,0.00,0,0.00,0,0,0,0.00,0.0000,"PMAX_BAD_DOMAIN","Medium","Domain matches DGA entropy pattern"
"kahoot.club","kahoot.club","WEBSITE","EX I WW I PMAX I SCALING I FEED ONLY I PROSPECTING","21137012770","PERFORMANCE_MAX",5,0,0.0000,0.00,0,0.00,0,0,0,0.00,0.0000,"PMAX_BAD_DOMAIN","Medium","Tier 2 high-risk TLD (.club) with suspicious domain name"
"girlsaskguys.com","girlsaskguys.com","WEBSITE","EX I WW I PMAX I SCALING I FEED ONLY I PROSPECTING","21137012770","PERFORMANCE_MAX",5,0,0.0000,0.00,0,0.00,0,0,0,0.00,0.0000,"PMAX_BAD_DOMAIN","Medium","High consonant ratio (75%) suggests auto-generated domain"
"gxstg.com","gxstg.com","WEBSITE","EX I WW I PMAX I SCALING I FEED ONLY I PROSPECTING","21137012770","PERFORMANCE_MAX",5,0,0.0000,0.00,0,0.00,0,0,0,0.00,0.0000,"PMAX_BAD_DOMAIN","Medium","Domain matches DGA entropy pattern"
"fantasynamegenerators.com","fantasynamegenerators.com","WEBSITE","EX I WW I PMAX I SCALING I FEED ONLY I PROSPECTING","21137012770","PERFORMANCE_MAX",5,0,0.0000,0.00,0,0.00,0,0,0,0.00,0.0000,"PMAX_BAD_DOMAIN","Medium","Domain name appears auto-generated"
"kenvelo-fashion.info","kenvelo-fashion.info","WEBSITE","EX I WW I PMAX I SCALING I FEED ONLY I PROSPECTING","21137012770","PERFORMANCE_MAX",5,0,0.0000,0.00,0,0.00,0,0,0,0.00,0.0000,"PMAX_BAD_DOMAIN","Medium","Tier 2 high-risk TLD (.info) with suspicious domain name"
"healthylittlefoodies.com","healthylittlefoodies.com","WEBSITE","EX I WW I PMAX I SCALING I FEED ONLY I PROSPECTING","21137012770","PERFORMANCE_MAX",5,0,0.0000,0.00,0,0.00,0,0,0,0.00,0.0000,"PMAX_BAD_DOMAIN","Medium","Domain name appears auto-generated"
"xn--spidersolitr-qcb.de","xn--spidersolitr-qcb.de","WEBSITE","EX I WW I PMAX I SCALING I FEED ONLY I PROSPECTING","21137012770","PERFORMANCE_MAX",5,0,0.0000,0.00,0,0.00,0,0,0,0.00,0.0000,"PMAX_BAD_DOMAIN","Medium","Punycode/IDN domain — likely irrelevant"
"meteo24.info","meteo24.info","WEBSITE","EX I WW I PMAX I SCALING I FEED ONLY I PROSPECTING","21137012770","PERFORMANCE_MAX",5,0,0.0000,0.00,0,0.00,0,0,0,0.00,0.0000,"PMAX_BAD_DOMAIN","Medium","Tier 2 high-risk TLD (.info) with suspicious domain name"
"sports-today.top","sports-today.top","WEBSITE","EX I WW I PMAX I SCALING I FEED ONLY I PROSPECTING","21137012770","PERFORMANCE_MAX",5,0,0.0000,0.00,0,0.00,0,0,0,0.00,0.0000,"PMAX_BAD_DOMAIN","Medium","Matches parked domain pattern: ^(www\.)?[a-z0-9-]+\.(click|download|bid|win|loan|top)$"
"fightnews.info","fightnews.info","WEBSITE","EX I WW I PMAX I SCALING I FEED ONLY I PROSPECTING","21137012770","PERFORMANCE_MAX",5,0,0.0000,0.00,0,0.00,0,0,0,0.00,0.0000,"PMAX_BAD_DOMAIN","Medium","Tier 2 high-risk TLD (.info) with suspicious domain name"
"thechunkychef.com","thechunkychef.com","WEBSITE","EX I WW I PMAX I SCALING I FEED ONLY I PROSPECTING","21137012770","PERFORMANCE_MAX",5,0,0.0000,0.00,0,0.00,0,0,0,0.00,0.0000,"PMAX_BAD_DOMAIN","Medium","High consonant ratio (77%) suggests auto-generated domain"
"antikor.info","antikor.info","WEBSITE","EX I WW I PMAX I SCALING I FEED ONLY I PROSPECTING","21137012770","PERFORMANCE_MAX",5,0,0.0000,0.00,0,0.00,0,0,0,0.00,0.0000,"PMAX_BAD_DOMAIN","Medium","Tier 2 high-risk TLD (.info) with suspicious domain name"
"snaptik.monster","snaptik.monster","WEBSITE","EX I WW I PMAX I SCALING I FEED ONLY I PROSPECTING","21137012770","PERFORMANCE_MAX",5,0,0.0000,0.00,0,0.00,0,0,0,0.00,0.0000,"PMAX_BAD_DOMAIN","Medium","Tier 1 high-risk TLD (.monster) — auto-flagged"
"archynewsy.com","archynewsy.com","WEBSITE","EX I WW I PMAX I SCALING I FEED ONLY I PROSPECTING","21137012770","PERFORMANCE_MAX",5,0,0.0000,0.00,0,0.00,0,0,0,0.00,0.0000,"PMAX_BAD_DOMAIN","Medium","High consonant ratio (80%) suggests auto-generated domain"
"xn--10-yg4a1a3kyh.jp","xn--10-yg4a1a3kyh.jp","WEBSITE","EX I WW I PMAX I SCALING I FEED ONLY I PROSPECTING","21137012770","PERFORMANCE_MAX",5,0,0.0000,0.00,0,0.00,0,0,0,0.00,0.0000,"PMAX_BAD_DOMAIN","Medium","Punycode/IDN domain — likely irrelevant"
"blitzstars.com","blitzstars.com","WEBSITE","EX I WW I PMAX I SCALING I FEED ONLY I PROSPECTING","21137012770","PERFORMANCE_MAX",5,0,0.0000,0.00,0,0.00,0,0,0,0.00,0.0000,"PMAX_BAD_DOMAIN","Medium","High consonant ratio (80%) suggests auto-generated domain"
"brawlinsights.com","brawlinsights.com","WEBSITE","EX I WW I PMAX I SCALING I FEED ONLY I PROSPECTING","21137012770","PERFORMANCE_MAX",5,0,0.0000,0.00,0,0.00,0,0,0,0.00,0.0000,"PMAX_BAD_DOMAIN","Medium","High consonant ratio (77%) suggests auto-generated domain"
"kingofthegym.com","kingofthegym.com","WEBSITE","EX I WW I PMAX I SCALING I FEED ONLY I PROSPECTING","21137012770","PERFORMANCE_MAX",5,0,0.0000,0.00,0,0.00,0,0,0,0.00,0.0000,"PMAX_BAD_DOMAIN","Medium","High consonant ratio (75%) suggests auto-generated domain"
"trendysvet.cz","trendysvet.cz","WEBSITE","EX I WW I PMAX I SCALING I FEED ONLY I PROSPECTING","21137012770","PERFORMANCE_MAX",5,0,0.0000,0.00,0,0.00,0,0,0,0.00,0.0000,"PMAX_BAD_DOMAIN","Medium","High consonant ratio (80%) suggests auto-generated domain"
"atauru-kougyou.xyz","atauru-kougyou.xyz","WEBSITE","EX I WW I PMAX I SCALING I FEED ONLY I PROSPECTING","21137012770","PERFORMANCE_MAX",5,0,0.0000,0.00,0,0.00,0,0,0,0.00,0.0000,"PMAX_BAD_DOMAIN","Medium","Tier 2 high-risk TLD (.xyz) with suspicious domain name"
"ellemijotequelquechose.com","ellemijotequelquechose.com","WEBSITE","EX I WW I PMAX I SCALING I FEED ONLY I PROSPECTING","21137012770","PERFORMANCE_MAX",5,0,0.0000,0.00,0,0.00,0,0,0,0.00,0.0000,"PMAX_BAD_DOMAIN","Medium","Domain name appears auto-generated"
"fastssh.com","fastssh.com","WEBSITE","EX I WW I PMAX I SCALING I FEED ONLY I PROSPECTING","21137012770","PERFORMANCE_MAX",5,0,0.0000,0.00,0,0.00,0,0,0,0.00,0.0000,"PMAX_BAD_DOMAIN","Medium","Matches MFA pattern: ^(www\.)?[a-z]*(click|cash|money|fast)[a-z]*\.(com|net|xyz|top|info)$"
"fussballnationalmannschaft.net","fussballnationalmannschaft.net","WEBSITE","EX I WW I PMAX I SCALING I FEED ONLY I OVER-INDEX + INDEX + NEAR-INDEX","20369175508","PERFORMANCE_MAX",4,0,0.0000,0.00,0,0.00,0,0,0,0.00,0.0000,"PMAX_BAD_DOMAIN","Medium","Domain name appears auto-generated"
"myradioonline.it","myradioonline.it","WEBSITE","EX I WW I PMAX I SCALING I FEED ONLY I OVER-INDEX + INDEX + NEAR-INDEX","20369175508","PERFORMANCE_MAX",4,0,0.0000,0.00,0,0.00,0,0,0,0.00,0.0000,"PMAX_BAD_DOMAIN","Medium","Matches parked domain pattern: ^(www\.)?my[a-z]+(online|free|pro)\."
"barryanddistrictnews.co.uk","barryanddistrictnews.co.uk","WEBSITE","EX I WW I PMAX I SCALING I FEED ONLY I OVER-INDEX + INDEX + NEAR-INDEX","20369175508","PERFORMANCE_MAX",4,0,0.0000,0.00,0,0.00,0,0,0,0.00,0.0000,"PMAX_BAD_DOMAIN","Medium","High consonant ratio (75%) suggests auto-generated domain"
"firezgame.online","firezgame.online","WEBSITE","EX I WW I PMAX I SCALING I FEED ONLY I PROSPECTING","21137012770","PERFORMANCE_MAX",4,0,0.0000,0.00,0,0.00,0,0,0,0.00,0.0000,"PMAX_BAD_DOMAIN","Medium","Tier 2 high-risk TLD (.online) with suspicious domain name"
"tarnogorski.info","tarnogorski.info","WEBSITE","EX I WW I PMAX I SCALING I FEED ONLY I PROSPECTING","21137012770","PERFORMANCE_MAX",4,0,0.0000,0.00,0,0.00,0,0,0,0.00,0.0000,"PMAX_BAD_DOMAIN","Medium","Tier 2 high-risk TLD (.info) with suspicious domain name"
"sportshakers.com.ng","sportshakers.com.ng","WEBSITE","EX I WW I PMAX I SCALING I FEED ONLY I PROSPECTING","21137012770","PERFORMANCE_MAX",4,0,0.0000,0.00,0,0.00,0,0,0,0.00,0.0000,"PMAX_BAD_DOMAIN","Medium","High consonant ratio (75%) suggests auto-generated domain"
"channel3000.com","channel3000.com","WEBSITE","EX I WW I PMAX I SCALING I FEED ONLY I PROSPECTING","21137012770","PERFORMANCE_MAX",4,0,0.0000,0.00,0,0.00,0,0,0,0.00,0.0000,"PMAX_BAD_DOMAIN","Medium","High numeric ratio (36%) suggests auto-generated domain"
"mhn.quest","mhn.quest","WEBSITE","EX I WW I PMAX I SCALING I FEED ONLY I PROSPECTING","21137012770","PERFORMANCE_MAX",4,0,0.0000,0.00,0,0.00,0,0,0,0.00,0.0000,"PMAX_BAD_DOMAIN","Medium","Tier 1 high-risk TLD (.quest) — auto-flagged"
"helferliste.online","helferliste.online","WEBSITE","EX I WW I PMAX I SCALING I FEED ONLY I PROSPECTING","21137012770","PERFORMANCE_MAX",4,0,0.0000,0.00,0,0.00,0,0,0,0.00,0.0000,"PMAX_BAD_DOMAIN","Medium","Tier 2 high-risk TLD (.online) with suspicious domain name"
"kochbossblog.com","kochbossblog.com","WEBSITE","EX I WW I PMAX I SCALING I FEED ONLY I OVER-INDEX + INDEX + NEAR-INDEX","20369175508","PERFORMANCE_MAX",3,0,0.0000,0.00,0,0.00,0,0,0,0.00,0.0000,"PMAX_BAD_DOMAIN","Medium","High consonant ratio (75%) suggests auto-generated domain"
"networthfd.com","networthfd.com","WEBSITE","EX I WW I PMAX I SCALING I FEED ONLY I PROSPECTING","21137012770","PERFORMANCE_MAX",3,0,0.0000,0.00,0,0.00,0,0,0,0.00,0.0000,"PMAX_BAD_DOMAIN","Medium","High consonant ratio (80%) suggests auto-generated domain"
"tvwalbrzych.pl","tvwalbrzych.pl","WEBSITE","EX I WW I PMAX I SCALING I FEED ONLY I PROSPECTING","21137012770","PERFORMANCE_MAX",3,0,0.0000,0.00,0,0.00,0,0,0,0.00,0.0000,"PMAX_BAD_DOMAIN","Medium","High consonant ratio (91%) suggests auto-generated domain"
"thunderousintentions.com","thunderousintentions.com","WEBSITE","EX I WW I PMAX I SCALING I FEED ONLY I PROSPECTING","21137012770","PERFORMANCE_MAX",3,0,0.0000,0.00,0,0.00,0,0,0,0.00,0.0000,"PMAX_BAD_DOMAIN","Medium","Domain name appears auto-generated"
"thefirstmess.com","thefirstmess.com","WEBSITE","EX I WW I PMAX I SCALING I FEED ONLY I PROSPECTING","21137012770","PERFORMANCE_MAX",3,0,0.0000,0.00,0,0.00,0,0,0,0.00,0.0000,"PMAX_BAD_DOMAIN","Medium","High consonant ratio (75%) suggests auto-generated domain"
"tinyhouse-zone.com","tinyhouse-zone.com","WEBSITE","EX I WW I PMAX I SCALING I FEED ONLY I PROSPECTING","21137012770","PERFORMANCE_MAX",3,0,0.0000,0.00,0,0.00,0,0,0,0.00,0.0000,"PMAX_BAD_DOMAIN","Medium","Matches parked domain pattern: ^(www\.)?[a-z]+-(hub|zone|world|center|solutions|platform|network)\.(com|net|org|xyz|top|info)$"
"dig-it.info","dig-it.info","WEBSITE","EX I WW I PMAX I SCALING I FEED ONLY I PROSPECTING","21137012770","PERFORMANCE_MAX",3,0,0.0000,0.00,0,0.00,0,0,0,0.00,0.0000,"PMAX_BAD_DOMAIN","Medium","Tier 2 high-risk TLD (.info) with suspicious domain name"
"misya.info","misya.info","WEBSITE","EX I WW I PMAX I SCALING I FEED ONLY I PROSPECTING","21137012770","PERFORMANCE_MAX",3,0,0.0000,0.00,0,0.00,0,0,0,0.00,0.0000,"PMAX_BAD_DOMAIN","Medium","Tier 2 high-risk TLD (.info) with suspicious domain name"
"rznews777.site","rznews777.site","WEBSITE","EX I WW I PMAX I SCALING I FEED ONLY I OVER-INDEX + INDEX + NEAR-INDEX","20369175508","PERFORMANCE_MAX",2,0,0.0000,0.00,0,0.00,0,0,0,0.00,0.0000,"PMAX_BAD_DOMAIN","Medium","Tier 2 high-risk TLD (.site) with suspicious domain name"
"topdrives.club","topdrives.club","WEBSITE","EX I WW I PMAX I SCALING I FEED ONLY I OVER-INDEX + INDEX + NEAR-INDEX","20369175508","PERFORMANCE_MAX",2,0,0.0000,0.00,0,0.00,0,0,0,0.00,0.0000,"PMAX_BAD_DOMAIN","Medium","Tier 2 high-risk TLD (.club) with suspicious domain name"
"telecomtalk.info","telecomtalk.info","WEBSITE","EX I WW I PMAX I SCALING I FEED ONLY I OVER-INDEX + INDEX + NEAR-INDEX","20369175508","PERFORMANCE_MAX",2,0,0.0000,0.00,0,0.00,0,0,0,0.00,0.0000,"PMAX_BAD_DOMAIN","Medium","Tier 2 high-risk TLD (.info) with suspicious domain name"
"channel3000.com","channel3000.com","WEBSITE","EX I WW I PMAX I SCALING I FEED ONLY I OVER-INDEX + INDEX + NEAR-INDEX","20369175508","PERFORMANCE_MAX",2,0,0.0000,0.00,0,0.00,0,0,0,0.00,0.0000,"PMAX_BAD_DOMAIN","Medium","High numeric ratio (36%) suggests auto-generated domain"
"bountystory.fun","bountystory.fun","WEBSITE","EX I WW I PMAX I SCALING I FEED ONLY I OVER-INDEX + INDEX + NEAR-INDEX","20369175508","PERFORMANCE_MAX",2,0,0.0000,0.00,0,0.00,0,0,0,0.00,0.0000,"PMAX_BAD_DOMAIN","Medium","Matches MFA pattern: ^(www\.)?[a-z]*(article|content|story)s?[0-9]*\."
"lamenteesmaravillosa.com","lamenteesmaravillosa.com","WEBSITE","EX I WW I PMAX I SCALING I FEED ONLY I PROSPECTING","21137012770","PERFORMANCE_MAX",2,0,0.0000,0.00,0,0.00,0,0,0,0.00,0.0000,"PMAX_BAD_DOMAIN","Medium","Domain name appears auto-generated"
"katowice24.info","katowice24.info","WEBSITE","EX I WW I PMAX I SCALING I FEED ONLY I OVER-INDEX + INDEX + NEAR-INDEX","20369175508","PERFORMANCE_MAX",1,0,0.0000,0.00,0,0.00,0,0,0,0.00,0.0000,"PMAX_BAD_DOMAIN","Medium","Tier 2 high-risk TLD (.info) with suspicious domain name"
"qhdhpcy.com","qhdhpcy.com","WEBSITE","EX I WW I PMAX I SCALING I FEED ONLY I OVER-INDEX + INDEX + NEAR-INDEX","20369175508","PERFORMANCE_MAX",1,0,0.0000,0.00,0,0.00,0,0,0,0.00,0.0000,"PMAX_BAD_DOMAIN","Medium","Domain name appears auto-generated"
"clydebankpost.co.uk","clydebankpost.co.uk","WEBSITE","EX I WW I PMAX I SCALING I FEED ONLY I OVER-INDEX + INDEX + NEAR-INDEX","20369175508","PERFORMANCE_MAX",1,0,0.0000,0.00,0,0.00,0,0,0,0.00,0.0000,"PMAX_BAD_DOMAIN","Medium","High consonant ratio (77%) suggests auto-generated domain"
"1000ps.at","1000ps.at","WEBSITE","EX I WW I PMAX I SCALING I FEED ONLY I OVER-INDEX + INDEX + NEAR-INDEX","20369175508","PERFORMANCE_MAX",1,0,0.0000,0.00,0,0.00,0,0,0,0.00,0.0000,"PMAX_BAD_DOMAIN","Medium","Matches parked domain pattern: ^(www\.)?\d{3,}[a-z]{1,3}\."
"sthelensstar.co.uk","sthelensstar.co.uk","WEBSITE","EX I WW I PMAX I SCALING I FEED ONLY I OVER-INDEX + INDEX + NEAR-INDEX","20369175508","PERFORMANCE_MAX",1,0,0.0000,0.00,0,0.00,0,0,0,0.00,0.0000,"PMAX_BAD_DOMAIN","Medium","High consonant ratio (75%) suggests auto-generated domain"
"paintbyclick.com","paintbyclick.com","WEBSITE","EX I WW I PMAX I SCALING I FEED ONLY I PROSPECTING","21137012770","PERFORMANCE_MAX",1,0,0.0000,0.00,0,0.00,0,0,0,0.00,0.0000,"PMAX_BAD_DOMAIN","Medium","Matches MFA pattern: ^(www\.)?[a-z]*(click|cash|money|fast)[a-z]*\.(com|net|xyz|top|info)$"
"ciclismointernacional.com","ciclismointernacional.com","WEBSITE","EX I WW I PMAX I SCALING I FEED ONLY I PROSPECTING","21137012770","PERFORMANCE_MAX",1,0,0.0000,0.00,0,0.00,0,0,0,0.00,0.0000,"PMAX_BAD_DOMAIN","Medium","Domain name appears auto-generated"
"easylivingnow.top","easylivingnow.top","WEBSITE","EX I WW I PMAX I SCALING I FEED ONLY I PROSPECTING","21137012770","PERFORMANCE_MAX",1,0,0.0000,0.00,0,0.00,0,0,0,0.00,0.0000,"PMAX_BAD_DOMAIN","Medium","Matches parked domain pattern: ^(www\.)?[a-z0-9-]+\.(click|download|bid|win|loan|top)$"
"bavarianfootballworks.com","bavarianfootballworks.com","WEBSITE","EX I WW I PMAX I SCALING I FEED ONLY I PROSPECTING","21137012770","PERFORMANCE_MAX",1,0,0.0000,0.00,0,0.00,0,0,0,0.00,0.0000,"PMAX_BAD_DOMAIN","Medium","Domain name appears auto-generated"
"kplctv.com","kplctv.com","WEBSITE","EX I WW I PMAX I SCALING I FEED ONLY I PROSPECTING","21137012770","PERFORMANCE_MAX",1,0,0.0000,0.00,0,0.00,0,0,0,0.00,0.0000,"PMAX_BAD_DOMAIN","Medium","Domain name appears auto-generated"
"fastpeoplesearch.com","fastpeoplesearch.com","WEBSITE","EX I WW I PMAX I SCALING I FEED ONLY I PROSPECTING","21137012770","PERFORMANCE_MAX",1,0,0.0000,0.00,0,0.00,0,0,0,0.00,0.0000,"PMAX_BAD_DOMAIN","Medium","Matches MFA pattern: ^(www\.)?[a-z]*(click|cash|money|fast)[a-z]*\.(com|net|xyz|top|info)$"
"halogorlice.info","halogorlice.info","WEBSITE","EX I WW I PMAX I SCALING I FEED ONLY I PROSPECTING","21137012770","PERFORMANCE_MAX",1,0,0.0000,0.00,0,0.00,0,0,0,0.00,0.0000,"PMAX_BAD_DOMAIN","Medium","Tier 2 high-risk TLD (.info) with suspicious domain name"
"xn--80a0aejb8dva.com","xn--80a0aejb8dva.com","WEBSITE","EX I WW I PMAX I SCALING I FEED ONLY I PROSPECTING","21137012770","PERFORMANCE_MAX",1,0,0.0000,0.00,0,0.00,0,0,0,0.00,0.0000,"PMAX_BAD_DOMAIN","Medium","Punycode/IDN domain — likely irrelevant"
"arbweb.info","arbweb.info","WEBSITE","EX I WW I PMAX I SCALING I FEED ONLY I PROSPECTING","21137012770","PERFORMANCE_MAX",1,0,0.0000,0.00,0,0.00,0,0,0,0.00,0.0000,"PMAX_BAD_DOMAIN","Medium","Tier 2 high-risk TLD (.info) with suspicious domain name"
"telemundocentraltexas.com","telemundocentraltexas.com","WEBSITE","EX I WW I PMAX I SCALING I FEED ONLY I PROSPECTING","21137012770","PERFORMANCE_MAX",1,0,0.0000,0.00,0,0.00,0,0,0,0.00,0.0000,"PMAX_BAD_DOMAIN","Medium","Domain name appears auto-generated"
"UCBnbnH7DGXT9yBBVFbZeIwQ","Nuke's Top 5","YOUTUBE_CHANNEL","Video View DRAFT","23807887103","VIDEO",239,2,0.0084,1.38,0,0.00,0,0,0,0.00,0.0015,"SPAM_CONTENT","High","Display name keyword match: ""Nuke's Top 5"""
"UCd37TPEORZCsIiDu_z4eyCg","Married with Children","YOUTUBE_CHANNEL","Video View DRAFT","23807887103","VIDEO",144,0,0.0000,0.94,0,0.00,0,0,0,0.00,0.0015,"KIDS_CONTENT","Critical","Display name keyword match: ""Married with Children"""
"UCHgI_MItRWEKLX7lKz7Xn0g","Top 5 Unknowns","YOUTUBE_CHANNEL","Video View DRAFT","23807887103","VIDEO",64,0,0.0000,0.36,0,0.00,0,0,0.365746,0.00,0.0015,"SPAM_CONTENT","High","Display name keyword match: ""Top 5 Unknowns"""
"UC9zX2xZIJ4cnwRsgBpHGvMg","BeyoncéVEVO","YOUTUBE_CHANNEL","Video View DRAFT","23807887103","VIDEO",45,1,0.0222,0.30,0,0.00,0,0,0,0.00,0.0015,"MUSIC_PASSIVE","Medium","Display name keyword match: ""BeyoncéVEVO"""
"UCw92QzuT_stf8jSaGWoKawQ","FMW - Funny Moments","YOUTUBE_CHANNEL","Video View DRAFT","23807887103","VIDEO",38,0,0.0000,0.23,0,0.00,0,0,0,0.00,0.0015,"SPAM_CONTENT","High","Display name keyword match: ""FMW - Funny Moments"""
"UCkzgBaWhqiTjRggpsdzwa4g","Mamaja Kids Bible Stories","YOUTUBE_CHANNEL","Video View DRAFT","23807887103","VIDEO",18,0,0.0000,0.23,0,0.00,0,0,0,0.00,0.0015,"KIDS_CONTENT","Critical","Display name keyword match: ""Mamaja Kids Bible Stories"""
"UCd_IS6lI0n8jjiN2deVvsEA","Hip Hop/R&B Lyrics","YOUTUBE_CHANNEL","Video View DRAFT","23807887103","VIDEO",25,0,0.0000,0.22,0,0.00,0,0,0,0.00,0.0015,"MUSIC_PASSIVE","Medium","Display name keyword match: ""Hip Hop/R&B Lyrics"""
"UCz5xH__K99BxwXuLAi4d28Q","Udo & Wilke - BEST OF","YOUTUBE_CHANNEL","Video View DRAFT","23807887103","VIDEO",28,0,0.0000,0.22,0,0.00,0,0,0,0.00,0.0015,"SPAM_CONTENT","High","Display name keyword match: ""Udo & Wilke - BEST OF"""
"UCtzhq8TIfFB9vRAHVqLL9PA","Dhurata Dora","YOUTUBE_CHANNEL","Video View DRAFT","23807887103","VIDEO",17,0,0.0000,0.19,0,0.00,0,0,0,0.00,0.0015,"KIDS_CONTENT","Critical","Display name keyword match: ""Dhurata Dora"""
"UCxzGx1KgbarWELErkFLIi2w","Elijah Lyrics","YOUTUBE_CHANNEL","Video View DRAFT","23807887103","VIDEO",25,0,0.0000,0.16,0,0.00,0,0,0,0.00,0.0015,"MUSIC_PASSIVE","Medium","Display name keyword match: ""Elijah Lyrics"""
"UC2UfNJPNmvjjaqY2HXZKm4Q","Best Of Jordan Maxwell","YOUTUBE_CHANNEL","Video View DRAFT","23807887103","VIDEO",20,0,0.0000,0.11,0,0.00,0,0,0,0.00,0.0015,"SPAM_CONTENT","High","Display name keyword match: ""Best Of Jordan Maxwell"""
"UCyXWwyT7hbxC5fs03lD0LTA","LOL- Best Of The Week","YOUTUBE_CHANNEL","Video View DRAFT","23807887103","VIDEO",15,0,0.0000,0.09,0,0.00,0,0,0,0.00,0.0015,"SPAM_CONTENT","High","Display name keyword match: ""LOL- Best Of The Week"""
"UC-dDFJwtDhEmIOd0V-rY-sg","Lyric Poupette Production","YOUTUBE_CHANNEL","Video View DRAFT","23807887103","VIDEO",14,0,0.0000,0.09,0,0.00,0,0,0,0.00,0.0015,"MUSIC_PASSIVE","Medium","Display name keyword match: ""Lyric Poupette Production"""
"UCrBoXgnVm-jp44tF5ECEuog","Ozi Kids Diary","YOUTUBE_CHANNEL","Video View DRAFT","23807887103","VIDEO",1,0,0.0000,0.08,0,0.00,0,0,0,0.00,0.0015,"KIDS_CONTENT","Critical","Display name keyword match: ""Ozi Kids Diary"""
"UC-2GZGXJ0lNDOTBErFwv2RA","Lazy Lyrics","YOUTUBE_CHANNEL","Video View DRAFT","23807887103","VIDEO",7,0,0.0000,0.08,0,0.00,0,0,0,0.00,0.0015,"MUSIC_PASSIVE","Medium","Display name keyword match: ""Lazy Lyrics"""
"UCSRTW1zlhbJOuOgNn8lNZDA","BEST CUBE compilation","YOUTUBE_CHANNEL","Video View DRAFT","23807887103","VIDEO",11,0,0.0000,0.07,0,0.00,0,0,0,0.00,0.0015,"SPAM_CONTENT","High","Display name keyword match: ""BEST CUBE compilation"""
"UCKup2M8_qSaV3f9UlN723Fw","The Best Of - Home Of Classic Music","YOUTUBE_CHANNEL","Video View DRAFT","23807887103","VIDEO",10,0,0.0000,0.07,0,0.00,0,0,0,0.00,0.0015,"SPAM_CONTENT","High","Display name keyword match: ""The Best Of - Home Of Classic Music"""
"UCDDxLOfbgDJjip3yQFPx7Vg","Best of Danny Jones","YOUTUBE_CHANNEL","Video View DRAFT","23807887103","VIDEO",8,0,0.0000,0.06,0,0.00,0,0,0,0.00,0.0015,"SPAM_CONTENT","High","Display name keyword match: ""Best of Danny Jones"""
"UCMtC7c_tKDHqj4XVKe0WF5Q","BEST OF BOXING","YOUTUBE_CHANNEL","Video View DRAFT","23807887103","VIDEO",6,0,0.0000,0.05,0,0.00,0,0,0,0.00,0.0015,"SPAM_CONTENT","High","Display name keyword match: ""BEST OF BOXING"""
"UCPDExPQ09Vc6_Gj_Ga6MwKw","Cartoon Universe","YOUTUBE_CHANNEL","Video View DRAFT","23807887103","VIDEO",4,0,0.0000,0.05,0,0.00,0,0,0,0.00,0.0015,"KIDS_CONTENT","Critical","Display name keyword match: ""Cartoon Universe"""
"UCBJh1lBd44OGUd5JrHZQvCQ","Best of The Voice","YOUTUBE_CHANNEL","Video View DRAFT","23807887103","VIDEO",9,0,0.0000,0.05,0,0.00,0,0,0,0.00,0.0015,"SPAM_CONTENT","High","Display name keyword match: ""Best of The Voice"""
"UCVyElMLkTqrF4xJ2zDhcTLg","Tubar Cartoon","YOUTUBE_CHANNEL","Video View DRAFT","23807887103","VIDEO",6,0,0.0000,0.05,0,0.00,0,0,0,0.00,0.0015,"KIDS_CONTENT","Critical","Display name keyword match: ""Tubar Cartoon"""
"UCkB8UkQ4gnEBOtZsz4FezZQ","Cartoon N Hypez","YOUTUBE_CHANNEL","Video View DRAFT","23807887103","VIDEO",6,0,0.0000,0.04,0,0.00,0,0,0,0.00,0.0015,"KIDS_CONTENT","Critical","Display name keyword match: ""Cartoon N Hypez"""
"UCdMr5nCuScMtMhnCcVpwZ6g","TFP-Try Not To Laugh Challenge ","YOUTUBE_CHANNEL","Video View DRAFT","23807887103","VIDEO",6,0,0.0000,0.04,0,0.00,0,0,0,0.00,0.0015,"SPAM_CONTENT","High","Display name keyword match: ""TFP-Try Not To Laugh Challenge """
"UCeUaFWnsZkTVpA_GErgi1AA","TOP 10 - Simply the best !","YOUTUBE_CHANNEL","Video View DRAFT","23807887103","VIDEO",6,0,0.0000,0.04,0,0.00,0,0,0,0.00,0.0015,"SPAM_CONTENT","High","Display name keyword match: ""TOP 10 - Simply the best !"""
"UC-wo9eCtm-_oSjDBFu_3JNg","Top 10 Beyond The Screen","YOUTUBE_CHANNEL","Video View DRAFT","23807887103","VIDEO",6,0,0.0000,0.04,0,0.00,0,0,0,0.00,0.0015,"SPAM_CONTENT","High","Display name keyword match: ""Top 10 Beyond The Screen"""
"UCreUh1TUVwQj9hkD6wN5hzQ","Fairy tale Drama","YOUTUBE_CHANNEL","Video View DRAFT","23807887103","VIDEO",6,0,0.0000,0.04,0,0.00,0,0,0,0.00,0.0015,"KIDS_CONTENT","Critical","Display name keyword match: ""Fairy tale Drama"""
"UCsEfcDhP-6GeM4Tdgda8cUw","ZUS - Try Not To Laugh","YOUTUBE_CHANNEL","Video View DRAFT","23807887103","VIDEO",6,0,0.0000,0.04,0,0.00,0,0,0,0.00,0.0015,"SPAM_CONTENT","High","Display name keyword match: ""ZUS - Try Not To Laugh"""
"UCVTTzsUxRQ9lXByxiRCw0jg","The Lyric Matters","YOUTUBE_CHANNEL","Video View DRAFT","23807887103","VIDEO",4,0,0.0000,0.04,0,0.00,0,0,0,0.00,0.0015,"MUSIC_PASSIVE","Medium","Display name keyword match: ""The Lyric Matters"""
"UCH_LpcLN6hUNu8GF79tTv_Q","Weekly Top 5","YOUTUBE_CHANNEL","Video View DRAFT","23807887103","VIDEO",5,0,0.0000,0.03,0,0.00,0,0,0,0.00,0.0015,"SPAM_CONTENT","High","Display name keyword match: ""Weekly Top 5"""
"UCfHZa14ah-X7M11_UPmycOA","Heathers Musical Lyrics","YOUTUBE_CHANNEL","Video View DRAFT","23807887103","VIDEO",4,0,0.0000,0.03,0,0.00,0,0,0,0.00,0.0015,"MUSIC_PASSIVE","Medium","Display name keyword match: ""Heathers Musical Lyrics"""
"UCeBWh-0p7vgBeD6HOHBpfwQ","Top 10 Talent","YOUTUBE_CHANNEL","Video View DRAFT","23807887103","VIDEO",7,0,0.0000,0.03,0,0.00,0,0,0,0.00,0.0015,"SPAM_CONTENT","High","Display name keyword match: ""Top 10 Talent"""
"UCJCnC5EapfakOjAbzd-rKGA","TOP 1 Khám Phá","YOUTUBE_CHANNEL","Video View DRAFT","23807887103","VIDEO",5,0,0.0000,0.03,0,0.00,0,0,0,0.00,0.0015,"SPAM_CONTENT","High","Display name keyword match: ""TOP 1 Khám Phá"""
"UCZHpqToSUIois4ebRrg55gw","Children of The Night","YOUTUBE_CHANNEL","Video View DRAFT","23807887103","VIDEO",3,0,0.0000,0.03,0,0.00,0,0,0,0.00,0.0015,"KIDS_CONTENT","Critical","Display name keyword match: ""Children of The Night"""
"UCCB7_K-l_PhbY2IuD8a-L_A","Zeylon Top 10","YOUTUBE_CHANNEL","Video View DRAFT","23807887103","VIDEO",5,0,0.0000,0.03,0,0.00,0,0,0,0.00,0.0015,"SPAM_CONTENT","High","Display name keyword match: ""Zeylon Top 10"""
"UCF7oG9mTz_3jj0doFc90nYA","OCA-LOCA KIDS SHOES","YOUTUBE_CHANNEL","Video View DRAFT","23807887103","VIDEO",3,0,0.0000,0.03,0,0.00,0,0,0,0.00,0.0015,"KIDS_CONTENT","Critical","Display name keyword match: ""OCA-LOCA KIDS SHOES"""
"UCJxWkbJISn8w5RSgnc_sK0g","Best of Burr Rants","YOUTUBE_CHANNEL","Video View DRAFT","23807887103","VIDEO",3,0,0.0000,0.03,0,0.00,0,0,0,0.00,0.0015,"SPAM_CONTENT","High","Display name keyword match: ""Best of Burr Rants"""
"UCBSaD08sfTd8INomcPrOC7w","SHADY LULLABIES","YOUTUBE_CHANNEL","Video View DRAFT","23807887103","VIDEO",3,0,0.0000,0.03,0,0.00,0,0,0,0.00,0.0015,"KIDS_CONTENT","Critical","Display name keyword match: ""SHADY LULLABIES"""
"UC1KpJorntQfhnZYkqfsm4dg","DJ JOJO VEVO","YOUTUBE_CHANNEL","Video View DRAFT","23807887103","VIDEO",5,0,0.0000,0.03,0,0.00,0,0,0,0.00,0.0015,"MUSIC_PASSIVE","Medium","Display name keyword match: ""DJ JOJO VEVO"""
"UCrh6QufUvLi_mBJxLQ8wfyQ","Kids Take Over","YOUTUBE_CHANNEL","Video View DRAFT","23807887103","VIDEO",3,0,0.0000,0.03,0,0.00,0,0,0,0.00,0.0015,"KIDS_CONTENT","Critical","Display name keyword match: ""Kids Take Over"""
"UCksv4FYu55EEkyy5Q1W_yUw","Destiny's Child - Topic","YOUTUBE_CHANNEL","Video View DRAFT","23807887103","VIDEO",3,0,0.0000,0.03,0,0.00,0,0,0,0.00,0.0015,"KIDS_CONTENT","Critical","Display name keyword match: ""Destiny's Child - Topic"""
"UCIS4oO_HUGtNDmUETH5vSCQ","Best of Asmongold","YOUTUBE_CHANNEL","Video View DRAFT","23807887103","VIDEO",3,0,0.0000,0.03,0,0.00,0,0,0,0.00,0.0015,"SPAM_CONTENT","High","Display name keyword match: ""Best of Asmongold"""
"UCvi97D7RjvHC1uYfgqpiXAQ","Best of Fest","YOUTUBE_CHANNEL","Video View DRAFT","23807887103","VIDEO",4,0,0.0000,0.03,0,0.00,0,0,0,0.00,0.0015,"SPAM_CONTENT","High","Display name keyword match: ""Best of Fest"""
"UCGlmclFVnJCFQ_VO4kTgTig","Azusa Barbie","YOUTUBE_CHANNEL","Video View DRAFT","23807887103","VIDEO",3,0,0.0000,0.02,0,0.00,0,0,0,0.00,0.0015,"KIDS_CONTENT","Critical","Display name keyword match: ""Azusa Barbie"""
"UCOTZzb1tdtCzLBaOGczlLYQ","BEST OF the KC VAULT","YOUTUBE_CHANNEL","Video View DRAFT","23807887103","VIDEO",6,0,0.0000,0.02,0,0.00,0,0,0,0.00,0.0015,"SPAM_CONTENT","High","Display name keyword match: ""BEST OF the KC VAULT"""
"UCsQQ-FmiGP6p3xzKKiohqYw","Top 5 Scary Videos Elite","YOUTUBE_CHANNEL","Video View DRAFT","23807887103","VIDEO",6,0,0.0000,0.02,0,0.00,0,0,0,0.00,0.0015,"SPAM_CONTENT","High","Display name keyword match: ""Top 5 Scary Videos Elite"""
"UCMdCjHsU5OiSckBCH_xQydg","Disney Barbie Girl","YOUTUBE_CHANNEL","Video View DRAFT","23807887103","VIDEO",3,0,0.0000,0.02,0,0.00,0,0,0,0.00,0.0015,"KIDS_CONTENT","Critical","Display name keyword match: ""Disney Barbie Girl"""
"UCpu5POjDg130dVb6R7zDFIw","Fearsome Top 5","YOUTUBE_CHANNEL","Video View DRAFT","23807887103","VIDEO",4,0,0.0000,0.02,0,0.00,0,0,0,0.00,0.0015,"SPAM_CONTENT","High","Display name keyword match: ""Fearsome Top 5"""
"UCwuzVM0GtCZd03r95HmazYQ","Top 10 Stars","YOUTUBE_CHANNEL","Video View DRAFT","23807887103","VIDEO",6,0,0.0000,0.02,0,0.00,0,0,0,0.00,0.0015,"SPAM_CONTENT","High","Display name keyword match: ""Top 10 Stars"""
"UCidn9EsfkBsSdm8ZjGdR7dg","TGM CARTOON","YOUTUBE_CHANNEL","Video View DRAFT","23807887103","VIDEO",4,0,0.0000,0.02,0,0.00,0,0,0,0.00,0.0015,"KIDS_CONTENT","Critical","Display name keyword match: ""TGM CARTOON"""
"UCXXMMJZJg5Pbd6PYeqDvGNw","KIDS SEE GHOSTS - Topic","YOUTUBE_CHANNEL","Video View DRAFT","23807887103","VIDEO",2,0,0.0000,0.02,0,0.00,0,0,0,0.00,0.0015,"KIDS_CONTENT","Critical","Display name keyword match: ""KIDS SEE GHOSTS - Topic"""
"UC-uiuoAJ3-1XUPN8U4A0yxQ","Lost Kids","YOUTUBE_CHANNEL","Video View DRAFT","23807887103","VIDEO",3,0,0.0000,0.02,0,0.00,0,0,0,0.00,0.0015,"KIDS_CONTENT","Critical","Display name keyword match: ""Lost Kids"""
"UC8eH4rXBMjZ6uwh6tkNYMkw","Cozy Kids Knits & More","YOUTUBE_CHANNEL","Video View DRAFT","23807887103","VIDEO",7,0,0.0000,0.02,0,0.00,0,0,0,0.00,0.0015,"KIDS_CONTENT","Critical","Display name keyword match: ""Cozy Kids Knits & More"""
"UC-_do05GX0oPzUGzzWEbcig","Top 10 Celeb moments","YOUTUBE_CHANNEL","Video View DRAFT","23807887103","VIDEO",3,0,0.0000,0.02,0,0.00,0,0,0,0.00,0.0015,"SPAM_CONTENT","High","Display name keyword match: ""Top 10 Celeb moments"""
"UCwLZx8tYFpdi7IZtnlYFLzA","The Best of 90s Music","YOUTUBE_CHANNEL","Video View DRAFT","23807887103","VIDEO",2,0,0.0000,0.02,0,0.00,0,0,0,0.00,0.0015,"SPAM_CONTENT","High","Display name keyword match: ""The Best of 90s Music"""
"UC9rMiEjNaCSsebs31MRDCRA","Stray Kids","YOUTUBE_CHANNEL","Video View DRAFT","23807887103","VIDEO",2,0,0.0000,0.02,0,0.00,0,0,0,0.00,0.0015,"KIDS_CONTENT","Critical","Display name keyword match: ""Stray Kids"""
"UCvwDqFfK0oqJNUfgHEyxNHg","SFC - Try Not To Laugh","YOUTUBE_CHANNEL","Video View DRAFT","23807887103","VIDEO",3,0,0.0000,0.02,0,0.00,0,0,0,0.00,0.0015,"SPAM_CONTENT","High","Display name keyword match: ""SFC - Try Not To Laugh"""
"UCmg8T_xaTTNGWk1ymAzHN2w","Kids Incorporated","YOUTUBE_CHANNEL","Video View DRAFT","23807887103","VIDEO",2,0,0.0000,0.02,0,0.00,0,0,0,0.00,0.0015,"KIDS_CONTENT","Critical","Display name keyword match: ""Kids Incorporated"""
"UCJw1qyMF4m3ZIBWdhogkcsw","Musisi Karaoke","YOUTUBE_CHANNEL","Video View DRAFT","23807887103","VIDEO",2,0,0.0000,0.02,0,0.00,0,0,0,0.00,0.0015,"MUSIC_PASSIVE","Medium","Display name keyword match: ""Musisi Karaoke"""
"UCV7njkVGLAKogAx78-RxfFg","Cartoon Nostalgia Vault","YOUTUBE_CHANNEL","Video View DRAFT","23807887103","VIDEO",2,0,0.0000,0.02,0,0.00,0,0,0,0.00,0.0015,"KIDS_CONTENT","Critical","Display name keyword match: ""Cartoon Nostalgia Vault"""
"UCl93JMfNq_pVFJmpO0BpCGg","L'vibe Lyrics","YOUTUBE_CHANNEL","Video View DRAFT","23807887103","VIDEO",2,0,0.0000,0.02,0,0.00,0,0,0,0.00,0.0015,"MUSIC_PASSIVE","Medium","Display name keyword match: ""L'vibe Lyrics"""
"UCUcmILimSx1rFh8CMCPF75A","BEST OF THE BEST NOLLY Tv","YOUTUBE_CHANNEL","Video View DRAFT","23807887103","VIDEO",2,0,0.0000,0.01,0,0.00,0,0,0,0.00,0.0015,"SPAM_CONTENT","High","Display name keyword match: ""BEST OF THE BEST NOLLY Tv"""
"UCEwO2bs7cQQ15xlBDJm8uIQ","Eminem Lyrics","YOUTUBE_CHANNEL","Video View DRAFT","23807887103","VIDEO",2,0,0.0000,0.01,0,0.00,0,0,0,0.00,0.0015,"MUSIC_PASSIVE","Medium","Display name keyword match: ""Eminem Lyrics"""
"UCeLcga1uyrZPKmuP35Sv8tQ","Top 007","YOUTUBE_CHANNEL","Video View DRAFT","23807887103","VIDEO",2,0,0.0000,0.01,0,0.00,0,0,0,0.00,0.0015,"SPAM_CONTENT","High","Display name keyword match: ""Top 007"""
"UC2L0CREq_aK_f4z8n3k2hrQ","Foxhavens Lyrics","YOUTUBE_CHANNEL","Video View DRAFT","23807887103","VIDEO",1,0,0.0000,0.01,0,0.00,0,0,0,0.00,0.0015,"MUSIC_PASSIVE","Medium","Display name keyword match: ""Foxhavens Lyrics"""
"UCDPG5a6rinyhES4wTLrGfig","SuperDazza - Best of Jerma","YOUTUBE_CHANNEL","Video View DRAFT","23807887103","VIDEO",2,0,0.0000,0.01,0,0.00,0,0,0,0.00,0.0015,"SPAM_CONTENT","High","Display name keyword match: ""SuperDazza - Best of Jerma"""
"UCFD4vTBo6a3Xg9yoISqjFyw","Cartoon Connect","YOUTUBE_CHANNEL","Video View DRAFT","23807887103","VIDEO",2,0,0.0000,0.01,0,0.00,0,0,0,0.00,0.0015,"KIDS_CONTENT","Critical","Display name keyword match: ""Cartoon Connect"""
"UC1O4CZsnPl2dtOl4jlr9imQ","JUDEAN DESTINY KIDS","YOUTUBE_CHANNEL","Video View DRAFT","23807887103","VIDEO",2,0,0.0000,0.01,0,0.00,0,0,0,0.00,0.0015,"KIDS_CONTENT","Critical","Display name keyword match: ""JUDEAN DESTINY KIDS"""
"UCn9PHQmpEupqjH4el8qpjoA","Best Of Supermission","YOUTUBE_CHANNEL","Video View DRAFT","23807887103","VIDEO",2,0,0.0000,0.01,0,0.00,0,0,0,0.00,0.0015,"SPAM_CONTENT","High","Display name keyword match: ""Best Of Supermission"""
"UCK8e8MpoiEWZVKKjZxwsBsQ","Valdrew Lyrics","YOUTUBE_CHANNEL","Video View DRAFT","23807887103","VIDEO",1,0,0.0000,0.01,0,0.00,0,0,0,0.00,0.0015,"MUSIC_PASSIVE","Medium","Display name keyword match: ""Valdrew Lyrics"""
"UCgJiCjMeeyPhJeO3RsQAFjw","Lyric Opera of Chicago","YOUTUBE_CHANNEL","Video View DRAFT","23807887103","VIDEO",1,0,0.0000,0.01,0,0.00,0,0,0,0.00,0.0015,"MUSIC_PASSIVE","Medium","Display name keyword match: ""Lyric Opera of Chicago"""
"UCzM7YXiJk0zSLWAiT5JE0XA","BAD BARBIE","YOUTUBE_CHANNEL","Video View DRAFT","23807887103","VIDEO",3,0,0.0000,0.01,0,0.00,0,0,0,0.00,0.0015,"KIDS_CONTENT","Critical","Display name keyword match: ""BAD BARBIE"""
"UCIA9jUDnKVMYc4SmqTxcwqg","Cartoon Hangover","YOUTUBE_CHANNEL","Video View DRAFT","23807887103","VIDEO",1,0,0.0000,0.01,0,0.00,0,0,0,0.00,0.0015,"KIDS_CONTENT","Critical","Display name keyword match: ""Cartoon Hangover"""
"UCNwbDMbDV7gu6-rO70lCQJg","WKUK: Whitest Kids U’ Know","YOUTUBE_CHANNEL","Video View DRAFT","23807887103","VIDEO",2,0,0.0000,0.01,0,0.00,0,0,0,0.00,0.0015,"KIDS_CONTENT","Critical","Display name keyword match: ""WKUK: Whitest Kids U’ Know"""
"UCv_RhGQf7yy4S-sITML6brg","black kids","YOUTUBE_CHANNEL","Video View DRAFT","23807887103","VIDEO",1,0,0.0000,0.01,0,0.00,0,0,0,0.00,0.0015,"KIDS_CONTENT","Critical","Display name keyword match: ""black kids"""
"UC6-psDERzlEdTO2vvjs4rSg","LeeNAA Lyrics","YOUTUBE_CHANNEL","Video View DRAFT","23807887103","VIDEO",2,0,0.0000,0.01,0,0.00,0,0,0,0.00,0.0015,"MUSIC_PASSIVE","Medium","Display name keyword match: ""LeeNAA Lyrics"""
"UCpJN43ptkQ0Cy65-FJQCRzw","Children of the Sun","YOUTUBE_CHANNEL","Video View DRAFT","23807887103","VIDEO",2,0,0.0000,0.01,0,0.00,0,0,0,0.00,0.0015,"KIDS_CONTENT","Critical","Display name keyword match: ""Children of the Sun"""
"UCYi9TC1HC_U2kaRAK6I4FSQ","Stingray Karaoke","YOUTUBE_CHANNEL","Video View DRAFT","23807887103","VIDEO",1,0,0.0000,0.01,0,0.00,0,0,0,0.00,0.0015,"MUSIC_PASSIVE","Medium","Display name keyword match: ""Stingray Karaoke"""
"UCjPBEye46TqEEd9MoQ9jeWQ","Mr Lyrics","YOUTUBE_CHANNEL","Video View DRAFT","23807887103","VIDEO",1,0,0.0000,0.01,0,0.00,0,0,0,0.00,0.0015,"MUSIC_PASSIVE","Medium","Display name keyword match: ""Mr Lyrics"""
"UCsZAf13pSNH6MQ-tHUxohCA","Best Of Nigerian Films","YOUTUBE_CHANNEL","Video View DRAFT","23807887103","VIDEO",2,0,0.0000,0.01,0,0.00,0,0,0,0.00,0.0015,"SPAM_CONTENT","High","Display name keyword match: ""Best Of Nigerian Films"""
"UCMBK3si1pRBZNHJRVJSQo6g","Best of Humans","YOUTUBE_CHANNEL","Video View DRAFT","23807887103","VIDEO",1,0,0.0000,0.01,0,0.00,0,0,0,0.00,0.0015,"SPAM_CONTENT","High","Display name keyword match: ""Best of Humans"""
"UCyX4L-joYuBpNtMriav6aqw","EURODANCE HD Clips","YOUTUBE_CHANNEL","Video View DRAFT","23807887103","VIDEO",2,0,0.0000,0.01,0,0.00,0,0,0,0.00,0.0015,"SPAM_CONTENT","High","Display name keyword match: ""EURODANCE HD Clips"""
"UC4IIEurSuBJ_a1ZPNJK939g","You Won’t Believe Me","YOUTUBE_CHANNEL","Video View DRAFT","23807887103","VIDEO",2,0,0.0000,0.01,0,0.00,0,0,0,0.00,0.0015,"SPAM_CONTENT","High","Display name keyword match: ""You Won’t Believe Me"""
"UC9jbx97WHiM7aPA_A3Sl6hQ","Music Lyrics","YOUTUBE_CHANNEL","Video View DRAFT","23807887103","VIDEO",1,0,0.0000,0.01,0,0.00,0,0,0,0.00,0.0015,"MUSIC_PASSIVE","Medium","Display name keyword match: ""Music Lyrics"""
"UCMY2dzSy5PlzBCOHk9P3fUA","East African Kids ","YOUTUBE_CHANNEL","Video View DRAFT","23807887103","VIDEO",1,0,0.0000,0.01,0,0.00,0,0,0,0.00,0.0015,"KIDS_CONTENT","Critical","Display name keyword match: ""East African Kids """
"UCwXOPyNfdUIhsM4NykfhPFw","CC Karaoke","YOUTUBE_CHANNEL","Video View DRAFT","23807887103","VIDEO",1,0,0.0000,0.01,0,0.00,0,0,0,0.00,0.0015,"MUSIC_PASSIVE","Medium","Display name keyword match: ""CC Karaoke"""
"UCWvUyyTeqoAvw0JDowmPoSg","Habesha Lyrics","YOUTUBE_CHANNEL","Video View DRAFT","23807887103","VIDEO",2,0,0.0000,0.01,0,0.00,0,0,0,0.00,0.0015,"MUSIC_PASSIVE","Medium","Display name keyword match: ""Habesha Lyrics"""
"UCtnsZzu-i0bSSggSncsCgsw","Velvet Sound Lyrics","YOUTUBE_CHANNEL","Video View DRAFT","23807887103","VIDEO",1,0,0.0000,0.01,0,0.00,0,0,0,0.00,0.0015,"MUSIC_PASSIVE","Medium","Display name keyword match: ""Velvet Sound Lyrics"""
"UCwVTg-nH4d9R88Bhwpkldiw","BEST OF CULTES","YOUTUBE_CHANNEL","Video View DRAFT","23807887103","VIDEO",1,0,0.0000,0.01,0,0.00,0,0,0,0.00,0.0015,"SPAM_CONTENT","High","Display name keyword match: ""BEST OF CULTES"""
"UCWcpLrw6xn29gZpukFUS1Xw","Patterns for children, women and baby","YOUTUBE_CHANNEL","Video View DRAFT","23807887103","VIDEO",1,0,0.0000,0.01,0,0.00,0,0,0,0.00,0.0015,"KIDS_CONTENT","Critical","Display name keyword match: ""Patterns for children, women and baby"""
"UCPn7GeF2v7pWGVTzRYpMwCw","Triplets Ghetto Kids","YOUTUBE_CHANNEL","Video View DRAFT","23807887103","VIDEO",1,0,0.0000,0.01,0,0.00,0,0,0,0.00,0.0015,"KIDS_CONTENT","Critical","Display name keyword match: ""Triplets Ghetto Kids"""
"UCGKyMnysQu0riPsQ_UyDjLw","Top 2000 a gogo","YOUTUBE_CHANNEL","Video View DRAFT","23807887103","VIDEO",1,0,0.0000,0.01,0,0.00,0,0,0,0.00,0.0015,"SPAM_CONTENT","High","Display name keyword match: ""Top 2000 a gogo"""
"UC0-3IU7deT-UxIFusWZGxbg","Trendy music lyrics","YOUTUBE_CHANNEL","Video View DRAFT","23807887103","VIDEO",1,0,0.0000,0.01,0,0.00,0,0,0,0.00,0.0015,"MUSIC_PASSIVE","Medium","Display name keyword match: ""Trendy music lyrics"""
"UCk--k07Y4Ca89oGRDxA2QBg","Dress Up For Barbie Toy","YOUTUBE_CHANNEL","Video View DRAFT","23807887103","VIDEO",1,0,0.0000,0.01,0,0.00,0,0,0,0.00,0.0015,"KIDS_CONTENT","Critical","Display name keyword match: ""Dress Up For Barbie Toy"""
"UCg6eKCQ_-cfcGbyRxb0kW2g","Best of HipHop&Rock","YOUTUBE_CHANNEL","Video View DRAFT","23807887103","VIDEO",1,0,0.0000,0.01,0,0.00,0,0,0,0.00,0.0015,"SPAM_CONTENT","High","Display name keyword match: ""Best of HipHop&Rock"""
"UChE2XVkaaQBR-ly3LaDjheA","Top 5 Scary Videos ","YOUTUBE_CHANNEL","Video View DRAFT","23807887103","VIDEO",1,0,0.0000,0.01,0,0.00,0,0,0,0.00,0.0015,"SPAM_CONTENT","High","Display name keyword match: ""Top 5 Scary Videos """
"UCx2OGyvpG-KwVUw-qj_xsBg","Junkyard Kids","YOUTUBE_CHANNEL","Video View DRAFT","23807887103","VIDEO",1,0,0.0000,0.01,0,0.00,0,0,0,0.00,0.0015,"KIDS_CONTENT","Critical","Display name keyword match: ""Junkyard Kids"""
"UCE4ABd2IUImuj4a51iGkjOA","Twins Lyrics","YOUTUBE_CHANNEL","Video View DRAFT","23807887103","VIDEO",1,0,0.0000,0.01,0,0.00,0,0,0,0.00,0.0015,"MUSIC_PASSIVE","Medium","Display name keyword match: ""Twins Lyrics"""
"UCj181K9BW5jEgrr3gyfBKvg","Child of the 80s","YOUTUBE_CHANNEL","Video View DRAFT","23807887103","VIDEO",1,0,0.0000,0.01,0,0.00,0,0,0,0.00,0.0015,"KIDS_CONTENT","Critical","Display name keyword match: ""Child of the 80s"""
"UCege8Tx1yt3-eDf9m9VbwNQ","Draft Lyrics","YOUTUBE_CHANNEL","Video View DRAFT","23807887103","VIDEO",1,0,0.0000,0.01,0,0.00,0,0,0,0.00,0.0015,"MUSIC_PASSIVE","Medium","Display name keyword match: ""Draft Lyrics"""
"UCWHNwgzlUieH_IxRnt9_YPg","Cold War Kids - Topic","YOUTUBE_CHANNEL","Video View DRAFT","23807887103","VIDEO",1,0,0.0000,0.01,0,0.00,0,0,0,0.00,0.0015,"KIDS_CONTENT","Critical","Display name keyword match: ""Cold War Kids - Topic"""
"UCo8Qhf8R9UG5UAbKnEckusA","Voodoo Child","YOUTUBE_CHANNEL","Video View DRAFT","23807887103","VIDEO",1,0,0.0000,0.01,0,0.00,0,0,0,0.00,0.0015,"KIDS_CONTENT","Critical","Display name keyword match: ""Voodoo Child"""
"UC7xqaRCeA7c2kyr7eRWnntA","Top 5 Records","YOUTUBE_CHANNEL","Video View DRAFT","23807887103","VIDEO",1,0,0.0000,0.01,0,0.00,0,0,0,0.00,0.0015,"SPAM_CONTENT","High","Display name keyword match: ""Top 5 Records"""
"UCLTgm7CKfJkVOyIQ_NKeS6w","Army Barbie","YOUTUBE_CHANNEL","Video View DRAFT","23807887103","VIDEO",1,0,0.0000,0.01,0,0.00,0,0,0,0.00,0.0015,"KIDS_CONTENT","Critical","Display name keyword match: ""Army Barbie"""
"UCzRmRr4vopevj0N_cbhRlww","Stackswopo Compilation","YOUTUBE_CHANNEL","Video View DRAFT","23807887103","VIDEO",1,0,0.0000,0.01,0,0.00,0,0,0,0.00,0.0015,"SPAM_CONTENT","High","Display name keyword match: ""Stackswopo Compilation"""
"UCvt5p3A11M8zd8iJPCC5XvQ","Love Life Lyrics","YOUTUBE_CHANNEL","Video View DRAFT","23807887103","VIDEO",1,0,0.0000,0.01,0,0.00,0,0,0,0.00,0.0015,"MUSIC_PASSIVE","Medium","Display name keyword match: ""Love Life Lyrics"""
"UCnm7H17Nje6JKPeW7MuRLaQ","DJ Lighter Vevo","YOUTUBE_CHANNEL","Video View DRAFT","23807887103","VIDEO",1,0,0.0000,0.01,0,0.00,0,0,0,0.00,0.0015,"MUSIC_PASSIVE","Medium","Display name keyword match: ""DJ Lighter Vevo"""
"UCpHP6IJxxVqAtfq15h-5Dog","Dhar Mann Best Of","YOUTUBE_CHANNEL","Video View DRAFT","23807887103","VIDEO",1,0,0.0000,0.01,0,0.00,0,0,0,0.00,0.0015,"SPAM_CONTENT","High","Display name keyword match: ""Dhar Mann Best Of"""
"UCrJHz--7PU27MwFNquzJ-Pg","Bowflex Barbie Fit Tv","YOUTUBE_CHANNEL","Video View DRAFT","23807887103","VIDEO",1,0,0.0000,0.01,0,0.00,0,0,0,0.00,0.0015,"KIDS_CONTENT","Critical","Display name keyword match: ""Bowflex Barbie Fit Tv"""
"UCE5rJtadanCLAGMm6HZeVFw","Top 10 Yoruba","YOUTUBE_CHANNEL","Video View DRAFT","23807887103","VIDEO",1,0,0.0000,0.01,0,0.00,0,0,0,0.00,0.0015,"SPAM_CONTENT","High","Display name keyword match: ""Top 10 Yoruba"""
"UCnYiTCfI0KIKRv6nxj99Ehg","Best Of TRS हिंदी | Hindi","YOUTUBE_CHANNEL","Video View DRAFT","23807887103","VIDEO",1,0,0.0000,0.01,0,0.00,0,0,0,0.00,0.0015,"SPAM_CONTENT","High","Display name keyword match: ""Best Of TRS हिंदी | Hindi"""
"UCZ0Tb8-pv8AH6RTTwBpeM6A","The SDMN Compilation","YOUTUBE_CHANNEL","Video View DRAFT","23807887103","VIDEO",1,0,0.0000,0.01,0,0.00,0,0,0,0.00,0.0015,"SPAM_CONTENT","High","Display name keyword match: ""The SDMN Compilation"""
"UCHVEBuo2cqd7kq7BV1eESJA","La Petite Cartoon","YOUTUBE_CHANNEL","Video View DRAFT","23807887103","VIDEO",1,0,0.0000,0.01,0,0.00,0,0,0,0.00,0.0015,"KIDS_CONTENT","Critical","Display name keyword match: ""La Petite Cartoon"""
"UCitTTgFU17yVXEnIV0zMWtA","Top 5 Unknowns em Português","YOUTUBE_CHANNEL","Video View DRAFT","23807887103","VIDEO",1,0,0.0000,0.01,0,0.00,0,0,0,0.00,0.0015,"SPAM_CONTENT","High","Display name keyword match: ""Top 5 Unknowns em Português"""
"UCUa_Zji3fQvd-JvwlhWu3sA","Lyrics Planet","YOUTUBE_CHANNEL","Video View DRAFT","23807887103","VIDEO",1,0,0.0000,0.01,0,0.00,0,0,0,0.00,0.0015,"MUSIC_PASSIVE","Medium","Display name keyword match: ""Lyrics Planet"""
"UC2pmfLm7iq6Ov1UwYrWYkZA","Vevo","YOUTUBE_CHANNEL","Video View DRAFT","23807887103","VIDEO",1,0,0.0000,0.01,0,0.00,0,0,0,0.00,0.0015,"MUSIC_PASSIVE","Medium","Display name keyword match: ""Vevo"""
"UCrSD7IC5d8EYkbMdZkkrc4A","Official Big Top 40 from Global","YOUTUBE_CHANNEL","Video View DRAFT","23807887103","VIDEO",1,0,0.0000,0.01,0,0.00,0,0,0,0.00,0.0015,"SPAM_CONTENT","High","Display name keyword match: ""Official Big Top 40 from Global"""
"UCi91L5bDS3xwBUmUVCG7i5A","BEST OF CULTES 2","YOUTUBE_CHANNEL","Video View DRAFT","23807887103","VIDEO",1,0,0.0000,0.01,0,0.00,0,0,0,0.00,0.0015,"SPAM_CONTENT","High","Display name keyword match: ""BEST OF CULTES 2"""
"UCvMfE3aOfHl7WD7YI-utmnQ","TOP 80","YOUTUBE_CHANNEL","Video View DRAFT","23807887103","VIDEO",1,0,0.0000,0.01,0,0.00,0,0,0,0.00,0.0015,"SPAM_CONTENT","High","Display name keyword match: ""TOP 80"""
"UCpzco5Vmhv-xzMSMxuONCAQ","Girl Barbie","YOUTUBE_CHANNEL","Video View DRAFT","23807887103","VIDEO",1,0,0.0000,0.01,0,0.00,0,0,0,0.00,0.0015,"KIDS_CONTENT","Critical","Display name keyword match: ""Girl Barbie"""
"UCHED6i1ncKPXOC0KD2PVkqg","Attitude Lyric","YOUTUBE_CHANNEL","Video View DRAFT","23807887103","VIDEO",1,0,0.0000,0.01,0,0.00,0,0,0,0.00,0.0015,"MUSIC_PASSIVE","Medium","Display name keyword match: ""Attitude Lyric"""
"UC5yPQPrd8h6r3mGpbbbWVFg","Best of PietSmiet","YOUTUBE_CHANNEL","Video View DRAFT","23807887103","VIDEO",1,0,0.0000,0.01,0,0.00,0,0,0,0.00,0.0015,"SPAM_CONTENT","High","Display name keyword match: ""Best of PietSmiet"""
"UC2lJPgRa6PeDNLUqlCCmDAQ","MathChief - The Best of Gaming!","YOUTUBE_CHANNEL","Video View DRAFT","23807887103","VIDEO",1,0,0.0000,0.01,0,0.00,0,0,0,0.00,0.0015,"SPAM_CONTENT","High","Display name keyword match: ""MathChief - The Best of Gaming!"""
"UCOl_cq_oen__5qPeDdF0rJg","Best of Both Worlds with Flau'jae","YOUTUBE_CHANNEL","Video View DRAFT","23807887103","VIDEO",1,0,0.0000,0.01,0,0.00,0,0,0,0.00,0.0015,"SPAM_CONTENT","High","Display name keyword match: ""Best of Both Worlds with Flau'jae"""
"UC20ZbpYgVBCMv0C6dKKjzEQ","Party Tyme Karaoke - Topic","YOUTUBE_CHANNEL","Video View DRAFT","23807887103","VIDEO",1,0,0.0000,0.01,0,0.00,0,0,0,0.00,0.0015,"MUSIC_PASSIVE","Medium","Display name keyword match: ""Party Tyme Karaoke - Topic"""
"UCJdiWWV1VZOGiqA8Y7jrBKg","BEST OF BODYCAM w. BOZE","YOUTUBE_CHANNEL","Video View DRAFT","23807887103","VIDEO",1,0,0.0000,0.01,0,0.00,0,0,0,0.00,0.0015,"SPAM_CONTENT","High","Display name keyword match: ""BEST OF BODYCAM w. BOZE"""
"UC6UUY5YKeI4xn8CbiSEZfbA","V Top 10","YOUTUBE_CHANNEL","Video View DRAFT","23807887103","VIDEO",1,0,0.0000,0.01,0,0.00,0,0,0,0.00,0.0015,"SPAM_CONTENT","High","Display name keyword match: ""V Top 10"""
"UCLuR_IdSYglx1uCpEdCnhmA","Unlimited Lyrics","YOUTUBE_CHANNEL","Video View DRAFT","23807887103","VIDEO",1,0,0.0000,0.01,0,0.00,0,0,0,0.00,0.0015,"MUSIC_PASSIVE","Medium","Display name keyword match: ""Unlimited Lyrics"""
"UCKq0ShbyTtEtLGYiJr9DJyg","KW TRY NOT TO LAUGH ","YOUTUBE_CHANNEL","Video View DRAFT","23807887103","VIDEO",1,0,0.0000,0.01,0,0.00,0,0,0,0.00,0.0015,"SPAM_CONTENT","High","Display name keyword match: ""KW TRY NOT TO LAUGH """
"UC5KWzWyuWBPw1d-EQUSkoYg","Travis Lyric","YOUTUBE_CHANNEL","Video View DRAFT","23807887103","VIDEO",1,0,0.0000,0.01,0,0.00,0,0,0,0.00,0.0015,"MUSIC_PASSIVE","Medium","Display name keyword match: ""Travis Lyric"""
"UCZtoHl1p6R6_iLm2yjA9gew","Amazing Lyrics","YOUTUBE_CHANNEL","Video View DRAFT","23807887103","VIDEO",1,0,0.0000,0.00,0,0.00,0,0,0,0.00,0.0015,"MUSIC_PASSIVE","Medium","Display name keyword match: ""Amazing Lyrics"""
"UCL-x1SKlCBEadHU1cz_u06Q","Shorts Compilation -Funniest Videos","YOUTUBE_CHANNEL","Video View DRAFT","23807887103","VIDEO",1,0,0.0000,0.00,0,0.00,0,0,0,0.00,0.0015,"SPAM_CONTENT","High","Display name keyword match: ""Shorts Compilation -Funniest Videos"""
"UCgpJBZuFMoW41M_79TGc6_g","New Kids On The Block - Topic","YOUTUBE_CHANNEL","Video View DRAFT","23807887103","VIDEO",1,0,0.0000,0.00,0,0.00,0,0,0,0.00,0.0015,"KIDS_CONTENT","Critical","Display name keyword match: ""New Kids On The Block - Topic"""
"UCkhH05TYhourFTF7Oz3tJSA","Leisha’s Binkys and Blankeys Nursery","YOUTUBE_CHANNEL","Video View DRAFT","23807887103","VIDEO",1,0,0.0000,0.00,0,0.00,0,0,0,0.00,0.0015,"KIDS_CONTENT","Critical","Display name keyword match: ""Leisha’s Binkys and Blankeys Nursery"""
"UC_O8FFgh5rpu35V-jkAR3FA","Best Of VanossGaming and Friends","YOUTUBE_CHANNEL","Video View DRAFT","23807887103","VIDEO",1,0,0.0000,0.00,0,0.00,0,0,0,0.00,0.0015,"SPAM_CONTENT","High","Display name keyword match: ""Best Of VanossGaming and Friends"""
"2-com.starmakerinteractive.starmaker","Mobile App: StarMaker: Sing Karaoke Songs (Google Play), by SKYWORK AI PTE. LTD.","MOBILE_APPLICATION","EX I WW I PMAX I SCALING I FEED ONLY I PROSPECTING","21137012770","PERFORMANCE_MAX",83,0,0.0000,0.00,0,0.00,0,0,0,0.00,0.0000,"MUSIC_PASSIVE","Medium","Display name keyword match: ""Mobile App: StarMaker: Sing Karaoke Songs (Google Play), by SKYWORK AI PTE. LTD."""
"2-kmcilvai.perfectpoet","Mobile App: Lyrics Notepad - Song Writing (Google Play), by DictionaryAndTranslator","MOBILE_APPLICATION","EX I WW I PMAX I SCALING I FEED ONLY I OVER-INDEX + INDEX + NEAR-INDEX","20369175508","PERFORMANCE_MAX",46,0,0.0000,0.00,0,0.00,0,0,0,0.00,0.0000,"MUSIC_PASSIVE","Medium","Display name keyword match: ""Mobile App: Lyrics Notepad - Song Writing (Google Play), by DictionaryAndTranslator"""
"a9LwyQQbaTU","Rihanna - Disturbia (Lyrics)","YOUTUBE_VIDEO","EX I WW I PMAX I SCALING I FEED ONLY I PROSPECTING","21137012770","PERFORMANCE_MAX",15,0,0.0000,0.00,0,0.00,0,0,0,0.00,0.0000,"MUSIC_PASSIVE","Medium","Display name keyword match: ""Rihanna - Disturbia (Lyrics)"""
"rFA11HZu-RU","Ariana Grande - worst behavior (official audio)","YOUTUBE_VIDEO","EX I WW I PMAX I SCALING I FEED ONLY I PROSPECTING","21137012770","PERFORMANCE_MAX",9,0,0.0000,0.00,0,0.00,0,0,0,0.00,0.0000,"MUSIC_PASSIVE","Medium","Display name keyword match: ""Ariana Grande - worst behavior (official audio)"""
"2-com.GingerPlay.Obbyonabike","Mobile App: Obby bike: Parkour Adventure (Google Play), by Kids Games LLC","MOBILE_APPLICATION","EX I WW I PMAX I SCALING I FEED ONLY I PROSPECTING","21137012770","PERFORMANCE_MAX",8,0,0.0000,0.00,0,0.00,0,0,0,0.00,0.0000,"KIDS_CONTENT","Critical","Display name keyword match: ""Mobile App: Obby bike: Parkour Adventure (Google Play), by Kids Games LLC"""
"asa-dora.com","asa-dora.com","WEBSITE","EX I WW I PMAX I SCALING I FEED ONLY I OVER-INDEX + INDEX + NEAR-INDEX","20369175508","PERFORMANCE_MAX",5,0,0.0000,0.00,0,0.00,0,0,0,0.00,0.0000,"KIDS_CONTENT","Critical","Display name keyword match: ""asa-dora.com"""
"HZyG3rr2SUY","PAW Patrol Rubble's Best Rescues From Season 10! w/ Skye & Zuma | 2 Hour Compilation | Rubble & Crew","YOUTUBE_VIDEO","PMAX I NC DEALS PUSH I SPLIT","23889033723","PERFORMANCE_MAX",1,0,0.0000,0.00,0,0.00,0,0,0,0.00,0.0000,"KIDS_CONTENT","Critical","Display name keyword match: ""PAW Patrol Rubble's Best Rescues From Season 10! w/ Skye & Zuma | 2 Hour Compilation | Rubble & Crew"""
"HZyG3rr2SUY","PAW Patrol Rubble's Best Rescues From Season 10! w/ Skye & Zuma | 2 Hour Compilation | Rubble & Crew","YOUTUBE_VIDEO","PMAX I NC DEALS PUSH I SPLIT","23889033723","PERFORMANCE_MAX",1,0,0.0000,0.00,0,0.00,0,0,0,0.00,0.0000,"SPAM_CONTENT","High","Display name keyword match: ""PAW Patrol Rubble's Best Rescues From Season 10! w/ Skye & Zuma | 2 Hour Compilation | Rubble & Crew"""
"EpV_WbjyY00","Lil Uzi Vert ""Buy It"" (WSHH Exclusive - Official Audio)","YOUTUBE_VIDEO","PMAX I NC DEALS PUSH I SPLIT","23889033723","PERFORMANCE_MAX",1,0,0.0000,0.00,0,0.00,0,0,0,0.00,0.0000,"MUSIC_PASSIVE","Medium","Display name keyword match: ""Lil Uzi Vert ""Buy It"" (WSHH Exclusive - Official Audio)"""
"tBoHJAGKLsI","Kapo - No Era Pa' Tanto (Video Oficial) | Lyric","YOUTUBE_VIDEO","PMAX I NC DEALS PUSH I SPLIT","23889033723","PERFORMANCE_MAX",1,0,0.0000,0.00,0,0.00,0,0,0,0.00,0.0000,"MUSIC_PASSIVE","Medium","Display name keyword match: ""Kapo - No Era Pa' Tanto (Video Oficial) | Lyric"""
"jVS4fjhI77Q","Kauft roosa Toilettenpapier zum Schutz der Kinder #kinderschutz","YOUTUBE_VIDEO","PMAX I NC DEALS PUSH I SPLIT","23889033723","PERFORMANCE_MAX",1,0,0.0000,0.00,0,0.00,0,0,0,0.00,0.0000,"KIDS_CONTENT","Critical","Display name keyword match: ""Kauft roosa Toilettenpapier zum Schutz der Kinder #kinderschutz"""
"CJrwCcgHrG8","RASTA - SEX I GRAD (OFFICIAL LYRICS VIDEO)","YOUTUBE_VIDEO","PMAX I NC DEALS PUSH I SPLIT","23889033723","PERFORMANCE_MAX",1,0,0.0000,0.00,0,0.00,0,0,0,0.00,0.0000,"MUSIC_PASSIVE","Medium","Display name keyword match: ""RASTA - SEX I GRAD (OFFICIAL LYRICS VIDEO)"""