campaign_name,day_of_week,hour,weeks_observed,weeks_high,weeks_low,weeks_dead,consistency,avg_cpa,avg_cpa_deviation_pct
"EX | 26 | CH | SEARCH | LEAD | Dachdecker",SUNDAY,0,2,0,0,2,insufficient,,
"EX | 26 | CH | SEARCH | LEAD | Dachdecker",MONDAY,0,2,0,0,2,insufficient,,
"EX | 26 | CH | SEARCH | LEAD | Dachdecker",FRIDAY,0,1,0,0,1,insufficient,,
"EX | 26 | CH | SEARCH | LEAD | Dachdecker",SUNDAY,1,2,0,0,2,insufficient,,
"EX | 26 | CH | SEARCH | LEAD | Dachdecker",MONDAY,1,3,0,0,3,insufficient,,
"EX | 26 | CH | SEARCH | LEAD | Dachdecker",WEDNESDAY,1,1,0,0,1,insufficient,,
"EX | 26 | CH | SEARCH | LEAD | Dachdecker",SUNDAY,2,2,0,0,2,insufficient,,
"EX | 26 | CH | SEARCH | LEAD | Dachdecker",TUESDAY,2,1,0,0,1,insufficient,,
"EX | 26 | CH | SEARCH | LEAD | Dachdecker",WEDNESDAY,2,2,1,0,1,insufficient,,
"EX | 26 | CH | SEARCH | LEAD | Dachdecker",FRIDAY,2,1,0,0,1,insufficient,,
"EX | 26 | CH | SEARCH | LEAD | Dachdecker",MONDAY,3,1,0,0,1,insufficient,,
"EX | 26 | CH | SEARCH | LEAD | Dachdecker",TUESDAY,3,1,0,0,1,insufficient,,
"EX | 26 | CH | SEARCH | LEAD | Dachdecker",SUNDAY,4,1,0,0,1,insufficient,,
"EX | 26 | CH | SEARCH | LEAD | Dachdecker",MONDAY,4,1,0,0,1,insufficient,,
"EX | 26 | CH | SEARCH | LEAD | Dachdecker",SATURDAY,4,1,0,0,1,insufficient,,
"EX | 26 | CH | SEARCH | LEAD | Dachdecker",SUNDAY,5,1,0,0,1,insufficient,,
"EX | 26 | CH | SEARCH | LEAD | Dachdecker",MONDAY,5,2,0,0,2,insufficient,,
"EX | 26 | CH | SEARCH | LEAD | Dachdecker",TUESDAY,5,1,0,0,1,insufficient,,
"EX | 26 | CH | SEARCH | LEAD | Dachdecker",THURSDAY,5,1,0,0,1,insufficient,,
"EX | 26 | CH | SEARCH | LEAD | Dachdecker",FRIDAY,5,1,0,0,1,insufficient,,
"EX | 26 | CH | SEARCH | LEAD | Dachdecker",TUESDAY,6,1,1,0,0,insufficient,,
"EX | 26 | CH | SEARCH | LEAD | Dachdecker",THURSDAY,6,2,1,0,1,insufficient,,
"EX | 26 | CH | SEARCH | LEAD | Dachdecker",FRIDAY,6,1,0,0,1,insufficient,,
"EX | 26 | CH | SEARCH | LEAD | Dachdecker",SUNDAY,7,2,0,0,2,insufficient,,
"EX | 26 | CH | SEARCH | LEAD | Dachdecker",MONDAY,7,3,0,0,3,insufficient,,
"EX | 26 | CH | SEARCH | LEAD | Dachdecker",TUESDAY,7,2,0,0,2,insufficient,,
"EX | 26 | CH | SEARCH | LEAD | Dachdecker",WEDNESDAY,7,1,1,0,0,insufficient,,
"EX | 26 | CH | SEARCH | LEAD | Dachdecker",THURSDAY,7,3,1,0,2,insufficient,,
"EX | 26 | CH | SEARCH | LEAD | Dachdecker",FRIDAY,7,1,0,0,1,insufficient,,
"EX | 26 | CH | SEARCH | LEAD | Dachdecker",SUNDAY,8,4,0,0,4,confirmed,,
"EX | 26 | CH | SEARCH | LEAD | Dachdecker",MONDAY,8,5,1,0,4,confirmed,,
"EX | 26 | CH | SEARCH | LEAD | Dachdecker",TUESDAY,8,3,1,0,2,insufficient,,
"EX | 26 | CH | SEARCH | LEAD | Dachdecker",WEDNESDAY,8,1,0,0,1,insufficient,,
"EX | 26 | CH | SEARCH | LEAD | Dachdecker",THURSDAY,8,2,0,0,2,insufficient,,
"EX | 26 | CH | SEARCH | LEAD | Dachdecker",FRIDAY,8,3,0,0,3,insufficient,,
"EX | 26 | CH | SEARCH | LEAD | Dachdecker",SATURDAY,8,1,0,0,1,insufficient,,
"EX | 26 | CH | SEARCH | LEAD | Dachdecker",SUNDAY,9,5,1,0,4,confirmed,,
"EX | 26 | CH | SEARCH | LEAD | Dachdecker",MONDAY,9,4,1,0,3,confirmed,,
"EX | 26 | CH | SEARCH | LEAD | Dachdecker",TUESDAY,9,2,0,0,2,insufficient,,
"EX | 26 | CH | SEARCH | LEAD | Dachdecker",WEDNESDAY,9,2,0,0,2,insufficient,,
"EX | 26 | CH | SEARCH | LEAD | Dachdecker",THURSDAY,9,2,1,0,1,insufficient,,
"EX | 26 | CH | SEARCH | LEAD | Dachdecker",FRIDAY,9,3,0,1,2,insufficient,2.08,-95.4
"EX | 26 | CH | SEARCH | LEAD | Dachdecker",SATURDAY,9,3,1,0,2,insufficient,,
"EX | 26 | CH | SEARCH | LEAD | Dachdecker",SUNDAY,10,4,2,0,2,unconfirmed,,
"EX | 26 | CH | SEARCH | LEAD | Dachdecker",MONDAY,10,4,2,0,2,unconfirmed,,
"EX | 26 | CH | SEARCH | LEAD | Dachdecker",TUESDAY,10,4,1,0,3,confirmed,,
"EX | 26 | CH | SEARCH | LEAD | Dachdecker",WEDNESDAY,10,3,1,0,2,insufficient,,
"EX | 26 | CH | SEARCH | LEAD | Dachdecker",THURSDAY,10,3,0,0,3,insufficient,,
"EX | 26 | CH | SEARCH | LEAD | Dachdecker",FRIDAY,10,4,0,0,4,confirmed,,
"EX | 26 | CH | SEARCH | LEAD | Dachdecker",SATURDAY,10,3,0,0,3,insufficient,,
"EX | 26 | CH | SEARCH | LEAD | Dachdecker",SUNDAY,11,3,1,0,2,insufficient,,
"EX | 26 | CH | SEARCH | LEAD | Dachdecker",MONDAY,11,4,1,0,3,confirmed,,
"EX | 26 | CH | SEARCH | LEAD | Dachdecker",TUESDAY,11,3,0,0,3,insufficient,,
"EX | 26 | CH | SEARCH | LEAD | Dachdecker",WEDNESDAY,11,2,0,0,2,insufficient,,
"EX | 26 | CH | SEARCH | LEAD | Dachdecker",THURSDAY,11,3,0,0,3,insufficient,,
"EX | 26 | CH | SEARCH | LEAD | Dachdecker",FRIDAY,11,3,0,0,3,insufficient,,
"EX | 26 | CH | SEARCH | LEAD | Dachdecker",SATURDAY,11,4,1,0,3,confirmed,,
"EX | 26 | CH | SEARCH | LEAD | Dachdecker",SUNDAY,12,3,1,0,2,insufficient,,
"EX | 26 | CH | SEARCH | LEAD | Dachdecker",MONDAY,12,4,1,0,3,confirmed,,
"EX | 26 | CH | SEARCH | LEAD | Dachdecker",TUESDAY,12,3,2,0,1,insufficient,,
"EX | 26 | CH | SEARCH | LEAD | Dachdecker",WEDNESDAY,12,2,1,0,1,insufficient,,
"EX | 26 | CH | SEARCH | LEAD | Dachdecker",THURSDAY,12,3,1,0,2,insufficient,,
"EX | 26 | CH | SEARCH | LEAD | Dachdecker",FRIDAY,12,4,2,0,2,unconfirmed,,
"EX | 26 | CH | SEARCH | LEAD | Dachdecker",SATURDAY,12,2,1,0,1,insufficient,,
"EX | 26 | CH | SEARCH | LEAD | Dachdecker",SUNDAY,13,5,1,0,4,confirmed,,
"EX | 26 | CH | SEARCH | LEAD | Dachdecker",MONDAY,13,2,0,0,2,insufficient,,
"EX | 26 | CH | SEARCH | LEAD | Dachdecker",TUESDAY,13,3,0,0,3,insufficient,,
"EX | 26 | CH | SEARCH | LEAD | Dachdecker",WEDNESDAY,13,2,0,0,2,insufficient,,
"EX | 26 | CH | SEARCH | LEAD | Dachdecker",THURSDAY,13,1,1,0,0,insufficient,,
"EX | 26 | CH | SEARCH | LEAD | Dachdecker",FRIDAY,13,4,0,0,4,confirmed,,
"EX | 26 | CH | SEARCH | LEAD | Dachdecker",SATURDAY,13,3,1,0,2,insufficient,,
"EX | 26 | CH | SEARCH | LEAD | Dachdecker",SUNDAY,14,4,0,0,4,confirmed,,
"EX | 26 | CH | SEARCH | LEAD | Dachdecker",MONDAY,14,2,1,0,1,insufficient,,
"EX | 26 | CH | SEARCH | LEAD | Dachdecker",TUESDAY,14,3,1,0,2,insufficient,,
"EX | 26 | CH | SEARCH | LEAD | Dachdecker",WEDNESDAY,14,2,0,0,2,insufficient,,
"EX | 26 | CH | SEARCH | LEAD | Dachdecker",THURSDAY,14,2,0,0,2,insufficient,,
"EX | 26 | CH | SEARCH | LEAD | Dachdecker",FRIDAY,14,3,1,0,2,insufficient,,
"EX | 26 | CH | SEARCH | LEAD | Dachdecker",SATURDAY,14,4,1,0,3,confirmed,,
"EX | 26 | CH | SEARCH | LEAD | Dachdecker",SUNDAY,15,4,1,0,3,confirmed,,
"EX | 26 | CH | SEARCH | LEAD | Dachdecker",MONDAY,15,3,1,0,2,insufficient,,
"EX | 26 | CH | SEARCH | LEAD | Dachdecker",TUESDAY,15,3,1,0,2,insufficient,,
"EX | 26 | CH | SEARCH | LEAD | Dachdecker",WEDNESDAY,15,2,0,0,2,insufficient,,
"EX | 26 | CH | SEARCH | LEAD | Dachdecker",THURSDAY,15,2,1,0,1,insufficient,,
"EX | 26 | CH | SEARCH | LEAD | Dachdecker",FRIDAY,15,4,0,0,4,confirmed,,
"EX | 26 | CH | SEARCH | LEAD | Dachdecker",SATURDAY,15,4,0,0,4,confirmed,,
"EX | 26 | CH | SEARCH | LEAD | Dachdecker",SUNDAY,16,3,1,0,2,insufficient,,
"EX | 26 | CH | SEARCH | LEAD | Dachdecker",MONDAY,16,2,0,0,2,insufficient,,
"EX | 26 | CH | SEARCH | LEAD | Dachdecker",TUESDAY,16,3,0,0,3,insufficient,,
"EX | 26 | CH | SEARCH | LEAD | Dachdecker",WEDNESDAY,16,3,2,0,1,insufficient,,
"EX | 26 | CH | SEARCH | LEAD | Dachdecker",THURSDAY,16,2,1,0,1,insufficient,,
"EX | 26 | CH | SEARCH | LEAD | Dachdecker",FRIDAY,16,3,0,0,3,insufficient,,
"EX | 26 | CH | SEARCH | LEAD | Dachdecker",SATURDAY,16,4,2,0,2,unconfirmed,,
"EX | 26 | CH | SEARCH | LEAD | Dachdecker",SUNDAY,17,2,1,0,1,insufficient,,
"EX | 26 | CH | SEARCH | LEAD | Dachdecker",MONDAY,17,3,2,0,1,insufficient,,
"EX | 26 | CH | SEARCH | LEAD | Dachdecker",TUESDAY,17,3,1,0,2,insufficient,,
"EX | 26 | CH | SEARCH | LEAD | Dachdecker",WEDNESDAY,17,2,0,0,2,insufficient,,
"EX | 26 | CH | SEARCH | LEAD | Dachdecker",THURSDAY,17,1,0,0,1,insufficient,,
"EX | 26 | CH | SEARCH | LEAD | Dachdecker",FRIDAY,17,3,2,0,1,insufficient,,
"EX | 26 | CH | SEARCH | LEAD | Dachdecker",SATURDAY,17,1,0,0,1,insufficient,,
"EX | 26 | CH | SEARCH | LEAD | Dachdecker",SUNDAY,18,3,0,1,2,insufficient,1.80,-96.0
"EX | 26 | CH | SEARCH | LEAD | Dachdecker",MONDAY,18,1,0,0,1,insufficient,,
"EX | 26 | CH | SEARCH | LEAD | Dachdecker",TUESDAY,18,2,2,0,0,insufficient,,
"EX | 26 | CH | SEARCH | LEAD | Dachdecker",WEDNESDAY,18,2,2,0,0,insufficient,,
"EX | 26 | CH | SEARCH | LEAD | Dachdecker",THURSDAY,18,1,0,0,1,insufficient,,
"EX | 26 | CH | SEARCH | LEAD | Dachdecker",FRIDAY,18,1,0,0,1,insufficient,,
"EX | 26 | CH | SEARCH | LEAD | Dachdecker",SATURDAY,18,1,1,0,0,insufficient,,
"EX | 26 | CH | SEARCH | LEAD | Dachdecker",SUNDAY,19,2,0,0,2,insufficient,,
"EX | 26 | CH | SEARCH | LEAD | Dachdecker",MONDAY,19,1,0,0,1,insufficient,,
"EX | 26 | CH | SEARCH | LEAD | Dachdecker",WEDNESDAY,19,1,0,0,1,insufficient,,
"EX | 26 | CH | SEARCH | LEAD | Dachdecker",THURSDAY,19,2,0,0,2,insufficient,,
"EX | 26 | CH | SEARCH | LEAD | Dachdecker",FRIDAY,19,1,0,0,1,insufficient,,
"EX | 26 | CH | SEARCH | LEAD | Dachdecker",SUNDAY,20,3,2,0,1,insufficient,,
"EX | 26 | CH | SEARCH | LEAD | Dachdecker",MONDAY,20,1,0,0,1,insufficient,,
"EX | 26 | CH | SEARCH | LEAD | Dachdecker",WEDNESDAY,20,1,1,0,0,insufficient,,
"EX | 26 | CH | SEARCH | LEAD | Dachdecker",THURSDAY,20,1,1,0,0,insufficient,,
"EX | 26 | CH | SEARCH | LEAD | Dachdecker",FRIDAY,20,1,0,0,1,insufficient,,
"EX | 26 | CH | SEARCH | LEAD | Dachdecker",SUNDAY,21,1,1,0,0,insufficient,,
"EX | 26 | CH | SEARCH | LEAD | Dachdecker",MONDAY,21,1,1,0,0,insufficient,,
"EX | 26 | CH | SEARCH | LEAD | Dachdecker",THURSDAY,21,2,1,0,1,insufficient,,
"EX | 26 | CH | SEARCH | LEAD | Dachdecker",FRIDAY,21,1,1,0,0,insufficient,,
"EX | 26 | CH | SEARCH | LEAD | Dachdecker",SUNDAY,22,1,1,0,0,insufficient,,
"EX | 26 | CH | SEARCH | LEAD | Dachdecker",WEDNESDAY,22,2,0,0,2,insufficient,,
"EX | 26 | CH | SEARCH | LEAD | Dachdecker",THURSDAY,22,2,0,0,2,insufficient,,
"EX | 26 | CH | SEARCH | LEAD | Dachdecker",FRIDAY,22,1,0,0,1,insufficient,,
"EX | 26 | CH | SEARCH | LEAD | Dachdecker",SATURDAY,22,2,1,0,1,insufficient,,
"EX | 26 | CH | SEARCH | LEAD | Dachdecker",SUNDAY,23,1,0,0,1,insufficient,,
"EX | 26 | CH | SEARCH | LEAD | Dachdecker",WEDNESDAY,23,2,0,0,2,insufficient,,
"EX | 26 | CH | SEARCH | LEAD | Dachdecker",THURSDAY,23,2,0,0,2,insufficient,,
"EX | 26 | CH | SEARCH | LEAD | Dachdecker",FRIDAY,23,1,0,0,1,insufficient,,
"EX | 25 | CH | SEARCH | LEAD | Automatiker",SUNDAY,0,2,0,0,2,insufficient,,
"EX | 25 | CH | SEARCH | LEAD | Automatiker",MONDAY,0,4,1,0,3,confirmed,,
"EX | 25 | CH | SEARCH | LEAD | Automatiker",TUESDAY,0,2,1,0,1,insufficient,,
"EX | 25 | CH | SEARCH | LEAD | Automatiker",WEDNESDAY,0,1,0,0,1,insufficient,,
"EX | 25 | CH | SEARCH | LEAD | Automatiker",THURSDAY,0,3,2,0,1,insufficient,,
"EX | 25 | CH | SEARCH | LEAD | Automatiker",FRIDAY,0,2,0,0,2,insufficient,,
"EX | 25 | CH | SEARCH | LEAD | Automatiker",SATURDAY,0,1,0,0,1,insufficient,,
"EX | 25 | CH | SEARCH | LEAD | Automatiker",SUNDAY,1,3,0,0,3,insufficient,,
"EX | 25 | CH | SEARCH | LEAD | Automatiker",MONDAY,1,1,0,0,1,insufficient,,
"EX | 25 | CH | SEARCH | LEAD | Automatiker",WEDNESDAY,1,2,0,0,2,insufficient,,
"EX | 25 | CH | SEARCH | LEAD | Automatiker",THURSDAY,1,1,0,0,1,insufficient,,
"EX | 25 | CH | SEARCH | LEAD | Automatiker",FRIDAY,1,2,0,0,2,insufficient,,
"EX | 25 | CH | SEARCH | LEAD | Automatiker",SATURDAY,1,1,0,0,1,insufficient,,
"EX | 25 | CH | SEARCH | LEAD | Automatiker",SUNDAY,2,2,0,0,2,insufficient,,
"EX | 25 | CH | SEARCH | LEAD | Automatiker",MONDAY,2,3,0,0,3,insufficient,,
"EX | 25 | CH | SEARCH | LEAD | Automatiker",WEDNESDAY,2,1,0,0,1,insufficient,,
"EX | 25 | CH | SEARCH | LEAD | Automatiker",FRIDAY,2,1,0,0,1,insufficient,,
"EX | 25 | CH | SEARCH | LEAD | Automatiker",SATURDAY,2,1,0,0,1,insufficient,,
"EX | 25 | CH | SEARCH | LEAD | Automatiker",SUNDAY,3,1,1,0,0,insufficient,,
"EX | 25 | CH | SEARCH | LEAD | Automatiker",MONDAY,3,3,2,0,1,insufficient,,
"EX | 25 | CH | SEARCH | LEAD | Automatiker",TUESDAY,3,1,0,0,1,insufficient,,
"EX | 25 | CH | SEARCH | LEAD | Automatiker",THURSDAY,3,1,0,0,1,insufficient,,
"EX | 25 | CH | SEARCH | LEAD | Automatiker",FRIDAY,3,1,0,0,1,insufficient,,
"EX | 25 | CH | SEARCH | LEAD | Automatiker",SATURDAY,3,1,0,0,1,insufficient,,
"EX | 25 | CH | SEARCH | LEAD | Automatiker",SUNDAY,4,2,0,0,2,insufficient,,
"EX | 25 | CH | SEARCH | LEAD | Automatiker",MONDAY,4,1,0,0,1,insufficient,,
"EX | 25 | CH | SEARCH | LEAD | Automatiker",WEDNESDAY,4,2,0,0,2,insufficient,,
"EX | 25 | CH | SEARCH | LEAD | Automatiker",FRIDAY,4,3,1,0,2,insufficient,,
"EX | 25 | CH | SEARCH | LEAD | Automatiker",SATURDAY,4,1,0,0,1,insufficient,,
"EX | 25 | CH | SEARCH | LEAD | Automatiker",SUNDAY,5,3,0,0,3,insufficient,,
"EX | 25 | CH | SEARCH | LEAD | Automatiker",MONDAY,5,1,1,0,0,insufficient,,
"EX | 25 | CH | SEARCH | LEAD | Automatiker",TUESDAY,5,2,0,0,2,insufficient,,
"EX | 25 | CH | SEARCH | LEAD | Automatiker",WEDNESDAY,5,1,0,0,1,insufficient,,
"EX | 25 | CH | SEARCH | LEAD | Automatiker",THURSDAY,5,1,0,0,1,insufficient,,
"EX | 25 | CH | SEARCH | LEAD | Automatiker",FRIDAY,5,2,0,0,2,insufficient,,
"EX | 25 | CH | SEARCH | LEAD | Automatiker",SATURDAY,5,1,0,0,1,insufficient,,
"EX | 25 | CH | SEARCH | LEAD | Automatiker",SUNDAY,6,3,1,0,2,insufficient,,
"EX | 25 | CH | SEARCH | LEAD | Automatiker",MONDAY,6,2,0,0,2,insufficient,,
"EX | 25 | CH | SEARCH | LEAD | Automatiker",TUESDAY,6,2,0,0,2,insufficient,,
"EX | 25 | CH | SEARCH | LEAD | Automatiker",WEDNESDAY,6,2,0,0,2,insufficient,,
"EX | 25 | CH | SEARCH | LEAD | Automatiker",THURSDAY,6,3,0,0,3,insufficient,,
"EX | 25 | CH | SEARCH | LEAD | Automatiker",FRIDAY,6,3,0,0,3,insufficient,,
"EX | 25 | CH | SEARCH | LEAD | Automatiker",SATURDAY,6,1,0,0,1,insufficient,,
"EX | 25 | CH | SEARCH | LEAD | Automatiker",SUNDAY,7,3,0,0,3,insufficient,,
"EX | 25 | CH | SEARCH | LEAD | Automatiker",MONDAY,7,4,1,0,3,confirmed,,
"EX | 25 | CH | SEARCH | LEAD | Automatiker",TUESDAY,7,2,0,0,2,insufficient,,
"EX | 25 | CH | SEARCH | LEAD | Automatiker",WEDNESDAY,7,3,0,0,3,insufficient,,
"EX | 25 | CH | SEARCH | LEAD | Automatiker",THURSDAY,7,1,0,0,1,insufficient,,
"EX | 25 | CH | SEARCH | LEAD | Automatiker",FRIDAY,7,3,0,0,3,insufficient,,
"EX | 25 | CH | SEARCH | LEAD | Automatiker",SATURDAY,7,1,0,0,1,insufficient,,
"EX | 25 | CH | SEARCH | LEAD | Automatiker",SUNDAY,8,4,2,0,2,unconfirmed,,
"EX | 25 | CH | SEARCH | LEAD | Automatiker",MONDAY,8,5,2,0,3,unconfirmed,,
"EX | 25 | CH | SEARCH | LEAD | Automatiker",TUESDAY,8,4,3,0,1,confirmed,,
"EX | 25 | CH | SEARCH | LEAD | Automatiker",WEDNESDAY,8,3,1,0,2,insufficient,,
"EX | 25 | CH | SEARCH | LEAD | Automatiker",THURSDAY,8,3,2,0,1,insufficient,,
"EX | 25 | CH | SEARCH | LEAD | Automatiker",FRIDAY,8,4,0,0,4,confirmed,,
"EX | 25 | CH | SEARCH | LEAD | Automatiker",SATURDAY,8,2,0,0,2,insufficient,,
"EX | 25 | CH | SEARCH | LEAD | Automatiker",SUNDAY,9,3,1,0,2,insufficient,,
"EX | 25 | CH | SEARCH | LEAD | Automatiker",MONDAY,9,4,1,0,3,confirmed,,
"EX | 25 | CH | SEARCH | LEAD | Automatiker",TUESDAY,9,3,0,0,3,insufficient,,
"EX | 25 | CH | SEARCH | LEAD | Automatiker",WEDNESDAY,9,4,1,0,3,confirmed,,
"EX | 25 | CH | SEARCH | LEAD | Automatiker",THURSDAY,9,3,0,0,3,insufficient,,
"EX | 25 | CH | SEARCH | LEAD | Automatiker",FRIDAY,9,2,1,0,1,insufficient,,
"EX | 25 | CH | SEARCH | LEAD | Automatiker",SATURDAY,9,1,0,0,1,insufficient,,
"EX | 25 | CH | SEARCH | LEAD | Automatiker",SUNDAY,10,4,1,0,3,confirmed,,
"EX | 25 | CH | SEARCH | LEAD | Automatiker",MONDAY,10,5,3,0,2,unconfirmed,,
"EX | 25 | CH | SEARCH | LEAD | Automatiker",TUESDAY,10,3,1,0,2,insufficient,,
"EX | 25 | CH | SEARCH | LEAD | Automatiker",WEDNESDAY,10,4,2,0,2,unconfirmed,,
"EX | 25 | CH | SEARCH | LEAD | Automatiker",THURSDAY,10,4,2,0,2,unconfirmed,,
"EX | 25 | CH | SEARCH | LEAD | Automatiker",FRIDAY,10,3,1,0,2,insufficient,,
"EX | 25 | CH | SEARCH | LEAD | Automatiker",SATURDAY,10,2,0,0,2,insufficient,,
"EX | 25 | CH | SEARCH | LEAD | Automatiker",SUNDAY,11,4,2,0,2,unconfirmed,,
"EX | 25 | CH | SEARCH | LEAD | Automatiker",MONDAY,11,4,2,1,1,unconfirmed,13.67,-62.3
"EX | 25 | CH | SEARCH | LEAD | Automatiker",TUESDAY,11,3,1,1,1,insufficient,3.48,-90.4
"EX | 25 | CH | SEARCH | LEAD | Automatiker",WEDNESDAY,11,4,3,0,1,confirmed,,
"EX | 25 | CH | SEARCH | LEAD | Automatiker",THURSDAY,11,4,2,0,2,unconfirmed,,
"EX | 25 | CH | SEARCH | LEAD | Automatiker",FRIDAY,11,2,0,0,2,insufficient,,
"EX | 25 | CH | SEARCH | LEAD | Automatiker",SATURDAY,11,2,0,0,2,insufficient,,
"EX | 25 | CH | SEARCH | LEAD | Automatiker",SUNDAY,12,5,3,0,2,unconfirmed,,
"EX | 25 | CH | SEARCH | LEAD | Automatiker",MONDAY,12,4,2,0,2,unconfirmed,,
"EX | 25 | CH | SEARCH | LEAD | Automatiker",TUESDAY,12,4,1,2,1,unconfirmed,4.19,-88.4
"EX | 25 | CH | SEARCH | LEAD | Automatiker",WEDNESDAY,12,4,1,0,3,confirmed,,
"EX | 25 | CH | SEARCH | LEAD | Automatiker",THURSDAY,12,4,1,0,3,confirmed,,
"EX | 25 | CH | SEARCH | LEAD | Automatiker",FRIDAY,12,4,0,0,4,confirmed,,
"EX | 25 | CH | SEARCH | LEAD | Automatiker",SATURDAY,12,3,2,0,1,insufficient,,
"EX | 25 | CH | SEARCH | LEAD | Automatiker",SUNDAY,13,5,2,0,3,unconfirmed,,
"EX | 25 | CH | SEARCH | LEAD | Automatiker",MONDAY,13,2,0,0,2,insufficient,,
"EX | 25 | CH | SEARCH | LEAD | Automatiker",TUESDAY,13,3,0,0,3,insufficient,,
"EX | 25 | CH | SEARCH | LEAD | Automatiker",WEDNESDAY,13,4,4,0,0,confirmed,,
"EX | 25 | CH | SEARCH | LEAD | Automatiker",THURSDAY,13,4,0,0,4,confirmed,,
"EX | 25 | CH | SEARCH | LEAD | Automatiker",FRIDAY,13,3,0,0,3,insufficient,,
"EX | 25 | CH | SEARCH | LEAD | Automatiker",SATURDAY,13,2,0,0,2,insufficient,,
"EX | 25 | CH | SEARCH | LEAD | Automatiker",SUNDAY,14,3,1,0,2,insufficient,,
"EX | 25 | CH | SEARCH | LEAD | Automatiker",MONDAY,14,2,2,0,0,insufficient,,
"EX | 25 | CH | SEARCH | LEAD | Automatiker",TUESDAY,14,4,1,0,3,confirmed,,
"EX | 25 | CH | SEARCH | LEAD | Automatiker",WEDNESDAY,14,3,0,0,3,insufficient,,
"EX | 25 | CH | SEARCH | LEAD | Automatiker",THURSDAY,14,4,4,0,0,confirmed,,
"EX | 25 | CH | SEARCH | LEAD | Automatiker",FRIDAY,14,3,2,0,1,insufficient,,
"EX | 25 | CH | SEARCH | LEAD | Automatiker",SATURDAY,14,2,0,0,2,insufficient,,
"EX | 25 | CH | SEARCH | LEAD | Automatiker",SUNDAY,15,3,1,0,2,insufficient,,
"EX | 25 | CH | SEARCH | LEAD | Automatiker",MONDAY,15,3,2,1,0,insufficient,4.92,-86.5
"EX | 25 | CH | SEARCH | LEAD | Automatiker",TUESDAY,15,4,4,0,0,confirmed,,
"EX | 25 | CH | SEARCH | LEAD | Automatiker",WEDNESDAY,15,3,1,0,2,insufficient,,
"EX | 25 | CH | SEARCH | LEAD | Automatiker",THURSDAY,15,4,2,0,2,unconfirmed,,
"EX | 25 | CH | SEARCH | LEAD | Automatiker",FRIDAY,15,3,0,0,3,insufficient,,
"EX | 25 | CH | SEARCH | LEAD | Automatiker",SUNDAY,16,3,1,1,1,insufficient,10.05,-72.3
"EX | 25 | CH | SEARCH | LEAD | Automatiker",MONDAY,16,3,2,0,1,insufficient,,
"EX | 25 | CH | SEARCH | LEAD | Automatiker",TUESDAY,16,3,2,0,1,insufficient,,
"EX | 25 | CH | SEARCH | LEAD | Automatiker",WEDNESDAY,16,3,1,0,2,insufficient,,
"EX | 25 | CH | SEARCH | LEAD | Automatiker",THURSDAY,16,3,2,0,1,insufficient,,
"EX | 25 | CH | SEARCH | LEAD | Automatiker",FRIDAY,16,3,1,0,2,insufficient,,
"EX | 25 | CH | SEARCH | LEAD | Automatiker",SATURDAY,16,3,0,0,3,insufficient,,
"EX | 25 | CH | SEARCH | LEAD | Automatiker",SUNDAY,17,1,1,0,0,insufficient,,
"EX | 25 | CH | SEARCH | LEAD | Automatiker",MONDAY,17,1,1,0,0,insufficient,,
"EX | 25 | CH | SEARCH | LEAD | Automatiker",TUESDAY,17,2,0,0,2,insufficient,,
"EX | 25 | CH | SEARCH | LEAD | Automatiker",WEDNESDAY,17,3,2,0,1,insufficient,,
"EX | 25 | CH | SEARCH | LEAD | Automatiker",THURSDAY,17,2,0,0,2,insufficient,,
"EX | 25 | CH | SEARCH | LEAD | Automatiker",FRIDAY,17,2,1,0,1,insufficient,,
"EX | 25 | CH | SEARCH | LEAD | Automatiker",SATURDAY,17,4,0,0,4,confirmed,,
"EX | 25 | CH | SEARCH | LEAD | Automatiker",SUNDAY,18,3,0,0,3,insufficient,,
"EX | 25 | CH | SEARCH | LEAD | Automatiker",MONDAY,18,1,0,0,1,insufficient,,
"EX | 25 | CH | SEARCH | LEAD | Automatiker",TUESDAY,18,2,0,0,1,insufficient,53.15,46.5
"EX | 25 | CH | SEARCH | LEAD | Automatiker",WEDNESDAY,18,3,1,0,2,insufficient,,
"EX | 25 | CH | SEARCH | LEAD | Automatiker",THURSDAY,18,2,1,0,1,insufficient,,
"EX | 25 | CH | SEARCH | LEAD | Automatiker",FRIDAY,18,3,2,0,1,insufficient,,
"EX | 25 | CH | SEARCH | LEAD | Automatiker",SATURDAY,18,3,0,0,3,insufficient,,
"EX | 25 | CH | SEARCH | LEAD | Automatiker",SUNDAY,19,3,1,0,2,insufficient,,
"EX | 25 | CH | SEARCH | LEAD | Automatiker",MONDAY,19,1,1,0,0,insufficient,,
"EX | 25 | CH | SEARCH | LEAD | Automatiker",TUESDAY,19,2,1,1,0,insufficient,2.55,-93.0
"EX | 25 | CH | SEARCH | LEAD | Automatiker",WEDNESDAY,19,3,1,0,2,insufficient,,
"EX | 25 | CH | SEARCH | LEAD | Automatiker",FRIDAY,19,1,1,0,0,insufficient,,
"EX | 25 | CH | SEARCH | LEAD | Automatiker",SATURDAY,19,4,0,0,4,confirmed,,
"EX | 25 | CH | SEARCH | LEAD | Automatiker",SUNDAY,20,3,0,0,3,insufficient,,
"EX | 25 | CH | SEARCH | LEAD | Automatiker",TUESDAY,20,1,1,0,0,insufficient,,
"EX | 25 | CH | SEARCH | LEAD | Automatiker",WEDNESDAY,20,3,3,0,0,insufficient,,
"EX | 25 | CH | SEARCH | LEAD | Automatiker",THURSDAY,20,1,0,0,1,insufficient,,
"EX | 25 | CH | SEARCH | LEAD | Automatiker",FRIDAY,20,1,0,0,1,insufficient,,
"EX | 25 | CH | SEARCH | LEAD | Automatiker",SATURDAY,20,2,0,0,2,insufficient,,
"EX | 25 | CH | SEARCH | LEAD | Automatiker",SUNDAY,21,3,0,0,3,insufficient,,
"EX | 25 | CH | SEARCH | LEAD | Automatiker",MONDAY,21,1,0,0,1,insufficient,,
"EX | 25 | CH | SEARCH | LEAD | Automatiker",TUESDAY,21,1,0,0,1,insufficient,,
"EX | 25 | CH | SEARCH | LEAD | Automatiker",WEDNESDAY,21,1,0,0,1,insufficient,,
"EX | 25 | CH | SEARCH | LEAD | Automatiker",FRIDAY,21,1,0,0,1,insufficient,,
"EX | 25 | CH | SEARCH | LEAD | Automatiker",SATURDAY,21,3,0,0,3,insufficient,,
"EX | 25 | CH | SEARCH | LEAD | Automatiker",SUNDAY,22,3,1,0,2,insufficient,,
"EX | 25 | CH | SEARCH | LEAD | Automatiker",MONDAY,22,1,0,0,1,insufficient,,
"EX | 25 | CH | SEARCH | LEAD | Automatiker",TUESDAY,22,1,1,0,0,insufficient,,
"EX | 25 | CH | SEARCH | LEAD | Automatiker",WEDNESDAY,22,1,0,0,1,insufficient,,
"EX | 25 | CH | SEARCH | LEAD | Automatiker",THURSDAY,22,1,0,0,1,insufficient,,
"EX | 25 | CH | SEARCH | LEAD | Automatiker",FRIDAY,22,1,0,0,1,insufficient,,
"EX | 25 | CH | SEARCH | LEAD | Automatiker",SATURDAY,22,2,0,0,2,insufficient,,
"EX | 25 | CH | SEARCH | LEAD | Automatiker",SUNDAY,23,3,2,0,1,insufficient,,
"EX | 25 | CH | SEARCH | LEAD | Automatiker",MONDAY,23,1,1,0,0,insufficient,,
"EX | 25 | CH | SEARCH | LEAD | Automatiker",TUESDAY,23,1,1,0,0,insufficient,,
"EX | 25 | CH | SEARCH | LEAD | Automatiker",WEDNESDAY,23,1,0,0,1,insufficient,,
"EX | 25 | CH | SEARCH | LEAD | Automatiker",THURSDAY,23,1,0,0,1,insufficient,,
"EX | 25 | CH | SEARCH | LEAD | Automatiker",FRIDAY,23,2,0,0,2,insufficient,,
"EX | 25 | CH | SEARCH | LEAD | Automatiker",SATURDAY,23,2,0,0,2,insufficient,,
"EX | 25 | CH | SEARCH | LEAD | Sanitärinstallateur",SUNDAY,0,2,0,0,2,insufficient,,
"EX | 25 | CH | SEARCH | LEAD | Sanitärinstallateur",MONDAY,0,1,0,0,1,insufficient,,
"EX | 25 | CH | SEARCH | LEAD | Sanitärinstallateur",TUESDAY,0,1,0,0,1,insufficient,,
"EX | 25 | CH | SEARCH | LEAD | Sanitärinstallateur",WEDNESDAY,0,1,0,0,1,insufficient,,
"EX | 25 | CH | SEARCH | LEAD | Sanitärinstallateur",FRIDAY,0,1,1,0,0,insufficient,,
"EX | 25 | CH | SEARCH | LEAD | Sanitärinstallateur",SATURDAY,0,2,0,0,2,insufficient,,
"EX | 25 | CH | SEARCH | LEAD | Sanitärinstallateur",SUNDAY,1,2,0,0,2,insufficient,,
"EX | 25 | CH | SEARCH | LEAD | Sanitärinstallateur",MONDAY,1,2,1,0,1,insufficient,,
"EX | 25 | CH | SEARCH | LEAD | Sanitärinstallateur",TUESDAY,1,1,1,0,0,insufficient,,
"EX | 25 | CH | SEARCH | LEAD | Sanitärinstallateur",WEDNESDAY,1,2,0,0,2,insufficient,,
"EX | 25 | CH | SEARCH | LEAD | Sanitärinstallateur",THURSDAY,1,1,0,0,1,insufficient,,
"EX | 25 | CH | SEARCH | LEAD | Sanitärinstallateur",FRIDAY,1,1,0,0,1,insufficient,,
"EX | 25 | CH | SEARCH | LEAD | Sanitärinstallateur",SATURDAY,1,1,0,0,1,insufficient,,
"EX | 25 | CH | SEARCH | LEAD | Sanitärinstallateur",SUNDAY,2,2,0,0,2,insufficient,,
"EX | 25 | CH | SEARCH | LEAD | Sanitärinstallateur",TUESDAY,2,1,0,0,1,insufficient,,
"EX | 25 | CH | SEARCH | LEAD | Sanitärinstallateur",WEDNESDAY,2,3,0,0,3,insufficient,,
"EX | 25 | CH | SEARCH | LEAD | Sanitärinstallateur",THURSDAY,2,2,0,0,2,insufficient,,
"EX | 25 | CH | SEARCH | LEAD | Sanitärinstallateur",SUNDAY,3,3,1,0,2,insufficient,,
"EX | 25 | CH | SEARCH | LEAD | Sanitärinstallateur",TUESDAY,3,1,1,0,0,insufficient,,
"EX | 25 | CH | SEARCH | LEAD | Sanitärinstallateur",WEDNESDAY,3,2,0,0,2,insufficient,,
"EX | 25 | CH | SEARCH | LEAD | Sanitärinstallateur",THURSDAY,3,1,0,0,1,insufficient,,
"EX | 25 | CH | SEARCH | LEAD | Sanitärinstallateur",FRIDAY,3,1,0,0,1,insufficient,,
"EX | 25 | CH | SEARCH | LEAD | Sanitärinstallateur",SUNDAY,4,1,0,0,1,insufficient,,
"EX | 25 | CH | SEARCH | LEAD | Sanitärinstallateur",MONDAY,4,3,2,0,1,insufficient,,
"EX | 25 | CH | SEARCH | LEAD | Sanitärinstallateur",THURSDAY,4,1,1,0,0,insufficient,,
"EX | 25 | CH | SEARCH | LEAD | Sanitärinstallateur",FRIDAY,4,1,0,0,1,insufficient,,
"EX | 25 | CH | SEARCH | LEAD | Sanitärinstallateur",SUNDAY,5,2,0,0,2,insufficient,,
"EX | 25 | CH | SEARCH | LEAD | Sanitärinstallateur",MONDAY,5,4,1,0,3,confirmed,,
"EX | 25 | CH | SEARCH | LEAD | Sanitärinstallateur",WEDNESDAY,5,2,0,0,2,insufficient,,
"EX | 25 | CH | SEARCH | LEAD | Sanitärinstallateur",THURSDAY,5,3,0,0,3,insufficient,,
"EX | 25 | CH | SEARCH | LEAD | Sanitärinstallateur",FRIDAY,5,1,0,0,1,insufficient,,
"EX | 25 | CH | SEARCH | LEAD | Sanitärinstallateur",SUNDAY,6,1,0,0,1,insufficient,,
"EX | 25 | CH | SEARCH | LEAD | Sanitärinstallateur",MONDAY,6,3,0,0,3,insufficient,,
"EX | 25 | CH | SEARCH | LEAD | Sanitärinstallateur",TUESDAY,6,1,0,0,1,insufficient,,
"EX | 25 | CH | SEARCH | LEAD | Sanitärinstallateur",WEDNESDAY,6,4,2,0,2,unconfirmed,,
"EX | 25 | CH | SEARCH | LEAD | Sanitärinstallateur",THURSDAY,6,4,0,0,4,confirmed,,
"EX | 25 | CH | SEARCH | LEAD | Sanitärinstallateur",FRIDAY,6,1,1,0,0,insufficient,,
"EX | 25 | CH | SEARCH | LEAD | Sanitärinstallateur",SATURDAY,6,2,1,0,1,insufficient,,
"EX | 25 | CH | SEARCH | LEAD | Sanitärinstallateur",SUNDAY,7,2,0,0,2,insufficient,,
"EX | 25 | CH | SEARCH | LEAD | Sanitärinstallateur",MONDAY,7,3,2,0,1,insufficient,,
"EX | 25 | CH | SEARCH | LEAD | Sanitärinstallateur",TUESDAY,7,2,0,0,2,insufficient,,
"EX | 25 | CH | SEARCH | LEAD | Sanitärinstallateur",WEDNESDAY,7,3,0,0,3,insufficient,,
"EX | 25 | CH | SEARCH | LEAD | Sanitärinstallateur",THURSDAY,7,4,0,1,3,confirmed,1.03,-98.6
"EX | 25 | CH | SEARCH | LEAD | Sanitärinstallateur",FRIDAY,7,3,2,0,1,insufficient,,
"EX | 25 | CH | SEARCH | LEAD | Sanitärinstallateur",SATURDAY,7,1,0,0,1,insufficient,,
"EX | 25 | CH | SEARCH | LEAD | Sanitärinstallateur",SUNDAY,8,4,0,0,4,confirmed,,
"EX | 25 | CH | SEARCH | LEAD | Sanitärinstallateur",MONDAY,8,3,1,0,2,insufficient,,
"EX | 25 | CH | SEARCH | LEAD | Sanitärinstallateur",TUESDAY,8,3,3,0,0,insufficient,,
"EX | 25 | CH | SEARCH | LEAD | Sanitärinstallateur",WEDNESDAY,8,4,3,0,1,confirmed,,
"EX | 25 | CH | SEARCH | LEAD | Sanitärinstallateur",THURSDAY,8,4,0,1,3,confirmed,0.77,-98.9
"EX | 25 | CH | SEARCH | LEAD | Sanitärinstallateur",FRIDAY,8,2,0,0,2,insufficient,,
"EX | 25 | CH | SEARCH | LEAD | Sanitärinstallateur",SATURDAY,8,3,1,0,2,insufficient,,
"EX | 25 | CH | SEARCH | LEAD | Sanitärinstallateur",SUNDAY,9,3,1,0,2,insufficient,,
"EX | 25 | CH | SEARCH | LEAD | Sanitärinstallateur",MONDAY,9,5,2,0,3,unconfirmed,,
"EX | 25 | CH | SEARCH | LEAD | Sanitärinstallateur",TUESDAY,9,3,2,0,1,insufficient,,
"EX | 25 | CH | SEARCH | LEAD | Sanitärinstallateur",WEDNESDAY,9,3,2,1,0,insufficient,13.80,-80.8
"EX | 25 | CH | SEARCH | LEAD | Sanitärinstallateur",THURSDAY,9,4,2,0,2,unconfirmed,,
"EX | 25 | CH | SEARCH | LEAD | Sanitärinstallateur",FRIDAY,9,3,1,0,2,insufficient,,
"EX | 25 | CH | SEARCH | LEAD | Sanitärinstallateur",SATURDAY,9,3,0,0,3,insufficient,,
"EX | 25 | CH | SEARCH | LEAD | Sanitärinstallateur",SUNDAY,10,2,2,0,0,insufficient,,
"EX | 25 | CH | SEARCH | LEAD | Sanitärinstallateur",MONDAY,10,5,3,0,2,unconfirmed,,
"EX | 25 | CH | SEARCH | LEAD | Sanitärinstallateur",TUESDAY,10,4,3,0,1,confirmed,,
"EX | 25 | CH | SEARCH | LEAD | Sanitärinstallateur",WEDNESDAY,10,3,0,0,3,insufficient,,
"EX | 25 | CH | SEARCH | LEAD | Sanitärinstallateur",THURSDAY,10,3,2,0,1,insufficient,,
"EX | 25 | CH | SEARCH | LEAD | Sanitärinstallateur",FRIDAY,10,3,2,0,1,insufficient,,
"EX | 25 | CH | SEARCH | LEAD | Sanitärinstallateur",SATURDAY,10,2,0,0,2,insufficient,,
"EX | 25 | CH | SEARCH | LEAD | Sanitärinstallateur",SUNDAY,11,2,1,0,1,insufficient,,
"EX | 25 | CH | SEARCH | LEAD | Sanitärinstallateur",MONDAY,11,5,5,0,0,confirmed,,
"EX | 25 | CH | SEARCH | LEAD | Sanitärinstallateur",TUESDAY,11,4,2,0,2,unconfirmed,,
"EX | 25 | CH | SEARCH | LEAD | Sanitärinstallateur",WEDNESDAY,11,3,1,0,2,insufficient,,
"EX | 25 | CH | SEARCH | LEAD | Sanitärinstallateur",THURSDAY,11,4,4,0,0,confirmed,,
"EX | 25 | CH | SEARCH | LEAD | Sanitärinstallateur",FRIDAY,11,2,0,0,2,insufficient,,
"EX | 25 | CH | SEARCH | LEAD | Sanitärinstallateur",SATURDAY,11,3,2,0,1,insufficient,,
"EX | 25 | CH | SEARCH | LEAD | Sanitärinstallateur",SUNDAY,12,4,1,0,3,confirmed,,
"EX | 25 | CH | SEARCH | LEAD | Sanitärinstallateur",MONDAY,12,5,4,0,1,confirmed,,
"EX | 25 | CH | SEARCH | LEAD | Sanitärinstallateur",TUESDAY,12,4,3,0,1,confirmed,,
"EX | 25 | CH | SEARCH | LEAD | Sanitärinstallateur",WEDNESDAY,12,3,2,0,1,insufficient,,
"EX | 25 | CH | SEARCH | LEAD | Sanitärinstallateur",THURSDAY,12,4,1,0,3,confirmed,,
"EX | 25 | CH | SEARCH | LEAD | Sanitärinstallateur",FRIDAY,12,2,0,0,2,insufficient,,
"EX | 25 | CH | SEARCH | LEAD | Sanitärinstallateur",SATURDAY,12,3,1,0,2,insufficient,,
"EX | 25 | CH | SEARCH | LEAD | Sanitärinstallateur",SUNDAY,13,3,1,0,2,insufficient,,
"EX | 25 | CH | SEARCH | LEAD | Sanitärinstallateur",MONDAY,13,3,3,0,0,insufficient,,
"EX | 25 | CH | SEARCH | LEAD | Sanitärinstallateur",TUESDAY,13,3,1,0,2,insufficient,,
"EX | 25 | CH | SEARCH | LEAD | Sanitärinstallateur",WEDNESDAY,13,3,2,0,1,insufficient,,
"EX | 25 | CH | SEARCH | LEAD | Sanitärinstallateur",THURSDAY,13,4,2,0,2,unconfirmed,,
"EX | 25 | CH | SEARCH | LEAD | Sanitärinstallateur",FRIDAY,13,2,1,0,1,insufficient,,
"EX | 25 | CH | SEARCH | LEAD | Sanitärinstallateur",SATURDAY,13,2,1,0,1,insufficient,,
"EX | 25 | CH | SEARCH | LEAD | Sanitärinstallateur",SUNDAY,14,4,1,0,3,confirmed,,
"EX | 25 | CH | SEARCH | LEAD | Sanitärinstallateur",MONDAY,14,2,1,0,1,insufficient,,
"EX | 25 | CH | SEARCH | LEAD | Sanitärinstallateur",TUESDAY,14,2,2,0,0,insufficient,,
"EX | 25 | CH | SEARCH | LEAD | Sanitärinstallateur",WEDNESDAY,14,2,2,0,0,insufficient,,
"EX | 25 | CH | SEARCH | LEAD | Sanitärinstallateur",THURSDAY,14,2,1,0,1,insufficient,,
"EX | 25 | CH | SEARCH | LEAD | Sanitärinstallateur",FRIDAY,14,2,1,0,1,insufficient,,
"EX | 25 | CH | SEARCH | LEAD | Sanitärinstallateur",SATURDAY,14,1,0,0,1,insufficient,,
"EX | 25 | CH | SEARCH | LEAD | Sanitärinstallateur",SUNDAY,15,1,1,0,0,insufficient,,
"EX | 25 | CH | SEARCH | LEAD | Sanitärinstallateur",MONDAY,15,2,1,0,1,insufficient,,
"EX | 25 | CH | SEARCH | LEAD | Sanitärinstallateur",TUESDAY,15,3,2,0,1,insufficient,,
"EX | 25 | CH | SEARCH | LEAD | Sanitärinstallateur",WEDNESDAY,15,2,1,0,1,insufficient,,
"EX | 25 | CH | SEARCH | LEAD | Sanitärinstallateur",THURSDAY,15,2,0,0,2,insufficient,,
"EX | 25 | CH | SEARCH | LEAD | Sanitärinstallateur",FRIDAY,15,2,1,0,1,insufficient,,
"EX | 25 | CH | SEARCH | LEAD | Sanitärinstallateur",SATURDAY,15,1,1,0,0,insufficient,,
"EX | 25 | CH | SEARCH | LEAD | Sanitärinstallateur",MONDAY,16,1,1,0,0,insufficient,,
"EX | 25 | CH | SEARCH | LEAD | Sanitärinstallateur",TUESDAY,16,1,0,0,1,insufficient,,
"EX | 25 | CH | SEARCH | LEAD | Sanitärinstallateur",WEDNESDAY,16,2,0,0,2,insufficient,,
"EX | 25 | CH | SEARCH | LEAD | Sanitärinstallateur",THURSDAY,16,2,0,0,2,insufficient,,
"EX | 25 | CH | SEARCH | LEAD | Sanitärinstallateur",FRIDAY,16,4,1,0,3,confirmed,,
"EX | 25 | CH | SEARCH | LEAD | Sanitärinstallateur",SATURDAY,16,1,0,0,1,insufficient,,
"EX | 25 | CH | SEARCH | LEAD | Sanitärinstallateur",SUNDAY,17,3,0,0,3,insufficient,,
"EX | 25 | CH | SEARCH | LEAD | Sanitärinstallateur",TUESDAY,17,1,0,0,1,insufficient,,
"EX | 25 | CH | SEARCH | LEAD | Sanitärinstallateur",WEDNESDAY,17,1,1,0,0,insufficient,,
"EX | 25 | CH | SEARCH | LEAD | Sanitärinstallateur",THURSDAY,17,2,1,0,1,insufficient,,
"EX | 25 | CH | SEARCH | LEAD | Sanitärinstallateur",FRIDAY,17,3,0,0,3,insufficient,,
"EX | 25 | CH | SEARCH | LEAD | Sanitärinstallateur",SATURDAY,17,1,0,0,1,insufficient,,
"EX | 25 | CH | SEARCH | LEAD | Sanitärinstallateur",SUNDAY,18,2,0,0,2,insufficient,,
"EX | 25 | CH | SEARCH | LEAD | Sanitärinstallateur",TUESDAY,18,1,0,0,1,insufficient,,
"EX | 25 | CH | SEARCH | LEAD | Sanitärinstallateur",THURSDAY,18,1,0,0,1,insufficient,,
"EX | 25 | CH | SEARCH | LEAD | Sanitärinstallateur",FRIDAY,18,4,1,0,3,confirmed,,
"EX | 25 | CH | SEARCH | LEAD | Sanitärinstallateur",SATURDAY,18,2,1,0,1,insufficient,,
"EX | 25 | CH | SEARCH | LEAD | Sanitärinstallateur",SUNDAY,19,2,1,0,1,insufficient,,
"EX | 25 | CH | SEARCH | LEAD | Sanitärinstallateur",TUESDAY,19,1,1,0,0,insufficient,,
"EX | 25 | CH | SEARCH | LEAD | Sanitärinstallateur",WEDNESDAY,19,1,0,0,1,insufficient,,
"EX | 25 | CH | SEARCH | LEAD | Sanitärinstallateur",THURSDAY,19,1,0,0,1,insufficient,,
"EX | 25 | CH | SEARCH | LEAD | Sanitärinstallateur",FRIDAY,19,3,0,0,3,insufficient,,
"EX | 25 | CH | SEARCH | LEAD | Sanitärinstallateur",SATURDAY,19,1,0,0,1,insufficient,,
"EX | 25 | CH | SEARCH | LEAD | Sanitärinstallateur",SUNDAY,20,2,0,0,2,insufficient,,
"EX | 25 | CH | SEARCH | LEAD | Sanitärinstallateur",TUESDAY,20,1,0,1,0,insufficient,0.59,-99.2
"EX | 25 | CH | SEARCH | LEAD | Sanitärinstallateur",WEDNESDAY,20,1,1,0,0,insufficient,,
"EX | 25 | CH | SEARCH | LEAD | Sanitärinstallateur",THURSDAY,20,1,0,0,1,insufficient,,
"EX | 25 | CH | SEARCH | LEAD | Sanitärinstallateur",FRIDAY,20,3,0,0,3,insufficient,,
"EX | 25 | CH | SEARCH | LEAD | Sanitärinstallateur",SATURDAY,20,2,0,0,2,insufficient,,
"EX | 25 | CH | SEARCH | LEAD | Sanitärinstallateur",SUNDAY,21,1,0,0,1,insufficient,,
"EX | 25 | CH | SEARCH | LEAD | Sanitärinstallateur",WEDNESDAY,21,1,0,0,1,insufficient,,
"EX | 25 | CH | SEARCH | LEAD | Sanitärinstallateur",THURSDAY,21,1,0,0,1,insufficient,,
"EX | 25 | CH | SEARCH | LEAD | Sanitärinstallateur",FRIDAY,21,3,0,0,3,insufficient,,
"EX | 25 | CH | SEARCH | LEAD | Sanitärinstallateur",SATURDAY,21,2,0,0,2,insufficient,,
"EX | 25 | CH | SEARCH | LEAD | Sanitärinstallateur",SUNDAY,22,2,1,0,1,insufficient,,
"EX | 25 | CH | SEARCH | LEAD | Sanitärinstallateur",WEDNESDAY,22,1,1,0,0,insufficient,,
"EX | 25 | CH | SEARCH | LEAD | Sanitärinstallateur",FRIDAY,22,2,0,0,2,insufficient,,
"EX | 25 | CH | SEARCH | LEAD | Sanitärinstallateur",SATURDAY,22,1,0,0,1,insufficient,,
"EX | 25 | CH | SEARCH | LEAD | Sanitärinstallateur",SUNDAY,23,2,0,0,2,insufficient,,
"EX | 25 | CH | SEARCH | LEAD | Sanitärinstallateur",THURSDAY,23,1,1,0,0,insufficient,,
"EX | 25 | CH | SEARCH | LEAD | Sanitärinstallateur",FRIDAY,23,3,0,0,3,insufficient,,
"EX | 25 | CH | SEARCH | LEAD | Sanitärinstallateur",SATURDAY,23,1,0,0,1,insufficient,,
"EX | DE | DACH | SEARCH | LEAD | UMLAND TEST",SUNDAY,0,5,3,0,2,unconfirmed,,
"EX | DE | DACH | SEARCH | LEAD | UMLAND TEST",MONDAY,0,5,3,0,2,unconfirmed,,
"EX | DE | DACH | SEARCH | LEAD | UMLAND TEST",TUESDAY,0,4,1,0,3,confirmed,,
"EX | DE | DACH | SEARCH | LEAD | UMLAND TEST",WEDNESDAY,0,4,2,0,2,unconfirmed,,
"EX | DE | DACH | SEARCH | LEAD | UMLAND TEST",THURSDAY,0,4,0,1,3,confirmed,0.47,-98.8
"EX | DE | DACH | SEARCH | LEAD | UMLAND TEST",FRIDAY,0,3,1,0,2,insufficient,,
"EX | DE | DACH | SEARCH | LEAD | UMLAND TEST",SATURDAY,0,4,1,0,3,confirmed,,
"EX | DE | DACH | SEARCH | LEAD | UMLAND TEST",SUNDAY,1,4,1,0,3,confirmed,,
"EX | DE | DACH | SEARCH | LEAD | UMLAND TEST",MONDAY,1,3,0,0,3,insufficient,,
"EX | DE | DACH | SEARCH | LEAD | UMLAND TEST",TUESDAY,1,2,0,0,2,insufficient,,
"EX | DE | DACH | SEARCH | LEAD | UMLAND TEST",WEDNESDAY,1,3,1,0,2,insufficient,,
"EX | DE | DACH | SEARCH | LEAD | UMLAND TEST",THURSDAY,1,3,1,0,2,insufficient,,
"EX | DE | DACH | SEARCH | LEAD | UMLAND TEST",FRIDAY,1,3,0,0,3,insufficient,,
"EX | DE | DACH | SEARCH | LEAD | UMLAND TEST",SATURDAY,1,3,1,0,2,insufficient,,
"EX | DE | DACH | SEARCH | LEAD | UMLAND TEST",SUNDAY,2,2,0,0,2,insufficient,,
"EX | DE | DACH | SEARCH | LEAD | UMLAND TEST",MONDAY,2,4,1,0,3,confirmed,,
"EX | DE | DACH | SEARCH | LEAD | UMLAND TEST",TUESDAY,2,2,0,0,2,insufficient,,
"EX | DE | DACH | SEARCH | LEAD | UMLAND TEST",WEDNESDAY,2,3,1,0,2,insufficient,,
"EX | DE | DACH | SEARCH | LEAD | UMLAND TEST",THURSDAY,2,2,0,0,2,insufficient,,
"EX | DE | DACH | SEARCH | LEAD | UMLAND TEST",FRIDAY,2,2,0,0,2,insufficient,,
"EX | DE | DACH | SEARCH | LEAD | UMLAND TEST",SATURDAY,2,2,0,0,2,insufficient,,
"EX | DE | DACH | SEARCH | LEAD | UMLAND TEST",SUNDAY,3,3,2,0,1,insufficient,,
"EX | DE | DACH | SEARCH | LEAD | UMLAND TEST",MONDAY,3,3,1,0,2,insufficient,,
"EX | DE | DACH | SEARCH | LEAD | UMLAND TEST",TUESDAY,3,2,0,0,2,insufficient,,
"EX | DE | DACH | SEARCH | LEAD | UMLAND TEST",WEDNESDAY,3,1,0,0,1,insufficient,,
"EX | DE | DACH | SEARCH | LEAD | UMLAND TEST",THURSDAY,3,3,0,0,3,insufficient,,
"EX | DE | DACH | SEARCH | LEAD | UMLAND TEST",FRIDAY,3,2,0,0,2,insufficient,,
"EX | DE | DACH | SEARCH | LEAD | UMLAND TEST",SATURDAY,3,3,0,0,3,insufficient,,
"EX | DE | DACH | SEARCH | LEAD | UMLAND TEST",SUNDAY,4,1,0,0,1,insufficient,,
"EX | DE | DACH | SEARCH | LEAD | UMLAND TEST",MONDAY,4,3,0,0,3,insufficient,,
"EX | DE | DACH | SEARCH | LEAD | UMLAND TEST",TUESDAY,4,2,0,0,2,insufficient,,
"EX | DE | DACH | SEARCH | LEAD | UMLAND TEST",WEDNESDAY,4,2,1,0,1,insufficient,,
"EX | DE | DACH | SEARCH | LEAD | UMLAND TEST",THURSDAY,4,2,1,0,1,insufficient,,
"EX | DE | DACH | SEARCH | LEAD | UMLAND TEST",FRIDAY,4,3,2,0,1,insufficient,,
"EX | DE | DACH | SEARCH | LEAD | UMLAND TEST",SATURDAY,4,3,0,0,3,insufficient,,
"EX | DE | DACH | SEARCH | LEAD | UMLAND TEST",SUNDAY,5,1,0,0,1,insufficient,,
"EX | DE | DACH | SEARCH | LEAD | UMLAND TEST",MONDAY,5,2,0,0,2,insufficient,,
"EX | DE | DACH | SEARCH | LEAD | UMLAND TEST",TUESDAY,5,3,1,0,2,insufficient,,
"EX | DE | DACH | SEARCH | LEAD | UMLAND TEST",WEDNESDAY,5,3,0,0,3,insufficient,,
"EX | DE | DACH | SEARCH | LEAD | UMLAND TEST",THURSDAY,5,3,0,1,2,insufficient,1.06,-97.2
"EX | DE | DACH | SEARCH | LEAD | UMLAND TEST",FRIDAY,5,3,0,0,3,insufficient,,
"EX | DE | DACH | SEARCH | LEAD | UMLAND TEST",SATURDAY,5,3,2,0,1,insufficient,,
"EX | DE | DACH | SEARCH | LEAD | UMLAND TEST",SUNDAY,6,3,0,0,3,insufficient,,
"EX | DE | DACH | SEARCH | LEAD | UMLAND TEST",MONDAY,6,5,3,0,2,unconfirmed,,
"EX | DE | DACH | SEARCH | LEAD | UMLAND TEST",TUESDAY,6,3,0,0,3,insufficient,,
"EX | DE | DACH | SEARCH | LEAD | UMLAND TEST",WEDNESDAY,6,4,2,0,2,unconfirmed,,
"EX | DE | DACH | SEARCH | LEAD | UMLAND TEST",THURSDAY,6,4,1,0,3,confirmed,,
"EX | DE | DACH | SEARCH | LEAD | UMLAND TEST",FRIDAY,6,4,1,0,3,confirmed,,
"EX | DE | DACH | SEARCH | LEAD | UMLAND TEST",SATURDAY,6,2,0,0,2,insufficient,,
"EX | DE | DACH | SEARCH | LEAD | UMLAND TEST",SUNDAY,7,4,1,1,2,unconfirmed,2.63,-93.1
"EX | DE | DACH | SEARCH | LEAD | UMLAND TEST",MONDAY,7,4,2,0,2,unconfirmed,,
"EX | DE | DACH | SEARCH | LEAD | UMLAND TEST",TUESDAY,7,4,2,0,2,unconfirmed,,
"EX | DE | DACH | SEARCH | LEAD | UMLAND TEST",WEDNESDAY,7,3,1,0,2,insufficient,,
"EX | DE | DACH | SEARCH | LEAD | UMLAND TEST",THURSDAY,7,4,1,0,3,confirmed,,
"EX | DE | DACH | SEARCH | LEAD | UMLAND TEST",FRIDAY,7,4,0,0,4,confirmed,,
"EX | DE | DACH | SEARCH | LEAD | UMLAND TEST",SATURDAY,7,4,2,0,2,unconfirmed,,
"EX | DE | DACH | SEARCH | LEAD | UMLAND TEST",SUNDAY,8,5,2,0,3,unconfirmed,,
"EX | DE | DACH | SEARCH | LEAD | UMLAND TEST",MONDAY,8,5,3,0,2,unconfirmed,,
"EX | DE | DACH | SEARCH | LEAD | UMLAND TEST",TUESDAY,8,4,3,0,1,confirmed,,
"EX | DE | DACH | SEARCH | LEAD | UMLAND TEST",WEDNESDAY,8,4,2,0,2,unconfirmed,,
"EX | DE | DACH | SEARCH | LEAD | UMLAND TEST",THURSDAY,8,4,3,0,1,confirmed,,
"EX | DE | DACH | SEARCH | LEAD | UMLAND TEST",FRIDAY,8,4,2,0,2,unconfirmed,,
"EX | DE | DACH | SEARCH | LEAD | UMLAND TEST",SATURDAY,8,4,2,0,2,unconfirmed,,
"EX | DE | DACH | SEARCH | LEAD | UMLAND TEST",SUNDAY,9,5,2,0,3,unconfirmed,,
"EX | DE | DACH | SEARCH | LEAD | UMLAND TEST",MONDAY,9,5,4,0,1,confirmed,,
"EX | DE | DACH | SEARCH | LEAD | UMLAND TEST",TUESDAY,9,4,2,0,2,unconfirmed,,
"EX | DE | DACH | SEARCH | LEAD | UMLAND TEST",WEDNESDAY,9,4,2,0,2,unconfirmed,,
"EX | DE | DACH | SEARCH | LEAD | UMLAND TEST",THURSDAY,9,4,3,0,1,confirmed,,
"EX | DE | DACH | SEARCH | LEAD | UMLAND TEST",FRIDAY,9,3,0,0,3,insufficient,,
"EX | DE | DACH | SEARCH | LEAD | UMLAND TEST",SATURDAY,9,4,2,0,2,unconfirmed,,
"EX | DE | DACH | SEARCH | LEAD | UMLAND TEST",SUNDAY,10,4,3,0,1,confirmed,,
"EX | DE | DACH | SEARCH | LEAD | UMLAND TEST",MONDAY,10,4,4,0,0,confirmed,,
"EX | DE | DACH | SEARCH | LEAD | UMLAND TEST",TUESDAY,10,4,1,1,2,unconfirmed,8.70,-77.4
"EX | DE | DACH | SEARCH | LEAD | UMLAND TEST",WEDNESDAY,10,4,2,0,2,unconfirmed,,
"EX | DE | DACH | SEARCH | LEAD | UMLAND TEST",THURSDAY,10,4,3,0,1,confirmed,,
"EX | DE | DACH | SEARCH | LEAD | UMLAND TEST",FRIDAY,10,4,2,0,2,unconfirmed,,
"EX | DE | DACH | SEARCH | LEAD | UMLAND TEST",SATURDAY,10,4,2,0,2,unconfirmed,,
"EX | DE | DACH | SEARCH | LEAD | UMLAND TEST",SUNDAY,11,5,4,0,1,confirmed,,
"EX | DE | DACH | SEARCH | LEAD | UMLAND TEST",MONDAY,11,4,4,0,0,confirmed,,
"EX | DE | DACH | SEARCH | LEAD | UMLAND TEST",TUESDAY,11,4,4,0,0,confirmed,,
"EX | DE | DACH | SEARCH | LEAD | UMLAND TEST",WEDNESDAY,11,4,2,0,2,unconfirmed,,
"EX | DE | DACH | SEARCH | LEAD | UMLAND TEST",THURSDAY,11,4,2,0,2,unconfirmed,,
"EX | DE | DACH | SEARCH | LEAD | UMLAND TEST",FRIDAY,11,4,2,0,2,unconfirmed,,
"EX | DE | DACH | SEARCH | LEAD | UMLAND TEST",SATURDAY,11,4,2,0,2,unconfirmed,,
"EX | DE | DACH | SEARCH | LEAD | UMLAND TEST",SUNDAY,12,5,3,0,2,unconfirmed,,
"EX | DE | DACH | SEARCH | LEAD | UMLAND TEST",MONDAY,12,5,3,1,1,unconfirmed,8.11,-78.9
"EX | DE | DACH | SEARCH | LEAD | UMLAND TEST",TUESDAY,12,3,2,0,1,insufficient,,
"EX | DE | DACH | SEARCH | LEAD | UMLAND TEST",WEDNESDAY,12,4,3,0,1,confirmed,,
"EX | DE | DACH | SEARCH | LEAD | UMLAND TEST",THURSDAY,12,4,3,0,1,confirmed,,
"EX | DE | DACH | SEARCH | LEAD | UMLAND TEST",FRIDAY,12,4,1,0,3,confirmed,,
"EX | DE | DACH | SEARCH | LEAD | UMLAND TEST",SATURDAY,12,4,3,0,1,confirmed,,
"EX | DE | DACH | SEARCH | LEAD | UMLAND TEST",SUNDAY,13,4,2,0,2,unconfirmed,,
"EX | DE | DACH | SEARCH | LEAD | UMLAND TEST",MONDAY,13,5,5,0,0,confirmed,,
"EX | DE | DACH | SEARCH | LEAD | UMLAND TEST",TUESDAY,13,4,2,1,1,unconfirmed,8.20,-78.7
"EX | DE | DACH | SEARCH | LEAD | UMLAND TEST",WEDNESDAY,13,4,4,0,0,confirmed,,
"EX | DE | DACH | SEARCH | LEAD | UMLAND TEST",THURSDAY,13,4,3,0,1,confirmed,,
"EX | DE | DACH | SEARCH | LEAD | UMLAND TEST",FRIDAY,13,4,2,0,2,unconfirmed,,
"EX | DE | DACH | SEARCH | LEAD | UMLAND TEST",SATURDAY,13,4,2,0,2,unconfirmed,,
"EX | DE | DACH | SEARCH | LEAD | UMLAND TEST",SUNDAY,14,5,2,1,2,unconfirmed,12.06,-68.6
"EX | DE | DACH | SEARCH | LEAD | UMLAND TEST",MONDAY,14,5,5,0,0,confirmed,,
"EX | DE | DACH | SEARCH | LEAD | UMLAND TEST",TUESDAY,14,4,1,1,2,unconfirmed,7.04,-81.7
"EX | DE | DACH | SEARCH | LEAD | UMLAND TEST",WEDNESDAY,14,4,3,0,1,confirmed,,
"EX | DE | DACH | SEARCH | LEAD | UMLAND TEST",THURSDAY,14,4,4,0,0,confirmed,,
"EX | DE | DACH | SEARCH | LEAD | UMLAND TEST",FRIDAY,14,4,1,1,2,unconfirmed,3.58,-90.7
"EX | DE | DACH | SEARCH | LEAD | UMLAND TEST",SATURDAY,14,4,2,0,2,unconfirmed,,
"EX | DE | DACH | SEARCH | LEAD | UMLAND TEST",SUNDAY,15,4,2,1,1,unconfirmed,8.83,-77.0
"EX | DE | DACH | SEARCH | LEAD | UMLAND TEST",MONDAY,15,3,1,1,1,insufficient,4.01,-89.6
"EX | DE | DACH | SEARCH | LEAD | UMLAND TEST",TUESDAY,15,4,4,0,0,confirmed,,
"EX | DE | DACH | SEARCH | LEAD | UMLAND TEST",WEDNESDAY,15,4,1,0,3,confirmed,,
"EX | DE | DACH | SEARCH | LEAD | UMLAND TEST",THURSDAY,15,4,2,0,2,unconfirmed,,
"EX | DE | DACH | SEARCH | LEAD | UMLAND TEST",FRIDAY,15,4,4,0,0,confirmed,,
"EX | DE | DACH | SEARCH | LEAD | UMLAND TEST",SATURDAY,15,4,3,0,1,confirmed,,
"EX | DE | DACH | SEARCH | LEAD | UMLAND TEST",SUNDAY,16,5,4,0,1,confirmed,,
"EX | DE | DACH | SEARCH | LEAD | UMLAND TEST",MONDAY,16,3,3,0,0,insufficient,,
"EX | DE | DACH | SEARCH | LEAD | UMLAND TEST",TUESDAY,16,4,3,0,1,confirmed,,
"EX | DE | DACH | SEARCH | LEAD | UMLAND TEST",WEDNESDAY,16,3,3,0,0,insufficient,,
"EX | DE | DACH | SEARCH | LEAD | UMLAND TEST",THURSDAY,16,3,1,0,2,insufficient,,
"EX | DE | DACH | SEARCH | LEAD | UMLAND TEST",FRIDAY,16,4,2,1,1,unconfirmed,5.47,-85.8
"EX | DE | DACH | SEARCH | LEAD | UMLAND TEST",SATURDAY,16,4,2,1,1,unconfirmed,8.18,-78.7
"EX | DE | DACH | SEARCH | LEAD | UMLAND TEST",SUNDAY,17,4,2,0,2,unconfirmed,,
"EX | DE | DACH | SEARCH | LEAD | UMLAND TEST",MONDAY,17,3,1,0,2,insufficient,,
"EX | DE | DACH | SEARCH | LEAD | UMLAND TEST",TUESDAY,17,4,4,0,0,confirmed,,
"EX | DE | DACH | SEARCH | LEAD | UMLAND TEST",WEDNESDAY,17,4,3,0,1,confirmed,,
"EX | DE | DACH | SEARCH | LEAD | UMLAND TEST",THURSDAY,17,4,3,0,1,confirmed,,
"EX | DE | DACH | SEARCH | LEAD | UMLAND TEST",FRIDAY,17,4,3,0,1,confirmed,,
"EX | DE | DACH | SEARCH | LEAD | UMLAND TEST",SATURDAY,17,4,3,0,1,confirmed,,
"EX | DE | DACH | SEARCH | LEAD | UMLAND TEST",SUNDAY,18,5,4,0,1,confirmed,,
"EX | DE | DACH | SEARCH | LEAD | UMLAND TEST",MONDAY,18,3,2,0,1,insufficient,,
"EX | DE | DACH | SEARCH | LEAD | UMLAND TEST",TUESDAY,18,2,2,0,0,insufficient,,
"EX | DE | DACH | SEARCH | LEAD | UMLAND TEST",WEDNESDAY,18,4,4,0,0,confirmed,,
"EX | DE | DACH | SEARCH | LEAD | UMLAND TEST",THURSDAY,18,4,2,0,2,unconfirmed,,
"EX | DE | DACH | SEARCH | LEAD | UMLAND TEST",FRIDAY,18,4,3,0,1,confirmed,,
"EX | DE | DACH | SEARCH | LEAD | UMLAND TEST",SATURDAY,18,4,2,0,2,unconfirmed,,
"EX | DE | DACH | SEARCH | LEAD | UMLAND TEST",SUNDAY,19,5,3,0,2,unconfirmed,,
"EX | DE | DACH | SEARCH | LEAD | UMLAND TEST",MONDAY,19,3,3,0,0,insufficient,,
"EX | DE | DACH | SEARCH | LEAD | UMLAND TEST",TUESDAY,19,2,1,1,0,insufficient,2.88,-92.5
"EX | DE | DACH | SEARCH | LEAD | UMLAND TEST",WEDNESDAY,19,3,3,0,0,insufficient,,
"EX | DE | DACH | SEARCH | LEAD | UMLAND TEST",THURSDAY,19,4,3,0,1,confirmed,,
"EX | DE | DACH | SEARCH | LEAD | UMLAND TEST",FRIDAY,19,4,2,0,2,unconfirmed,,
"EX | DE | DACH | SEARCH | LEAD | UMLAND TEST",SATURDAY,19,4,3,0,1,confirmed,,
"EX | DE | DACH | SEARCH | LEAD | UMLAND TEST",SUNDAY,20,5,5,0,0,confirmed,,
"EX | DE | DACH | SEARCH | LEAD | UMLAND TEST",MONDAY,20,3,2,0,1,insufficient,,
"EX | DE | DACH | SEARCH | LEAD | UMLAND TEST",TUESDAY,20,2,1,0,1,insufficient,,
"EX | DE | DACH | SEARCH | LEAD | UMLAND TEST",WEDNESDAY,20,2,2,0,0,insufficient,,
"EX | DE | DACH | SEARCH | LEAD | UMLAND TEST",THURSDAY,20,4,3,0,1,confirmed,,
"EX | DE | DACH | SEARCH | LEAD | UMLAND TEST",FRIDAY,20,4,2,0,2,unconfirmed,,
"EX | DE | DACH | SEARCH | LEAD | UMLAND TEST",SATURDAY,20,3,2,0,1,insufficient,,
"EX | DE | DACH | SEARCH | LEAD | UMLAND TEST",SUNDAY,21,4,3,0,1,confirmed,,
"EX | DE | DACH | SEARCH | LEAD | UMLAND TEST",MONDAY,21,3,3,0,0,insufficient,,
"EX | DE | DACH | SEARCH | LEAD | UMLAND TEST",TUESDAY,21,1,0,0,1,insufficient,,
"EX | DE | DACH | SEARCH | LEAD | UMLAND TEST",WEDNESDAY,21,2,0,0,2,insufficient,,
"EX | DE | DACH | SEARCH | LEAD | UMLAND TEST",THURSDAY,21,4,2,0,2,unconfirmed,,
"EX | DE | DACH | SEARCH | LEAD | UMLAND TEST",FRIDAY,21,4,1,0,3,confirmed,,
"EX | DE | DACH | SEARCH | LEAD | UMLAND TEST",SATURDAY,21,3,2,0,1,insufficient,,
"EX | DE | DACH | SEARCH | LEAD | UMLAND TEST",SUNDAY,22,4,3,0,1,confirmed,,
"EX | DE | DACH | SEARCH | LEAD | UMLAND TEST",MONDAY,22,3,3,0,0,insufficient,,
"EX | DE | DACH | SEARCH | LEAD | UMLAND TEST",TUESDAY,22,1,0,0,1,insufficient,,
"EX | DE | DACH | SEARCH | LEAD | UMLAND TEST",WEDNESDAY,22,2,1,0,1,insufficient,,
"EX | DE | DACH | SEARCH | LEAD | UMLAND TEST",THURSDAY,22,4,2,0,2,unconfirmed,,
"EX | DE | DACH | SEARCH | LEAD | UMLAND TEST",FRIDAY,22,4,3,0,1,confirmed,,
"EX | DE | DACH | SEARCH | LEAD | UMLAND TEST",SATURDAY,22,3,1,0,2,insufficient,,
"EX | DE | DACH | SEARCH | LEAD | UMLAND TEST",SUNDAY,23,4,3,0,1,confirmed,,
"EX | DE | DACH | SEARCH | LEAD | UMLAND TEST",MONDAY,23,3,2,0,1,insufficient,,
"EX | DE | DACH | SEARCH | LEAD | UMLAND TEST",TUESDAY,23,1,1,0,0,insufficient,,
"EX | DE | DACH | SEARCH | LEAD | UMLAND TEST",WEDNESDAY,23,2,0,0,2,insufficient,,
"EX | DE | DACH | SEARCH | LEAD | UMLAND TEST",THURSDAY,23,3,3,0,0,insufficient,,
"EX | DE | DACH | SEARCH | LEAD | UMLAND TEST",FRIDAY,23,4,2,0,2,unconfirmed,,
"EX | DE | DACH | SEARCH | LEAD | UMLAND TEST",SATURDAY,23,3,3,0,0,insufficient,,
"EX | 25 | CH | SEARCH | LEAD | Schweisser",SUNDAY,0,4,0,0,4,confirmed,,
"EX | 25 | CH | SEARCH | LEAD | Schweisser",MONDAY,0,1,0,0,1,insufficient,,
"EX | 25 | CH | SEARCH | LEAD | Schweisser",TUESDAY,0,3,1,0,2,insufficient,,
"EX | 25 | CH | SEARCH | LEAD | Schweisser",WEDNESDAY,0,1,0,0,1,insufficient,,
"EX | 25 | CH | SEARCH | LEAD | Schweisser",THURSDAY,0,1,0,0,1,insufficient,,
"EX | 25 | CH | SEARCH | LEAD | Schweisser",FRIDAY,0,1,0,0,1,insufficient,,
"EX | 25 | CH | SEARCH | LEAD | Schweisser",SATURDAY,0,2,1,0,1,insufficient,,
"EX | 25 | CH | SEARCH | LEAD | Schweisser",SUNDAY,1,3,0,0,3,insufficient,,
"EX | 25 | CH | SEARCH | LEAD | Schweisser",MONDAY,1,4,0,0,4,confirmed,,
"EX | 25 | CH | SEARCH | LEAD | Schweisser",TUESDAY,1,2,1,0,1,insufficient,,
"EX | 25 | CH | SEARCH | LEAD | Schweisser",WEDNESDAY,1,1,0,0,1,insufficient,,
"EX | 25 | CH | SEARCH | LEAD | Schweisser",THURSDAY,1,1,0,0,1,insufficient,,
"EX | 25 | CH | SEARCH | LEAD | Schweisser",FRIDAY,1,2,0,0,2,insufficient,,
"EX | 25 | CH | SEARCH | LEAD | Schweisser",SUNDAY,2,2,0,0,2,insufficient,,
"EX | 25 | CH | SEARCH | LEAD | Schweisser",MONDAY,2,2,1,0,1,insufficient,,
"EX | 25 | CH | SEARCH | LEAD | Schweisser",TUESDAY,2,1,0,0,1,insufficient,,
"EX | 25 | CH | SEARCH | LEAD | Schweisser",WEDNESDAY,2,1,0,0,1,insufficient,,
"EX | 25 | CH | SEARCH | LEAD | Schweisser",THURSDAY,2,2,0,0,2,insufficient,,
"EX | 25 | CH | SEARCH | LEAD | Schweisser",FRIDAY,2,2,0,0,2,insufficient,,
"EX | 25 | CH | SEARCH | LEAD | Schweisser",SATURDAY,2,1,1,0,0,insufficient,,
"EX | 25 | CH | SEARCH | LEAD | Schweisser",SUNDAY,3,2,1,0,1,insufficient,,
"EX | 25 | CH | SEARCH | LEAD | Schweisser",MONDAY,3,1,0,0,1,insufficient,,
"EX | 25 | CH | SEARCH | LEAD | Schweisser",TUESDAY,3,1,1,0,0,insufficient,,
"EX | 25 | CH | SEARCH | LEAD | Schweisser",WEDNESDAY,3,1,1,0,0,insufficient,,
"EX | 25 | CH | SEARCH | LEAD | Schweisser",FRIDAY,3,1,1,0,0,insufficient,,
"EX | 25 | CH | SEARCH | LEAD | Schweisser",SATURDAY,3,2,0,0,2,insufficient,,
"EX | 25 | CH | SEARCH | LEAD | Schweisser",SUNDAY,4,1,0,0,1,insufficient,,
"EX | 25 | CH | SEARCH | LEAD | Schweisser",MONDAY,4,1,0,0,1,insufficient,,
"EX | 25 | CH | SEARCH | LEAD | Schweisser",WEDNESDAY,4,2,0,0,2,insufficient,,
"EX | 25 | CH | SEARCH | LEAD | Schweisser",THURSDAY,4,1,0,0,1,insufficient,,
"EX | 25 | CH | SEARCH | LEAD | Schweisser",FRIDAY,4,1,0,0,1,insufficient,,
"EX | 25 | CH | SEARCH | LEAD | Schweisser",SATURDAY,4,1,0,0,1,insufficient,,
"EX | 25 | CH | SEARCH | LEAD | Schweisser",SUNDAY,5,1,0,0,1,insufficient,,
"EX | 25 | CH | SEARCH | LEAD | Schweisser",MONDAY,5,1,0,0,1,insufficient,,
"EX | 25 | CH | SEARCH | LEAD | Schweisser",TUESDAY,5,3,0,0,3,insufficient,,
"EX | 25 | CH | SEARCH | LEAD | Schweisser",WEDNESDAY,5,1,0,0,1,insufficient,,
"EX | 25 | CH | SEARCH | LEAD | Schweisser",THURSDAY,5,1,0,0,1,insufficient,,
"EX | 25 | CH | SEARCH | LEAD | Schweisser",FRIDAY,5,1,0,0,1,insufficient,,
"EX | 25 | CH | SEARCH | LEAD | Schweisser",SATURDAY,5,1,0,0,1,insufficient,,
"EX | 25 | CH | SEARCH | LEAD | Schweisser",SUNDAY,6,1,1,0,0,insufficient,,
"EX | 25 | CH | SEARCH | LEAD | Schweisser",MONDAY,6,3,0,0,3,insufficient,,
"EX | 25 | CH | SEARCH | LEAD | Schweisser",TUESDAY,6,3,0,0,3,insufficient,,
"EX | 25 | CH | SEARCH | LEAD | Schweisser",WEDNESDAY,6,4,1,0,3,confirmed,,
"EX | 25 | CH | SEARCH | LEAD | Schweisser",THURSDAY,6,4,1,0,3,confirmed,,
"EX | 25 | CH | SEARCH | LEAD | Schweisser",FRIDAY,6,2,0,0,2,insufficient,,
"EX | 25 | CH | SEARCH | LEAD | Schweisser",SUNDAY,7,2,0,0,2,insufficient,,
"EX | 25 | CH | SEARCH | LEAD | Schweisser",MONDAY,7,3,1,0,2,insufficient,,
"EX | 25 | CH | SEARCH | LEAD | Schweisser",TUESDAY,7,3,0,0,3,insufficient,,
"EX | 25 | CH | SEARCH | LEAD | Schweisser",WEDNESDAY,7,2,1,0,1,insufficient,,
"EX | 25 | CH | SEARCH | LEAD | Schweisser",THURSDAY,7,3,1,0,2,insufficient,,
"EX | 25 | CH | SEARCH | LEAD | Schweisser",FRIDAY,7,4,0,0,4,confirmed,,
"EX | 25 | CH | SEARCH | LEAD | Schweisser",SATURDAY,7,1,0,0,1,insufficient,,
"EX | 25 | CH | SEARCH | LEAD | Schweisser",SUNDAY,8,1,1,0,0,insufficient,,
"EX | 25 | CH | SEARCH | LEAD | Schweisser",MONDAY,8,5,2,0,3,unconfirmed,,
"EX | 25 | CH | SEARCH | LEAD | Schweisser",TUESDAY,8,4,2,0,2,unconfirmed,,
"EX | 25 | CH | SEARCH | LEAD | Schweisser",WEDNESDAY,8,3,1,0,2,insufficient,,
"EX | 25 | CH | SEARCH | LEAD | Schweisser",THURSDAY,8,4,0,0,4,confirmed,,
"EX | 25 | CH | SEARCH | LEAD | Schweisser",FRIDAY,8,3,2,0,1,insufficient,,
"EX | 25 | CH | SEARCH | LEAD | Schweisser",SATURDAY,8,2,0,0,2,insufficient,,
"EX | 25 | CH | SEARCH | LEAD | Schweisser",SUNDAY,9,2,0,0,2,insufficient,,
"EX | 25 | CH | SEARCH | LEAD | Schweisser",MONDAY,9,5,3,0,2,unconfirmed,,
"EX | 25 | CH | SEARCH | LEAD | Schweisser",TUESDAY,9,4,1,0,3,confirmed,,
"EX | 25 | CH | SEARCH | LEAD | Schweisser",WEDNESDAY,9,3,2,0,1,insufficient,,
"EX | 25 | CH | SEARCH | LEAD | Schweisser",THURSDAY,9,4,1,1,2,unconfirmed,4.42,-89.5
"EX | 25 | CH | SEARCH | LEAD | Schweisser",FRIDAY,9,4,1,0,3,confirmed,,
"EX | 25 | CH | SEARCH | LEAD | Schweisser",SATURDAY,9,2,0,0,2,insufficient,,
"EX | 25 | CH | SEARCH | LEAD | Schweisser",SUNDAY,10,3,3,0,0,insufficient,,
"EX | 25 | CH | SEARCH | LEAD | Schweisser",MONDAY,10,5,2,0,3,unconfirmed,,
"EX | 25 | CH | SEARCH | LEAD | Schweisser",TUESDAY,10,3,1,0,2,insufficient,,
"EX | 25 | CH | SEARCH | LEAD | Schweisser",WEDNESDAY,10,2,1,0,1,insufficient,,
"EX | 25 | CH | SEARCH | LEAD | Schweisser",THURSDAY,10,4,2,0,2,unconfirmed,,
"EX | 25 | CH | SEARCH | LEAD | Schweisser",FRIDAY,10,4,2,0,2,unconfirmed,,
"EX | 25 | CH | SEARCH | LEAD | Schweisser",SATURDAY,10,2,1,0,1,insufficient,,
"EX | 25 | CH | SEARCH | LEAD | Schweisser",SUNDAY,11,4,1,0,3,confirmed,,
"EX | 25 | CH | SEARCH | LEAD | Schweisser",MONDAY,11,4,1,0,3,confirmed,,
"EX | 25 | CH | SEARCH | LEAD | Schweisser",TUESDAY,11,3,2,0,1,insufficient,,
"EX | 25 | CH | SEARCH | LEAD | Schweisser",WEDNESDAY,11,2,0,0,2,insufficient,,
"EX | 25 | CH | SEARCH | LEAD | Schweisser",THURSDAY,11,3,1,0,2,insufficient,,
"EX | 25 | CH | SEARCH | LEAD | Schweisser",FRIDAY,11,4,2,0,2,unconfirmed,,
"EX | 25 | CH | SEARCH | LEAD | Schweisser",SATURDAY,11,2,0,0,2,insufficient,,
"EX | 25 | CH | SEARCH | LEAD | Schweisser",SUNDAY,12,4,1,0,3,confirmed,,
"EX | 25 | CH | SEARCH | LEAD | Schweisser",MONDAY,12,5,2,0,3,unconfirmed,,
"EX | 25 | CH | SEARCH | LEAD | Schweisser",TUESDAY,12,3,1,0,2,insufficient,,
"EX | 25 | CH | SEARCH | LEAD | Schweisser",WEDNESDAY,12,3,2,0,1,insufficient,,
"EX | 25 | CH | SEARCH | LEAD | Schweisser",THURSDAY,12,3,1,0,2,insufficient,,
"EX | 25 | CH | SEARCH | LEAD | Schweisser",FRIDAY,12,3,0,0,3,insufficient,,
"EX | 25 | CH | SEARCH | LEAD | Schweisser",SATURDAY,12,3,0,0,3,insufficient,,
"EX | 25 | CH | SEARCH | LEAD | Schweisser",SUNDAY,13,2,0,1,1,insufficient,3.96,-90.6
"EX | 25 | CH | SEARCH | LEAD | Schweisser",MONDAY,13,5,3,0,2,unconfirmed,,
"EX | 25 | CH | SEARCH | LEAD | Schweisser",TUESDAY,13,3,1,0,2,insufficient,,
"EX | 25 | CH | SEARCH | LEAD | Schweisser",WEDNESDAY,13,3,2,0,1,insufficient,,
"EX | 25 | CH | SEARCH | LEAD | Schweisser",THURSDAY,13,3,2,0,1,insufficient,,
"EX | 25 | CH | SEARCH | LEAD | Schweisser",FRIDAY,13,1,0,0,1,insufficient,,
"EX | 25 | CH | SEARCH | LEAD | Schweisser",SATURDAY,13,3,1,0,2,insufficient,,
"EX | 25 | CH | SEARCH | LEAD | Schweisser",SUNDAY,14,3,0,0,3,insufficient,,
"EX | 25 | CH | SEARCH | LEAD | Schweisser",MONDAY,14,4,2,0,2,unconfirmed,,
"EX | 25 | CH | SEARCH | LEAD | Schweisser",TUESDAY,14,4,0,0,4,confirmed,,
"EX | 25 | CH | SEARCH | LEAD | Schweisser",WEDNESDAY,14,2,2,0,0,insufficient,,
"EX | 25 | CH | SEARCH | LEAD | Schweisser",THURSDAY,14,3,1,0,2,insufficient,,
"EX | 25 | CH | SEARCH | LEAD | Schweisser",FRIDAY,14,3,1,0,2,insufficient,,
"EX | 25 | CH | SEARCH | LEAD | Schweisser",SATURDAY,14,2,0,0,2,insufficient,,
"EX | 25 | CH | SEARCH | LEAD | Schweisser",SUNDAY,15,2,0,0,2,insufficient,,
"EX | 25 | CH | SEARCH | LEAD | Schweisser",MONDAY,15,2,1,0,1,insufficient,,
"EX | 25 | CH | SEARCH | LEAD | Schweisser",TUESDAY,15,4,2,0,2,unconfirmed,,
"EX | 25 | CH | SEARCH | LEAD | Schweisser",WEDNESDAY,15,3,2,0,1,insufficient,,
"EX | 25 | CH | SEARCH | LEAD | Schweisser",THURSDAY,15,3,1,0,2,insufficient,,
"EX | 25 | CH | SEARCH | LEAD | Schweisser",FRIDAY,15,3,3,0,0,insufficient,,
"EX | 25 | CH | SEARCH | LEAD | Schweisser",SATURDAY,15,2,0,0,2,insufficient,,
"EX | 25 | CH | SEARCH | LEAD | Schweisser",SUNDAY,16,2,0,1,1,insufficient,7.50,-82.2
"EX | 25 | CH | SEARCH | LEAD | Schweisser",MONDAY,16,3,1,0,2,insufficient,,
"EX | 25 | CH | SEARCH | LEAD | Schweisser",TUESDAY,16,4,3,0,1,confirmed,,
"EX | 25 | CH | SEARCH | LEAD | Schweisser",WEDNESDAY,16,2,1,0,1,insufficient,,
"EX | 25 | CH | SEARCH | LEAD | Schweisser",THURSDAY,16,2,2,0,0,insufficient,,
"EX | 25 | CH | SEARCH | LEAD | Schweisser",FRIDAY,16,3,1,0,2,insufficient,,
"EX | 25 | CH | SEARCH | LEAD | Schweisser",SATURDAY,16,4,0,0,4,confirmed,,
"EX | 25 | CH | SEARCH | LEAD | Schweisser",SUNDAY,17,2,0,0,2,insufficient,,
"EX | 25 | CH | SEARCH | LEAD | Schweisser",MONDAY,17,4,1,1,2,unconfirmed,7.71,-81.7
"EX | 25 | CH | SEARCH | LEAD | Schweisser",TUESDAY,17,4,1,0,3,confirmed,,
"EX | 25 | CH | SEARCH | LEAD | Schweisser",WEDNESDAY,17,2,0,0,2,insufficient,,
"EX | 25 | CH | SEARCH | LEAD | Schweisser",THURSDAY,17,1,0,0,1,insufficient,,
"EX | 25 | CH | SEARCH | LEAD | Schweisser",FRIDAY,17,4,1,0,3,confirmed,,
"EX | 25 | CH | SEARCH | LEAD | Schweisser",SATURDAY,17,4,2,0,2,unconfirmed,,
"EX | 25 | CH | SEARCH | LEAD | Schweisser",SUNDAY,18,3,1,0,2,insufficient,,
"EX | 25 | CH | SEARCH | LEAD | Schweisser",MONDAY,18,2,1,0,1,insufficient,,
"EX | 25 | CH | SEARCH | LEAD | Schweisser",TUESDAY,18,4,1,1,2,unconfirmed,9.59,-77.3
"EX | 25 | CH | SEARCH | LEAD | Schweisser",WEDNESDAY,18,1,0,1,0,insufficient,3.02,-92.9
"EX | 25 | CH | SEARCH | LEAD | Schweisser",THURSDAY,18,2,2,0,0,insufficient,,
"EX | 25 | CH | SEARCH | LEAD | Schweisser",FRIDAY,18,3,1,0,2,insufficient,,
"EX | 25 | CH | SEARCH | LEAD | Schweisser",SATURDAY,18,4,0,0,4,confirmed,,
"EX | 25 | CH | SEARCH | LEAD | Schweisser",SUNDAY,19,4,2,0,2,unconfirmed,,
"EX | 25 | CH | SEARCH | LEAD | Schweisser",MONDAY,19,2,1,1,0,insufficient,3.43,-91.9
"EX | 25 | CH | SEARCH | LEAD | Schweisser",TUESDAY,19,2,0,1,1,insufficient,5.74,-86.4
"EX | 25 | CH | SEARCH | LEAD | Schweisser",WEDNESDAY,19,1,0,0,1,insufficient,,
"EX | 25 | CH | SEARCH | LEAD | Schweisser",THURSDAY,19,2,0,0,2,insufficient,,
"EX | 25 | CH | SEARCH | LEAD | Schweisser",FRIDAY,19,4,2,0,2,unconfirmed,,
"EX | 25 | CH | SEARCH | LEAD | Schweisser",SATURDAY,19,2,0,0,2,insufficient,,
"EX | 25 | CH | SEARCH | LEAD | Schweisser",SUNDAY,20,4,0,0,4,confirmed,,
"EX | 25 | CH | SEARCH | LEAD | Schweisser",MONDAY,20,1,0,0,1,insufficient,,
"EX | 25 | CH | SEARCH | LEAD | Schweisser",TUESDAY,20,1,1,0,0,insufficient,,
"EX | 25 | CH | SEARCH | LEAD | Schweisser",WEDNESDAY,20,1,0,0,1,insufficient,,
"EX | 25 | CH | SEARCH | LEAD | Schweisser",THURSDAY,20,2,1,0,1,insufficient,,
"EX | 25 | CH | SEARCH | LEAD | Schweisser",FRIDAY,20,1,0,0,1,insufficient,,
"EX | 25 | CH | SEARCH | LEAD | Schweisser",SATURDAY,20,2,0,0,2,insufficient,,
"EX | 25 | CH | SEARCH | LEAD | Schweisser",SUNDAY,21,3,0,0,3,insufficient,,
"EX | 25 | CH | SEARCH | LEAD | Schweisser",TUESDAY,21,1,1,0,0,insufficient,,
"EX | 25 | CH | SEARCH | LEAD | Schweisser",THURSDAY,21,2,0,0,2,insufficient,,
"EX | 25 | CH | SEARCH | LEAD | Schweisser",FRIDAY,21,1,0,0,1,insufficient,,
"EX | 25 | CH | SEARCH | LEAD | Schweisser",SATURDAY,21,3,0,0,3,insufficient,,
"EX | 25 | CH | SEARCH | LEAD | Schweisser",SUNDAY,22,4,3,0,1,confirmed,,
"EX | 25 | CH | SEARCH | LEAD | Schweisser",MONDAY,22,1,1,0,0,insufficient,,
"EX | 25 | CH | SEARCH | LEAD | Schweisser",TUESDAY,22,1,1,0,0,insufficient,,
"EX | 25 | CH | SEARCH | LEAD | Schweisser",WEDNESDAY,22,1,0,0,1,insufficient,,
"EX | 25 | CH | SEARCH | LEAD | Schweisser",THURSDAY,22,2,0,0,2,insufficient,,
"EX | 25 | CH | SEARCH | LEAD | Schweisser",FRIDAY,22,2,1,0,1,insufficient,,
"EX | 25 | CH | SEARCH | LEAD | Schweisser",SATURDAY,22,3,0,0,3,insufficient,,
"EX | 25 | CH | SEARCH | LEAD | Schweisser",SUNDAY,23,1,1,0,0,insufficient,,
"EX | 25 | CH | SEARCH | LEAD | Schweisser",MONDAY,23,1,1,0,0,insufficient,,
"EX | 25 | CH | SEARCH | LEAD | Schweisser",TUESDAY,23,1,1,0,0,insufficient,,
"EX | 25 | CH | SEARCH | LEAD | Schweisser",WEDNESDAY,23,2,1,0,1,insufficient,,
"EX | 25 | CH | SEARCH | LEAD | Schweisser",THURSDAY,23,2,0,0,2,insufficient,,
"EX | 25 | CH | SEARCH | LEAD | Schweisser",FRIDAY,23,2,1,0,1,insufficient,,
"EX | 25 | CH | SEARCH | LEAD | Schweisser",SATURDAY,23,4,1,0,3,confirmed,,
"EX | 26 | CH | SEARCH | LEAD | Elektroinstallateur",SUNDAY,0,2,0,0,2,insufficient,,
"EX | 26 | CH | SEARCH | LEAD | Elektroinstallateur",MONDAY,0,5,0,0,5,confirmed,,
"EX | 26 | CH | SEARCH | LEAD | Elektroinstallateur",TUESDAY,0,3,0,0,3,insufficient,,
"EX | 26 | CH | SEARCH | LEAD | Elektroinstallateur",WEDNESDAY,0,4,2,0,2,unconfirmed,,
"EX | 26 | CH | SEARCH | LEAD | Elektroinstallateur",THURSDAY,0,3,0,1,2,insufficient,0.82,-98.1
"EX | 26 | CH | SEARCH | LEAD | Elektroinstallateur",FRIDAY,0,1,0,0,1,insufficient,,
"EX | 26 | CH | SEARCH | LEAD | Elektroinstallateur",SATURDAY,0,1,0,0,1,insufficient,,
"EX | 26 | CH | SEARCH | LEAD | Elektroinstallateur",SUNDAY,1,2,0,0,2,insufficient,,
"EX | 26 | CH | SEARCH | LEAD | Elektroinstallateur",MONDAY,1,4,2,0,2,unconfirmed,,
"EX | 26 | CH | SEARCH | LEAD | Elektroinstallateur",TUESDAY,1,3,0,0,3,insufficient,,
"EX | 26 | CH | SEARCH | LEAD | Elektroinstallateur",WEDNESDAY,1,2,1,1,0,insufficient,9.58,-77.8
"EX | 26 | CH | SEARCH | LEAD | Elektroinstallateur",THURSDAY,1,2,0,0,2,insufficient,,
"EX | 26 | CH | SEARCH | LEAD | Elektroinstallateur",FRIDAY,1,2,0,0,2,insufficient,,
"EX | 26 | CH | SEARCH | LEAD | Elektroinstallateur",SATURDAY,1,3,1,0,2,insufficient,,
"EX | 26 | CH | SEARCH | LEAD | Elektroinstallateur",SUNDAY,2,1,1,0,0,insufficient,,
"EX | 26 | CH | SEARCH | LEAD | Elektroinstallateur",MONDAY,2,3,1,0,2,insufficient,,
"EX | 26 | CH | SEARCH | LEAD | Elektroinstallateur",TUESDAY,2,2,0,0,2,insufficient,,
"EX | 26 | CH | SEARCH | LEAD | Elektroinstallateur",THURSDAY,2,2,0,0,2,insufficient,,
"EX | 26 | CH | SEARCH | LEAD | Elektroinstallateur",FRIDAY,2,1,0,0,1,insufficient,,
"EX | 26 | CH | SEARCH | LEAD | Elektroinstallateur",SATURDAY,2,1,0,0,1,insufficient,,
"EX | 26 | CH | SEARCH | LEAD | Elektroinstallateur",SUNDAY,3,1,0,0,1,insufficient,,
"EX | 26 | CH | SEARCH | LEAD | Elektroinstallateur",MONDAY,3,1,1,0,0,insufficient,,
"EX | 26 | CH | SEARCH | LEAD | Elektroinstallateur",TUESDAY,3,3,1,0,2,insufficient,,
"EX | 26 | CH | SEARCH | LEAD | Elektroinstallateur",THURSDAY,3,1,0,0,1,insufficient,,
"EX | 26 | CH | SEARCH | LEAD | Elektroinstallateur",FRIDAY,3,1,0,0,1,insufficient,,
"EX | 26 | CH | SEARCH | LEAD | Elektroinstallateur",SATURDAY,3,1,0,0,1,insufficient,,
"EX | 26 | CH | SEARCH | LEAD | Elektroinstallateur",SUNDAY,4,2,0,0,2,insufficient,,
"EX | 26 | CH | SEARCH | LEAD | Elektroinstallateur",MONDAY,4,1,0,0,1,insufficient,,
"EX | 26 | CH | SEARCH | LEAD | Elektroinstallateur",TUESDAY,4,1,1,0,0,insufficient,,
"EX | 26 | CH | SEARCH | LEAD | Elektroinstallateur",WEDNESDAY,4,1,0,0,1,insufficient,,
"EX | 26 | CH | SEARCH | LEAD | Elektroinstallateur",THURSDAY,4,1,0,0,1,insufficient,,
"EX | 26 | CH | SEARCH | LEAD | Elektroinstallateur",FRIDAY,4,2,0,0,2,insufficient,,
"EX | 26 | CH | SEARCH | LEAD | Elektroinstallateur",SATURDAY,4,1,0,0,1,insufficient,,
"EX | 26 | CH | SEARCH | LEAD | Elektroinstallateur",MONDAY,5,2,1,0,1,insufficient,,
"EX | 26 | CH | SEARCH | LEAD | Elektroinstallateur",THURSDAY,5,2,0,0,2,insufficient,,
"EX | 26 | CH | SEARCH | LEAD | Elektroinstallateur",FRIDAY,5,1,0,0,1,insufficient,,
"EX | 26 | CH | SEARCH | LEAD | Elektroinstallateur",MONDAY,6,4,3,0,1,confirmed,,
"EX | 26 | CH | SEARCH | LEAD | Elektroinstallateur",TUESDAY,6,4,2,0,2,unconfirmed,,
"EX | 26 | CH | SEARCH | LEAD | Elektroinstallateur",WEDNESDAY,6,2,1,0,1,insufficient,,
"EX | 26 | CH | SEARCH | LEAD | Elektroinstallateur",THURSDAY,6,2,1,0,1,insufficient,,
"EX | 26 | CH | SEARCH | LEAD | Elektroinstallateur",FRIDAY,6,2,0,0,2,insufficient,,
"EX | 26 | CH | SEARCH | LEAD | Elektroinstallateur",SATURDAY,6,1,0,0,1,insufficient,,
"EX | 26 | CH | SEARCH | LEAD | Elektroinstallateur",SUNDAY,7,1,0,0,1,insufficient,,
"EX | 26 | CH | SEARCH | LEAD | Elektroinstallateur",MONDAY,7,5,0,0,5,confirmed,,
"EX | 26 | CH | SEARCH | LEAD | Elektroinstallateur",TUESDAY,7,3,2,0,1,insufficient,,
"EX | 26 | CH | SEARCH | LEAD | Elektroinstallateur",WEDNESDAY,7,3,0,0,3,insufficient,,
"EX | 26 | CH | SEARCH | LEAD | Elektroinstallateur",THURSDAY,7,3,0,0,3,insufficient,,
"EX | 26 | CH | SEARCH | LEAD | Elektroinstallateur",FRIDAY,7,3,0,0,3,insufficient,,
"EX | 26 | CH | SEARCH | LEAD | Elektroinstallateur",SUNDAY,8,2,0,0,2,insufficient,,
"EX | 26 | CH | SEARCH | LEAD | Elektroinstallateur",MONDAY,8,5,2,0,3,unconfirmed,,
"EX | 26 | CH | SEARCH | LEAD | Elektroinstallateur",TUESDAY,8,4,0,0,4,confirmed,,
"EX | 26 | CH | SEARCH | LEAD | Elektroinstallateur",WEDNESDAY,8,4,2,0,2,unconfirmed,,
"EX | 26 | CH | SEARCH | LEAD | Elektroinstallateur",THURSDAY,8,4,2,0,2,unconfirmed,,
"EX | 26 | CH | SEARCH | LEAD | Elektroinstallateur",FRIDAY,8,3,0,0,3,insufficient,,
"EX | 26 | CH | SEARCH | LEAD | Elektroinstallateur",SATURDAY,8,2,0,0,2,insufficient,,
"EX | 26 | CH | SEARCH | LEAD | Elektroinstallateur",SUNDAY,9,5,0,0,5,confirmed,,
"EX | 26 | CH | SEARCH | LEAD | Elektroinstallateur",MONDAY,9,5,2,1,2,unconfirmed,11.71,-72.8
"EX | 26 | CH | SEARCH | LEAD | Elektroinstallateur",TUESDAY,9,4,3,0,1,confirmed,,
"EX | 26 | CH | SEARCH | LEAD | Elektroinstallateur",WEDNESDAY,9,3,2,0,1,insufficient,,
"EX | 26 | CH | SEARCH | LEAD | Elektroinstallateur",THURSDAY,9,4,0,0,4,confirmed,,
"EX | 26 | CH | SEARCH | LEAD | Elektroinstallateur",FRIDAY,9,4,3,0,1,confirmed,,
"EX | 26 | CH | SEARCH | LEAD | Elektroinstallateur",SATURDAY,9,3,1,0,2,insufficient,,
"EX | 26 | CH | SEARCH | LEAD | Elektroinstallateur",SUNDAY,10,5,2,0,3,unconfirmed,,
"EX | 26 | CH | SEARCH | LEAD | Elektroinstallateur",MONDAY,10,5,5,0,0,confirmed,,
"EX | 26 | CH | SEARCH | LEAD | Elektroinstallateur",TUESDAY,10,4,2,0,2,unconfirmed,,
"EX | 26 | CH | SEARCH | LEAD | Elektroinstallateur",WEDNESDAY,10,3,1,0,2,insufficient,,
"EX | 26 | CH | SEARCH | LEAD | Elektroinstallateur",THURSDAY,10,4,1,1,2,unconfirmed,16.85,-60.9
"EX | 26 | CH | SEARCH | LEAD | Elektroinstallateur",FRIDAY,10,4,1,1,2,unconfirmed,7.11,-83.5
"EX | 26 | CH | SEARCH | LEAD | Elektroinstallateur",SUNDAY,11,5,2,0,3,unconfirmed,,
"EX | 26 | CH | SEARCH | LEAD | Elektroinstallateur",MONDAY,11,5,5,0,0,confirmed,,
"EX | 26 | CH | SEARCH | LEAD | Elektroinstallateur",TUESDAY,11,4,3,0,1,confirmed,,
"EX | 26 | CH | SEARCH | LEAD | Elektroinstallateur",WEDNESDAY,11,4,3,1,0,confirmed,14.57,-66.2
"EX | 26 | CH | SEARCH | LEAD | Elektroinstallateur",THURSDAY,11,3,3,0,0,insufficient,,
"EX | 26 | CH | SEARCH | LEAD | Elektroinstallateur",FRIDAY,11,4,3,0,1,confirmed,,
"EX | 26 | CH | SEARCH | LEAD | Elektroinstallateur",SATURDAY,11,3,0,1,2,insufficient,10.74,-75.1
"EX | 26 | CH | SEARCH | LEAD | Elektroinstallateur",SUNDAY,12,5,2,0,3,unconfirmed,,
"EX | 26 | CH | SEARCH | LEAD | Elektroinstallateur",MONDAY,12,5,5,0,0,confirmed,,
"EX | 26 | CH | SEARCH | LEAD | Elektroinstallateur",TUESDAY,12,4,2,1,1,unconfirmed,10.27,-76.2
"EX | 26 | CH | SEARCH | LEAD | Elektroinstallateur",WEDNESDAY,12,3,3,0,0,insufficient,,
"EX | 26 | CH | SEARCH | LEAD | Elektroinstallateur",THURSDAY,12,3,3,0,0,insufficient,,
"EX | 26 | CH | SEARCH | LEAD | Elektroinstallateur",FRIDAY,12,4,3,0,1,confirmed,,
"EX | 26 | CH | SEARCH | LEAD | Elektroinstallateur",SATURDAY,12,4,0,0,4,confirmed,,
"EX | 26 | CH | SEARCH | LEAD | Elektroinstallateur",SUNDAY,13,4,2,0,2,unconfirmed,,
"EX | 26 | CH | SEARCH | LEAD | Elektroinstallateur",MONDAY,13,5,3,0,2,unconfirmed,,
"EX | 26 | CH | SEARCH | LEAD | Elektroinstallateur",TUESDAY,13,3,0,2,1,insufficient,2.30,-94.7
"EX | 26 | CH | SEARCH | LEAD | Elektroinstallateur",WEDNESDAY,13,3,1,0,2,insufficient,,
"EX | 26 | CH | SEARCH | LEAD | Elektroinstallateur",THURSDAY,13,3,3,0,0,insufficient,,
"EX | 26 | CH | SEARCH | LEAD | Elektroinstallateur",FRIDAY,13,4,1,1,2,unconfirmed,13.11,-69.6
"EX | 26 | CH | SEARCH | LEAD | Elektroinstallateur",SATURDAY,13,4,1,0,3,confirmed,,
"EX | 26 | CH | SEARCH | LEAD | Elektroinstallateur",SUNDAY,14,4,4,0,0,confirmed,,
"EX | 26 | CH | SEARCH | LEAD | Elektroinstallateur",MONDAY,14,5,3,1,1,unconfirmed,37.56,-12.8
"EX | 26 | CH | SEARCH | LEAD | Elektroinstallateur",TUESDAY,14,3,2,1,0,insufficient,18.86,-56.2
"EX | 26 | CH | SEARCH | LEAD | Elektroinstallateur",WEDNESDAY,14,3,3,0,0,insufficient,,
"EX | 26 | CH | SEARCH | LEAD | Elektroinstallateur",THURSDAY,14,2,0,0,2,insufficient,,
"EX | 26 | CH | SEARCH | LEAD | Elektroinstallateur",FRIDAY,14,3,3,0,0,insufficient,,
"EX | 26 | CH | SEARCH | LEAD | Elektroinstallateur",SATURDAY,14,4,1,0,3,confirmed,,
"EX | 26 | CH | SEARCH | LEAD | Elektroinstallateur",SUNDAY,15,5,1,1,3,unconfirmed,10.02,-76.7
"EX | 26 | CH | SEARCH | LEAD | Elektroinstallateur",MONDAY,15,5,4,0,1,confirmed,,
"EX | 26 | CH | SEARCH | LEAD | Elektroinstallateur",TUESDAY,15,3,3,0,0,insufficient,,
"EX | 26 | CH | SEARCH | LEAD | Elektroinstallateur",WEDNESDAY,15,2,2,0,0,insufficient,,
"EX | 26 | CH | SEARCH | LEAD | Elektroinstallateur",THURSDAY,15,2,0,1,1,insufficient,7.46,-82.7
"EX | 26 | CH | SEARCH | LEAD | Elektroinstallateur",FRIDAY,15,1,0,0,1,insufficient,,
"EX | 26 | CH | SEARCH | LEAD | Elektroinstallateur",SATURDAY,15,4,1,0,3,confirmed,,
"EX | 26 | CH | SEARCH | LEAD | Elektroinstallateur",SUNDAY,16,4,3,0,1,confirmed,,
"EX | 26 | CH | SEARCH | LEAD | Elektroinstallateur",MONDAY,16,4,2,0,2,unconfirmed,,
"EX | 26 | CH | SEARCH | LEAD | Elektroinstallateur",TUESDAY,16,2,1,0,1,insufficient,,
"EX | 26 | CH | SEARCH | LEAD | Elektroinstallateur",WEDNESDAY,16,3,3,0,0,insufficient,,
"EX | 26 | CH | SEARCH | LEAD | Elektroinstallateur",THURSDAY,16,1,0,0,1,insufficient,,
"EX | 26 | CH | SEARCH | LEAD | Elektroinstallateur",FRIDAY,16,1,0,0,1,insufficient,,
"EX | 26 | CH | SEARCH | LEAD | Elektroinstallateur",SATURDAY,16,4,0,0,4,confirmed,,
"EX | 26 | CH | SEARCH | LEAD | Elektroinstallateur",SUNDAY,17,5,3,0,2,unconfirmed,,
"EX | 26 | CH | SEARCH | LEAD | Elektroinstallateur",MONDAY,17,3,3,0,0,insufficient,,
"EX | 26 | CH | SEARCH | LEAD | Elektroinstallateur",TUESDAY,17,1,1,0,0,insufficient,,
"EX | 26 | CH | SEARCH | LEAD | Elektroinstallateur",WEDNESDAY,17,2,1,0,1,insufficient,,
"EX | 26 | CH | SEARCH | LEAD | Elektroinstallateur",THURSDAY,17,1,1,0,0,insufficient,,
"EX | 26 | CH | SEARCH | LEAD | Elektroinstallateur",FRIDAY,17,1,1,0,0,insufficient,,
"EX | 26 | CH | SEARCH | LEAD | Elektroinstallateur",SATURDAY,17,4,0,0,4,confirmed,,
"EX | 26 | CH | SEARCH | LEAD | Elektroinstallateur",SUNDAY,18,5,3,0,2,unconfirmed,,
"EX | 26 | CH | SEARCH | LEAD | Elektroinstallateur",MONDAY,18,2,2,0,0,insufficient,,
"EX | 26 | CH | SEARCH | LEAD | Elektroinstallateur",WEDNESDAY,18,2,2,0,0,insufficient,,
"EX | 26 | CH | SEARCH | LEAD | Elektroinstallateur",THURSDAY,18,1,1,0,0,insufficient,,
"EX | 26 | CH | SEARCH | LEAD | Elektroinstallateur",FRIDAY,18,1,0,0,1,insufficient,,
"EX | 26 | CH | SEARCH | LEAD | Elektroinstallateur",SATURDAY,18,3,2,0,1,insufficient,,
"EX | 26 | CH | SEARCH | LEAD | Elektroinstallateur",SUNDAY,19,5,3,0,2,unconfirmed,,
"EX | 26 | CH | SEARCH | LEAD | Elektroinstallateur",MONDAY,19,1,0,0,1,insufficient,,
"EX | 26 | CH | SEARCH | LEAD | Elektroinstallateur",WEDNESDAY,19,1,1,0,0,insufficient,,
"EX | 26 | CH | SEARCH | LEAD | Elektroinstallateur",THURSDAY,19,1,0,0,1,insufficient,,
"EX | 26 | CH | SEARCH | LEAD | Elektroinstallateur",SATURDAY,19,4,1,0,3,confirmed,,
"EX | 26 | CH | SEARCH | LEAD | Elektroinstallateur",SUNDAY,20,4,2,0,2,unconfirmed,,
"EX | 26 | CH | SEARCH | LEAD | Elektroinstallateur",MONDAY,20,1,1,0,0,insufficient,,
"EX | 26 | CH | SEARCH | LEAD | Elektroinstallateur",THURSDAY,20,1,1,0,0,insufficient,,
"EX | 26 | CH | SEARCH | LEAD | Elektroinstallateur",SATURDAY,20,4,3,0,1,confirmed,,
"EX | 26 | CH | SEARCH | LEAD | Elektroinstallateur",SUNDAY,21,4,2,0,2,unconfirmed,,
"EX | 26 | CH | SEARCH | LEAD | Elektroinstallateur",MONDAY,21,1,1,0,0,insufficient,,
"EX | 26 | CH | SEARCH | LEAD | Elektroinstallateur",THURSDAY,21,1,0,0,1,insufficient,,
"EX | 26 | CH | SEARCH | LEAD | Elektroinstallateur",SATURDAY,21,2,0,0,2,insufficient,,
"EX | 26 | CH | SEARCH | LEAD | Elektroinstallateur",SUNDAY,22,3,0,0,3,insufficient,,
"EX | 26 | CH | SEARCH | LEAD | Elektroinstallateur",MONDAY,22,1,0,0,1,insufficient,,
"EX | 26 | CH | SEARCH | LEAD | Elektroinstallateur",TUESDAY,22,1,1,0,0,insufficient,,
"EX | 26 | CH | SEARCH | LEAD | Elektroinstallateur",THURSDAY,22,1,1,0,0,insufficient,,
"EX | 26 | CH | SEARCH | LEAD | Elektroinstallateur",FRIDAY,22,1,0,0,1,insufficient,,
"EX | 26 | CH | SEARCH | LEAD | Elektroinstallateur",SATURDAY,22,2,0,0,2,insufficient,,
"EX | 26 | CH | SEARCH | LEAD | Elektroinstallateur",SUNDAY,23,4,2,0,2,unconfirmed,,
"EX | 26 | CH | SEARCH | LEAD | Elektroinstallateur",MONDAY,23,1,1,0,0,insufficient,,
"EX | 26 | CH | SEARCH | LEAD | Elektroinstallateur",TUESDAY,23,1,1,0,0,insufficient,,
"EX | 26 | CH | SEARCH | LEAD | Elektroinstallateur",THURSDAY,23,1,0,0,1,insufficient,,
"EX | 26 | CH | SEARCH | LEAD | Elektroinstallateur",FRIDAY,23,1,1,0,0,insufficient,,
"EX | 26 | CH | SEARCH | LEAD | Elektroinstallateur",SATURDAY,23,2,1,0,1,insufficient,,
"EX | 26 | CH | SEARCH | LEAD | Bauarbeiter",SUNDAY,0,4,1,0,3,confirmed,,
"EX | 26 | CH | SEARCH | LEAD | Bauarbeiter",MONDAY,0,3,2,0,1,insufficient,,
"EX | 26 | CH | SEARCH | LEAD | Bauarbeiter",TUESDAY,0,4,1,0,3,confirmed,,
"EX | 26 | CH | SEARCH | LEAD | Bauarbeiter",WEDNESDAY,0,3,0,0,3,insufficient,,
"EX | 26 | CH | SEARCH | LEAD | Bauarbeiter",THURSDAY,0,2,1,0,1,insufficient,,
"EX | 26 | CH | SEARCH | LEAD | Bauarbeiter",FRIDAY,0,3,0,0,3,insufficient,,
"EX | 26 | CH | SEARCH | LEAD | Bauarbeiter",SATURDAY,0,3,1,0,2,insufficient,,
"EX | 26 | CH | SEARCH | LEAD | Bauarbeiter",SUNDAY,1,3,0,0,3,insufficient,,
"EX | 26 | CH | SEARCH | LEAD | Bauarbeiter",MONDAY,1,2,0,0,2,insufficient,,
"EX | 26 | CH | SEARCH | LEAD | Bauarbeiter",TUESDAY,1,2,2,0,0,insufficient,,
"EX | 26 | CH | SEARCH | LEAD | Bauarbeiter",WEDNESDAY,1,4,0,0,4,confirmed,,
"EX | 26 | CH | SEARCH | LEAD | Bauarbeiter",THURSDAY,1,4,1,0,3,confirmed,,
"EX | 26 | CH | SEARCH | LEAD | Bauarbeiter",FRIDAY,1,3,0,0,3,insufficient,,
"EX | 26 | CH | SEARCH | LEAD | Bauarbeiter",SATURDAY,1,3,0,0,3,insufficient,,
"EX | 26 | CH | SEARCH | LEAD | Bauarbeiter",SUNDAY,2,1,1,0,0,insufficient,,
"EX | 26 | CH | SEARCH | LEAD | Bauarbeiter",MONDAY,2,3,1,0,2,insufficient,,
"EX | 26 | CH | SEARCH | LEAD | Bauarbeiter",TUESDAY,2,2,0,0,2,insufficient,,
"EX | 26 | CH | SEARCH | LEAD | Bauarbeiter",WEDNESDAY,2,1,1,0,0,insufficient,,
"EX | 26 | CH | SEARCH | LEAD | Bauarbeiter",THURSDAY,2,1,1,0,0,insufficient,,
"EX | 26 | CH | SEARCH | LEAD | Bauarbeiter",SATURDAY,2,3,0,0,3,insufficient,,
"EX | 26 | CH | SEARCH | LEAD | Bauarbeiter",SUNDAY,3,3,1,0,2,insufficient,,
"EX | 26 | CH | SEARCH | LEAD | Bauarbeiter",MONDAY,3,1,0,0,1,insufficient,,
"EX | 26 | CH | SEARCH | LEAD | Bauarbeiter",WEDNESDAY,3,1,1,0,0,insufficient,,
"EX | 26 | CH | SEARCH | LEAD | Bauarbeiter",THURSDAY,3,3,1,0,2,insufficient,,
"EX | 26 | CH | SEARCH | LEAD | Bauarbeiter",SATURDAY,3,2,0,0,2,insufficient,,
"EX | 26 | CH | SEARCH | LEAD | Bauarbeiter",MONDAY,4,2,0,0,2,insufficient,,
"EX | 26 | CH | SEARCH | LEAD | Bauarbeiter",TUESDAY,4,2,1,0,1,insufficient,,
"EX | 26 | CH | SEARCH | LEAD | Bauarbeiter",WEDNESDAY,4,1,0,0,1,insufficient,,
"EX | 26 | CH | SEARCH | LEAD | Bauarbeiter",THURSDAY,4,1,0,0,1,insufficient,,
"EX | 26 | CH | SEARCH | LEAD | Bauarbeiter",SATURDAY,4,2,0,0,2,insufficient,,
"EX | 26 | CH | SEARCH | LEAD | Bauarbeiter",SUNDAY,5,1,0,0,1,insufficient,,
"EX | 26 | CH | SEARCH | LEAD | Bauarbeiter",MONDAY,5,1,0,0,1,insufficient,,
"EX | 26 | CH | SEARCH | LEAD | Bauarbeiter",TUESDAY,5,2,1,0,1,insufficient,,
"EX | 26 | CH | SEARCH | LEAD | Bauarbeiter",WEDNESDAY,5,1,0,0,1,insufficient,,
"EX | 26 | CH | SEARCH | LEAD | Bauarbeiter",THURSDAY,5,2,1,0,1,insufficient,,
"EX | 26 | CH | SEARCH | LEAD | Bauarbeiter",FRIDAY,5,2,0,0,2,insufficient,,
"EX | 26 | CH | SEARCH | LEAD | Bauarbeiter",SATURDAY,5,1,0,0,1,insufficient,,
"EX | 26 | CH | SEARCH | LEAD | Bauarbeiter",SUNDAY,6,1,0,0,1,insufficient,,
"EX | 26 | CH | SEARCH | LEAD | Bauarbeiter",MONDAY,6,1,1,0,0,insufficient,,
"EX | 26 | CH | SEARCH | LEAD | Bauarbeiter",TUESDAY,6,3,1,1,1,insufficient,4.69,-95.1
"EX | 26 | CH | SEARCH | LEAD | Bauarbeiter",WEDNESDAY,6,3,1,0,2,insufficient,,
"EX | 26 | CH | SEARCH | LEAD | Bauarbeiter",THURSDAY,6,4,1,0,3,confirmed,,
"EX | 26 | CH | SEARCH | LEAD | Bauarbeiter",FRIDAY,6,4,3,0,1,confirmed,,
"EX | 26 | CH | SEARCH | LEAD | Bauarbeiter",SATURDAY,6,2,0,0,2,insufficient,,
"EX | 26 | CH | SEARCH | LEAD | Bauarbeiter",SUNDAY,7,2,1,0,1,insufficient,,
"EX | 26 | CH | SEARCH | LEAD | Bauarbeiter",MONDAY,7,4,1,0,3,confirmed,,
"EX | 26 | CH | SEARCH | LEAD | Bauarbeiter",TUESDAY,7,4,1,1,2,unconfirmed,7.04,-92.6
"EX | 26 | CH | SEARCH | LEAD | Bauarbeiter",WEDNESDAY,7,4,2,0,2,unconfirmed,,
"EX | 26 | CH | SEARCH | LEAD | Bauarbeiter",THURSDAY,7,2,0,0,2,insufficient,,
"EX | 26 | CH | SEARCH | LEAD | Bauarbeiter",FRIDAY,7,3,3,0,0,insufficient,,
"EX | 26 | CH | SEARCH | LEAD | Bauarbeiter",SATURDAY,7,2,2,0,0,insufficient,,
"EX | 26 | CH | SEARCH | LEAD | Bauarbeiter",SUNDAY,8,3,0,0,3,insufficient,,
"EX | 26 | CH | SEARCH | LEAD | Bauarbeiter",MONDAY,8,4,2,1,1,unconfirmed,4.52,-95.3
"EX | 26 | CH | SEARCH | LEAD | Bauarbeiter",TUESDAY,8,2,1,0,1,insufficient,,
"EX | 26 | CH | SEARCH | LEAD | Bauarbeiter",WEDNESDAY,8,4,3,1,0,confirmed,5.77,-93.9
"EX | 26 | CH | SEARCH | LEAD | Bauarbeiter",THURSDAY,8,4,2,1,1,unconfirmed,4.68,-95.1
"EX | 26 | CH | SEARCH | LEAD | Bauarbeiter",FRIDAY,8,3,1,0,2,insufficient,,
"EX | 26 | CH | SEARCH | LEAD | Bauarbeiter",SATURDAY,8,2,0,0,2,insufficient,,
"EX | 26 | CH | SEARCH | LEAD | Bauarbeiter",SUNDAY,9,3,1,0,2,insufficient,,
"EX | 26 | CH | SEARCH | LEAD | Bauarbeiter",MONDAY,9,5,2,0,3,unconfirmed,,
"EX | 26 | CH | SEARCH | LEAD | Bauarbeiter",TUESDAY,9,3,1,0,2,insufficient,,
"EX | 26 | CH | SEARCH | LEAD | Bauarbeiter",WEDNESDAY,9,4,2,0,2,unconfirmed,,
"EX | 26 | CH | SEARCH | LEAD | Bauarbeiter",THURSDAY,9,4,2,0,2,unconfirmed,,
"EX | 26 | CH | SEARCH | LEAD | Bauarbeiter",FRIDAY,9,4,1,0,3,confirmed,,
"EX | 26 | CH | SEARCH | LEAD | Bauarbeiter",SATURDAY,9,3,1,0,2,insufficient,,
"EX | 26 | CH | SEARCH | LEAD | Bauarbeiter",SUNDAY,10,5,2,0,3,unconfirmed,,
"EX | 26 | CH | SEARCH | LEAD | Bauarbeiter",MONDAY,10,5,4,0,1,confirmed,,
"EX | 26 | CH | SEARCH | LEAD | Bauarbeiter",TUESDAY,10,4,4,0,0,confirmed,,
"EX | 26 | CH | SEARCH | LEAD | Bauarbeiter",WEDNESDAY,10,4,4,0,0,confirmed,,
"EX | 26 | CH | SEARCH | LEAD | Bauarbeiter",THURSDAY,10,3,3,0,0,insufficient,,
"EX | 26 | CH | SEARCH | LEAD | Bauarbeiter",FRIDAY,10,4,3,0,1,confirmed,,
"EX | 26 | CH | SEARCH | LEAD | Bauarbeiter",SATURDAY,10,3,1,0,2,insufficient,,
"EX | 26 | CH | SEARCH | LEAD | Bauarbeiter",SUNDAY,11,5,3,0,2,unconfirmed,,
"EX | 26 | CH | SEARCH | LEAD | Bauarbeiter",MONDAY,11,5,2,0,3,unconfirmed,,
"EX | 26 | CH | SEARCH | LEAD | Bauarbeiter",TUESDAY,11,4,3,0,1,confirmed,,
"EX | 26 | CH | SEARCH | LEAD | Bauarbeiter",WEDNESDAY,11,4,4,0,0,confirmed,,
"EX | 26 | CH | SEARCH | LEAD | Bauarbeiter",THURSDAY,11,4,2,0,2,unconfirmed,,
"EX | 26 | CH | SEARCH | LEAD | Bauarbeiter",FRIDAY,11,4,1,0,3,confirmed,,
"EX | 26 | CH | SEARCH | LEAD | Bauarbeiter",SATURDAY,11,2,0,0,2,insufficient,,
"EX | 26 | CH | SEARCH | LEAD | Bauarbeiter",SUNDAY,12,5,2,0,3,unconfirmed,,
"EX | 26 | CH | SEARCH | LEAD | Bauarbeiter",MONDAY,12,5,5,0,0,confirmed,,
"EX | 26 | CH | SEARCH | LEAD | Bauarbeiter",TUESDAY,12,4,1,0,3,confirmed,,
"EX | 26 | CH | SEARCH | LEAD | Bauarbeiter",WEDNESDAY,12,3,3,0,0,insufficient,,
"EX | 26 | CH | SEARCH | LEAD | Bauarbeiter",THURSDAY,12,4,2,0,2,unconfirmed,,
"EX | 26 | CH | SEARCH | LEAD | Bauarbeiter",FRIDAY,12,4,3,0,1,confirmed,,
"EX | 26 | CH | SEARCH | LEAD | Bauarbeiter",SATURDAY,12,3,1,0,2,insufficient,,
"EX | 26 | CH | SEARCH | LEAD | Bauarbeiter",SUNDAY,13,4,3,0,1,confirmed,,
"EX | 26 | CH | SEARCH | LEAD | Bauarbeiter",MONDAY,13,5,4,0,1,confirmed,,
"EX | 26 | CH | SEARCH | LEAD | Bauarbeiter",TUESDAY,13,4,3,0,1,confirmed,468.59,391.5
"EX | 26 | CH | SEARCH | LEAD | Bauarbeiter",WEDNESDAY,13,3,1,0,2,insufficient,,
"EX | 26 | CH | SEARCH | LEAD | Bauarbeiter",THURSDAY,13,4,2,0,2,unconfirmed,,
"EX | 26 | CH | SEARCH | LEAD | Bauarbeiter",FRIDAY,13,4,2,0,2,unconfirmed,,
"EX | 26 | CH | SEARCH | LEAD | Bauarbeiter",SATURDAY,13,3,0,0,3,insufficient,,
"EX | 26 | CH | SEARCH | LEAD | Bauarbeiter",SUNDAY,14,3,2,0,1,insufficient,,
"EX | 26 | CH | SEARCH | LEAD | Bauarbeiter",MONDAY,14,4,3,0,1,confirmed,,
"EX | 26 | CH | SEARCH | LEAD | Bauarbeiter",TUESDAY,14,4,2,0,2,unconfirmed,,
"EX | 26 | CH | SEARCH | LEAD | Bauarbeiter",WEDNESDAY,14,3,2,1,0,insufficient,11.52,-87.9
"EX | 26 | CH | SEARCH | LEAD | Bauarbeiter",THURSDAY,14,4,4,0,0,confirmed,,
"EX | 26 | CH | SEARCH | LEAD | Bauarbeiter",FRIDAY,14,3,0,0,3,insufficient,,
"EX | 26 | CH | SEARCH | LEAD | Bauarbeiter",SATURDAY,14,4,3,0,1,confirmed,,
"EX | 26 | CH | SEARCH | LEAD | Bauarbeiter",SUNDAY,15,4,3,0,1,confirmed,679.26,612.4
"EX | 26 | CH | SEARCH | LEAD | Bauarbeiter",MONDAY,15,3,3,0,0,insufficient,,
"EX | 26 | CH | SEARCH | LEAD | Bauarbeiter",TUESDAY,15,4,4,0,0,confirmed,,
"EX | 26 | CH | SEARCH | LEAD | Bauarbeiter",WEDNESDAY,15,2,2,0,0,insufficient,,
"EX | 26 | CH | SEARCH | LEAD | Bauarbeiter",THURSDAY,15,4,1,0,3,confirmed,,
"EX | 26 | CH | SEARCH | LEAD | Bauarbeiter",FRIDAY,15,4,2,0,2,unconfirmed,,
"EX | 26 | CH | SEARCH | LEAD | Bauarbeiter",SATURDAY,15,3,1,0,2,insufficient,,
"EX | 26 | CH | SEARCH | LEAD | Bauarbeiter",SUNDAY,16,3,1,0,2,insufficient,,
"EX | 26 | CH | SEARCH | LEAD | Bauarbeiter",MONDAY,16,3,2,0,1,insufficient,,
"EX | 26 | CH | SEARCH | LEAD | Bauarbeiter",TUESDAY,16,2,2,0,0,insufficient,,
"EX | 26 | CH | SEARCH | LEAD | Bauarbeiter",WEDNESDAY,16,2,2,0,0,insufficient,,
"EX | 26 | CH | SEARCH | LEAD | Bauarbeiter",THURSDAY,16,4,2,0,2,unconfirmed,,
"EX | 26 | CH | SEARCH | LEAD | Bauarbeiter",FRIDAY,16,4,1,0,3,confirmed,,
"EX | 26 | CH | SEARCH | LEAD | Bauarbeiter",SATURDAY,16,3,1,0,2,insufficient,,
"EX | 26 | CH | SEARCH | LEAD | Bauarbeiter",SUNDAY,17,3,0,0,3,insufficient,,
"EX | 26 | CH | SEARCH | LEAD | Bauarbeiter",MONDAY,17,2,2,0,0,insufficient,,
"EX | 26 | CH | SEARCH | LEAD | Bauarbeiter",TUESDAY,17,3,1,0,2,insufficient,,
"EX | 26 | CH | SEARCH | LEAD | Bauarbeiter",WEDNESDAY,17,2,2,0,0,insufficient,,
"EX | 26 | CH | SEARCH | LEAD | Bauarbeiter",THURSDAY,17,4,1,0,3,confirmed,,
"EX | 26 | CH | SEARCH | LEAD | Bauarbeiter",FRIDAY,17,4,0,0,4,confirmed,,
"EX | 26 | CH | SEARCH | LEAD | Bauarbeiter",SATURDAY,17,4,3,0,1,confirmed,,
"EX | 26 | CH | SEARCH | LEAD | Bauarbeiter",SUNDAY,18,2,1,0,1,insufficient,,
"EX | 26 | CH | SEARCH | LEAD | Bauarbeiter",MONDAY,18,2,1,0,1,insufficient,,
"EX | 26 | CH | SEARCH | LEAD | Bauarbeiter",TUESDAY,18,1,0,0,1,insufficient,,
"EX | 26 | CH | SEARCH | LEAD | Bauarbeiter",WEDNESDAY,18,2,1,0,1,insufficient,,
"EX | 26 | CH | SEARCH | LEAD | Bauarbeiter",THURSDAY,18,4,1,1,2,unconfirmed,9.72,-89.8
"EX | 26 | CH | SEARCH | LEAD | Bauarbeiter",FRIDAY,18,4,2,0,2,unconfirmed,,
"EX | 26 | CH | SEARCH | LEAD | Bauarbeiter",SATURDAY,18,4,1,0,3,confirmed,,
"EX | 26 | CH | SEARCH | LEAD | Bauarbeiter",SUNDAY,19,3,1,0,2,insufficient,,
"EX | 26 | CH | SEARCH | LEAD | Bauarbeiter",MONDAY,19,2,2,0,0,insufficient,,
"EX | 26 | CH | SEARCH | LEAD | Bauarbeiter",TUESDAY,19,1,1,0,0,insufficient,,
"EX | 26 | CH | SEARCH | LEAD | Bauarbeiter",WEDNESDAY,19,2,0,0,2,insufficient,,
"EX | 26 | CH | SEARCH | LEAD | Bauarbeiter",THURSDAY,19,4,0,0,4,confirmed,,
"EX | 26 | CH | SEARCH | LEAD | Bauarbeiter",FRIDAY,19,3,1,0,2,insufficient,,
"EX | 26 | CH | SEARCH | LEAD | Bauarbeiter",SATURDAY,19,4,2,0,2,unconfirmed,,
"EX | 26 | CH | SEARCH | LEAD | Bauarbeiter",SUNDAY,20,2,1,0,1,insufficient,,
"EX | 26 | CH | SEARCH | LEAD | Bauarbeiter",MONDAY,20,2,2,0,0,insufficient,,
"EX | 26 | CH | SEARCH | LEAD | Bauarbeiter",WEDNESDAY,20,2,0,0,2,insufficient,,
"EX | 26 | CH | SEARCH | LEAD | Bauarbeiter",THURSDAY,20,4,1,0,3,confirmed,,
"EX | 26 | CH | SEARCH | LEAD | Bauarbeiter",FRIDAY,20,3,1,0,2,insufficient,,
"EX | 26 | CH | SEARCH | LEAD | Bauarbeiter",SATURDAY,20,4,3,0,1,confirmed,,
"EX | 26 | CH | SEARCH | LEAD | Bauarbeiter",SUNDAY,21,2,2,0,0,insufficient,,
"EX | 26 | CH | SEARCH | LEAD | Bauarbeiter",MONDAY,21,1,1,0,0,insufficient,,
"EX | 26 | CH | SEARCH | LEAD | Bauarbeiter",WEDNESDAY,21,2,0,0,2,insufficient,,
"EX | 26 | CH | SEARCH | LEAD | Bauarbeiter",THURSDAY,21,3,0,0,3,insufficient,,
"EX | 26 | CH | SEARCH | LEAD | Bauarbeiter",FRIDAY,21,3,2,0,1,insufficient,,
"EX | 26 | CH | SEARCH | LEAD | Bauarbeiter",SATURDAY,21,3,1,0,2,insufficient,,
"EX | 26 | CH | SEARCH | LEAD | Bauarbeiter",SUNDAY,22,2,1,0,1,insufficient,,
"EX | 26 | CH | SEARCH | LEAD | Bauarbeiter",MONDAY,22,1,1,0,0,insufficient,,
"EX | 26 | CH | SEARCH | LEAD | Bauarbeiter",TUESDAY,22,1,1,0,0,insufficient,,
"EX | 26 | CH | SEARCH | LEAD | Bauarbeiter",WEDNESDAY,22,2,1,0,1,insufficient,,
"EX | 26 | CH | SEARCH | LEAD | Bauarbeiter",THURSDAY,22,2,0,0,2,insufficient,,
"EX | 26 | CH | SEARCH | LEAD | Bauarbeiter",FRIDAY,22,3,2,0,1,insufficient,,
"EX | 26 | CH | SEARCH | LEAD | Bauarbeiter",SATURDAY,22,3,2,0,1,insufficient,,
"EX | 26 | CH | SEARCH | LEAD | Bauarbeiter",SUNDAY,23,2,1,0,1,insufficient,,
"EX | 26 | CH | SEARCH | LEAD | Bauarbeiter",MONDAY,23,1,1,0,0,insufficient,,
"EX | 26 | CH | SEARCH | LEAD | Bauarbeiter",WEDNESDAY,23,2,0,0,2,insufficient,,
"EX | 26 | CH | SEARCH | LEAD | Bauarbeiter",THURSDAY,23,3,0,0,3,insufficient,,
"EX | 26 | CH | SEARCH | LEAD | Bauarbeiter",FRIDAY,23,3,1,0,2,insufficient,,
"EX | 26 | CH | SEARCH | LEAD | Bauarbeiter",SATURDAY,23,3,1,0,2,insufficient,,
"EX | 26 | CH | SEARCH | LEAD | Grundbauer",SUNDAY,0,4,2,0,2,unconfirmed,,
"EX | 26 | CH | SEARCH | LEAD | Grundbauer",MONDAY,0,5,0,0,5,confirmed,,
"EX | 26 | CH | SEARCH | LEAD | Grundbauer",TUESDAY,0,3,1,0,2,insufficient,,
"EX | 26 | CH | SEARCH | LEAD | Grundbauer",WEDNESDAY,0,2,2,0,0,insufficient,,
"EX | 26 | CH | SEARCH | LEAD | Grundbauer",THURSDAY,0,4,2,1,1,unconfirmed,7.46,-90.5
"EX | 26 | CH | SEARCH | LEAD | Grundbauer",FRIDAY,0,2,0,0,2,insufficient,,
"EX | 26 | CH | SEARCH | LEAD | Grundbauer",SATURDAY,0,1,0,0,1,insufficient,,
"EX | 26 | CH | SEARCH | LEAD | Grundbauer",SUNDAY,1,2,0,0,2,insufficient,,
"EX | 26 | CH | SEARCH | LEAD | Grundbauer",MONDAY,1,5,1,0,4,confirmed,,
"EX | 26 | CH | SEARCH | LEAD | Grundbauer",TUESDAY,1,2,0,0,2,insufficient,,
"EX | 26 | CH | SEARCH | LEAD | Grundbauer",WEDNESDAY,1,2,0,0,2,insufficient,,
"EX | 26 | CH | SEARCH | LEAD | Grundbauer",THURSDAY,1,2,0,0,2,insufficient,,
"EX | 26 | CH | SEARCH | LEAD | Grundbauer",FRIDAY,1,2,2,0,0,insufficient,,
"EX | 26 | CH | SEARCH | LEAD | Grundbauer",SATURDAY,1,1,0,0,1,insufficient,,
"EX | 26 | CH | SEARCH | LEAD | Grundbauer",SUNDAY,2,3,2,0,1,insufficient,,
"EX | 26 | CH | SEARCH | LEAD | Grundbauer",MONDAY,2,5,1,0,4,confirmed,,
"EX | 26 | CH | SEARCH | LEAD | Grundbauer",TUESDAY,2,1,1,0,0,insufficient,,
"EX | 26 | CH | SEARCH | LEAD | Grundbauer",WEDNESDAY,2,1,0,0,1,insufficient,,
"EX | 26 | CH | SEARCH | LEAD | Grundbauer",THURSDAY,2,1,0,0,1,insufficient,,
"EX | 26 | CH | SEARCH | LEAD | Grundbauer",FRIDAY,2,3,1,0,2,insufficient,,
"EX | 26 | CH | SEARCH | LEAD | Grundbauer",SATURDAY,2,2,1,0,1,insufficient,,
"EX | 26 | CH | SEARCH | LEAD | Grundbauer",SUNDAY,3,2,1,0,1,insufficient,,
"EX | 26 | CH | SEARCH | LEAD | Grundbauer",TUESDAY,3,1,0,0,1,insufficient,,
"EX | 26 | CH | SEARCH | LEAD | Grundbauer",WEDNESDAY,3,1,0,0,1,insufficient,,
"EX | 26 | CH | SEARCH | LEAD | Grundbauer",THURSDAY,3,2,0,0,2,insufficient,,
"EX | 26 | CH | SEARCH | LEAD | Grundbauer",FRIDAY,3,2,0,0,2,insufficient,,
"EX | 26 | CH | SEARCH | LEAD | Grundbauer",SATURDAY,3,1,0,0,1,insufficient,,
"EX | 26 | CH | SEARCH | LEAD | Grundbauer",SUNDAY,4,3,0,0,3,insufficient,,
"EX | 26 | CH | SEARCH | LEAD | Grundbauer",MONDAY,4,2,0,0,2,insufficient,,
"EX | 26 | CH | SEARCH | LEAD | Grundbauer",TUESDAY,4,1,1,0,0,insufficient,,
"EX | 26 | CH | SEARCH | LEAD | Grundbauer",FRIDAY,4,2,0,0,2,insufficient,,
"EX | 26 | CH | SEARCH | LEAD | Grundbauer",SATURDAY,4,1,0,0,1,insufficient,,
"EX | 26 | CH | SEARCH | LEAD | Grundbauer",SUNDAY,5,2,0,1,1,insufficient,2.02,-97.4
"EX | 26 | CH | SEARCH | LEAD | Grundbauer",MONDAY,5,3,1,0,2,insufficient,,
"EX | 26 | CH | SEARCH | LEAD | Grundbauer",TUESDAY,5,4,1,0,3,confirmed,,
"EX | 26 | CH | SEARCH | LEAD | Grundbauer",WEDNESDAY,5,3,0,0,3,insufficient,,
"EX | 26 | CH | SEARCH | LEAD | Grundbauer",FRIDAY,5,1,0,0,1,insufficient,,
"EX | 26 | CH | SEARCH | LEAD | Grundbauer",SATURDAY,5,1,0,0,1,insufficient,,
"EX | 26 | CH | SEARCH | LEAD | Grundbauer",SUNDAY,6,3,2,0,1,insufficient,,
"EX | 26 | CH | SEARCH | LEAD | Grundbauer",MONDAY,6,3,0,0,3,insufficient,,
"EX | 26 | CH | SEARCH | LEAD | Grundbauer",TUESDAY,6,3,1,0,2,insufficient,,
"EX | 26 | CH | SEARCH | LEAD | Grundbauer",WEDNESDAY,6,3,1,0,2,insufficient,,
"EX | 26 | CH | SEARCH | LEAD | Grundbauer",THURSDAY,6,3,2,0,1,insufficient,,
"EX | 26 | CH | SEARCH | LEAD | Grundbauer",FRIDAY,6,2,0,0,2,insufficient,,
"EX | 26 | CH | SEARCH | LEAD | Grundbauer",SATURDAY,6,1,0,0,1,insufficient,,
"EX | 26 | CH | SEARCH | LEAD | Grundbauer",SUNDAY,7,4,0,0,4,confirmed,,
"EX | 26 | CH | SEARCH | LEAD | Grundbauer",MONDAY,7,4,2,0,2,unconfirmed,,
"EX | 26 | CH | SEARCH | LEAD | Grundbauer",TUESDAY,7,3,1,0,2,insufficient,,
"EX | 26 | CH | SEARCH | LEAD | Grundbauer",WEDNESDAY,7,2,1,0,1,insufficient,,
"EX | 26 | CH | SEARCH | LEAD | Grundbauer",THURSDAY,7,3,0,0,3,insufficient,,
"EX | 26 | CH | SEARCH | LEAD | Grundbauer",FRIDAY,7,3,0,0,3,insufficient,,
"EX | 26 | CH | SEARCH | LEAD | Grundbauer",SATURDAY,7,1,0,0,1,insufficient,,
"EX | 26 | CH | SEARCH | LEAD | Grundbauer",SUNDAY,8,5,1,0,4,confirmed,,
"EX | 26 | CH | SEARCH | LEAD | Grundbauer",MONDAY,8,4,3,0,1,confirmed,,
"EX | 26 | CH | SEARCH | LEAD | Grundbauer",TUESDAY,8,3,1,0,2,insufficient,,
"EX | 26 | CH | SEARCH | LEAD | Grundbauer",WEDNESDAY,8,4,1,0,3,confirmed,,
"EX | 26 | CH | SEARCH | LEAD | Grundbauer",THURSDAY,8,4,0,0,4,confirmed,,
"EX | 26 | CH | SEARCH | LEAD | Grundbauer",FRIDAY,8,3,0,0,3,insufficient,,
"EX | 26 | CH | SEARCH | LEAD | Grundbauer",SUNDAY,9,5,3,0,2,unconfirmed,,
"EX | 26 | CH | SEARCH | LEAD | Grundbauer",MONDAY,9,4,1,0,3,confirmed,,
"EX | 26 | CH | SEARCH | LEAD | Grundbauer",TUESDAY,9,4,2,0,2,unconfirmed,,
"EX | 26 | CH | SEARCH | LEAD | Grundbauer",WEDNESDAY,9,3,1,1,1,insufficient,10.36,-86.8
"EX | 26 | CH | SEARCH | LEAD | Grundbauer",THURSDAY,9,4,3,0,1,confirmed,,
"EX | 26 | CH | SEARCH | LEAD | Grundbauer",FRIDAY,9,3,0,0,3,insufficient,,
"EX | 26 | CH | SEARCH | LEAD | Grundbauer",SATURDAY,9,4,0,0,4,confirmed,,
"EX | 26 | CH | SEARCH | LEAD | Grundbauer",SUNDAY,10,5,4,0,1,confirmed,,
"EX | 26 | CH | SEARCH | LEAD | Grundbauer",MONDAY,10,5,2,1,2,unconfirmed,18.64,-76.3
"EX | 26 | CH | SEARCH | LEAD | Grundbauer",TUESDAY,10,4,3,0,1,confirmed,,
"EX | 26 | CH | SEARCH | LEAD | Grundbauer",WEDNESDAY,10,2,2,0,0,insufficient,,
"EX | 26 | CH | SEARCH | LEAD | Grundbauer",THURSDAY,10,3,2,0,1,insufficient,,
"EX | 26 | CH | SEARCH | LEAD | Grundbauer",FRIDAY,10,4,2,0,2,unconfirmed,,
"EX | 26 | CH | SEARCH | LEAD | Grundbauer",SATURDAY,10,1,0,0,1,insufficient,,
"EX | 26 | CH | SEARCH | LEAD | Grundbauer",SUNDAY,11,5,3,0,2,unconfirmed,,
"EX | 26 | CH | SEARCH | LEAD | Grundbauer",MONDAY,11,4,3,0,1,confirmed,,
"EX | 26 | CH | SEARCH | LEAD | Grundbauer",TUESDAY,11,3,3,0,0,insufficient,,
"EX | 26 | CH | SEARCH | LEAD | Grundbauer",WEDNESDAY,11,3,2,0,1,insufficient,,
"EX | 26 | CH | SEARCH | LEAD | Grundbauer",THURSDAY,11,3,2,0,1,insufficient,,
"EX | 26 | CH | SEARCH | LEAD | Grundbauer",FRIDAY,11,2,2,0,0,insufficient,,
"EX | 26 | CH | SEARCH | LEAD | Grundbauer",SATURDAY,11,2,0,0,2,insufficient,,
"EX | 26 | CH | SEARCH | LEAD | Grundbauer",SUNDAY,12,5,3,0,2,unconfirmed,,
"EX | 26 | CH | SEARCH | LEAD | Grundbauer",MONDAY,12,2,2,0,0,insufficient,,
"EX | 26 | CH | SEARCH | LEAD | Grundbauer",TUESDAY,12,2,1,0,1,insufficient,,
"EX | 26 | CH | SEARCH | LEAD | Grundbauer",WEDNESDAY,12,4,2,0,2,unconfirmed,,
"EX | 26 | CH | SEARCH | LEAD | Grundbauer",THURSDAY,12,3,1,0,2,insufficient,,
"EX | 26 | CH | SEARCH | LEAD | Grundbauer",FRIDAY,12,3,1,0,2,insufficient,,
"EX | 26 | CH | SEARCH | LEAD | Grundbauer",SATURDAY,12,1,0,0,1,insufficient,,
"EX | 26 | CH | SEARCH | LEAD | Grundbauer",SUNDAY,13,4,2,0,2,unconfirmed,,
"EX | 26 | CH | SEARCH | LEAD | Grundbauer",MONDAY,13,2,1,0,1,insufficient,,
"EX | 26 | CH | SEARCH | LEAD | Grundbauer",TUESDAY,13,3,1,0,2,insufficient,,
"EX | 26 | CH | SEARCH | LEAD | Grundbauer",WEDNESDAY,13,4,2,0,2,unconfirmed,,
"EX | 26 | CH | SEARCH | LEAD | Grundbauer",THURSDAY,13,3,0,0,3,insufficient,,
"EX | 26 | CH | SEARCH | LEAD | Grundbauer",FRIDAY,13,3,1,0,2,insufficient,,
"EX | 26 | CH | SEARCH | LEAD | Grundbauer",SATURDAY,13,1,0,0,1,insufficient,,
"EX | 26 | CH | SEARCH | LEAD | Grundbauer",SUNDAY,14,4,3,0,1,confirmed,,
"EX | 26 | CH | SEARCH | LEAD | Grundbauer",MONDAY,14,2,1,0,1,insufficient,,
"EX | 26 | CH | SEARCH | LEAD | Grundbauer",TUESDAY,14,3,3,0,0,insufficient,,
"EX | 26 | CH | SEARCH | LEAD | Grundbauer",WEDNESDAY,14,4,2,1,1,unconfirmed,10.26,-87.0
"EX | 26 | CH | SEARCH | LEAD | Grundbauer",THURSDAY,14,4,3,0,1,confirmed,,
"EX | 26 | CH | SEARCH | LEAD | Grundbauer",FRIDAY,14,3,1,0,2,insufficient,,
"EX | 26 | CH | SEARCH | LEAD | Grundbauer",SATURDAY,14,1,0,0,1,insufficient,,
"EX | 26 | CH | SEARCH | LEAD | Grundbauer",SUNDAY,15,4,1,0,3,confirmed,,
"EX | 26 | CH | SEARCH | LEAD | Grundbauer",MONDAY,15,2,2,0,0,insufficient,,
"EX | 26 | CH | SEARCH | LEAD | Grundbauer",TUESDAY,15,2,2,0,0,insufficient,,
"EX | 26 | CH | SEARCH | LEAD | Grundbauer",WEDNESDAY,15,2,2,0,0,insufficient,,
"EX | 26 | CH | SEARCH | LEAD | Grundbauer",THURSDAY,15,3,2,0,1,insufficient,,
"EX | 26 | CH | SEARCH | LEAD | Grundbauer",FRIDAY,15,2,2,0,0,insufficient,,
"EX | 26 | CH | SEARCH | LEAD | Grundbauer",SATURDAY,15,1,0,0,1,insufficient,,
"EX | 26 | CH | SEARCH | LEAD | Grundbauer",SUNDAY,16,4,1,0,3,confirmed,,
"EX | 26 | CH | SEARCH | LEAD | Grundbauer",MONDAY,16,2,1,0,1,insufficient,,
"EX | 26 | CH | SEARCH | LEAD | Grundbauer",TUESDAY,16,2,0,0,2,insufficient,,
"EX | 26 | CH | SEARCH | LEAD | Grundbauer",WEDNESDAY,16,2,2,0,0,insufficient,,
"EX | 26 | CH | SEARCH | LEAD | Grundbauer",THURSDAY,16,3,1,0,2,insufficient,,
"EX | 26 | CH | SEARCH | LEAD | Grundbauer",FRIDAY,16,3,0,0,3,insufficient,,
"EX | 26 | CH | SEARCH | LEAD | Grundbauer",SATURDAY,16,1,1,0,0,insufficient,,
"EX | 26 | CH | SEARCH | LEAD | Grundbauer",SUNDAY,17,3,2,0,1,insufficient,,
"EX | 26 | CH | SEARCH | LEAD | Grundbauer",MONDAY,17,2,2,0,0,insufficient,,
"EX | 26 | CH | SEARCH | LEAD | Grundbauer",TUESDAY,17,2,1,0,1,insufficient,,
"EX | 26 | CH | SEARCH | LEAD | Grundbauer",WEDNESDAY,17,1,1,0,0,insufficient,,
"EX | 26 | CH | SEARCH | LEAD | Grundbauer",THURSDAY,17,3,3,0,0,insufficient,,
"EX | 26 | CH | SEARCH | LEAD | Grundbauer",FRIDAY,17,3,1,0,2,insufficient,,
"EX | 26 | CH | SEARCH | LEAD | Grundbauer",SATURDAY,17,2,0,0,2,insufficient,,
"EX | 26 | CH | SEARCH | LEAD | Grundbauer",SUNDAY,18,3,0,0,3,insufficient,,
"EX | 26 | CH | SEARCH | LEAD | Grundbauer",MONDAY,18,2,2,0,0,insufficient,,
"EX | 26 | CH | SEARCH | LEAD | Grundbauer",TUESDAY,18,2,1,0,1,insufficient,,
"EX | 26 | CH | SEARCH | LEAD | Grundbauer",WEDNESDAY,18,1,1,0,0,insufficient,,
"EX | 26 | CH | SEARCH | LEAD | Grundbauer",THURSDAY,18,1,0,0,1,insufficient,,
"EX | 26 | CH | SEARCH | LEAD | Grundbauer",FRIDAY,18,1,0,0,1,insufficient,,
"EX | 26 | CH | SEARCH | LEAD | Grundbauer",SATURDAY,18,3,0,0,3,insufficient,,
"EX | 26 | CH | SEARCH | LEAD | Grundbauer",SUNDAY,19,4,3,0,1,confirmed,,
"EX | 26 | CH | SEARCH | LEAD | Grundbauer",MONDAY,19,1,1,0,0,insufficient,,
"EX | 26 | CH | SEARCH | LEAD | Grundbauer",TUESDAY,19,2,2,0,0,insufficient,,
"EX | 26 | CH | SEARCH | LEAD | Grundbauer",THURSDAY,19,2,1,0,1,insufficient,,
"EX | 26 | CH | SEARCH | LEAD | Grundbauer",FRIDAY,19,3,0,0,3,insufficient,,
"EX | 26 | CH | SEARCH | LEAD | Grundbauer",SATURDAY,19,2,0,0,2,insufficient,,
"EX | 26 | CH | SEARCH | LEAD | Grundbauer",SUNDAY,20,4,2,0,2,unconfirmed,,
"EX | 26 | CH | SEARCH | LEAD | Grundbauer",MONDAY,20,1,0,0,1,insufficient,,
"EX | 26 | CH | SEARCH | LEAD | Grundbauer",TUESDAY,20,2,2,0,0,insufficient,,
"EX | 26 | CH | SEARCH | LEAD | Grundbauer",THURSDAY,20,2,1,0,1,insufficient,,
"EX | 26 | CH | SEARCH | LEAD | Grundbauer",FRIDAY,20,2,1,0,1,insufficient,,
"EX | 26 | CH | SEARCH | LEAD | Grundbauer",SATURDAY,20,2,0,0,2,insufficient,,
"EX | 26 | CH | SEARCH | LEAD | Grundbauer",SUNDAY,21,3,0,0,3,insufficient,,
"EX | 26 | CH | SEARCH | LEAD | Grundbauer",MONDAY,21,1,0,0,1,insufficient,,
"EX | 26 | CH | SEARCH | LEAD | Grundbauer",THURSDAY,21,1,0,0,1,insufficient,,
"EX | 26 | CH | SEARCH | LEAD | Grundbauer",FRIDAY,21,2,1,0,1,insufficient,,
"EX | 26 | CH | SEARCH | LEAD | Grundbauer",SATURDAY,21,3,0,0,3,insufficient,,
"EX | 26 | CH | SEARCH | LEAD | Grundbauer",SUNDAY,22,3,1,0,2,insufficient,,
"EX | 26 | CH | SEARCH | LEAD | Grundbauer",MONDAY,22,1,1,0,0,insufficient,,
"EX | 26 | CH | SEARCH | LEAD | Grundbauer",THURSDAY,22,1,0,0,1,insufficient,,
"EX | 26 | CH | SEARCH | LEAD | Grundbauer",FRIDAY,22,2,0,0,2,insufficient,,
"EX | 26 | CH | SEARCH | LEAD | Grundbauer",SATURDAY,22,4,0,0,4,confirmed,,
"EX | 26 | CH | SEARCH | LEAD | Grundbauer",SUNDAY,23,2,0,0,2,insufficient,,
"EX | 26 | CH | SEARCH | LEAD | Grundbauer",MONDAY,23,1,0,0,1,insufficient,,
"EX | 26 | CH | SEARCH | LEAD | Grundbauer",THURSDAY,23,1,0,0,1,insufficient,,
"EX | 26 | CH | SEARCH | LEAD | Grundbauer",FRIDAY,23,1,0,0,1,insufficient,,
"EX | 26 | CH | SEARCH | LEAD | Grundbauer",SATURDAY,23,1,1,0,0,insufficient,,
"EX | 26 | CH | SEARCH | LEAD | DYN Catchall",SUNDAY,0,5,0,0,5,confirmed,,
"EX | 26 | CH | SEARCH | LEAD | DYN Catchall",MONDAY,0,5,2,0,3,unconfirmed,,
"EX | 26 | CH | SEARCH | LEAD | DYN Catchall",TUESDAY,0,2,0,0,2,insufficient,,
"EX | 26 | CH | SEARCH | LEAD | DYN Catchall",WEDNESDAY,0,2,1,0,1,insufficient,,
"EX | 26 | CH | SEARCH | LEAD | DYN Catchall",THURSDAY,0,4,0,0,4,confirmed,,
"EX | 26 | CH | SEARCH | LEAD | DYN Catchall",FRIDAY,0,2,0,0,2,insufficient,,
"EX | 26 | CH | SEARCH | LEAD | DYN Catchall",SATURDAY,0,3,1,0,2,insufficient,,
"EX | 26 | CH | SEARCH | LEAD | DYN Catchall",SUNDAY,1,4,1,0,3,confirmed,,
"EX | 26 | CH | SEARCH | LEAD | DYN Catchall",MONDAY,1,4,2,0,2,unconfirmed,,
"EX | 26 | CH | SEARCH | LEAD | DYN Catchall",TUESDAY,1,4,1,0,3,confirmed,,
"EX | 26 | CH | SEARCH | LEAD | DYN Catchall",WEDNESDAY,1,4,1,0,3,confirmed,,
"EX | 26 | CH | SEARCH | LEAD | DYN Catchall",THURSDAY,1,3,0,0,3,insufficient,,
"EX | 26 | CH | SEARCH | LEAD | DYN Catchall",FRIDAY,1,3,0,0,3,insufficient,,
"EX | 26 | CH | SEARCH | LEAD | DYN Catchall",SATURDAY,1,3,0,0,3,insufficient,,
"EX | 26 | CH | SEARCH | LEAD | DYN Catchall",TUESDAY,2,2,0,0,2,insufficient,,
"EX | 26 | CH | SEARCH | LEAD | DYN Catchall",WEDNESDAY,2,1,0,0,1,insufficient,,
"EX | 26 | CH | SEARCH | LEAD | DYN Catchall",THURSDAY,2,2,0,0,2,insufficient,,
"EX | 26 | CH | SEARCH | LEAD | DYN Catchall",FRIDAY,2,2,0,0,2,insufficient,,
"EX | 26 | CH | SEARCH | LEAD | DYN Catchall",SATURDAY,2,2,0,0,2,insufficient,,
"EX | 26 | CH | SEARCH | LEAD | DYN Catchall",TUESDAY,3,2,0,0,2,insufficient,,
"EX | 26 | CH | SEARCH | LEAD | DYN Catchall",THURSDAY,3,1,0,0,1,insufficient,,
"EX | 26 | CH | SEARCH | LEAD | DYN Catchall",FRIDAY,3,1,1,0,0,insufficient,,
"EX | 26 | CH | SEARCH | LEAD | DYN Catchall",SATURDAY,3,1,0,0,1,insufficient,,
"EX | 26 | CH | SEARCH | LEAD | DYN Catchall",MONDAY,4,1,0,0,1,insufficient,,
"EX | 26 | CH | SEARCH | LEAD | DYN Catchall",TUESDAY,4,3,1,0,2,insufficient,,
"EX | 26 | CH | SEARCH | LEAD | DYN Catchall",WEDNESDAY,4,1,1,0,0,insufficient,,
"EX | 26 | CH | SEARCH | LEAD | DYN Catchall",FRIDAY,4,1,0,0,1,insufficient,,
"EX | 26 | CH | SEARCH | LEAD | DYN Catchall",SATURDAY,4,1,0,0,1,insufficient,,
"EX | 26 | CH | SEARCH | LEAD | DYN Catchall",SUNDAY,5,1,0,0,1,insufficient,,
"EX | 26 | CH | SEARCH | LEAD | DYN Catchall",MONDAY,5,1,0,0,1,insufficient,,
"EX | 26 | CH | SEARCH | LEAD | DYN Catchall",TUESDAY,5,3,0,0,3,insufficient,,
"EX | 26 | CH | SEARCH | LEAD | DYN Catchall",WEDNESDAY,5,3,0,0,3,insufficient,,
"EX | 26 | CH | SEARCH | LEAD | DYN Catchall",THURSDAY,5,3,0,0,3,insufficient,,
"EX | 26 | CH | SEARCH | LEAD | DYN Catchall",FRIDAY,5,2,0,0,2,insufficient,,
"EX | 26 | CH | SEARCH | LEAD | DYN Catchall",SATURDAY,5,3,1,0,2,insufficient,,
"EX | 26 | CH | SEARCH | LEAD | DYN Catchall",SUNDAY,6,3,1,0,2,insufficient,,
"EX | 26 | CH | SEARCH | LEAD | DYN Catchall",MONDAY,6,5,1,0,4,confirmed,,
"EX | 26 | CH | SEARCH | LEAD | DYN Catchall",TUESDAY,6,4,2,0,2,unconfirmed,,
"EX | 26 | CH | SEARCH | LEAD | DYN Catchall",WEDNESDAY,6,3,1,0,2,insufficient,,
"EX | 26 | CH | SEARCH | LEAD | DYN Catchall",THURSDAY,6,3,0,0,3,insufficient,,
"EX | 26 | CH | SEARCH | LEAD | DYN Catchall",FRIDAY,6,3,0,0,3,insufficient,,
"EX | 26 | CH | SEARCH | LEAD | DYN Catchall",SATURDAY,6,2,0,0,2,insufficient,,
"EX | 26 | CH | SEARCH | LEAD | DYN Catchall",SUNDAY,7,4,0,0,4,confirmed,,
"EX | 26 | CH | SEARCH | LEAD | DYN Catchall",MONDAY,7,3,2,0,1,insufficient,,
"EX | 26 | CH | SEARCH | LEAD | DYN Catchall",TUESDAY,7,3,0,0,3,insufficient,,
"EX | 26 | CH | SEARCH | LEAD | DYN Catchall",WEDNESDAY,7,4,3,0,1,confirmed,,
"EX | 26 | CH | SEARCH | LEAD | DYN Catchall",THURSDAY,7,4,1,0,3,confirmed,,
"EX | 26 | CH | SEARCH | LEAD | DYN Catchall",FRIDAY,7,4,0,0,4,confirmed,,
"EX | 26 | CH | SEARCH | LEAD | DYN Catchall",SATURDAY,7,2,0,0,2,insufficient,,
"EX | 26 | CH | SEARCH | LEAD | DYN Catchall",SUNDAY,8,4,1,0,3,confirmed,,
"EX | 26 | CH | SEARCH | LEAD | DYN Catchall",MONDAY,8,5,0,0,5,confirmed,,
"EX | 26 | CH | SEARCH | LEAD | DYN Catchall",TUESDAY,8,4,0,0,4,confirmed,,
"EX | 26 | CH | SEARCH | LEAD | DYN Catchall",WEDNESDAY,8,4,2,0,2,unconfirmed,,
"EX | 26 | CH | SEARCH | LEAD | DYN Catchall",THURSDAY,8,4,3,0,1,confirmed,,
"EX | 26 | CH | SEARCH | LEAD | DYN Catchall",FRIDAY,8,4,2,0,2,unconfirmed,,
"EX | 26 | CH | SEARCH | LEAD | DYN Catchall",SATURDAY,8,4,1,0,3,confirmed,,
"EX | 26 | CH | SEARCH | LEAD | DYN Catchall",SUNDAY,9,5,2,0,3,unconfirmed,,
"EX | 26 | CH | SEARCH | LEAD | DYN Catchall",MONDAY,9,5,1,0,4,confirmed,,
"EX | 26 | CH | SEARCH | LEAD | DYN Catchall",TUESDAY,9,4,2,0,2,unconfirmed,,
"EX | 26 | CH | SEARCH | LEAD | DYN Catchall",WEDNESDAY,9,4,3,0,1,confirmed,,
"EX | 26 | CH | SEARCH | LEAD | DYN Catchall",THURSDAY,9,4,2,0,2,unconfirmed,,
"EX | 26 | CH | SEARCH | LEAD | DYN Catchall",FRIDAY,9,4,1,0,3,confirmed,,
"EX | 26 | CH | SEARCH | LEAD | DYN Catchall",SATURDAY,9,4,1,0,3,confirmed,,
"EX | 26 | CH | SEARCH | LEAD | DYN Catchall",SUNDAY,10,5,1,0,4,confirmed,,
"EX | 26 | CH | SEARCH | LEAD | DYN Catchall",MONDAY,10,5,4,0,1,confirmed,,
"EX | 26 | CH | SEARCH | LEAD | DYN Catchall",TUESDAY,10,4,3,0,1,confirmed,,
"EX | 26 | CH | SEARCH | LEAD | DYN Catchall",WEDNESDAY,10,3,1,0,2,insufficient,,
"EX | 26 | CH | SEARCH | LEAD | DYN Catchall",THURSDAY,10,4,3,0,1,confirmed,,
"EX | 26 | CH | SEARCH | LEAD | DYN Catchall",FRIDAY,10,4,1,0,3,confirmed,,
"EX | 26 | CH | SEARCH | LEAD | DYN Catchall",SATURDAY,10,3,1,0,2,insufficient,,
"EX | 26 | CH | SEARCH | LEAD | DYN Catchall",SUNDAY,11,5,0,0,5,confirmed,,
"EX | 26 | CH | SEARCH | LEAD | DYN Catchall",MONDAY,11,5,4,0,1,confirmed,,
"EX | 26 | CH | SEARCH | LEAD | DYN Catchall",TUESDAY,11,4,3,0,1,confirmed,,
"EX | 26 | CH | SEARCH | LEAD | DYN Catchall",WEDNESDAY,11,3,2,0,1,insufficient,,
"EX | 26 | CH | SEARCH | LEAD | DYN Catchall",THURSDAY,11,4,1,0,3,confirmed,,
"EX | 26 | CH | SEARCH | LEAD | DYN Catchall",FRIDAY,11,4,3,0,1,confirmed,,
"EX | 26 | CH | SEARCH | LEAD | DYN Catchall",SATURDAY,11,3,1,0,2,insufficient,,
"EX | 26 | CH | SEARCH | LEAD | DYN Catchall",SUNDAY,12,5,2,0,3,unconfirmed,,
"EX | 26 | CH | SEARCH | LEAD | DYN Catchall",MONDAY,12,5,5,0,0,confirmed,,
"EX | 26 | CH | SEARCH | LEAD | DYN Catchall",TUESDAY,12,4,2,0,2,unconfirmed,,
"EX | 26 | CH | SEARCH | LEAD | DYN Catchall",WEDNESDAY,12,3,1,0,2,insufficient,,
"EX | 26 | CH | SEARCH | LEAD | DYN Catchall",THURSDAY,12,3,1,0,2,insufficient,,
"EX | 26 | CH | SEARCH | LEAD | DYN Catchall",FRIDAY,12,4,2,0,2,unconfirmed,,
"EX | 26 | CH | SEARCH | LEAD | DYN Catchall",SATURDAY,12,4,1,0,3,confirmed,,
"EX | 26 | CH | SEARCH | LEAD | DYN Catchall",SUNDAY,13,5,3,0,2,unconfirmed,,
"EX | 26 | CH | SEARCH | LEAD | DYN Catchall",MONDAY,13,4,3,0,1,confirmed,,
"EX | 26 | CH | SEARCH | LEAD | DYN Catchall",TUESDAY,13,4,3,0,1,confirmed,,
"EX | 26 | CH | SEARCH | LEAD | DYN Catchall",WEDNESDAY,13,2,2,0,0,insufficient,,
"EX | 26 | CH | SEARCH | LEAD | DYN Catchall",THURSDAY,13,4,4,0,0,confirmed,,
"EX | 26 | CH | SEARCH | LEAD | DYN Catchall",FRIDAY,13,4,2,0,2,unconfirmed,,
"EX | 26 | CH | SEARCH | LEAD | DYN Catchall",SATURDAY,13,4,2,0,2,unconfirmed,,
"EX | 26 | CH | SEARCH | LEAD | DYN Catchall",SUNDAY,14,4,0,0,4,confirmed,,
"EX | 26 | CH | SEARCH | LEAD | DYN Catchall",MONDAY,14,3,2,0,1,insufficient,,
"EX | 26 | CH | SEARCH | LEAD | DYN Catchall",TUESDAY,14,4,1,1,2,unconfirmed,5.66,-89.8
"EX | 26 | CH | SEARCH | LEAD | DYN Catchall",WEDNESDAY,14,2,2,0,0,insufficient,,
"EX | 26 | CH | SEARCH | LEAD | DYN Catchall",THURSDAY,14,3,1,0,2,insufficient,,
"EX | 26 | CH | SEARCH | LEAD | DYN Catchall",FRIDAY,14,4,2,0,2,unconfirmed,,
"EX | 26 | CH | SEARCH | LEAD | DYN Catchall",SATURDAY,14,4,0,0,4,confirmed,,
"EX | 26 | CH | SEARCH | LEAD | DYN Catchall",SUNDAY,15,4,2,1,1,unconfirmed,3.64,-93.5
"EX | 26 | CH | SEARCH | LEAD | DYN Catchall",MONDAY,15,3,3,0,0,insufficient,,
"EX | 26 | CH | SEARCH | LEAD | DYN Catchall",TUESDAY,15,2,2,0,0,insufficient,,
"EX | 26 | CH | SEARCH | LEAD | DYN Catchall",WEDNESDAY,15,2,2,0,0,insufficient,,
"EX | 26 | CH | SEARCH | LEAD | DYN Catchall",THURSDAY,15,3,3,0,0,insufficient,,
"EX | 26 | CH | SEARCH | LEAD | DYN Catchall",FRIDAY,15,4,2,0,2,unconfirmed,,
"EX | 26 | CH | SEARCH | LEAD | DYN Catchall",SATURDAY,15,3,1,0,2,insufficient,,
"EX | 26 | CH | SEARCH | LEAD | DYN Catchall",SUNDAY,16,4,2,0,2,unconfirmed,,
"EX | 26 | CH | SEARCH | LEAD | DYN Catchall",MONDAY,16,2,2,0,0,insufficient,,
"EX | 26 | CH | SEARCH | LEAD | DYN Catchall",TUESDAY,16,1,0,0,1,insufficient,,
"EX | 26 | CH | SEARCH | LEAD | DYN Catchall",WEDNESDAY,16,2,2,0,0,insufficient,,
"EX | 26 | CH | SEARCH | LEAD | DYN Catchall",THURSDAY,16,3,2,1,0,insufficient,13.38,-76.0
"EX | 26 | CH | SEARCH | LEAD | DYN Catchall",FRIDAY,16,3,0,0,3,insufficient,,
"EX | 26 | CH | SEARCH | LEAD | DYN Catchall",SATURDAY,16,4,1,0,3,confirmed,,
"EX | 26 | CH | SEARCH | LEAD | DYN Catchall",SUNDAY,17,4,3,0,1,confirmed,,
"EX | 26 | CH | SEARCH | LEAD | DYN Catchall",MONDAY,17,3,0,0,3,insufficient,,
"EX | 26 | CH | SEARCH | LEAD | DYN Catchall",TUESDAY,17,1,0,0,1,insufficient,,
"EX | 26 | CH | SEARCH | LEAD | DYN Catchall",WEDNESDAY,17,2,2,0,0,insufficient,,
"EX | 26 | CH | SEARCH | LEAD | DYN Catchall",THURSDAY,17,2,1,0,1,insufficient,,
"EX | 26 | CH | SEARCH | LEAD | DYN Catchall",FRIDAY,17,3,0,0,3,insufficient,,
"EX | 26 | CH | SEARCH | LEAD | DYN Catchall",SATURDAY,17,4,1,0,3,confirmed,,
"EX | 26 | CH | SEARCH | LEAD | DYN Catchall",SUNDAY,18,3,0,0,3,insufficient,,
"EX | 26 | CH | SEARCH | LEAD | DYN Catchall",MONDAY,18,2,2,0,0,insufficient,,
"EX | 26 | CH | SEARCH | LEAD | DYN Catchall",TUESDAY,18,1,0,0,1,insufficient,,
"EX | 26 | CH | SEARCH | LEAD | DYN Catchall",WEDNESDAY,18,1,1,0,0,insufficient,,
"EX | 26 | CH | SEARCH | LEAD | DYN Catchall",THURSDAY,18,2,1,0,1,insufficient,,
"EX | 26 | CH | SEARCH | LEAD | DYN Catchall",FRIDAY,18,3,1,0,2,insufficient,,
"EX | 26 | CH | SEARCH | LEAD | DYN Catchall",SATURDAY,18,3,0,0,3,insufficient,,
"EX | 26 | CH | SEARCH | LEAD | DYN Catchall",SUNDAY,19,3,1,0,2,insufficient,,
"EX | 26 | CH | SEARCH | LEAD | DYN Catchall",MONDAY,19,1,1,0,0,insufficient,,
"EX | 26 | CH | SEARCH | LEAD | DYN Catchall",TUESDAY,19,1,1,0,0,insufficient,,
"EX | 26 | CH | SEARCH | LEAD | DYN Catchall",WEDNESDAY,19,1,0,0,1,insufficient,,
"EX | 26 | CH | SEARCH | LEAD | DYN Catchall",THURSDAY,19,2,1,0,1,insufficient,,
"EX | 26 | CH | SEARCH | LEAD | DYN Catchall",FRIDAY,19,3,1,0,2,insufficient,,
"EX | 26 | CH | SEARCH | LEAD | DYN Catchall",SATURDAY,19,4,3,0,1,confirmed,,
"EX | 26 | CH | SEARCH | LEAD | DYN Catchall",SUNDAY,20,3,0,0,3,insufficient,,
"EX | 26 | CH | SEARCH | LEAD | DYN Catchall",MONDAY,20,1,1,0,0,insufficient,,
"EX | 26 | CH | SEARCH | LEAD | DYN Catchall",TUESDAY,20,1,1,0,0,insufficient,,
"EX | 26 | CH | SEARCH | LEAD | DYN Catchall",WEDNESDAY,20,1,0,0,1,insufficient,,
"EX | 26 | CH | SEARCH | LEAD | DYN Catchall",THURSDAY,20,2,0,0,2,insufficient,,
"EX | 26 | CH | SEARCH | LEAD | DYN Catchall",FRIDAY,20,3,2,1,0,insufficient,3.93,-92.9
"EX | 26 | CH | SEARCH | LEAD | DYN Catchall",SATURDAY,20,4,1,0,3,confirmed,,
"EX | 26 | CH | SEARCH | LEAD | DYN Catchall",SUNDAY,21,3,1,0,2,insufficient,,
"EX | 26 | CH | SEARCH | LEAD | DYN Catchall",TUESDAY,21,1,0,0,1,insufficient,,
"EX | 26 | CH | SEARCH | LEAD | DYN Catchall",WEDNESDAY,21,1,0,1,0,insufficient,0.79,-98.6
"EX | 26 | CH | SEARCH | LEAD | DYN Catchall",THURSDAY,21,2,0,0,2,insufficient,,
"EX | 26 | CH | SEARCH | LEAD | DYN Catchall",FRIDAY,21,2,0,0,2,insufficient,,
"EX | 26 | CH | SEARCH | LEAD | DYN Catchall",SATURDAY,21,3,0,0,3,insufficient,,
"EX | 26 | CH | SEARCH | LEAD | DYN Catchall",SUNDAY,22,3,1,0,2,insufficient,,
"EX | 26 | CH | SEARCH | LEAD | DYN Catchall",TUESDAY,22,1,0,0,1,insufficient,,
"EX | 26 | CH | SEARCH | LEAD | DYN Catchall",WEDNESDAY,22,1,0,0,1,insufficient,,
"EX | 26 | CH | SEARCH | LEAD | DYN Catchall",THURSDAY,22,2,0,0,2,insufficient,,
"EX | 26 | CH | SEARCH | LEAD | DYN Catchall",FRIDAY,22,3,0,0,3,insufficient,,
"EX | 26 | CH | SEARCH | LEAD | DYN Catchall",SATURDAY,22,4,1,0,3,confirmed,,
"EX | 26 | CH | SEARCH | LEAD | DYN Catchall",SUNDAY,23,3,1,0,2,insufficient,,
"EX | 26 | CH | SEARCH | LEAD | DYN Catchall",TUESDAY,23,1,0,0,1,insufficient,,
"EX | 26 | CH | SEARCH | LEAD | DYN Catchall",WEDNESDAY,23,1,0,0,1,insufficient,,
"EX | 26 | CH | SEARCH | LEAD | DYN Catchall",THURSDAY,23,2,0,0,2,insufficient,,
"EX | 26 | CH | SEARCH | LEAD | DYN Catchall",FRIDAY,23,3,0,0,3,insufficient,,
"EX | 26 | CH | SEARCH | LEAD | DYN Catchall",SATURDAY,23,4,1,0,3,confirmed,,
"EX | 25 | CH | SEARCH | LEAD | Brand",SUNDAY,0,1,0,0,1,insufficient,,
"EX | 25 | CH | SEARCH | LEAD | Brand",MONDAY,0,2,1,0,1,insufficient,,
"EX | 25 | CH | SEARCH | LEAD | Brand",TUESDAY,0,3,0,0,3,insufficient,,
"EX | 25 | CH | SEARCH | LEAD | Brand",WEDNESDAY,0,1,0,0,1,insufficient,,
"EX | 25 | CH | SEARCH | LEAD | Brand",THURSDAY,0,4,2,0,2,unconfirmed,,
"EX | 25 | CH | SEARCH | LEAD | Brand",FRIDAY,0,2,1,0,1,insufficient,,
"EX | 25 | CH | SEARCH | LEAD | Brand",SATURDAY,0,1,0,0,1,insufficient,,
"EX | 25 | CH | SEARCH | LEAD | Brand",SUNDAY,1,1,1,0,0,insufficient,,
"EX | 25 | CH | SEARCH | LEAD | Brand",MONDAY,1,1,0,0,1,insufficient,,
"EX | 25 | CH | SEARCH | LEAD | Brand",TUESDAY,1,3,0,0,3,insufficient,,
"EX | 25 | CH | SEARCH | LEAD | Brand",WEDNESDAY,1,3,3,0,0,insufficient,,
"EX | 25 | CH | SEARCH | LEAD | Brand",THURSDAY,1,1,1,0,0,insufficient,,
"EX | 25 | CH | SEARCH | LEAD | Brand",FRIDAY,1,1,0,0,1,insufficient,,
"EX | 25 | CH | SEARCH | LEAD | Brand",SATURDAY,1,3,2,0,1,insufficient,,
"EX | 25 | CH | SEARCH | LEAD | Brand",TUESDAY,2,1,0,0,1,insufficient,,
"EX | 25 | CH | SEARCH | LEAD | Brand",WEDNESDAY,2,1,0,0,1,insufficient,,
"EX | 25 | CH | SEARCH | LEAD | Brand",FRIDAY,2,1,0,0,1,insufficient,,
"EX | 25 | CH | SEARCH | LEAD | Brand",SUNDAY,3,1,0,0,1,insufficient,,
"EX | 25 | CH | SEARCH | LEAD | Brand",MONDAY,3,2,1,0,1,insufficient,,
"EX | 25 | CH | SEARCH | LEAD | Brand",TUESDAY,3,2,0,0,2,insufficient,,
"EX | 25 | CH | SEARCH | LEAD | Brand",WEDNESDAY,3,1,1,0,0,insufficient,,
"EX | 25 | CH | SEARCH | LEAD | Brand",THURSDAY,3,2,1,0,1,insufficient,,
"EX | 25 | CH | SEARCH | LEAD | Brand",MONDAY,4,1,0,0,1,insufficient,,
"EX | 25 | CH | SEARCH | LEAD | Brand",TUESDAY,4,2,0,0,2,insufficient,,
"EX | 25 | CH | SEARCH | LEAD | Brand",WEDNESDAY,4,1,1,0,0,insufficient,,
"EX | 25 | CH | SEARCH | LEAD | Brand",FRIDAY,4,1,0,0,1,insufficient,,
"EX | 25 | CH | SEARCH | LEAD | Brand",MONDAY,5,1,0,0,1,insufficient,,
"EX | 25 | CH | SEARCH | LEAD | Brand",TUESDAY,5,2,1,0,1,insufficient,,
"EX | 25 | CH | SEARCH | LEAD | Brand",THURSDAY,5,2,2,0,0,insufficient,,
"EX | 25 | CH | SEARCH | LEAD | Brand",FRIDAY,5,2,1,1,0,insufficient,1.28,-91.5
"EX | 25 | CH | SEARCH | LEAD | Brand",SATURDAY,5,1,0,0,1,insufficient,,
"EX | 25 | CH | SEARCH | LEAD | Brand",MONDAY,6,3,2,0,1,insufficient,,
"EX | 25 | CH | SEARCH | LEAD | Brand",TUESDAY,6,4,3,0,1,confirmed,,
"EX | 25 | CH | SEARCH | LEAD | Brand",WEDNESDAY,6,2,0,0,2,insufficient,,
"EX | 25 | CH | SEARCH | LEAD | Brand",THURSDAY,6,3,1,1,1,insufficient,1.15,-92.4
"EX | 25 | CH | SEARCH | LEAD | Brand",FRIDAY,6,2,1,0,1,insufficient,,
"EX | 25 | CH | SEARCH | LEAD | Brand",SATURDAY,6,2,0,0,2,insufficient,,
"EX | 25 | CH | SEARCH | LEAD | Brand",SUNDAY,7,2,2,0,0,insufficient,,
"EX | 25 | CH | SEARCH | LEAD | Brand",MONDAY,7,4,1,0,3,confirmed,,
"EX | 25 | CH | SEARCH | LEAD | Brand",TUESDAY,7,4,4,0,0,confirmed,,
"EX | 25 | CH | SEARCH | LEAD | Brand",WEDNESDAY,7,4,3,0,1,confirmed,,
"EX | 25 | CH | SEARCH | LEAD | Brand",THURSDAY,7,2,1,0,1,insufficient,,
"EX | 25 | CH | SEARCH | LEAD | Brand",FRIDAY,7,1,1,0,0,insufficient,,
"EX | 25 | CH | SEARCH | LEAD | Brand",SATURDAY,7,2,0,0,2,insufficient,,
"EX | 25 | CH | SEARCH | LEAD | Brand",SUNDAY,8,3,2,0,1,insufficient,,
"EX | 25 | CH | SEARCH | LEAD | Brand",MONDAY,8,5,5,0,0,confirmed,,
"EX | 25 | CH | SEARCH | LEAD | Brand",TUESDAY,8,4,4,0,0,confirmed,,
"EX | 25 | CH | SEARCH | LEAD | Brand",WEDNESDAY,8,4,4,0,0,confirmed,,
"EX | 25 | CH | SEARCH | LEAD | Brand",THURSDAY,8,4,3,1,0,confirmed,2.15,-85.7
"EX | 25 | CH | SEARCH | LEAD | Brand",FRIDAY,8,4,4,0,0,confirmed,,
"EX | 25 | CH | SEARCH | LEAD | Brand",SATURDAY,8,2,2,0,0,insufficient,,
"EX | 25 | CH | SEARCH | LEAD | Brand",SUNDAY,9,4,1,0,3,confirmed,,
"EX | 25 | CH | SEARCH | LEAD | Brand",MONDAY,9,5,5,0,0,confirmed,,
"EX | 25 | CH | SEARCH | LEAD | Brand",TUESDAY,9,4,3,1,0,confirmed,4.72,-68.6
"EX | 25 | CH | SEARCH | LEAD | Brand",WEDNESDAY,9,4,3,1,0,confirmed,9.62,-36.1
"EX | 25 | CH | SEARCH | LEAD | Brand",THURSDAY,9,4,3,0,1,confirmed,,
"EX | 25 | CH | SEARCH | LEAD | Brand",FRIDAY,9,4,4,0,0,confirmed,,
"EX | 25 | CH | SEARCH | LEAD | Brand",SATURDAY,9,3,2,0,1,insufficient,,
"EX | 25 | CH | SEARCH | LEAD | Brand",SUNDAY,10,4,2,0,2,unconfirmed,,
"EX | 25 | CH | SEARCH | LEAD | Brand",MONDAY,10,5,3,1,1,unconfirmed,3.34,-77.8
"EX | 25 | CH | SEARCH | LEAD | Brand",TUESDAY,10,4,3,1,0,confirmed,12.41,-17.6
"EX | 25 | CH | SEARCH | LEAD | Brand",WEDNESDAY,10,4,4,0,0,confirmed,,
"EX | 25 | CH | SEARCH | LEAD | Brand",THURSDAY,10,4,4,0,0,confirmed,,
"EX | 25 | CH | SEARCH | LEAD | Brand",FRIDAY,10,4,4,0,0,confirmed,,
"EX | 25 | CH | SEARCH | LEAD | Brand",SATURDAY,10,4,1,0,3,confirmed,,
"EX | 25 | CH | SEARCH | LEAD | Brand",SUNDAY,11,4,2,1,1,unconfirmed,1.84,-87.8
"EX | 25 | CH | SEARCH | LEAD | Brand",MONDAY,11,5,5,0,0,confirmed,,
"EX | 25 | CH | SEARCH | LEAD | Brand",TUESDAY,11,4,4,0,0,confirmed,,
"EX | 25 | CH | SEARCH | LEAD | Brand",WEDNESDAY,11,4,2,2,0,unconfirmed,0.94,-93.8
"EX | 25 | CH | SEARCH | LEAD | Brand",THURSDAY,11,4,3,1,0,confirmed,7.23,-52.0
"EX | 25 | CH | SEARCH | LEAD | Brand",FRIDAY,11,4,3,0,1,confirmed,,
"EX | 25 | CH | SEARCH | LEAD | Brand",SATURDAY,11,3,1,0,2,insufficient,,
"EX | 25 | CH | SEARCH | LEAD | Brand",SUNDAY,12,4,3,0,1,confirmed,,
"EX | 25 | CH | SEARCH | LEAD | Brand",MONDAY,12,5,5,0,0,confirmed,,
"EX | 25 | CH | SEARCH | LEAD | Brand",TUESDAY,12,4,4,0,0,confirmed,,
"EX | 25 | CH | SEARCH | LEAD | Brand",WEDNESDAY,12,4,3,1,0,confirmed,5.89,-60.9
"EX | 25 | CH | SEARCH | LEAD | Brand",THURSDAY,12,4,2,1,1,unconfirmed,7.81,-48.1
"EX | 25 | CH | SEARCH | LEAD | Brand",FRIDAY,12,4,4,0,0,confirmed,,
"EX | 25 | CH | SEARCH | LEAD | Brand",SATURDAY,12,2,2,0,0,insufficient,,
"EX | 25 | CH | SEARCH | LEAD | Brand",SUNDAY,13,5,5,0,0,confirmed,,
"EX | 25 | CH | SEARCH | LEAD | Brand",MONDAY,13,5,5,0,0,confirmed,,
"EX | 25 | CH | SEARCH | LEAD | Brand",TUESDAY,13,3,3,0,0,insufficient,,
"EX | 25 | CH | SEARCH | LEAD | Brand",WEDNESDAY,13,4,4,0,0,confirmed,,
"EX | 25 | CH | SEARCH | LEAD | Brand",THURSDAY,13,4,4,0,0,confirmed,,
"EX | 25 | CH | SEARCH | LEAD | Brand",FRIDAY,13,2,1,1,0,insufficient,1.01,-93.3
"EX | 25 | CH | SEARCH | LEAD | Brand",SATURDAY,13,3,2,0,1,insufficient,,
"EX | 25 | CH | SEARCH | LEAD | Brand",SUNDAY,14,4,3,1,0,confirmed,5.75,-61.8
"EX | 25 | CH | SEARCH | LEAD | Brand",MONDAY,14,5,5,0,0,confirmed,,
"EX | 25 | CH | SEARCH | LEAD | Brand",TUESDAY,14,3,2,1,0,insufficient,3.78,-74.9
"EX | 25 | CH | SEARCH | LEAD | Brand",WEDNESDAY,14,4,3,0,1,confirmed,,
"EX | 25 | CH | SEARCH | LEAD | Brand",THURSDAY,14,4,4,0,0,confirmed,,
"EX | 25 | CH | SEARCH | LEAD | Brand",FRIDAY,14,4,3,1,0,confirmed,4.25,-71.8
"EX | 25 | CH | SEARCH | LEAD | Brand",SATURDAY,14,2,2,0,0,insufficient,,
"EX | 25 | CH | SEARCH | LEAD | Brand",SUNDAY,15,4,2,0,2,unconfirmed,,
"EX | 25 | CH | SEARCH | LEAD | Brand",MONDAY,15,4,4,0,0,confirmed,,
"EX | 25 | CH | SEARCH | LEAD | Brand",TUESDAY,15,3,2,1,0,insufficient,14.08,-6.5
"EX | 25 | CH | SEARCH | LEAD | Brand",WEDNESDAY,15,4,3,0,1,confirmed,,
"EX | 25 | CH | SEARCH | LEAD | Brand",THURSDAY,15,4,4,0,0,confirmed,,
"EX | 25 | CH | SEARCH | LEAD | Brand",FRIDAY,15,4,4,0,0,confirmed,,
"EX | 25 | CH | SEARCH | LEAD | Brand",SATURDAY,15,3,1,0,2,insufficient,,
"EX | 25 | CH | SEARCH | LEAD | Brand",SUNDAY,16,5,1,1,3,unconfirmed,0.79,-94.8
"EX | 25 | CH | SEARCH | LEAD | Brand",MONDAY,16,5,5,0,0,confirmed,,
"EX | 25 | CH | SEARCH | LEAD | Brand",TUESDAY,16,2,2,0,0,insufficient,,
"EX | 25 | CH | SEARCH | LEAD | Brand",WEDNESDAY,16,3,3,0,0,insufficient,,
"EX | 25 | CH | SEARCH | LEAD | Brand",THURSDAY,16,4,4,0,0,confirmed,,
"EX | 25 | CH | SEARCH | LEAD | Brand",FRIDAY,16,4,3,1,0,confirmed,8.13,-46.0
"EX | 25 | CH | SEARCH | LEAD | Brand",SATURDAY,16,2,0,0,2,insufficient,,
"EX | 25 | CH | SEARCH | LEAD | Brand",SUNDAY,17,5,2,1,2,unconfirmed,1.52,-89.9
"EX | 25 | CH | SEARCH | LEAD | Brand",MONDAY,17,3,2,0,1,insufficient,,
"EX | 25 | CH | SEARCH | LEAD | Brand",TUESDAY,17,2,2,0,0,insufficient,,
"EX | 25 | CH | SEARCH | LEAD | Brand",WEDNESDAY,17,4,1,0,3,confirmed,,
"EX | 25 | CH | SEARCH | LEAD | Brand",THURSDAY,17,2,2,0,0,insufficient,,
"EX | 25 | CH | SEARCH | LEAD | Brand",FRIDAY,17,3,1,1,1,insufficient,3.72,-75.3
"EX | 25 | CH | SEARCH | LEAD | Brand",SATURDAY,17,2,1,0,1,insufficient,,
"EX | 25 | CH | SEARCH | LEAD | Brand",SUNDAY,18,5,4,0,1,confirmed,,
"EX | 25 | CH | SEARCH | LEAD | Brand",MONDAY,18,3,3,0,0,insufficient,,
"EX | 25 | CH | SEARCH | LEAD | Brand",TUESDAY,18,2,1,0,1,insufficient,,
"EX | 25 | CH | SEARCH | LEAD | Brand",WEDNESDAY,18,3,2,0,1,insufficient,,
"EX | 25 | CH | SEARCH | LEAD | Brand",THURSDAY,18,3,3,0,0,insufficient,,
"EX | 25 | CH | SEARCH | LEAD | Brand",FRIDAY,18,1,0,1,0,insufficient,0.96,-93.6
"EX | 25 | CH | SEARCH | LEAD | Brand",SATURDAY,18,3,1,0,2,insufficient,,
"EX | 25 | CH | SEARCH | LEAD | Brand",SUNDAY,19,5,3,1,1,unconfirmed,5.18,-65.6
"EX | 25 | CH | SEARCH | LEAD | Brand",MONDAY,19,2,2,0,0,insufficient,,
"EX | 25 | CH | SEARCH | LEAD | Brand",TUESDAY,19,2,2,0,0,insufficient,,
"EX | 25 | CH | SEARCH | LEAD | Brand",WEDNESDAY,19,3,3,0,0,insufficient,,
"EX | 25 | CH | SEARCH | LEAD | Brand",THURSDAY,19,2,2,0,0,insufficient,,
"EX | 25 | CH | SEARCH | LEAD | Brand",FRIDAY,19,2,1,0,1,insufficient,,
"EX | 25 | CH | SEARCH | LEAD | Brand",SATURDAY,19,3,3,0,0,insufficient,,
"EX | 25 | CH | SEARCH | LEAD | Brand",SUNDAY,20,4,1,1,2,unconfirmed,3.19,-78.8
"EX | 25 | CH | SEARCH | LEAD | Brand",MONDAY,20,1,1,0,0,insufficient,,
"EX | 25 | CH | SEARCH | LEAD | Brand",TUESDAY,20,2,2,0,0,insufficient,,
"EX | 25 | CH | SEARCH | LEAD | Brand",WEDNESDAY,20,1,1,0,0,insufficient,,
"EX | 25 | CH | SEARCH | LEAD | Brand",THURSDAY,20,1,0,0,1,insufficient,,
"EX | 25 | CH | SEARCH | LEAD | Brand",FRIDAY,20,1,1,0,0,insufficient,,
"EX | 25 | CH | SEARCH | LEAD | Brand",SATURDAY,20,2,1,0,1,insufficient,,
"EX | 25 | CH | SEARCH | LEAD | Brand",SUNDAY,21,5,4,0,1,confirmed,,
"EX | 25 | CH | SEARCH | LEAD | Brand",MONDAY,21,1,0,0,1,insufficient,,
"EX | 25 | CH | SEARCH | LEAD | Brand",TUESDAY,21,2,1,0,1,insufficient,,
"EX | 25 | CH | SEARCH | LEAD | Brand",THURSDAY,21,2,0,1,1,insufficient,0.22,-98.5
"EX | 25 | CH | SEARCH | LEAD | Brand",FRIDAY,21,1,1,0,0,insufficient,,
"EX | 25 | CH | SEARCH | LEAD | Brand",SATURDAY,21,2,0,0,2,insufficient,,
"EX | 25 | CH | SEARCH | LEAD | Brand",SUNDAY,22,4,4,0,0,confirmed,,
"EX | 25 | CH | SEARCH | LEAD | Brand",MONDAY,22,1,0,0,1,insufficient,,
"EX | 25 | CH | SEARCH | LEAD | Brand",TUESDAY,22,1,1,0,0,insufficient,,
"EX | 25 | CH | SEARCH | LEAD | Brand",WEDNESDAY,22,1,1,0,0,insufficient,,
"EX | 25 | CH | SEARCH | LEAD | Brand",SATURDAY,22,4,3,0,1,confirmed,,
"EX | 25 | CH | SEARCH | LEAD | Brand",SUNDAY,23,4,0,0,4,confirmed,,
"EX | 25 | CH | SEARCH | LEAD | Brand",MONDAY,23,1,0,0,1,insufficient,,
"EX | 25 | CH | SEARCH | LEAD | Brand",TUESDAY,23,1,0,0,1,insufficient,,
"EX | 25 | CH | SEARCH | LEAD | Brand",THURSDAY,23,2,2,0,0,insufficient,,
"EX | 25 | CH | SEARCH | LEAD | Brand",SATURDAY,23,2,0,0,2,insufficient,,
"EX | 26 | CH | SEARCH | LEAD | Maler",SUNDAY,0,3,0,0,3,insufficient,,
"EX | 26 | CH | SEARCH | LEAD | Maler",MONDAY,0,4,0,0,4,confirmed,,
"EX | 26 | CH | SEARCH | LEAD | Maler",WEDNESDAY,0,3,1,0,2,insufficient,,
"EX | 26 | CH | SEARCH | LEAD | Maler",THURSDAY,0,4,1,0,3,confirmed,,
"EX | 26 | CH | SEARCH | LEAD | Maler",FRIDAY,0,1,0,0,1,insufficient,,
"EX | 26 | CH | SEARCH | LEAD | Maler",SUNDAY,1,4,1,0,3,confirmed,,
"EX | 26 | CH | SEARCH | LEAD | Maler",MONDAY,1,3,0,0,3,insufficient,,
"EX | 26 | CH | SEARCH | LEAD | Maler",TUESDAY,1,3,1,0,2,insufficient,,
"EX | 26 | CH | SEARCH | LEAD | Maler",WEDNESDAY,1,2,0,0,2,insufficient,,
"EX | 26 | CH | SEARCH | LEAD | Maler",THURSDAY,1,4,1,0,3,confirmed,,
"EX | 26 | CH | SEARCH | LEAD | Maler",SATURDAY,1,2,0,0,2,insufficient,,
"EX | 26 | CH | SEARCH | LEAD | Maler",SUNDAY,2,2,0,0,2,insufficient,,
"EX | 26 | CH | SEARCH | LEAD | Maler",MONDAY,2,3,2,0,1,insufficient,,
"EX | 26 | CH | SEARCH | LEAD | Maler",TUESDAY,2,2,1,0,1,insufficient,,
"EX | 26 | CH | SEARCH | LEAD | Maler",WEDNESDAY,2,2,1,0,1,insufficient,,
"EX | 26 | CH | SEARCH | LEAD | Maler",THURSDAY,2,2,0,0,2,insufficient,,
"EX | 26 | CH | SEARCH | LEAD | Maler",SATURDAY,2,1,0,0,1,insufficient,,
"EX | 26 | CH | SEARCH | LEAD | Maler",SUNDAY,3,2,1,0,1,insufficient,,
"EX | 26 | CH | SEARCH | LEAD | Maler",MONDAY,3,2,0,0,2,insufficient,,
"EX | 26 | CH | SEARCH | LEAD | Maler",TUESDAY,3,1,0,0,1,insufficient,,
"EX | 26 | CH | SEARCH | LEAD | Maler",WEDNESDAY,3,1,0,0,1,insufficient,,
"EX | 26 | CH | SEARCH | LEAD | Maler",THURSDAY,3,1,0,0,1,insufficient,,
"EX | 26 | CH | SEARCH | LEAD | Maler",FRIDAY,3,2,0,0,2,insufficient,,
"EX | 26 | CH | SEARCH | LEAD | Maler",SATURDAY,3,2,0,0,2,insufficient,,
"EX | 26 | CH | SEARCH | LEAD | Maler",SUNDAY,4,2,0,0,2,insufficient,,
"EX | 26 | CH | SEARCH | LEAD | Maler",MONDAY,4,3,0,0,3,insufficient,,
"EX | 26 | CH | SEARCH | LEAD | Maler",TUESDAY,4,1,0,0,1,insufficient,,
"EX | 26 | CH | SEARCH | LEAD | Maler",WEDNESDAY,4,2,0,0,2,insufficient,,
"EX | 26 | CH | SEARCH | LEAD | Maler",THURSDAY,4,1,0,0,1,insufficient,,
"EX | 26 | CH | SEARCH | LEAD | Maler",SATURDAY,4,1,0,0,1,insufficient,,
"EX | 26 | CH | SEARCH | LEAD | Maler",SUNDAY,5,1,0,0,1,insufficient,,
"EX | 26 | CH | SEARCH | LEAD | Maler",MONDAY,5,2,0,0,2,insufficient,,
"EX | 26 | CH | SEARCH | LEAD | Maler",TUESDAY,5,1,0,0,1,insufficient,,
"EX | 26 | CH | SEARCH | LEAD | Maler",WEDNESDAY,5,2,0,0,2,insufficient,,
"EX | 26 | CH | SEARCH | LEAD | Maler",THURSDAY,5,1,0,0,1,insufficient,,
"EX | 26 | CH | SEARCH | LEAD | Maler",SUNDAY,6,1,0,0,1,insufficient,,
"EX | 26 | CH | SEARCH | LEAD | Maler",MONDAY,6,4,1,0,3,confirmed,,
"EX | 26 | CH | SEARCH | LEAD | Maler",TUESDAY,6,3,1,0,2,insufficient,,
"EX | 26 | CH | SEARCH | LEAD | Maler",WEDNESDAY,6,2,1,0,1,insufficient,,
"EX | 26 | CH | SEARCH | LEAD | Maler",THURSDAY,6,3,1,0,2,insufficient,,
"EX | 26 | CH | SEARCH | LEAD | Maler",SATURDAY,6,1,0,0,1,insufficient,,
"EX | 26 | CH | SEARCH | LEAD | Maler",SUNDAY,7,2,1,0,1,insufficient,,
"EX | 26 | CH | SEARCH | LEAD | Maler",MONDAY,7,5,1,0,4,confirmed,,
"EX | 26 | CH | SEARCH | LEAD | Maler",TUESDAY,7,4,1,0,3,confirmed,,
"EX | 26 | CH | SEARCH | LEAD | Maler",WEDNESDAY,7,3,1,0,2,insufficient,,
"EX | 26 | CH | SEARCH | LEAD | Maler",THURSDAY,7,3,1,0,2,insufficient,,
"EX | 26 | CH | SEARCH | LEAD | Maler",FRIDAY,7,2,0,0,2,insufficient,,
"EX | 26 | CH | SEARCH | LEAD | Maler",SATURDAY,7,2,1,0,1,insufficient,,
"EX | 26 | CH | SEARCH | LEAD | Maler",SUNDAY,8,3,1,0,2,insufficient,,
"EX | 26 | CH | SEARCH | LEAD | Maler",MONDAY,8,5,2,0,3,unconfirmed,,
"EX | 26 | CH | SEARCH | LEAD | Maler",TUESDAY,8,4,1,0,3,confirmed,,
"EX | 26 | CH | SEARCH | LEAD | Maler",WEDNESDAY,8,3,1,0,2,insufficient,,
"EX | 26 | CH | SEARCH | LEAD | Maler",THURSDAY,8,3,1,0,2,insufficient,,
"EX | 26 | CH | SEARCH | LEAD | Maler",FRIDAY,8,4,1,0,3,confirmed,,
"EX | 26 | CH | SEARCH | LEAD | Maler",SATURDAY,8,3,0,0,3,insufficient,,
"EX | 26 | CH | SEARCH | LEAD | Maler",SUNDAY,9,4,1,0,3,confirmed,,
"EX | 26 | CH | SEARCH | LEAD | Maler",MONDAY,9,5,2,0,3,unconfirmed,,
"EX | 26 | CH | SEARCH | LEAD | Maler",TUESDAY,9,4,1,0,3,confirmed,,
"EX | 26 | CH | SEARCH | LEAD | Maler",WEDNESDAY,9,4,2,0,2,unconfirmed,,
"EX | 26 | CH | SEARCH | LEAD | Maler",THURSDAY,9,2,0,0,2,insufficient,,
"EX | 26 | CH | SEARCH | LEAD | Maler",FRIDAY,9,3,2,0,1,insufficient,,
"EX | 26 | CH | SEARCH | LEAD | Maler",SATURDAY,9,3,1,0,2,insufficient,,
"EX | 26 | CH | SEARCH | LEAD | Maler",SUNDAY,10,4,1,0,3,confirmed,,
"EX | 26 | CH | SEARCH | LEAD | Maler",MONDAY,10,5,3,1,1,unconfirmed,9.59,-88.5
"EX | 26 | CH | SEARCH | LEAD | Maler",TUESDAY,10,4,2,0,2,unconfirmed,,
"EX | 26 | CH | SEARCH | LEAD | Maler",WEDNESDAY,10,4,3,0,1,confirmed,,
"EX | 26 | CH | SEARCH | LEAD | Maler",THURSDAY,10,3,3,0,0,insufficient,,
"EX | 26 | CH | SEARCH | LEAD | Maler",FRIDAY,10,4,1,0,3,confirmed,,
"EX | 26 | CH | SEARCH | LEAD | Maler",SATURDAY,10,4,3,0,1,confirmed,,
"EX | 26 | CH | SEARCH | LEAD | Maler",SUNDAY,11,3,2,0,1,insufficient,,
"EX | 26 | CH | SEARCH | LEAD | Maler",MONDAY,11,5,4,0,1,confirmed,,
"EX | 26 | CH | SEARCH | LEAD | Maler",TUESDAY,11,4,1,0,3,confirmed,,
"EX | 26 | CH | SEARCH | LEAD | Maler",WEDNESDAY,11,3,2,0,1,insufficient,,
"EX | 26 | CH | SEARCH | LEAD | Maler",THURSDAY,11,4,0,0,4,confirmed,,
"EX | 26 | CH | SEARCH | LEAD | Maler",FRIDAY,11,4,0,0,4,confirmed,,
"EX | 26 | CH | SEARCH | LEAD | Maler",SATURDAY,11,3,1,0,2,insufficient,,
"EX | 26 | CH | SEARCH | LEAD | Maler",SUNDAY,12,4,3,0,1,confirmed,,
"EX | 26 | CH | SEARCH | LEAD | Maler",MONDAY,12,4,3,0,1,confirmed,,
"EX | 26 | CH | SEARCH | LEAD | Maler",TUESDAY,12,4,3,0,1,confirmed,,
"EX | 26 | CH | SEARCH | LEAD | Maler",WEDNESDAY,12,4,3,0,1,confirmed,,
"EX | 26 | CH | SEARCH | LEAD | Maler",THURSDAY,12,3,2,0,1,insufficient,,
"EX | 26 | CH | SEARCH | LEAD | Maler",FRIDAY,12,4,1,0,3,confirmed,,
"EX | 26 | CH | SEARCH | LEAD | Maler",SATURDAY,12,3,1,0,2,insufficient,,
"EX | 26 | CH | SEARCH | LEAD | Maler",SUNDAY,13,3,1,0,2,insufficient,,
"EX | 26 | CH | SEARCH | LEAD | Maler",MONDAY,13,3,2,0,1,insufficient,,
"EX | 26 | CH | SEARCH | LEAD | Maler",TUESDAY,13,4,4,0,0,confirmed,,
"EX | 26 | CH | SEARCH | LEAD | Maler",WEDNESDAY,13,3,2,0,1,insufficient,,
"EX | 26 | CH | SEARCH | LEAD | Maler",THURSDAY,13,4,1,0,3,confirmed,,
"EX | 26 | CH | SEARCH | LEAD | Maler",FRIDAY,13,3,0,0,3,insufficient,,
"EX | 26 | CH | SEARCH | LEAD | Maler",SATURDAY,13,3,1,0,2,insufficient,,
"EX | 26 | CH | SEARCH | LEAD | Maler",SUNDAY,14,4,2,0,2,unconfirmed,,
"EX | 26 | CH | SEARCH | LEAD | Maler",MONDAY,14,4,2,0,2,unconfirmed,,
"EX | 26 | CH | SEARCH | LEAD | Maler",TUESDAY,14,3,3,0,0,insufficient,,
"EX | 26 | CH | SEARCH | LEAD | Maler",WEDNESDAY,14,2,1,0,1,insufficient,,
"EX | 26 | CH | SEARCH | LEAD | Maler",THURSDAY,14,2,1,0,1,insufficient,,
"EX | 26 | CH | SEARCH | LEAD | Maler",FRIDAY,14,2,1,0,1,insufficient,,
"EX | 26 | CH | SEARCH | LEAD | Maler",SATURDAY,14,3,2,0,1,insufficient,,
"EX | 26 | CH | SEARCH | LEAD | Maler",SUNDAY,15,2,0,1,1,insufficient,0.94,-98.9
"EX | 26 | CH | SEARCH | LEAD | Maler",MONDAY,15,4,4,0,0,confirmed,,
"EX | 26 | CH | SEARCH | LEAD | Maler",TUESDAY,15,2,0,0,2,insufficient,,
"EX | 26 | CH | SEARCH | LEAD | Maler",WEDNESDAY,15,2,1,0,1,insufficient,,
"EX | 26 | CH | SEARCH | LEAD | Maler",THURSDAY,15,4,2,0,2,unconfirmed,,
"EX | 26 | CH | SEARCH | LEAD | Maler",FRIDAY,15,3,2,0,1,insufficient,,
"EX | 26 | CH | SEARCH | LEAD | Maler",SATURDAY,15,2,2,0,0,insufficient,,
"EX | 26 | CH | SEARCH | LEAD | Maler",SUNDAY,16,4,1,0,3,confirmed,,
"EX | 26 | CH | SEARCH | LEAD | Maler",MONDAY,16,3,2,0,1,insufficient,,
"EX | 26 | CH | SEARCH | LEAD | Maler",TUESDAY,16,2,1,0,1,insufficient,,
"EX | 26 | CH | SEARCH | LEAD | Maler",WEDNESDAY,16,2,1,0,1,insufficient,,
"EX | 26 | CH | SEARCH | LEAD | Maler",THURSDAY,16,3,1,0,2,insufficient,,
"EX | 26 | CH | SEARCH | LEAD | Maler",FRIDAY,16,2,0,0,2,insufficient,,
"EX | 26 | CH | SEARCH | LEAD | Maler",SATURDAY,16,2,1,0,1,insufficient,,
"EX | 26 | CH | SEARCH | LEAD | Maler",SUNDAY,17,4,2,0,2,unconfirmed,,
"EX | 26 | CH | SEARCH | LEAD | Maler",MONDAY,17,3,2,0,1,insufficient,,
"EX | 26 | CH | SEARCH | LEAD | Maler",TUESDAY,17,2,1,0,1,insufficient,,
"EX | 26 | CH | SEARCH | LEAD | Maler",WEDNESDAY,17,1,1,0,0,insufficient,,
"EX | 26 | CH | SEARCH | LEAD | Maler",THURSDAY,17,3,1,0,2,insufficient,,
"EX | 26 | CH | SEARCH | LEAD | Maler",FRIDAY,17,3,0,0,3,insufficient,,
"EX | 26 | CH | SEARCH | LEAD | Maler",SATURDAY,17,3,1,0,2,insufficient,,
"EX | 26 | CH | SEARCH | LEAD | Maler",SUNDAY,18,4,2,0,2,unconfirmed,,
"EX | 26 | CH | SEARCH | LEAD | Maler",MONDAY,18,1,0,0,1,insufficient,,
"EX | 26 | CH | SEARCH | LEAD | Maler",TUESDAY,18,2,1,1,0,insufficient,2.95,-96.5
"EX | 26 | CH | SEARCH | LEAD | Maler",THURSDAY,18,3,0,0,3,insufficient,,
"EX | 26 | CH | SEARCH | LEAD | Maler",FRIDAY,18,4,1,0,3,confirmed,,
"EX | 26 | CH | SEARCH | LEAD | Maler",SATURDAY,18,3,1,0,2,insufficient,,
"EX | 26 | CH | SEARCH | LEAD | Maler",SUNDAY,19,4,1,0,3,confirmed,,
"EX | 26 | CH | SEARCH | LEAD | Maler",MONDAY,19,1,0,0,1,insufficient,,
"EX | 26 | CH | SEARCH | LEAD | Maler",TUESDAY,19,1,0,0,1,insufficient,,
"EX | 26 | CH | SEARCH | LEAD | Maler",THURSDAY,19,3,0,0,3,insufficient,,
"EX | 26 | CH | SEARCH | LEAD | Maler",FRIDAY,19,4,0,0,4,confirmed,,
"EX | 26 | CH | SEARCH | LEAD | Maler",SATURDAY,19,2,1,0,1,insufficient,,
"EX | 26 | CH | SEARCH | LEAD | Maler",SUNDAY,20,4,2,0,2,unconfirmed,,
"EX | 26 | CH | SEARCH | LEAD | Maler",MONDAY,20,1,1,0,0,insufficient,,
"EX | 26 | CH | SEARCH | LEAD | Maler",TUESDAY,20,1,0,0,1,insufficient,,
"EX | 26 | CH | SEARCH | LEAD | Maler",THURSDAY,20,4,1,0,3,confirmed,,
"EX | 26 | CH | SEARCH | LEAD | Maler",FRIDAY,20,4,2,1,1,unconfirmed,15.11,-81.9
"EX | 26 | CH | SEARCH | LEAD | Maler",SATURDAY,20,2,1,0,1,insufficient,,
"EX | 26 | CH | SEARCH | LEAD | Maler",SUNDAY,21,3,1,0,2,insufficient,,
"EX | 26 | CH | SEARCH | LEAD | Maler",TUESDAY,21,1,1,0,0,insufficient,,
"EX | 26 | CH | SEARCH | LEAD | Maler",THURSDAY,21,4,1,0,3,confirmed,,
"EX | 26 | CH | SEARCH | LEAD | Maler",FRIDAY,21,2,0,0,2,insufficient,,
"EX | 26 | CH | SEARCH | LEAD | Maler",SATURDAY,21,2,0,0,2,insufficient,,
"EX | 26 | CH | SEARCH | LEAD | Maler",SUNDAY,22,3,1,0,2,insufficient,,
"EX | 26 | CH | SEARCH | LEAD | Maler",THURSDAY,22,4,2,0,2,unconfirmed,,
"EX | 26 | CH | SEARCH | LEAD | Maler",FRIDAY,22,3,2,0,1,insufficient,,
"EX | 26 | CH | SEARCH | LEAD | Maler",SATURDAY,22,2,0,0,2,insufficient,,
"EX | 26 | CH | SEARCH | LEAD | Maler",SUNDAY,23,2,0,0,2,insufficient,,
"EX | 26 | CH | SEARCH | LEAD | Maler",THURSDAY,23,2,0,0,2,insufficient,,
"EX | 26 | CH | SEARCH | LEAD | Maler",FRIDAY,23,1,1,0,0,insufficient,,
"EX | 26 | CH | SEARCH | LEAD | Maler",SATURDAY,23,2,0,0,2,insufficient,,
"EX | 25 | CH | SEARCH | LEAD | Montage-Elektriker",SUNDAY,0,3,0,0,3,insufficient,,
"EX | 25 | CH | SEARCH | LEAD | Montage-Elektriker",MONDAY,0,2,0,0,2,insufficient,,
"EX | 25 | CH | SEARCH | LEAD | Montage-Elektriker",TUESDAY,0,3,0,0,3,insufficient,,
"EX | 25 | CH | SEARCH | LEAD | Montage-Elektriker",WEDNESDAY,0,1,1,0,0,insufficient,,
"EX | 25 | CH | SEARCH | LEAD | Montage-Elektriker",FRIDAY,0,3,1,0,2,insufficient,,
"EX | 25 | CH | SEARCH | LEAD | Montage-Elektriker",SUNDAY,1,1,0,0,1,insufficient,,
"EX | 25 | CH | SEARCH | LEAD | Montage-Elektriker",MONDAY,1,1,0,0,1,insufficient,,
"EX | 25 | CH | SEARCH | LEAD | Montage-Elektriker",TUESDAY,1,3,1,0,2,insufficient,,
"EX | 25 | CH | SEARCH | LEAD | Montage-Elektriker",WEDNESDAY,1,1,0,0,1,insufficient,,
"EX | 25 | CH | SEARCH | LEAD | Montage-Elektriker",SATURDAY,1,1,0,0,1,insufficient,,
"EX | 25 | CH | SEARCH | LEAD | Montage-Elektriker",SUNDAY,2,1,0,0,1,insufficient,,
"EX | 25 | CH | SEARCH | LEAD | Montage-Elektriker",MONDAY,2,1,0,0,1,insufficient,,
"EX | 25 | CH | SEARCH | LEAD | Montage-Elektriker",TUESDAY,2,2,0,0,2,insufficient,,
"EX | 25 | CH | SEARCH | LEAD | Montage-Elektriker",WEDNESDAY,2,1,0,0,1,insufficient,,
"EX | 25 | CH | SEARCH | LEAD | Montage-Elektriker",THURSDAY,2,1,0,0,1,insufficient,,
"EX | 25 | CH | SEARCH | LEAD | Montage-Elektriker",SATURDAY,2,1,0,0,1,insufficient,,
"EX | 25 | CH | SEARCH | LEAD | Montage-Elektriker",SUNDAY,3,1,0,0,1,insufficient,,
"EX | 25 | CH | SEARCH | LEAD | Montage-Elektriker",MONDAY,3,1,1,0,0,insufficient,,
"EX | 25 | CH | SEARCH | LEAD | Montage-Elektriker",TUESDAY,3,2,0,0,2,insufficient,,
"EX | 25 | CH | SEARCH | LEAD | Montage-Elektriker",WEDNESDAY,3,1,0,0,1,insufficient,,
"EX | 25 | CH | SEARCH | LEAD | Montage-Elektriker",SATURDAY,3,2,0,0,2,insufficient,,
"EX | 25 | CH | SEARCH | LEAD | Montage-Elektriker",SUNDAY,4,1,1,0,0,insufficient,,
"EX | 25 | CH | SEARCH | LEAD | Montage-Elektriker",WEDNESDAY,4,2,1,0,1,insufficient,,
"EX | 25 | CH | SEARCH | LEAD | Montage-Elektriker",THURSDAY,4,1,1,0,0,insufficient,,
"EX | 25 | CH | SEARCH | LEAD | Montage-Elektriker",FRIDAY,4,2,0,0,2,insufficient,,
"EX | 25 | CH | SEARCH | LEAD | Montage-Elektriker",SUNDAY,5,1,0,0,1,insufficient,,
"EX | 25 | CH | SEARCH | LEAD | Montage-Elektriker",MONDAY,5,1,0,0,1,insufficient,,
"EX | 25 | CH | SEARCH | LEAD | Montage-Elektriker",TUESDAY,5,2,1,0,1,insufficient,,
"EX | 25 | CH | SEARCH | LEAD | Montage-Elektriker",WEDNESDAY,5,1,0,0,1,insufficient,,
"EX | 25 | CH | SEARCH | LEAD | Montage-Elektriker",THURSDAY,5,2,0,0,2,insufficient,,
"EX | 25 | CH | SEARCH | LEAD | Montage-Elektriker",FRIDAY,5,2,0,0,2,insufficient,,
"EX | 25 | CH | SEARCH | LEAD | Montage-Elektriker",SATURDAY,5,1,0,0,1,insufficient,,
"EX | 25 | CH | SEARCH | LEAD | Montage-Elektriker",SUNDAY,6,1,0,0,1,insufficient,,
"EX | 25 | CH | SEARCH | LEAD | Montage-Elektriker",MONDAY,6,4,1,0,3,confirmed,,
"EX | 25 | CH | SEARCH | LEAD | Montage-Elektriker",TUESDAY,6,3,1,0,2,insufficient,,
"EX | 25 | CH | SEARCH | LEAD | Montage-Elektriker",WEDNESDAY,6,3,2,0,1,insufficient,,
"EX | 25 | CH | SEARCH | LEAD | Montage-Elektriker",THURSDAY,6,3,0,0,3,insufficient,,
"EX | 25 | CH | SEARCH | LEAD | Montage-Elektriker",FRIDAY,6,1,0,0,1,insufficient,,
"EX | 25 | CH | SEARCH | LEAD | Montage-Elektriker",SUNDAY,7,1,0,0,1,insufficient,,
"EX | 25 | CH | SEARCH | LEAD | Montage-Elektriker",MONDAY,7,4,0,0,4,confirmed,,
"EX | 25 | CH | SEARCH | LEAD | Montage-Elektriker",TUESDAY,7,3,2,0,1,insufficient,,
"EX | 25 | CH | SEARCH | LEAD | Montage-Elektriker",WEDNESDAY,7,3,0,0,3,insufficient,,
"EX | 25 | CH | SEARCH | LEAD | Montage-Elektriker",THURSDAY,7,4,2,0,2,unconfirmed,,
"EX | 25 | CH | SEARCH | LEAD | Montage-Elektriker",FRIDAY,7,2,0,0,2,insufficient,,
"EX | 25 | CH | SEARCH | LEAD | Montage-Elektriker",SATURDAY,7,1,0,0,1,insufficient,,
"EX | 25 | CH | SEARCH | LEAD | Montage-Elektriker",SUNDAY,8,2,1,0,1,insufficient,,
"EX | 25 | CH | SEARCH | LEAD | Montage-Elektriker",MONDAY,8,5,2,0,3,unconfirmed,,
"EX | 25 | CH | SEARCH | LEAD | Montage-Elektriker",TUESDAY,8,3,0,0,3,insufficient,,
"EX | 25 | CH | SEARCH | LEAD | Montage-Elektriker",WEDNESDAY,8,3,3,0,0,insufficient,,
"EX | 25 | CH | SEARCH | LEAD | Montage-Elektriker",THURSDAY,8,2,1,0,1,insufficient,,
"EX | 25 | CH | SEARCH | LEAD | Montage-Elektriker",FRIDAY,8,2,0,0,2,insufficient,,
"EX | 25 | CH | SEARCH | LEAD | Montage-Elektriker",SATURDAY,8,1,0,0,1,insufficient,,
"EX | 25 | CH | SEARCH | LEAD | Montage-Elektriker",SUNDAY,9,3,0,0,3,insufficient,,
"EX | 25 | CH | SEARCH | LEAD | Montage-Elektriker",MONDAY,9,5,4,0,1,confirmed,,
"EX | 25 | CH | SEARCH | LEAD | Montage-Elektriker",TUESDAY,9,4,2,0,2,unconfirmed,,
"EX | 25 | CH | SEARCH | LEAD | Montage-Elektriker",WEDNESDAY,9,2,1,0,1,insufficient,,
"EX | 25 | CH | SEARCH | LEAD | Montage-Elektriker",THURSDAY,9,2,0,0,2,insufficient,,
"EX | 25 | CH | SEARCH | LEAD | Montage-Elektriker",FRIDAY,9,4,1,0,3,confirmed,,
"EX | 25 | CH | SEARCH | LEAD | Montage-Elektriker",SATURDAY,9,2,1,0,1,insufficient,,
"EX | 25 | CH | SEARCH | LEAD | Montage-Elektriker",SUNDAY,10,2,0,0,2,insufficient,,
"EX | 25 | CH | SEARCH | LEAD | Montage-Elektriker",MONDAY,10,4,3,0,1,confirmed,,
"EX | 25 | CH | SEARCH | LEAD | Montage-Elektriker",TUESDAY,10,3,3,0,0,insufficient,,
"EX | 25 | CH | SEARCH | LEAD | Montage-Elektriker",WEDNESDAY,10,2,1,0,1,insufficient,,
"EX | 25 | CH | SEARCH | LEAD | Montage-Elektriker",THURSDAY,10,2,0,0,2,insufficient,,
"EX | 25 | CH | SEARCH | LEAD | Montage-Elektriker",FRIDAY,10,4,2,0,2,unconfirmed,,
"EX | 25 | CH | SEARCH | LEAD | Montage-Elektriker",SATURDAY,10,2,0,0,2,insufficient,,
"EX | 25 | CH | SEARCH | LEAD | Montage-Elektriker",SUNDAY,11,2,0,0,2,insufficient,,
"EX | 25 | CH | SEARCH | LEAD | Montage-Elektriker",MONDAY,11,3,0,1,2,insufficient,5.11,-97.8
"EX | 25 | CH | SEARCH | LEAD | Montage-Elektriker",TUESDAY,11,2,0,0,2,insufficient,,
"EX | 25 | CH | SEARCH | LEAD | Montage-Elektriker",WEDNESDAY,11,3,0,0,3,insufficient,,
"EX | 25 | CH | SEARCH | LEAD | Montage-Elektriker",THURSDAY,11,2,1,0,1,insufficient,,
"EX | 25 | CH | SEARCH | LEAD | Montage-Elektriker",FRIDAY,11,4,0,0,4,confirmed,,
"EX | 25 | CH | SEARCH | LEAD | Montage-Elektriker",SATURDAY,11,2,0,0,2,insufficient,,
"EX | 25 | CH | SEARCH | LEAD | Montage-Elektriker",SUNDAY,12,4,1,0,3,confirmed,,
"EX | 25 | CH | SEARCH | LEAD | Montage-Elektriker",MONDAY,12,3,3,0,0,insufficient,,
"EX | 25 | CH | SEARCH | LEAD | Montage-Elektriker",TUESDAY,12,2,2,0,0,insufficient,,
"EX | 25 | CH | SEARCH | LEAD | Montage-Elektriker",WEDNESDAY,12,3,3,0,0,insufficient,,
"EX | 25 | CH | SEARCH | LEAD | Montage-Elektriker",THURSDAY,12,1,0,0,1,insufficient,,
"EX | 25 | CH | SEARCH | LEAD | Montage-Elektriker",FRIDAY,12,4,3,0,1,confirmed,,
"EX | 25 | CH | SEARCH | LEAD | Montage-Elektriker",SATURDAY,12,3,1,0,2,insufficient,,
"EX | 25 | CH | SEARCH | LEAD | Montage-Elektriker",SUNDAY,13,3,2,0,1,insufficient,,
"EX | 25 | CH | SEARCH | LEAD | Montage-Elektriker",MONDAY,13,2,1,0,1,insufficient,,
"EX | 25 | CH | SEARCH | LEAD | Montage-Elektriker",TUESDAY,13,2,1,0,1,insufficient,,
"EX | 25 | CH | SEARCH | LEAD | Montage-Elektriker",WEDNESDAY,13,1,0,0,1,insufficient,,
"EX | 25 | CH | SEARCH | LEAD | Montage-Elektriker",THURSDAY,13,1,0,0,1,insufficient,,
"EX | 25 | CH | SEARCH | LEAD | Montage-Elektriker",FRIDAY,13,3,0,0,3,insufficient,,
"EX | 25 | CH | SEARCH | LEAD | Montage-Elektriker",SATURDAY,13,2,1,0,1,insufficient,,
"EX | 25 | CH | SEARCH | LEAD | Montage-Elektriker",SUNDAY,14,3,0,0,3,insufficient,,
"EX | 25 | CH | SEARCH | LEAD | Montage-Elektriker",MONDAY,14,2,0,0,2,insufficient,,
"EX | 25 | CH | SEARCH | LEAD | Montage-Elektriker",TUESDAY,14,2,1,0,1,insufficient,,
"EX | 25 | CH | SEARCH | LEAD | Montage-Elektriker",WEDNESDAY,14,1,1,0,0,insufficient,,
"EX | 25 | CH | SEARCH | LEAD | Montage-Elektriker",THURSDAY,14,1,0,0,0,insufficient,168.96,-26.5
"EX | 25 | CH | SEARCH | LEAD | Montage-Elektriker",FRIDAY,14,2,1,0,1,insufficient,,
"EX | 25 | CH | SEARCH | LEAD | Montage-Elektriker",SATURDAY,14,1,1,0,0,insufficient,,
"EX | 25 | CH | SEARCH | LEAD | Montage-Elektriker",SUNDAY,15,5,2,0,3,unconfirmed,,
"EX | 25 | CH | SEARCH | LEAD | Montage-Elektriker",MONDAY,15,2,1,0,1,insufficient,,
"EX | 25 | CH | SEARCH | LEAD | Montage-Elektriker",TUESDAY,15,1,0,0,1,insufficient,,
"EX | 25 | CH | SEARCH | LEAD | Montage-Elektriker",WEDNESDAY,15,1,0,0,1,insufficient,,
"EX | 25 | CH | SEARCH | LEAD | Montage-Elektriker",THURSDAY,15,2,0,0,2,insufficient,,
"EX | 25 | CH | SEARCH | LEAD | Montage-Elektriker",FRIDAY,15,2,0,0,2,insufficient,,
"EX | 25 | CH | SEARCH | LEAD | Montage-Elektriker",SATURDAY,15,2,0,0,2,insufficient,,
"EX | 25 | CH | SEARCH | LEAD | Montage-Elektriker",SUNDAY,16,2,1,0,1,insufficient,,
"EX | 25 | CH | SEARCH | LEAD | Montage-Elektriker",MONDAY,16,2,2,0,0,insufficient,,
"EX | 25 | CH | SEARCH | LEAD | Montage-Elektriker",TUESDAY,16,1,0,0,1,insufficient,,
"EX | 25 | CH | SEARCH | LEAD | Montage-Elektriker",THURSDAY,16,1,0,0,1,insufficient,,
"EX | 25 | CH | SEARCH | LEAD | Montage-Elektriker",FRIDAY,16,2,1,0,1,insufficient,,
"EX | 25 | CH | SEARCH | LEAD | Montage-Elektriker",SATURDAY,16,1,0,0,1,insufficient,,
"EX | 25 | CH | SEARCH | LEAD | Montage-Elektriker",SUNDAY,17,3,1,0,2,insufficient,,
"EX | 25 | CH | SEARCH | LEAD | Montage-Elektriker",TUESDAY,17,1,0,0,1,insufficient,,
"EX | 25 | CH | SEARCH | LEAD | Montage-Elektriker",WEDNESDAY,17,1,0,0,1,insufficient,,
"EX | 25 | CH | SEARCH | LEAD | Montage-Elektriker",THURSDAY,17,2,0,0,2,insufficient,,
"EX | 25 | CH | SEARCH | LEAD | Montage-Elektriker",FRIDAY,17,2,1,0,1,insufficient,,
"EX | 25 | CH | SEARCH | LEAD | Montage-Elektriker",SUNDAY,18,4,1,0,3,confirmed,,
"EX | 25 | CH | SEARCH | LEAD | Montage-Elektriker",MONDAY,18,1,0,0,1,insufficient,,
"EX | 25 | CH | SEARCH | LEAD | Montage-Elektriker",TUESDAY,18,2,0,0,2,insufficient,,
"EX | 25 | CH | SEARCH | LEAD | Montage-Elektriker",WEDNESDAY,18,1,0,0,1,insufficient,,
"EX | 25 | CH | SEARCH | LEAD | Montage-Elektriker",THURSDAY,18,1,1,0,0,insufficient,,
"EX | 25 | CH | SEARCH | LEAD | Montage-Elektriker",FRIDAY,18,2,0,0,2,insufficient,,
"EX | 25 | CH | SEARCH | LEAD | Montage-Elektriker",SATURDAY,18,2,0,0,2,insufficient,,
"EX | 25 | CH | SEARCH | LEAD | Montage-Elektriker",SUNDAY,19,3,0,0,3,insufficient,,
"EX | 25 | CH | SEARCH | LEAD | Montage-Elektriker",TUESDAY,19,2,0,0,2,insufficient,,
"EX | 25 | CH | SEARCH | LEAD | Montage-Elektriker",WEDNESDAY,19,1,0,0,1,insufficient,,
"EX | 25 | CH | SEARCH | LEAD | Montage-Elektriker",THURSDAY,19,1,0,0,1,insufficient,,
"EX | 25 | CH | SEARCH | LEAD | Montage-Elektriker",FRIDAY,19,1,0,0,1,insufficient,,
"EX | 25 | CH | SEARCH | LEAD | Montage-Elektriker",SATURDAY,19,1,1,0,0,insufficient,,
"EX | 25 | CH | SEARCH | LEAD | Montage-Elektriker",SUNDAY,20,3,0,0,3,insufficient,,
"EX | 25 | CH | SEARCH | LEAD | Montage-Elektriker",MONDAY,20,1,0,0,1,insufficient,,
"EX | 25 | CH | SEARCH | LEAD | Montage-Elektriker",TUESDAY,20,2,1,0,1,insufficient,,
"EX | 25 | CH | SEARCH | LEAD | Montage-Elektriker",WEDNESDAY,20,1,1,0,0,insufficient,,
"EX | 25 | CH | SEARCH | LEAD | Montage-Elektriker",THURSDAY,20,2,1,0,1,insufficient,,
"EX | 25 | CH | SEARCH | LEAD | Montage-Elektriker",FRIDAY,20,1,0,0,1,insufficient,,
"EX | 25 | CH | SEARCH | LEAD | Montage-Elektriker",SUNDAY,21,2,0,0,2,insufficient,,
"EX | 25 | CH | SEARCH | LEAD | Montage-Elektriker",MONDAY,21,1,0,0,1,insufficient,,
"EX | 25 | CH | SEARCH | LEAD | Montage-Elektriker",TUESDAY,21,1,0,0,1,insufficient,,
"EX | 25 | CH | SEARCH | LEAD | Montage-Elektriker",THURSDAY,21,2,1,0,1,insufficient,,
"EX | 25 | CH | SEARCH | LEAD | Montage-Elektriker",FRIDAY,21,2,0,0,2,insufficient,,
"EX | 25 | CH | SEARCH | LEAD | Montage-Elektriker",SUNDAY,22,2,0,0,2,insufficient,,
"EX | 25 | CH | SEARCH | LEAD | Montage-Elektriker",MONDAY,22,1,0,0,1,insufficient,,
"EX | 25 | CH | SEARCH | LEAD | Montage-Elektriker",TUESDAY,22,1,1,0,0,insufficient,,
"EX | 25 | CH | SEARCH | LEAD | Montage-Elektriker",THURSDAY,22,1,1,0,0,insufficient,,
"EX | 25 | CH | SEARCH | LEAD | Montage-Elektriker",FRIDAY,22,2,0,0,2,insufficient,,
"EX | 25 | CH | SEARCH | LEAD | Montage-Elektriker",SATURDAY,22,1,0,0,1,insufficient,,
"EX | 25 | CH | SEARCH | LEAD | Montage-Elektriker",SUNDAY,23,2,1,0,1,insufficient,,
"EX | 25 | CH | SEARCH | LEAD | Montage-Elektriker",MONDAY,23,1,0,0,1,insufficient,,
"EX | 25 | CH | SEARCH | LEAD | Montage-Elektriker",FRIDAY,23,1,0,0,1,insufficient,,
"EX | 25 | CH | SEARCH | LEAD | Montage-Elektriker",SATURDAY,23,2,1,0,1,insufficient,,
"EX | 25 | CH | SEARCH | LEAD | Gipser",SUNDAY,0,3,2,0,1,insufficient,,
"EX | 25 | CH | SEARCH | LEAD | Gipser",MONDAY,0,1,0,0,1,insufficient,,
"EX | 25 | CH | SEARCH | LEAD | Gipser",TUESDAY,0,2,0,0,2,insufficient,,
"EX | 25 | CH | SEARCH | LEAD | Gipser",WEDNESDAY,0,3,0,0,3,insufficient,,
"EX | 25 | CH | SEARCH | LEAD | Gipser",THURSDAY,0,3,1,0,2,insufficient,,
"EX | 25 | CH | SEARCH | LEAD | Gipser",FRIDAY,0,2,2,0,0,insufficient,,
"EX | 25 | CH | SEARCH | LEAD | Gipser",SATURDAY,0,4,1,0,3,confirmed,,
"EX | 25 | CH | SEARCH | LEAD | Gipser",SUNDAY,1,3,0,0,3,insufficient,,
"EX | 25 | CH | SEARCH | LEAD | Gipser",MONDAY,1,1,0,0,1,insufficient,,
"EX | 25 | CH | SEARCH | LEAD | Gipser",TUESDAY,1,1,1,0,0,insufficient,,
"EX | 25 | CH | SEARCH | LEAD | Gipser",WEDNESDAY,1,3,1,0,2,insufficient,,
"EX | 25 | CH | SEARCH | LEAD | Gipser",THURSDAY,1,1,0,0,1,insufficient,,
"EX | 25 | CH | SEARCH | LEAD | Gipser",FRIDAY,1,3,1,0,2,insufficient,,
"EX | 25 | CH | SEARCH | LEAD | Gipser",SATURDAY,1,1,0,0,1,insufficient,,
"EX | 25 | CH | SEARCH | LEAD | Gipser",SUNDAY,2,3,0,0,3,insufficient,,
"EX | 25 | CH | SEARCH | LEAD | Gipser",MONDAY,2,2,0,0,2,insufficient,,
"EX | 25 | CH | SEARCH | LEAD | Gipser",TUESDAY,2,2,1,0,1,insufficient,,
"EX | 25 | CH | SEARCH | LEAD | Gipser",WEDNESDAY,2,2,0,0,2,insufficient,,
"EX | 25 | CH | SEARCH | LEAD | Gipser",THURSDAY,2,1,1,0,0,insufficient,,
"EX | 25 | CH | SEARCH | LEAD | Gipser",FRIDAY,2,1,0,0,1,insufficient,,
"EX | 25 | CH | SEARCH | LEAD | Gipser",SATURDAY,2,2,0,0,2,insufficient,,
"EX | 25 | CH | SEARCH | LEAD | Gipser",WEDNESDAY,3,1,0,0,1,insufficient,,
"EX | 25 | CH | SEARCH | LEAD | Gipser",THURSDAY,3,1,0,0,1,insufficient,,
"EX | 25 | CH | SEARCH | LEAD | Gipser",MONDAY,4,2,1,0,1,insufficient,,
"EX | 25 | CH | SEARCH | LEAD | Gipser",TUESDAY,4,1,0,0,1,insufficient,,
"EX | 25 | CH | SEARCH | LEAD | Gipser",WEDNESDAY,4,3,0,0,3,insufficient,,
"EX | 25 | CH | SEARCH | LEAD | Gipser",FRIDAY,4,1,0,0,1,insufficient,,
"EX | 25 | CH | SEARCH | LEAD | Gipser",SUNDAY,5,1,0,0,1,insufficient,,
"EX | 25 | CH | SEARCH | LEAD | Gipser",TUESDAY,5,2,0,0,2,insufficient,,
"EX | 25 | CH | SEARCH | LEAD | Gipser",WEDNESDAY,5,3,1,0,2,insufficient,,
"EX | 25 | CH | SEARCH | LEAD | Gipser",THURSDAY,5,1,0,0,1,insufficient,,
"EX | 25 | CH | SEARCH | LEAD | Gipser",FRIDAY,5,1,0,0,1,insufficient,,
"EX | 25 | CH | SEARCH | LEAD | Gipser",SUNDAY,6,1,0,0,1,insufficient,,
"EX | 25 | CH | SEARCH | LEAD | Gipser",MONDAY,6,4,0,0,4,confirmed,,
"EX | 25 | CH | SEARCH | LEAD | Gipser",TUESDAY,6,2,0,0,2,insufficient,,
"EX | 25 | CH | SEARCH | LEAD | Gipser",WEDNESDAY,6,2,0,0,2,insufficient,,
"EX | 25 | CH | SEARCH | LEAD | Gipser",THURSDAY,6,3,0,0,3,insufficient,,
"EX | 25 | CH | SEARCH | LEAD | Gipser",FRIDAY,6,2,1,0,1,insufficient,,
"EX | 25 | CH | SEARCH | LEAD | Gipser",SATURDAY,6,1,0,0,1,insufficient,,
"EX | 25 | CH | SEARCH | LEAD | Gipser",SUNDAY,7,2,0,0,2,insufficient,,
"EX | 25 | CH | SEARCH | LEAD | Gipser",MONDAY,7,3,2,0,1,insufficient,,
"EX | 25 | CH | SEARCH | LEAD | Gipser",TUESDAY,7,4,1,0,3,confirmed,,
"EX | 25 | CH | SEARCH | LEAD | Gipser",WEDNESDAY,7,4,1,1,2,unconfirmed,5.09,-93.6
"EX | 25 | CH | SEARCH | LEAD | Gipser",THURSDAY,7,4,2,0,2,unconfirmed,,
"EX | 25 | CH | SEARCH | LEAD | Gipser",FRIDAY,7,3,2,0,1,insufficient,,
"EX | 25 | CH | SEARCH | LEAD | Gipser",SATURDAY,7,2,0,0,2,insufficient,,
"EX | 25 | CH | SEARCH | LEAD | Gipser",SUNDAY,8,4,2,0,2,unconfirmed,,
"EX | 25 | CH | SEARCH | LEAD | Gipser",MONDAY,8,3,1,0,2,insufficient,,
"EX | 25 | CH | SEARCH | LEAD | Gipser",TUESDAY,8,2,1,0,1,insufficient,,
"EX | 25 | CH | SEARCH | LEAD | Gipser",WEDNESDAY,8,3,1,0,2,insufficient,,
"EX | 25 | CH | SEARCH | LEAD | Gipser",THURSDAY,8,4,1,0,3,confirmed,,
"EX | 25 | CH | SEARCH | LEAD | Gipser",FRIDAY,8,4,0,1,2,unconfirmed,8.74,-89.0
"EX | 25 | CH | SEARCH | LEAD | Gipser",SATURDAY,8,3,0,0,3,insufficient,,
"EX | 25 | CH | SEARCH | LEAD | Gipser",SUNDAY,9,3,1,0,2,insufficient,,
"EX | 25 | CH | SEARCH | LEAD | Gipser",MONDAY,9,4,2,0,2,unconfirmed,,
"EX | 25 | CH | SEARCH | LEAD | Gipser",TUESDAY,9,4,0,0,4,confirmed,,
"EX | 25 | CH | SEARCH | LEAD | Gipser",WEDNESDAY,9,2,0,0,2,insufficient,,
"EX | 25 | CH | SEARCH | LEAD | Gipser",THURSDAY,9,3,2,0,1,insufficient,,
"EX | 25 | CH | SEARCH | LEAD | Gipser",FRIDAY,9,3,1,0,2,insufficient,,
"EX | 25 | CH | SEARCH | LEAD | Gipser",SATURDAY,9,2,1,0,1,insufficient,,
"EX | 25 | CH | SEARCH | LEAD | Gipser",SUNDAY,10,3,1,0,2,insufficient,,
"EX | 25 | CH | SEARCH | LEAD | Gipser",MONDAY,10,3,2,0,1,insufficient,,
"EX | 25 | CH | SEARCH | LEAD | Gipser",TUESDAY,10,4,2,1,1,unconfirmed,8.11,-89.8
"EX | 25 | CH | SEARCH | LEAD | Gipser",WEDNESDAY,10,3,2,0,1,insufficient,,
"EX | 25 | CH | SEARCH | LEAD | Gipser",THURSDAY,10,4,1,1,2,unconfirmed,6.01,-92.4
"EX | 25 | CH | SEARCH | LEAD | Gipser",FRIDAY,10,2,0,0,2,insufficient,,
"EX | 25 | CH | SEARCH | LEAD | Gipser",SATURDAY,10,2,1,0,1,insufficient,,
"EX | 25 | CH | SEARCH | LEAD | Gipser",SUNDAY,11,4,0,0,4,confirmed,,
"EX | 25 | CH | SEARCH | LEAD | Gipser",MONDAY,11,4,2,0,2,unconfirmed,,
"EX | 25 | CH | SEARCH | LEAD | Gipser",TUESDAY,11,4,3,0,1,confirmed,,
"EX | 25 | CH | SEARCH | LEAD | Gipser",WEDNESDAY,11,3,2,0,1,insufficient,,
"EX | 25 | CH | SEARCH | LEAD | Gipser",THURSDAY,11,4,2,0,2,unconfirmed,,
"EX | 25 | CH | SEARCH | LEAD | Gipser",FRIDAY,11,4,3,0,1,confirmed,,
"EX | 25 | CH | SEARCH | LEAD | Gipser",SATURDAY,11,3,0,0,3,insufficient,,
"EX | 25 | CH | SEARCH | LEAD | Gipser",SUNDAY,12,4,1,0,3,confirmed,,
"EX | 25 | CH | SEARCH | LEAD | Gipser",MONDAY,12,4,3,0,1,confirmed,,
"EX | 25 | CH | SEARCH | LEAD | Gipser",TUESDAY,12,3,2,0,1,insufficient,,
"EX | 25 | CH | SEARCH | LEAD | Gipser",WEDNESDAY,12,3,3,0,0,insufficient,,
"EX | 25 | CH | SEARCH | LEAD | Gipser",THURSDAY,12,4,3,0,1,confirmed,,
"EX | 25 | CH | SEARCH | LEAD | Gipser",FRIDAY,12,3,3,0,0,insufficient,,
"EX | 25 | CH | SEARCH | LEAD | Gipser",SATURDAY,12,3,1,0,2,insufficient,,
"EX | 25 | CH | SEARCH | LEAD | Gipser",SUNDAY,13,4,2,0,2,unconfirmed,,
"EX | 25 | CH | SEARCH | LEAD | Gipser",MONDAY,13,3,3,0,0,insufficient,,
"EX | 25 | CH | SEARCH | LEAD | Gipser",TUESDAY,13,4,2,0,2,unconfirmed,,
"EX | 25 | CH | SEARCH | LEAD | Gipser",WEDNESDAY,13,3,2,0,1,insufficient,,
"EX | 25 | CH | SEARCH | LEAD | Gipser",THURSDAY,13,4,2,0,2,unconfirmed,,
"EX | 25 | CH | SEARCH | LEAD | Gipser",FRIDAY,13,1,1,0,0,insufficient,,
"EX | 25 | CH | SEARCH | LEAD | Gipser",SATURDAY,13,2,0,0,2,insufficient,,
"EX | 25 | CH | SEARCH | LEAD | Gipser",SUNDAY,14,5,1,0,4,confirmed,,
"EX | 25 | CH | SEARCH | LEAD | Gipser",MONDAY,14,3,3,0,0,insufficient,,
"EX | 25 | CH | SEARCH | LEAD | Gipser",TUESDAY,14,3,1,0,2,insufficient,,
"EX | 25 | CH | SEARCH | LEAD | Gipser",WEDNESDAY,14,2,0,0,2,insufficient,,
"EX | 25 | CH | SEARCH | LEAD | Gipser",THURSDAY,14,2,1,0,1,insufficient,,
"EX | 25 | CH | SEARCH | LEAD | Gipser",FRIDAY,14,2,0,0,2,insufficient,,
"EX | 25 | CH | SEARCH | LEAD | Gipser",SATURDAY,14,2,0,0,2,insufficient,,
"EX | 25 | CH | SEARCH | LEAD | Gipser",SUNDAY,15,5,1,0,4,confirmed,,
"EX | 25 | CH | SEARCH | LEAD | Gipser",MONDAY,15,3,2,0,1,insufficient,,
"EX | 25 | CH | SEARCH | LEAD | Gipser",TUESDAY,15,3,3,0,0,insufficient,,
"EX | 25 | CH | SEARCH | LEAD | Gipser",WEDNESDAY,15,1,1,0,0,insufficient,,
"EX | 25 | CH | SEARCH | LEAD | Gipser",THURSDAY,15,2,2,0,0,insufficient,,
"EX | 25 | CH | SEARCH | LEAD | Gipser",FRIDAY,15,2,1,0,1,insufficient,,
"EX | 25 | CH | SEARCH | LEAD | Gipser",SATURDAY,15,4,2,0,2,unconfirmed,,
"EX | 25 | CH | SEARCH | LEAD | Gipser",SUNDAY,16,3,2,0,1,insufficient,,
"EX | 25 | CH | SEARCH | LEAD | Gipser",MONDAY,16,4,3,0,1,confirmed,,
"EX | 25 | CH | SEARCH | LEAD | Gipser",TUESDAY,16,4,2,0,2,unconfirmed,,
"EX | 25 | CH | SEARCH | LEAD | Gipser",WEDNESDAY,16,2,0,0,2,insufficient,,
"EX | 25 | CH | SEARCH | LEAD | Gipser",THURSDAY,16,2,2,0,0,insufficient,,
"EX | 25 | CH | SEARCH | LEAD | Gipser",FRIDAY,16,3,2,0,1,insufficient,,
"EX | 25 | CH | SEARCH | LEAD | Gipser",SATURDAY,16,2,1,0,1,insufficient,,
"EX | 25 | CH | SEARCH | LEAD | Gipser",SUNDAY,17,5,2,0,3,unconfirmed,,
"EX | 25 | CH | SEARCH | LEAD | Gipser",MONDAY,17,4,3,0,1,confirmed,,
"EX | 25 | CH | SEARCH | LEAD | Gipser",TUESDAY,17,4,2,0,2,unconfirmed,,
"EX | 25 | CH | SEARCH | LEAD | Gipser",WEDNESDAY,17,2,0,0,2,insufficient,,
"EX | 25 | CH | SEARCH | LEAD | Gipser",THURSDAY,17,2,0,0,2,insufficient,,
"EX | 25 | CH | SEARCH | LEAD | Gipser",FRIDAY,17,2,0,0,2,insufficient,,
"EX | 25 | CH | SEARCH | LEAD | Gipser",SATURDAY,17,4,1,0,3,confirmed,,
"EX | 25 | CH | SEARCH | LEAD | Gipser",SUNDAY,18,5,3,1,1,unconfirmed,12.12,-84.7
"EX | 25 | CH | SEARCH | LEAD | Gipser",MONDAY,18,4,3,0,1,confirmed,,
"EX | 25 | CH | SEARCH | LEAD | Gipser",TUESDAY,18,3,0,1,2,insufficient,5.99,-92.4
"EX | 25 | CH | SEARCH | LEAD | Gipser",WEDNESDAY,18,2,1,0,1,insufficient,,
"EX | 25 | CH | SEARCH | LEAD | Gipser",THURSDAY,18,2,0,0,2,insufficient,,
"EX | 25 | CH | SEARCH | LEAD | Gipser",FRIDAY,18,2,0,0,2,insufficient,,
"EX | 25 | CH | SEARCH | LEAD | Gipser",SATURDAY,18,3,0,0,3,insufficient,,
"EX | 25 | CH | SEARCH | LEAD | Gipser",SUNDAY,19,4,1,1,2,unconfirmed,14.72,-81.4
"EX | 25 | CH | SEARCH | LEAD | Gipser",MONDAY,19,2,2,0,0,insufficient,,
"EX | 25 | CH | SEARCH | LEAD | Gipser",TUESDAY,19,3,3,0,0,insufficient,,
"EX | 25 | CH | SEARCH | LEAD | Gipser",WEDNESDAY,19,2,1,0,1,insufficient,,
"EX | 25 | CH | SEARCH | LEAD | Gipser",THURSDAY,19,2,1,0,1,insufficient,,
"EX | 25 | CH | SEARCH | LEAD | Gipser",FRIDAY,19,2,2,0,0,insufficient,,
"EX | 25 | CH | SEARCH | LEAD | Gipser",SATURDAY,19,4,2,0,2,unconfirmed,,
"EX | 25 | CH | SEARCH | LEAD | Gipser",SUNDAY,20,5,2,0,3,unconfirmed,,
"EX | 25 | CH | SEARCH | LEAD | Gipser",MONDAY,20,2,1,0,1,insufficient,,
"EX | 25 | CH | SEARCH | LEAD | Gipser",TUESDAY,20,1,0,0,1,insufficient,,
"EX | 25 | CH | SEARCH | LEAD | Gipser",WEDNESDAY,20,1,0,0,1,insufficient,,
"EX | 25 | CH | SEARCH | LEAD | Gipser",THURSDAY,20,2,0,0,2,insufficient,,
"EX | 25 | CH | SEARCH | LEAD | Gipser",SATURDAY,20,4,0,0,4,confirmed,,
"EX | 25 | CH | SEARCH | LEAD | Gipser",SUNDAY,21,4,3,0,1,confirmed,,
"EX | 25 | CH | SEARCH | LEAD | Gipser",MONDAY,21,2,1,0,1,insufficient,,
"EX | 25 | CH | SEARCH | LEAD | Gipser",TUESDAY,21,1,1,0,0,insufficient,,
"EX | 25 | CH | SEARCH | LEAD | Gipser",WEDNESDAY,21,2,0,0,2,insufficient,,
"EX | 25 | CH | SEARCH | LEAD | Gipser",THURSDAY,21,2,1,0,1,insufficient,,
"EX | 25 | CH | SEARCH | LEAD | Gipser",SATURDAY,21,4,1,0,3,confirmed,,
"EX | 25 | CH | SEARCH | LEAD | Gipser",SUNDAY,22,4,1,0,3,confirmed,,
"EX | 25 | CH | SEARCH | LEAD | Gipser",MONDAY,22,2,2,0,0,insufficient,,
"EX | 25 | CH | SEARCH | LEAD | Gipser",WEDNESDAY,22,2,1,0,1,insufficient,,
"EX | 25 | CH | SEARCH | LEAD | Gipser",THURSDAY,22,2,1,0,1,insufficient,,
"EX | 25 | CH | SEARCH | LEAD | Gipser",SATURDAY,22,3,1,0,2,insufficient,,
"EX | 25 | CH | SEARCH | LEAD | Gipser",SUNDAY,23,4,3,0,1,confirmed,,
"EX | 25 | CH | SEARCH | LEAD | Gipser",MONDAY,23,1,0,0,1,insufficient,,
"EX | 25 | CH | SEARCH | LEAD | Gipser",WEDNESDAY,23,1,0,0,1,insufficient,,
"EX | 25 | CH | SEARCH | LEAD | Gipser",THURSDAY,23,2,0,0,2,insufficient,,
"EX | 25 | CH | SEARCH | LEAD | Gipser",SATURDAY,23,3,1,0,2,insufficient,,
"EX | 26 | CH | SEARCH | LEAD | Montage-Schreiner",SUNDAY,0,1,0,0,1,insufficient,,
"EX | 26 | CH | SEARCH | LEAD | Montage-Schreiner",MONDAY,0,1,1,0,0,insufficient,,
"EX | 26 | CH | SEARCH | LEAD | Montage-Schreiner",TUESDAY,0,1,0,0,1,insufficient,,
"EX | 26 | CH | SEARCH | LEAD | Montage-Schreiner",WEDNESDAY,0,2,0,0,2,insufficient,,
"EX | 26 | CH | SEARCH | LEAD | Montage-Schreiner",THURSDAY,0,1,0,0,1,insufficient,,
"EX | 26 | CH | SEARCH | LEAD | Montage-Schreiner",MONDAY,1,2,1,0,1,insufficient,,
"EX | 26 | CH | SEARCH | LEAD | Montage-Schreiner",WEDNESDAY,1,1,0,0,1,insufficient,,
"EX | 26 | CH | SEARCH | LEAD | Montage-Schreiner",THURSDAY,1,1,0,0,1,insufficient,,
"EX | 26 | CH | SEARCH | LEAD | Montage-Schreiner",TUESDAY,2,1,1,0,0,insufficient,,
"EX | 26 | CH | SEARCH | LEAD | Montage-Schreiner",WEDNESDAY,2,1,0,0,1,insufficient,,
"EX | 26 | CH | SEARCH | LEAD | Montage-Schreiner",TUESDAY,3,2,0,0,2,insufficient,,
"EX | 26 | CH | SEARCH | LEAD | Montage-Schreiner",THURSDAY,3,1,0,0,1,insufficient,,
"EX | 26 | CH | SEARCH | LEAD | Montage-Schreiner",MONDAY,4,1,0,0,1,insufficient,,
"EX | 26 | CH | SEARCH | LEAD | Montage-Schreiner",TUESDAY,4,1,0,0,1,insufficient,,
"EX | 26 | CH | SEARCH | LEAD | Montage-Schreiner",MONDAY,5,2,0,0,2,insufficient,,
"EX | 26 | CH | SEARCH | LEAD | Montage-Schreiner",TUESDAY,5,1,1,0,0,insufficient,,
"EX | 26 | CH | SEARCH | LEAD | Montage-Schreiner",WEDNESDAY,5,3,0,0,3,insufficient,,
"EX | 26 | CH | SEARCH | LEAD | Montage-Schreiner",THURSDAY,5,1,0,0,1,insufficient,,
"EX | 26 | CH | SEARCH | LEAD | Montage-Schreiner",FRIDAY,5,1,0,0,1,insufficient,,
"EX | 26 | CH | SEARCH | LEAD | Montage-Schreiner",SUNDAY,6,1,0,0,1,insufficient,,
"EX | 26 | CH | SEARCH | LEAD | Montage-Schreiner",MONDAY,6,1,1,0,0,insufficient,,
"EX | 26 | CH | SEARCH | LEAD | Montage-Schreiner",TUESDAY,6,3,0,0,3,insufficient,,
"EX | 26 | CH | SEARCH | LEAD | Montage-Schreiner",WEDNESDAY,6,2,1,0,1,insufficient,,
"EX | 26 | CH | SEARCH | LEAD | Montage-Schreiner",THURSDAY,6,2,1,0,1,insufficient,,
"EX | 26 | CH | SEARCH | LEAD | Montage-Schreiner",FRIDAY,6,2,0,0,2,insufficient,,
"EX | 26 | CH | SEARCH | LEAD | Montage-Schreiner",SATURDAY,6,1,0,0,1,insufficient,,
"EX | 26 | CH | SEARCH | LEAD | Montage-Schreiner",MONDAY,7,4,1,0,3,confirmed,,
"EX | 26 | CH | SEARCH | LEAD | Montage-Schreiner",TUESDAY,7,2,0,0,2,insufficient,,
"EX | 26 | CH | SEARCH | LEAD | Montage-Schreiner",WEDNESDAY,7,2,0,0,2,insufficient,,
"EX | 26 | CH | SEARCH | LEAD | Montage-Schreiner",THURSDAY,7,1,0,0,1,insufficient,,
"EX | 26 | CH | SEARCH | LEAD | Montage-Schreiner",SUNDAY,8,3,0,0,3,insufficient,,
"EX | 26 | CH | SEARCH | LEAD | Montage-Schreiner",MONDAY,8,3,1,0,2,insufficient,,
"EX | 26 | CH | SEARCH | LEAD | Montage-Schreiner",TUESDAY,8,4,3,0,1,confirmed,,
"EX | 26 | CH | SEARCH | LEAD | Montage-Schreiner",WEDNESDAY,8,4,1,0,3,confirmed,,
"EX | 26 | CH | SEARCH | LEAD | Montage-Schreiner",THURSDAY,8,4,2,0,2,unconfirmed,,
"EX | 26 | CH | SEARCH | LEAD | Montage-Schreiner",FRIDAY,8,3,0,0,3,insufficient,,
"EX | 26 | CH | SEARCH | LEAD | Montage-Schreiner",SATURDAY,8,1,0,0,1,insufficient,,
"EX | 26 | CH | SEARCH | LEAD | Montage-Schreiner",SUNDAY,9,5,1,0,4,confirmed,,
"EX | 26 | CH | SEARCH | LEAD | Montage-Schreiner",MONDAY,9,4,2,0,2,unconfirmed,,
"EX | 26 | CH | SEARCH | LEAD | Montage-Schreiner",TUESDAY,9,4,0,0,4,confirmed,,
"EX | 26 | CH | SEARCH | LEAD | Montage-Schreiner",WEDNESDAY,9,4,0,0,4,confirmed,,
"EX | 26 | CH | SEARCH | LEAD | Montage-Schreiner",THURSDAY,9,4,2,0,2,unconfirmed,,
"EX | 26 | CH | SEARCH | LEAD | Montage-Schreiner",FRIDAY,9,2,0,0,2,insufficient,,
"EX | 26 | CH | SEARCH | LEAD | Montage-Schreiner",SATURDAY,9,3,1,0,2,insufficient,,
"EX | 26 | CH | SEARCH | LEAD | Montage-Schreiner",SUNDAY,10,2,1,0,1,insufficient,,
"EX | 26 | CH | SEARCH | LEAD | Montage-Schreiner",MONDAY,10,4,1,0,3,confirmed,,
"EX | 26 | CH | SEARCH | LEAD | Montage-Schreiner",TUESDAY,10,4,3,0,1,confirmed,,
"EX | 26 | CH | SEARCH | LEAD | Montage-Schreiner",WEDNESDAY,10,3,2,0,1,insufficient,,
"EX | 26 | CH | SEARCH | LEAD | Montage-Schreiner",THURSDAY,10,4,0,0,4,confirmed,,
"EX | 26 | CH | SEARCH | LEAD | Montage-Schreiner",FRIDAY,10,3,0,0,3,insufficient,,
"EX | 26 | CH | SEARCH | LEAD | Montage-Schreiner",SATURDAY,10,2,0,0,2,insufficient,,
"EX | 26 | CH | SEARCH | LEAD | Montage-Schreiner",SUNDAY,11,5,1,0,4,confirmed,,
"EX | 26 | CH | SEARCH | LEAD | Montage-Schreiner",MONDAY,11,4,2,0,2,unconfirmed,,
"EX | 26 | CH | SEARCH | LEAD | Montage-Schreiner",TUESDAY,11,2,1,0,1,insufficient,,
"EX | 26 | CH | SEARCH | LEAD | Montage-Schreiner",WEDNESDAY,11,3,2,0,1,insufficient,,
"EX | 26 | CH | SEARCH | LEAD | Montage-Schreiner",THURSDAY,11,4,1,0,3,confirmed,,
"EX | 26 | CH | SEARCH | LEAD | Montage-Schreiner",FRIDAY,11,3,0,0,3,insufficient,,
"EX | 26 | CH | SEARCH | LEAD | Montage-Schreiner",SATURDAY,11,3,0,0,3,insufficient,,
"EX | 26 | CH | SEARCH | LEAD | Montage-Schreiner",SUNDAY,12,4,3,0,1,confirmed,,
"EX | 26 | CH | SEARCH | LEAD | Montage-Schreiner",MONDAY,12,2,1,0,1,insufficient,,
"EX | 26 | CH | SEARCH | LEAD | Montage-Schreiner",TUESDAY,12,2,1,0,1,insufficient,,
"EX | 26 | CH | SEARCH | LEAD | Montage-Schreiner",WEDNESDAY,12,3,2,0,1,insufficient,,
"EX | 26 | CH | SEARCH | LEAD | Montage-Schreiner",THURSDAY,12,3,1,0,2,insufficient,,
"EX | 26 | CH | SEARCH | LEAD | Montage-Schreiner",FRIDAY,12,2,0,0,2,insufficient,,
"EX | 26 | CH | SEARCH | LEAD | Montage-Schreiner",SUNDAY,13,4,1,0,3,confirmed,,
"EX | 26 | CH | SEARCH | LEAD | Montage-Schreiner",MONDAY,13,1,0,0,1,insufficient,,
"EX | 26 | CH | SEARCH | LEAD | Montage-Schreiner",TUESDAY,13,2,1,0,1,insufficient,,
"EX | 26 | CH | SEARCH | LEAD | Montage-Schreiner",WEDNESDAY,13,1,1,0,0,insufficient,,
"EX | 26 | CH | SEARCH | LEAD | Montage-Schreiner",THURSDAY,13,2,2,0,0,insufficient,,
"EX | 26 | CH | SEARCH | LEAD | Montage-Schreiner",FRIDAY,13,3,1,0,2,insufficient,,
"EX | 26 | CH | SEARCH | LEAD | Montage-Schreiner",SATURDAY,13,3,1,0,2,insufficient,,
"EX | 26 | CH | SEARCH | LEAD | Montage-Schreiner",SUNDAY,14,4,0,0,4,confirmed,,
"EX | 26 | CH | SEARCH | LEAD | Montage-Schreiner",MONDAY,14,2,1,0,1,insufficient,,
"EX | 26 | CH | SEARCH | LEAD | Montage-Schreiner",TUESDAY,14,1,0,0,1,insufficient,,
"EX | 26 | CH | SEARCH | LEAD | Montage-Schreiner",WEDNESDAY,14,2,0,0,2,insufficient,,
"EX | 26 | CH | SEARCH | LEAD | Montage-Schreiner",THURSDAY,14,3,0,0,3,insufficient,,
"EX | 26 | CH | SEARCH | LEAD | Montage-Schreiner",FRIDAY,14,4,3,0,1,confirmed,,
"EX | 26 | CH | SEARCH | LEAD | Montage-Schreiner",SATURDAY,14,3,0,0,3,insufficient,,
"EX | 26 | CH | SEARCH | LEAD | Montage-Schreiner",SUNDAY,15,5,1,0,4,confirmed,,
"EX | 26 | CH | SEARCH | LEAD | Montage-Schreiner",MONDAY,15,2,2,0,0,insufficient,,
"EX | 26 | CH | SEARCH | LEAD | Montage-Schreiner",TUESDAY,15,2,0,0,2,insufficient,,
"EX | 26 | CH | SEARCH | LEAD | Montage-Schreiner",WEDNESDAY,15,1,1,0,0,insufficient,,
"EX | 26 | CH | SEARCH | LEAD | Montage-Schreiner",THURSDAY,15,2,0,0,2,insufficient,,
"EX | 26 | CH | SEARCH | LEAD | Montage-Schreiner",FRIDAY,15,2,0,0,2,insufficient,,
"EX | 26 | CH | SEARCH | LEAD | Montage-Schreiner",SATURDAY,15,1,0,0,1,insufficient,,
"EX | 26 | CH | SEARCH | LEAD | Montage-Schreiner",SUNDAY,16,3,1,0,2,insufficient,,
"EX | 26 | CH | SEARCH | LEAD | Montage-Schreiner",TUESDAY,16,2,0,0,2,insufficient,,
"EX | 26 | CH | SEARCH | LEAD | Montage-Schreiner",WEDNESDAY,16,1,0,0,1,insufficient,,
"EX | 26 | CH | SEARCH | LEAD | Montage-Schreiner",THURSDAY,16,3,1,0,2,insufficient,,
"EX | 26 | CH | SEARCH | LEAD | Montage-Schreiner",FRIDAY,16,2,1,0,1,insufficient,,
"EX | 26 | CH | SEARCH | LEAD | Montage-Schreiner",SATURDAY,16,4,1,0,3,confirmed,,
"EX | 26 | CH | SEARCH | LEAD | Montage-Schreiner",SUNDAY,17,4,3,0,1,confirmed,,
"EX | 26 | CH | SEARCH | LEAD | Montage-Schreiner",TUESDAY,17,2,0,0,2,insufficient,,
"EX | 26 | CH | SEARCH | LEAD | Montage-Schreiner",WEDNESDAY,17,1,0,0,1,insufficient,,
"EX | 26 | CH | SEARCH | LEAD | Montage-Schreiner",THURSDAY,17,2,1,0,1,insufficient,,
"EX | 26 | CH | SEARCH | LEAD | Montage-Schreiner",FRIDAY,17,3,0,0,3,insufficient,,
"EX | 26 | CH | SEARCH | LEAD | Montage-Schreiner",SATURDAY,17,1,0,0,1,insufficient,,
"EX | 26 | CH | SEARCH | LEAD | Montage-Schreiner",SUNDAY,18,2,0,0,2,insufficient,,
"EX | 26 | CH | SEARCH | LEAD | Montage-Schreiner",TUESDAY,18,2,0,0,2,insufficient,,
"EX | 26 | CH | SEARCH | LEAD | Montage-Schreiner",WEDNESDAY,18,1,0,0,1,insufficient,,
"EX | 26 | CH | SEARCH | LEAD | Montage-Schreiner",THURSDAY,18,1,1,0,0,insufficient,,
"EX | 26 | CH | SEARCH | LEAD | Montage-Schreiner",FRIDAY,18,2,0,0,2,insufficient,,
"EX | 26 | CH | SEARCH | LEAD | Montage-Schreiner",SATURDAY,18,3,0,0,3,insufficient,,
"EX | 26 | CH | SEARCH | LEAD | Montage-Schreiner",SUNDAY,19,2,0,0,2,insufficient,,
"EX | 26 | CH | SEARCH | LEAD | Montage-Schreiner",TUESDAY,19,2,0,0,2,insufficient,,
"EX | 26 | CH | SEARCH | LEAD | Montage-Schreiner",WEDNESDAY,19,1,1,0,0,insufficient,,
"EX | 26 | CH | SEARCH | LEAD | Montage-Schreiner",THURSDAY,19,1,1,0,0,insufficient,,
"EX | 26 | CH | SEARCH | LEAD | Montage-Schreiner",FRIDAY,19,2,1,0,1,insufficient,,
"EX | 26 | CH | SEARCH | LEAD | Montage-Schreiner",SATURDAY,19,2,0,0,2,insufficient,,
"EX | 26 | CH | SEARCH | LEAD | Montage-Schreiner",SUNDAY,20,2,0,0,2,insufficient,,
"EX | 26 | CH | SEARCH | LEAD | Montage-Schreiner",TUESDAY,20,2,1,0,1,insufficient,,
"EX | 26 | CH | SEARCH | LEAD | Montage-Schreiner",THURSDAY,20,1,1,0,0,insufficient,,
"EX | 26 | CH | SEARCH | LEAD | Montage-Schreiner",FRIDAY,20,1,0,0,1,insufficient,,
"EX | 26 | CH | SEARCH | LEAD | Montage-Schreiner",SATURDAY,20,1,0,0,1,insufficient,,
"EX | 26 | CH | SEARCH | LEAD | Montage-Schreiner",SUNDAY,21,2,1,0,1,insufficient,,
"EX | 26 | CH | SEARCH | LEAD | Montage-Schreiner",TUESDAY,21,2,1,0,1,insufficient,,
"EX | 26 | CH | SEARCH | LEAD | Montage-Schreiner",THURSDAY,21,1,0,0,1,insufficient,,
"EX | 26 | CH | SEARCH | LEAD | Montage-Schreiner",FRIDAY,21,1,0,0,1,insufficient,,
"EX | 26 | CH | SEARCH | LEAD | Montage-Schreiner",SATURDAY,21,1,1,0,0,insufficient,,
"EX | 26 | CH | SEARCH | LEAD | Montage-Schreiner",TUESDAY,22,1,0,0,1,insufficient,,
"EX | 26 | CH | SEARCH | LEAD | Montage-Schreiner",THURSDAY,22,1,0,0,1,insufficient,,
"EX | 26 | CH | SEARCH | LEAD | Montage-Schreiner",FRIDAY,22,2,0,0,2,insufficient,,
"EX | 26 | CH | SEARCH | LEAD | Montage-Schreiner",SATURDAY,22,2,0,0,2,insufficient,,
"EX | 26 | CH | SEARCH | LEAD | Montage-Schreiner",SUNDAY,23,1,0,0,1,insufficient,,
"EX | 26 | CH | SEARCH | LEAD | Montage-Schreiner",THURSDAY,23,1,0,0,1,insufficient,,
"EX | 26 | CH | SEARCH | LEAD | Montage-Schreiner",SATURDAY,23,1,0,0,1,insufficient,,
"EX | 26 | CH | SEARCH | LEAD | Compeditor",SUNDAY,0,2,0,0,2,insufficient,,
"EX | 26 | CH | SEARCH | LEAD | Compeditor",MONDAY,0,5,3,0,2,unconfirmed,,
"EX | 26 | CH | SEARCH | LEAD | Compeditor",TUESDAY,0,4,3,0,1,confirmed,,
"EX | 26 | CH | SEARCH | LEAD | Compeditor",WEDNESDAY,0,4,2,0,2,unconfirmed,,
"EX | 26 | CH | SEARCH | LEAD | Compeditor",THURSDAY,0,4,0,0,4,confirmed,,
"EX | 26 | CH | SEARCH | LEAD | Compeditor",FRIDAY,0,4,3,0,1,confirmed,,
"EX | 26 | CH | SEARCH | LEAD | Compeditor",SATURDAY,0,3,1,0,2,insufficient,,
"EX | 26 | CH | SEARCH | LEAD | Compeditor",SUNDAY,1,4,0,0,4,confirmed,,
"EX | 26 | CH | SEARCH | LEAD | Compeditor",MONDAY,1,4,0,0,4,confirmed,,
"EX | 26 | CH | SEARCH | LEAD | Compeditor",TUESDAY,1,4,1,0,3,confirmed,,
"EX | 26 | CH | SEARCH | LEAD | Compeditor",WEDNESDAY,1,4,2,0,2,unconfirmed,,
"EX | 26 | CH | SEARCH | LEAD | Compeditor",THURSDAY,1,4,0,0,4,confirmed,,
"EX | 26 | CH | SEARCH | LEAD | Compeditor",FRIDAY,1,4,0,0,4,confirmed,,
"EX | 26 | CH | SEARCH | LEAD | Compeditor",SATURDAY,1,4,0,0,4,confirmed,,
"EX | 26 | CH | SEARCH | LEAD | Compeditor",SUNDAY,2,2,0,0,2,insufficient,,
"EX | 26 | CH | SEARCH | LEAD | Compeditor",MONDAY,2,5,1,0,4,confirmed,,
"EX | 26 | CH | SEARCH | LEAD | Compeditor",TUESDAY,2,2,0,0,2,insufficient,,
"EX | 26 | CH | SEARCH | LEAD | Compeditor",WEDNESDAY,2,4,0,0,4,confirmed,,
"EX | 26 | CH | SEARCH | LEAD | Compeditor",THURSDAY,2,4,0,0,4,confirmed,,
"EX | 26 | CH | SEARCH | LEAD | Compeditor",FRIDAY,2,3,1,0,2,insufficient,,
"EX | 26 | CH | SEARCH | LEAD | Compeditor",SATURDAY,2,2,1,0,1,insufficient,,
"EX | 26 | CH | SEARCH | LEAD | Compeditor",SUNDAY,3,3,0,0,3,insufficient,,
"EX | 26 | CH | SEARCH | LEAD | Compeditor",MONDAY,3,5,0,0,5,confirmed,,
"EX | 26 | CH | SEARCH | LEAD | Compeditor",TUESDAY,3,4,0,0,4,confirmed,,
"EX | 26 | CH | SEARCH | LEAD | Compeditor",WEDNESDAY,3,3,1,0,2,insufficient,,
"EX | 26 | CH | SEARCH | LEAD | Compeditor",THURSDAY,3,3,0,0,3,insufficient,,
"EX | 26 | CH | SEARCH | LEAD | Compeditor",FRIDAY,3,3,0,0,3,insufficient,,
"EX | 26 | CH | SEARCH | LEAD | Compeditor",SATURDAY,3,3,1,0,2,insufficient,,
"EX | 26 | CH | SEARCH | LEAD | Compeditor",SUNDAY,4,2,0,0,2,insufficient,,
"EX | 26 | CH | SEARCH | LEAD | Compeditor",MONDAY,4,5,0,0,5,confirmed,,
"EX | 26 | CH | SEARCH | LEAD | Compeditor",TUESDAY,4,4,1,0,3,confirmed,,
"EX | 26 | CH | SEARCH | LEAD | Compeditor",WEDNESDAY,4,2,0,0,2,insufficient,,
"EX | 26 | CH | SEARCH | LEAD | Compeditor",THURSDAY,4,3,1,0,2,insufficient,,
"EX | 26 | CH | SEARCH | LEAD | Compeditor",FRIDAY,4,2,0,0,2,insufficient,,
"EX | 26 | CH | SEARCH | LEAD | Compeditor",SATURDAY,4,1,0,0,1,insufficient,,
"EX | 26 | CH | SEARCH | LEAD | Compeditor",SUNDAY,5,1,0,0,1,insufficient,,
"EX | 26 | CH | SEARCH | LEAD | Compeditor",MONDAY,5,5,1,0,4,confirmed,,
"EX | 26 | CH | SEARCH | LEAD | Compeditor",TUESDAY,5,4,0,0,4,confirmed,,
"EX | 26 | CH | SEARCH | LEAD | Compeditor",WEDNESDAY,5,3,1,0,2,insufficient,,
"EX | 26 | CH | SEARCH | LEAD | Compeditor",THURSDAY,5,4,0,0,4,confirmed,,
"EX | 26 | CH | SEARCH | LEAD | Compeditor",FRIDAY,5,2,0,0,2,insufficient,,
"EX | 26 | CH | SEARCH | LEAD | Compeditor",SATURDAY,5,1,0,0,1,insufficient,,
"EX | 26 | CH | SEARCH | LEAD | Compeditor",SUNDAY,6,3,0,0,3,insufficient,,
"EX | 26 | CH | SEARCH | LEAD | Compeditor",MONDAY,6,5,2,0,3,unconfirmed,,
"EX | 26 | CH | SEARCH | LEAD | Compeditor",TUESDAY,6,4,0,0,4,confirmed,,
"EX | 26 | CH | SEARCH | LEAD | Compeditor",WEDNESDAY,6,4,0,0,4,confirmed,,
"EX | 26 | CH | SEARCH | LEAD | Compeditor",THURSDAY,6,4,1,1,2,unconfirmed,5.88,-89.3
"EX | 26 | CH | SEARCH | LEAD | Compeditor",FRIDAY,6,4,1,0,3,confirmed,,
"EX | 26 | CH | SEARCH | LEAD | Compeditor",SATURDAY,6,3,0,0,3,insufficient,,
"EX | 26 | CH | SEARCH | LEAD | Compeditor",SUNDAY,7,5,1,0,4,confirmed,,
"EX | 26 | CH | SEARCH | LEAD | Compeditor",MONDAY,7,5,2,0,3,unconfirmed,,
"EX | 26 | CH | SEARCH | LEAD | Compeditor",TUESDAY,7,4,3,0,1,confirmed,,
"EX | 26 | CH | SEARCH | LEAD | Compeditor",WEDNESDAY,7,4,1,0,3,confirmed,,
"EX | 26 | CH | SEARCH | LEAD | Compeditor",THURSDAY,7,3,1,0,2,insufficient,,
"EX | 26 | CH | SEARCH | LEAD | Compeditor",FRIDAY,7,4,0,0,4,confirmed,,
"EX | 26 | CH | SEARCH | LEAD | Compeditor",SATURDAY,7,4,1,0,3,confirmed,,
"EX | 26 | CH | SEARCH | LEAD | Compeditor",SUNDAY,8,4,1,0,3,confirmed,,
"EX | 26 | CH | SEARCH | LEAD | Compeditor",MONDAY,8,5,4,0,1,confirmed,,
"EX | 26 | CH | SEARCH | LEAD | Compeditor",TUESDAY,8,4,2,0,2,unconfirmed,,
"EX | 26 | CH | SEARCH | LEAD | Compeditor",WEDNESDAY,8,4,2,0,2,unconfirmed,,
"EX | 26 | CH | SEARCH | LEAD | Compeditor",THURSDAY,8,3,1,1,1,insufficient,4.85,-91.1
"EX | 26 | CH | SEARCH | LEAD | Compeditor",FRIDAY,8,4,2,0,2,unconfirmed,,
"EX | 26 | CH | SEARCH | LEAD | Compeditor",SATURDAY,8,3,0,0,3,insufficient,,
"EX | 26 | CH | SEARCH | LEAD | Compeditor",SUNDAY,9,4,2,0,2,unconfirmed,,
"EX | 26 | CH | SEARCH | LEAD | Compeditor",MONDAY,9,5,5,0,0,confirmed,,
"EX | 26 | CH | SEARCH | LEAD | Compeditor",TUESDAY,9,4,3,0,1,confirmed,,
"EX | 26 | CH | SEARCH | LEAD | Compeditor",WEDNESDAY,9,4,3,0,1,confirmed,,
"EX | 26 | CH | SEARCH | LEAD | Compeditor",THURSDAY,9,4,1,0,3,confirmed,,
"EX | 26 | CH | SEARCH | LEAD | Compeditor",FRIDAY,9,4,2,0,2,unconfirmed,,
"EX | 26 | CH | SEARCH | LEAD | Compeditor",SATURDAY,9,4,1,0,3,confirmed,,
"EX | 26 | CH | SEARCH | LEAD | Compeditor",SUNDAY,10,5,2,0,3,unconfirmed,,
"EX | 26 | CH | SEARCH | LEAD | Compeditor",MONDAY,10,5,5,0,0,confirmed,,
"EX | 26 | CH | SEARCH | LEAD | Compeditor",TUESDAY,10,4,1,0,3,confirmed,,
"EX | 26 | CH | SEARCH | LEAD | Compeditor",WEDNESDAY,10,4,3,1,0,confirmed,16.15,-70.5
"EX | 26 | CH | SEARCH | LEAD | Compeditor",THURSDAY,10,4,4,0,0,confirmed,,
"EX | 26 | CH | SEARCH | LEAD | Compeditor",FRIDAY,10,4,0,0,4,confirmed,,
"EX | 26 | CH | SEARCH | LEAD | Compeditor",SATURDAY,10,4,1,0,3,confirmed,,
"EX | 26 | CH | SEARCH | LEAD | Compeditor",SUNDAY,11,5,2,0,3,unconfirmed,,
"EX | 26 | CH | SEARCH | LEAD | Compeditor",MONDAY,11,5,5,0,0,confirmed,,
"EX | 26 | CH | SEARCH | LEAD | Compeditor",TUESDAY,11,4,4,0,0,confirmed,,
"EX | 26 | CH | SEARCH | LEAD | Compeditor",WEDNESDAY,11,4,2,0,2,unconfirmed,,
"EX | 26 | CH | SEARCH | LEAD | Compeditor",THURSDAY,11,4,1,0,3,confirmed,,
"EX | 26 | CH | SEARCH | LEAD | Compeditor",FRIDAY,11,4,4,0,0,confirmed,,
"EX | 26 | CH | SEARCH | LEAD | Compeditor",SATURDAY,11,4,0,0,4,confirmed,,
"EX | 26 | CH | SEARCH | LEAD | Compeditor",SUNDAY,12,5,2,1,2,unconfirmed,6.21,-88.7
"EX | 26 | CH | SEARCH | LEAD | Compeditor",MONDAY,12,5,4,1,0,confirmed,15.77,-71.2
"EX | 26 | CH | SEARCH | LEAD | Compeditor",TUESDAY,12,4,3,0,1,confirmed,,
"EX | 26 | CH | SEARCH | LEAD | Compeditor",WEDNESDAY,12,4,2,1,1,unconfirmed,15.04,-72.5
"EX | 26 | CH | SEARCH | LEAD | Compeditor",THURSDAY,12,4,4,0,0,confirmed,,
"EX | 26 | CH | SEARCH | LEAD | Compeditor",FRIDAY,12,4,3,0,1,confirmed,,
"EX | 26 | CH | SEARCH | LEAD | Compeditor",SATURDAY,12,4,0,0,4,confirmed,,
"EX | 26 | CH | SEARCH | LEAD | Compeditor",SUNDAY,13,5,3,0,2,unconfirmed,,
"EX | 26 | CH | SEARCH | LEAD | Compeditor",MONDAY,13,5,4,0,1,confirmed,,
"EX | 26 | CH | SEARCH | LEAD | Compeditor",TUESDAY,13,4,3,0,1,confirmed,,
"EX | 26 | CH | SEARCH | LEAD | Compeditor",WEDNESDAY,13,2,1,0,1,insufficient,,
"EX | 26 | CH | SEARCH | LEAD | Compeditor",THURSDAY,13,4,3,1,0,confirmed,39.08,-28.6
"EX | 26 | CH | SEARCH | LEAD | Compeditor",FRIDAY,13,4,2,1,1,unconfirmed,2.48,-95.5
"EX | 26 | CH | SEARCH | LEAD | Compeditor",SATURDAY,13,4,2,0,2,unconfirmed,,
"EX | 26 | CH | SEARCH | LEAD | Compeditor",SUNDAY,14,5,2,0,3,unconfirmed,,
"EX | 26 | CH | SEARCH | LEAD | Compeditor",MONDAY,14,5,5,0,0,confirmed,,
"EX | 26 | CH | SEARCH | LEAD | Compeditor",TUESDAY,14,3,2,0,1,insufficient,,
"EX | 26 | CH | SEARCH | LEAD | Compeditor",WEDNESDAY,14,2,2,0,0,insufficient,,
"EX | 26 | CH | SEARCH | LEAD | Compeditor",THURSDAY,14,3,2,1,0,insufficient,25.00,-54.3
"EX | 26 | CH | SEARCH | LEAD | Compeditor",FRIDAY,14,4,3,0,1,confirmed,,
"EX | 26 | CH | SEARCH | LEAD | Compeditor",SATURDAY,14,4,2,0,2,unconfirmed,,
"EX | 26 | CH | SEARCH | LEAD | Compeditor",SUNDAY,15,5,4,0,1,confirmed,,
"EX | 26 | CH | SEARCH | LEAD | Compeditor",MONDAY,15,4,4,0,0,confirmed,,
"EX | 26 | CH | SEARCH | LEAD | Compeditor",TUESDAY,15,3,2,1,0,insufficient,8.05,-85.3
"EX | 26 | CH | SEARCH | LEAD | Compeditor",WEDNESDAY,15,2,2,0,0,insufficient,,
"EX | 26 | CH | SEARCH | LEAD | Compeditor",THURSDAY,15,3,0,0,3,insufficient,,
"EX | 26 | CH | SEARCH | LEAD | Compeditor",FRIDAY,15,3,2,0,1,insufficient,,
"EX | 26 | CH | SEARCH | LEAD | Compeditor",SATURDAY,15,4,1,0,3,confirmed,,
"EX | 26 | CH | SEARCH | LEAD | Compeditor",SUNDAY,16,5,2,0,3,unconfirmed,,
"EX | 26 | CH | SEARCH | LEAD | Compeditor",MONDAY,16,4,3,0,1,confirmed,,
"EX | 26 | CH | SEARCH | LEAD | Compeditor",TUESDAY,16,2,2,0,0,insufficient,,
"EX | 26 | CH | SEARCH | LEAD | Compeditor",WEDNESDAY,16,2,1,0,1,insufficient,,
"EX | 26 | CH | SEARCH | LEAD | Compeditor",THURSDAY,16,3,1,1,1,insufficient,3.25,-94.1
"EX | 26 | CH | SEARCH | LEAD | Compeditor",FRIDAY,16,3,1,0,2,insufficient,,
"EX | 26 | CH | SEARCH | LEAD | Compeditor",SATURDAY,16,4,2,0,2,unconfirmed,,
"EX | 26 | CH | SEARCH | LEAD | Compeditor",SUNDAY,17,5,4,0,1,confirmed,,
"EX | 26 | CH | SEARCH | LEAD | Compeditor",MONDAY,17,4,4,0,0,confirmed,,
"EX | 26 | CH | SEARCH | LEAD | Compeditor",TUESDAY,17,1,1,0,0,insufficient,,
"EX | 26 | CH | SEARCH | LEAD | Compeditor",WEDNESDAY,17,2,1,0,1,insufficient,,
"EX | 26 | CH | SEARCH | LEAD | Compeditor",THURSDAY,17,3,3,0,0,insufficient,,
"EX | 26 | CH | SEARCH | LEAD | Compeditor",FRIDAY,17,3,1,0,2,insufficient,,
"EX | 26 | CH | SEARCH | LEAD | Compeditor",SATURDAY,17,4,2,0,2,unconfirmed,,
"EX | 26 | CH | SEARCH | LEAD | Compeditor",SUNDAY,18,4,3,0,1,confirmed,,
"EX | 26 | CH | SEARCH | LEAD | Compeditor",MONDAY,18,3,3,0,0,insufficient,,
"EX | 26 | CH | SEARCH | LEAD | Compeditor",WEDNESDAY,18,2,1,0,1,insufficient,,
"EX | 26 | CH | SEARCH | LEAD | Compeditor",THURSDAY,18,3,2,0,1,insufficient,,
"EX | 26 | CH | SEARCH | LEAD | Compeditor",FRIDAY,18,3,0,0,3,insufficient,,
"EX | 26 | CH | SEARCH | LEAD | Compeditor",SATURDAY,18,4,1,1,2,unconfirmed,10.62,-80.6
"EX | 26 | CH | SEARCH | LEAD | Compeditor",SUNDAY,19,3,2,1,0,insufficient,13.44,-75.5
"EX | 26 | CH | SEARCH | LEAD | Compeditor",MONDAY,19,2,2,0,0,insufficient,,
"EX | 26 | CH | SEARCH | LEAD | Compeditor",WEDNESDAY,19,1,1,0,0,insufficient,,
"EX | 26 | CH | SEARCH | LEAD | Compeditor",THURSDAY,19,2,1,0,1,insufficient,,
"EX | 26 | CH | SEARCH | LEAD | Compeditor",FRIDAY,19,3,1,0,2,insufficient,,
"EX | 26 | CH | SEARCH | LEAD | Compeditor",SATURDAY,19,4,0,0,4,confirmed,,
"EX | 26 | CH | SEARCH | LEAD | Compeditor",SUNDAY,20,3,2,0,1,insufficient,,
"EX | 26 | CH | SEARCH | LEAD | Compeditor",MONDAY,20,1,0,0,1,insufficient,,
"EX | 26 | CH | SEARCH | LEAD | Compeditor",WEDNESDAY,20,1,0,0,1,insufficient,,
"EX | 26 | CH | SEARCH | LEAD | Compeditor",THURSDAY,20,2,0,0,2,insufficient,,
"EX | 26 | CH | SEARCH | LEAD | Compeditor",FRIDAY,20,3,1,0,2,insufficient,,
"EX | 26 | CH | SEARCH | LEAD | Compeditor",SATURDAY,20,4,1,0,3,confirmed,,
"EX | 26 | CH | SEARCH | LEAD | Compeditor",SUNDAY,21,4,3,0,1,confirmed,,
"EX | 26 | CH | SEARCH | LEAD | Compeditor",MONDAY,21,1,1,0,0,insufficient,,
"EX | 26 | CH | SEARCH | LEAD | Compeditor",WEDNESDAY,21,1,0,0,1,insufficient,,
"EX | 26 | CH | SEARCH | LEAD | Compeditor",THURSDAY,21,2,1,0,1,insufficient,,
"EX | 26 | CH | SEARCH | LEAD | Compeditor",FRIDAY,21,3,1,0,2,insufficient,,
"EX | 26 | CH | SEARCH | LEAD | Compeditor",SATURDAY,21,4,1,0,3,confirmed,,
"EX | 26 | CH | SEARCH | LEAD | Compeditor",SUNDAY,22,4,3,0,1,confirmed,,
"EX | 26 | CH | SEARCH | LEAD | Compeditor",MONDAY,22,1,1,0,0,insufficient,,
"EX | 26 | CH | SEARCH | LEAD | Compeditor",WEDNESDAY,22,1,0,0,1,insufficient,,
"EX | 26 | CH | SEARCH | LEAD | Compeditor",THURSDAY,22,2,1,0,1,insufficient,,
"EX | 26 | CH | SEARCH | LEAD | Compeditor",FRIDAY,22,2,0,0,2,insufficient,,
"EX | 26 | CH | SEARCH | LEAD | Compeditor",SATURDAY,22,4,1,0,3,confirmed,,
"EX | 26 | CH | SEARCH | LEAD | Compeditor",SUNDAY,23,4,2,0,2,unconfirmed,,
"EX | 26 | CH | SEARCH | LEAD | Compeditor",MONDAY,23,1,1,0,0,insufficient,,
"EX | 26 | CH | SEARCH | LEAD | Compeditor",WEDNESDAY,23,1,0,0,1,insufficient,,
"EX | 26 | CH | SEARCH | LEAD | Compeditor",THURSDAY,23,2,2,0,0,insufficient,,
"EX | 26 | CH | SEARCH | LEAD | Compeditor",FRIDAY,23,2,1,0,1,insufficient,,
"EX | 26 | CH | SEARCH | LEAD | Compeditor",SATURDAY,23,4,1,0,3,confirmed,,
"EX | 25 | CH | SEARCH | LEAD | Metallbauer",SUNDAY,0,3,0,0,3,insufficient,,
"EX | 25 | CH | SEARCH | LEAD | Metallbauer",MONDAY,0,3,1,0,2,insufficient,,
"EX | 25 | CH | SEARCH | LEAD | Metallbauer",TUESDAY,0,2,1,0,1,insufficient,,
"EX | 25 | CH | SEARCH | LEAD | Metallbauer",WEDNESDAY,0,1,0,0,1,insufficient,,
"EX | 25 | CH | SEARCH | LEAD | Metallbauer",THURSDAY,0,2,0,0,2,insufficient,,
"EX | 25 | CH | SEARCH | LEAD | Metallbauer",FRIDAY,0,1,0,0,1,insufficient,,
"EX | 25 | CH | SEARCH | LEAD | Metallbauer",SATURDAY,0,2,0,0,2,insufficient,,
"EX | 25 | CH | SEARCH | LEAD | Metallbauer",SUNDAY,1,2,1,0,1,insufficient,,
"EX | 25 | CH | SEARCH | LEAD | Metallbauer",MONDAY,1,1,0,0,1,insufficient,,
"EX | 25 | CH | SEARCH | LEAD | Metallbauer",WEDNESDAY,1,2,0,0,2,insufficient,,
"EX | 25 | CH | SEARCH | LEAD | Metallbauer",FRIDAY,1,1,0,0,1,insufficient,,
"EX | 25 | CH | SEARCH | LEAD | Metallbauer",SATURDAY,1,3,0,0,3,insufficient,,
"EX | 25 | CH | SEARCH | LEAD | Metallbauer",MONDAY,2,2,0,0,2,insufficient,,
"EX | 25 | CH | SEARCH | LEAD | Metallbauer",TUESDAY,2,1,0,0,1,insufficient,,
"EX | 25 | CH | SEARCH | LEAD | Metallbauer",WEDNESDAY,2,1,0,0,1,insufficient,,
"EX | 25 | CH | SEARCH | LEAD | Metallbauer",FRIDAY,2,1,0,0,1,insufficient,,
"EX | 25 | CH | SEARCH | LEAD | Metallbauer",SUNDAY,3,1,1,0,0,insufficient,,
"EX | 25 | CH | SEARCH | LEAD | Metallbauer",MONDAY,3,1,0,0,1,insufficient,,
"EX | 25 | CH | SEARCH | LEAD | Metallbauer",WEDNESDAY,3,1,0,0,1,insufficient,,
"EX | 25 | CH | SEARCH | LEAD | Metallbauer",THURSDAY,3,1,0,0,1,insufficient,,
"EX | 25 | CH | SEARCH | LEAD | Metallbauer",FRIDAY,3,3,1,0,2,insufficient,,
"EX | 25 | CH | SEARCH | LEAD | Metallbauer",SATURDAY,3,2,0,0,2,insufficient,,
"EX | 25 | CH | SEARCH | LEAD | Metallbauer",MONDAY,4,2,0,0,2,insufficient,,
"EX | 25 | CH | SEARCH | LEAD | Metallbauer",TUESDAY,4,1,0,0,1,insufficient,,
"EX | 25 | CH | SEARCH | LEAD | Metallbauer",FRIDAY,4,2,0,0,2,insufficient,,
"EX | 25 | CH | SEARCH | LEAD | Metallbauer",MONDAY,5,1,0,0,1,insufficient,,
"EX | 25 | CH | SEARCH | LEAD | Metallbauer",TUESDAY,5,3,1,0,2,insufficient,,
"EX | 25 | CH | SEARCH | LEAD | Metallbauer",WEDNESDAY,5,2,0,0,2,insufficient,,
"EX | 25 | CH | SEARCH | LEAD | Metallbauer",SATURDAY,5,3,2,0,1,insufficient,,
"EX | 25 | CH | SEARCH | LEAD | Metallbauer",SUNDAY,6,2,0,0,2,insufficient,,
"EX | 25 | CH | SEARCH | LEAD | Metallbauer",MONDAY,6,3,1,0,2,insufficient,,
"EX | 25 | CH | SEARCH | LEAD | Metallbauer",TUESDAY,6,1,0,0,1,insufficient,,
"EX | 25 | CH | SEARCH | LEAD | Metallbauer",WEDNESDAY,6,2,0,0,2,insufficient,,
"EX | 25 | CH | SEARCH | LEAD | Metallbauer",THURSDAY,6,1,0,0,1,insufficient,,
"EX | 25 | CH | SEARCH | LEAD | Metallbauer",FRIDAY,6,1,0,0,1,insufficient,,
"EX | 25 | CH | SEARCH | LEAD | Metallbauer",SATURDAY,6,3,1,0,2,insufficient,,
"EX | 25 | CH | SEARCH | LEAD | Metallbauer",SUNDAY,7,1,0,0,1,insufficient,,
"EX | 25 | CH | SEARCH | LEAD | Metallbauer",MONDAY,7,3,1,0,2,insufficient,,
"EX | 25 | CH | SEARCH | LEAD | Metallbauer",TUESDAY,7,4,2,0,2,unconfirmed,,
"EX | 25 | CH | SEARCH | LEAD | Metallbauer",WEDNESDAY,7,3,1,0,2,insufficient,,
"EX | 25 | CH | SEARCH | LEAD | Metallbauer",THURSDAY,7,2,1,0,1,insufficient,,
"EX | 25 | CH | SEARCH | LEAD | Metallbauer",FRIDAY,7,2,1,0,1,insufficient,,
"EX | 25 | CH | SEARCH | LEAD | Metallbauer",SATURDAY,7,2,0,0,2,insufficient,,
"EX | 25 | CH | SEARCH | LEAD | Metallbauer",SUNDAY,8,3,1,0,2,insufficient,,
"EX | 25 | CH | SEARCH | LEAD | Metallbauer",MONDAY,8,2,2,0,0,insufficient,,
"EX | 25 | CH | SEARCH | LEAD | Metallbauer",TUESDAY,8,3,2,0,1,insufficient,,
"EX | 25 | CH | SEARCH | LEAD | Metallbauer",WEDNESDAY,8,4,3,0,1,confirmed,,
"EX | 25 | CH | SEARCH | LEAD | Metallbauer",THURSDAY,8,4,3,0,1,confirmed,,
"EX | 25 | CH | SEARCH | LEAD | Metallbauer",FRIDAY,8,4,1,0,3,confirmed,,
"EX | 25 | CH | SEARCH | LEAD | Metallbauer",SATURDAY,8,2,0,0,2,insufficient,,
"EX | 25 | CH | SEARCH | LEAD | Metallbauer",SUNDAY,9,3,2,0,1,insufficient,,
"EX | 25 | CH | SEARCH | LEAD | Metallbauer",MONDAY,9,3,1,0,2,insufficient,,
"EX | 25 | CH | SEARCH | LEAD | Metallbauer",TUESDAY,9,4,0,0,4,confirmed,,
"EX | 25 | CH | SEARCH | LEAD | Metallbauer",WEDNESDAY,9,3,1,0,2,insufficient,,
"EX | 25 | CH | SEARCH | LEAD | Metallbauer",THURSDAY,9,2,1,0,1,insufficient,,
"EX | 25 | CH | SEARCH | LEAD | Metallbauer",FRIDAY,9,3,2,0,1,insufficient,,
"EX | 25 | CH | SEARCH | LEAD | Metallbauer",SATURDAY,9,3,1,0,2,insufficient,,
"EX | 25 | CH | SEARCH | LEAD | Metallbauer",SUNDAY,10,4,2,0,2,unconfirmed,,
"EX | 25 | CH | SEARCH | LEAD | Metallbauer",MONDAY,10,4,1,0,3,confirmed,,
"EX | 25 | CH | SEARCH | LEAD | Metallbauer",TUESDAY,10,4,2,0,2,unconfirmed,,
"EX | 25 | CH | SEARCH | LEAD | Metallbauer",WEDNESDAY,10,3,2,0,1,insufficient,,
"EX | 25 | CH | SEARCH | LEAD | Metallbauer",THURSDAY,10,3,0,0,3,insufficient,,
"EX | 25 | CH | SEARCH | LEAD | Metallbauer",FRIDAY,10,3,0,0,3,insufficient,,
"EX | 25 | CH | SEARCH | LEAD | Metallbauer",SATURDAY,10,4,0,0,4,confirmed,,
"EX | 25 | CH | SEARCH | LEAD | Metallbauer",SUNDAY,11,4,0,0,4,confirmed,,
"EX | 25 | CH | SEARCH | LEAD | Metallbauer",MONDAY,11,4,3,1,0,confirmed,16.28,-70.6
"EX | 25 | CH | SEARCH | LEAD | Metallbauer",TUESDAY,11,4,4,0,0,confirmed,,
"EX | 25 | CH | SEARCH | LEAD | Metallbauer",WEDNESDAY,11,3,2,0,1,insufficient,,
"EX | 25 | CH | SEARCH | LEAD | Metallbauer",THURSDAY,11,3,1,0,2,insufficient,,
"EX | 25 | CH | SEARCH | LEAD | Metallbauer",FRIDAY,11,3,0,0,3,insufficient,,
"EX | 25 | CH | SEARCH | LEAD | Metallbauer",SATURDAY,11,3,1,0,2,insufficient,,
"EX | 25 | CH | SEARCH | LEAD | Metallbauer",SUNDAY,12,4,0,0,4,confirmed,,
"EX | 25 | CH | SEARCH | LEAD | Metallbauer",MONDAY,12,5,2,0,3,unconfirmed,,
"EX | 25 | CH | SEARCH | LEAD | Metallbauer",TUESDAY,12,4,4,0,0,confirmed,,
"EX | 25 | CH | SEARCH | LEAD | Metallbauer",WEDNESDAY,12,4,2,0,2,unconfirmed,,
"EX | 25 | CH | SEARCH | LEAD | Metallbauer",THURSDAY,12,4,2,0,2,unconfirmed,,
"EX | 25 | CH | SEARCH | LEAD | Metallbauer",FRIDAY,12,4,1,0,3,confirmed,,
"EX | 25 | CH | SEARCH | LEAD | Metallbauer",SATURDAY,12,2,1,0,1,insufficient,,
"EX | 25 | CH | SEARCH | LEAD | Metallbauer",SUNDAY,13,4,1,0,3,confirmed,,
"EX | 25 | CH | SEARCH | LEAD | Metallbauer",MONDAY,13,5,4,1,0,confirmed,14.85,-73.1
"EX | 25 | CH | SEARCH | LEAD | Metallbauer",TUESDAY,13,4,0,0,4,confirmed,,
"EX | 25 | CH | SEARCH | LEAD | Metallbauer",WEDNESDAY,13,3,1,0,2,insufficient,,
"EX | 25 | CH | SEARCH | LEAD | Metallbauer",THURSDAY,13,3,1,0,2,insufficient,,
"EX | 25 | CH | SEARCH | LEAD | Metallbauer",FRIDAY,13,4,1,0,3,confirmed,,
"EX | 25 | CH | SEARCH | LEAD | Metallbauer",SATURDAY,13,4,1,0,3,confirmed,,
"EX | 25 | CH | SEARCH | LEAD | Metallbauer",SUNDAY,14,4,1,0,3,confirmed,,
"EX | 25 | CH | SEARCH | LEAD | Metallbauer",MONDAY,14,3,2,0,1,insufficient,,
"EX | 25 | CH | SEARCH | LEAD | Metallbauer",TUESDAY,14,4,3,0,1,confirmed,,
"EX | 25 | CH | SEARCH | LEAD | Metallbauer",WEDNESDAY,14,3,2,0,1,insufficient,,
"EX | 25 | CH | SEARCH | LEAD | Metallbauer",THURSDAY,14,3,1,0,2,insufficient,,
"EX | 25 | CH | SEARCH | LEAD | Metallbauer",FRIDAY,14,4,1,0,3,confirmed,,
"EX | 25 | CH | SEARCH | LEAD | Metallbauer",SATURDAY,14,4,1,0,3,confirmed,,
"EX | 25 | CH | SEARCH | LEAD | Metallbauer",SUNDAY,15,4,1,1,2,unconfirmed,1.76,-96.8
"EX | 25 | CH | SEARCH | LEAD | Metallbauer",MONDAY,15,2,1,0,1,insufficient,,
"EX | 25 | CH | SEARCH | LEAD | Metallbauer",TUESDAY,15,4,1,0,3,confirmed,,
"EX | 25 | CH | SEARCH | LEAD | Metallbauer",WEDNESDAY,15,2,1,0,1,insufficient,,
"EX | 25 | CH | SEARCH | LEAD | Metallbauer",THURSDAY,15,2,1,0,1,insufficient,,
"EX | 25 | CH | SEARCH | LEAD | Metallbauer",FRIDAY,15,4,2,0,2,unconfirmed,,
"EX | 25 | CH | SEARCH | LEAD | Metallbauer",SATURDAY,15,3,1,0,2,insufficient,,
"EX | 25 | CH | SEARCH | LEAD | Metallbauer",SUNDAY,16,5,0,1,4,confirmed,5.65,-89.8
"EX | 25 | CH | SEARCH | LEAD | Metallbauer",MONDAY,16,2,1,0,1,insufficient,,
"EX | 25 | CH | SEARCH | LEAD | Metallbauer",TUESDAY,16,3,1,0,2,insufficient,,
"EX | 25 | CH | SEARCH | LEAD | Metallbauer",WEDNESDAY,16,2,1,0,1,insufficient,,
"EX | 25 | CH | SEARCH | LEAD | Metallbauer",THURSDAY,16,2,0,0,2,insufficient,,
"EX | 25 | CH | SEARCH | LEAD | Metallbauer",FRIDAY,16,4,1,1,2,unconfirmed,5.14,-90.7
"EX | 25 | CH | SEARCH | LEAD | Metallbauer",SATURDAY,16,3,1,0,2,insufficient,,
"EX | 25 | CH | SEARCH | LEAD | Metallbauer",SUNDAY,17,4,1,0,3,confirmed,,
"EX | 25 | CH | SEARCH | LEAD | Metallbauer",MONDAY,17,3,1,0,2,insufficient,,
"EX | 25 | CH | SEARCH | LEAD | Metallbauer",TUESDAY,17,2,1,0,1,insufficient,,
"EX | 25 | CH | SEARCH | LEAD | Metallbauer",WEDNESDAY,17,2,0,0,2,insufficient,,
"EX | 25 | CH | SEARCH | LEAD | Metallbauer",THURSDAY,17,2,0,0,2,insufficient,,
"EX | 25 | CH | SEARCH | LEAD | Metallbauer",FRIDAY,17,4,2,0,2,unconfirmed,,
"EX | 25 | CH | SEARCH | LEAD | Metallbauer",SATURDAY,17,1,0,0,1,insufficient,,
"EX | 25 | CH | SEARCH | LEAD | Metallbauer",SUNDAY,18,4,1,0,3,confirmed,,
"EX | 25 | CH | SEARCH | LEAD | Metallbauer",MONDAY,18,2,1,0,1,insufficient,,
"EX | 25 | CH | SEARCH | LEAD | Metallbauer",TUESDAY,18,2,1,0,1,insufficient,,
"EX | 25 | CH | SEARCH | LEAD | Metallbauer",WEDNESDAY,18,2,1,0,1,insufficient,,
"EX | 25 | CH | SEARCH | LEAD | Metallbauer",THURSDAY,18,2,0,0,2,insufficient,,
"EX | 25 | CH | SEARCH | LEAD | Metallbauer",FRIDAY,18,3,0,0,3,insufficient,,
"EX | 25 | CH | SEARCH | LEAD | Metallbauer",SATURDAY,18,1,1,0,0,insufficient,,
"EX | 25 | CH | SEARCH | LEAD | Metallbauer",SUNDAY,19,5,0,0,5,confirmed,,
"EX | 25 | CH | SEARCH | LEAD | Metallbauer",MONDAY,19,3,2,0,1,insufficient,,
"EX | 25 | CH | SEARCH | LEAD | Metallbauer",TUESDAY,19,1,0,0,0,insufficient,69.74,26.1
"EX | 25 | CH | SEARCH | LEAD | Metallbauer",WEDNESDAY,19,1,0,0,1,insufficient,,
"EX | 25 | CH | SEARCH | LEAD | Metallbauer",THURSDAY,19,3,0,0,3,insufficient,,
"EX | 25 | CH | SEARCH | LEAD | Metallbauer",FRIDAY,19,3,2,0,1,insufficient,,
"EX | 25 | CH | SEARCH | LEAD | Metallbauer",SUNDAY,20,5,2,0,3,unconfirmed,,
"EX | 25 | CH | SEARCH | LEAD | Metallbauer",MONDAY,20,3,2,0,1,insufficient,,
"EX | 25 | CH | SEARCH | LEAD | Metallbauer",WEDNESDAY,20,1,0,0,1,insufficient,,
"EX | 25 | CH | SEARCH | LEAD | Metallbauer",THURSDAY,20,3,0,0,3,insufficient,,
"EX | 25 | CH | SEARCH | LEAD | Metallbauer",FRIDAY,20,2,1,0,1,insufficient,,
"EX | 25 | CH | SEARCH | LEAD | Metallbauer",SATURDAY,20,1,0,0,1,insufficient,,
"EX | 25 | CH | SEARCH | LEAD | Metallbauer",SUNDAY,21,3,0,0,3,insufficient,,
"EX | 25 | CH | SEARCH | LEAD | Metallbauer",MONDAY,21,1,0,0,1,insufficient,,
"EX | 25 | CH | SEARCH | LEAD | Metallbauer",WEDNESDAY,21,1,0,0,1,insufficient,,
"EX | 25 | CH | SEARCH | LEAD | Metallbauer",THURSDAY,21,3,0,0,3,insufficient,,
"EX | 25 | CH | SEARCH | LEAD | Metallbauer",FRIDAY,21,2,1,0,1,insufficient,,
"EX | 25 | CH | SEARCH | LEAD | Metallbauer",SATURDAY,21,1,0,0,1,insufficient,,
"EX | 25 | CH | SEARCH | LEAD | Metallbauer",SUNDAY,22,3,1,0,2,insufficient,,
"EX | 25 | CH | SEARCH | LEAD | Metallbauer",MONDAY,22,1,1,0,0,insufficient,,
"EX | 25 | CH | SEARCH | LEAD | Metallbauer",WEDNESDAY,22,1,0,0,1,insufficient,,
"EX | 25 | CH | SEARCH | LEAD | Metallbauer",THURSDAY,22,3,0,0,3,insufficient,,
"EX | 25 | CH | SEARCH | LEAD | Metallbauer",FRIDAY,22,2,0,0,2,insufficient,,
"EX | 25 | CH | SEARCH | LEAD | Metallbauer",SATURDAY,22,1,0,0,1,insufficient,,
"EX | 25 | CH | SEARCH | LEAD | Metallbauer",SUNDAY,23,3,0,0,3,insufficient,,
"EX | 25 | CH | SEARCH | LEAD | Metallbauer",MONDAY,23,1,0,0,1,insufficient,,
"EX | 25 | CH | SEARCH | LEAD | Metallbauer",WEDNESDAY,23,1,1,0,0,insufficient,,
"EX | 25 | CH | SEARCH | LEAD | Metallbauer",THURSDAY,23,3,0,0,3,insufficient,,
"EX | 25 | CH | SEARCH | LEAD | Metallbauer",FRIDAY,23,1,0,0,1,insufficient,,
"EX | 25 | CH | SEARCH | LEAD | Metallbauer",SATURDAY,23,1,0,0,1,insufficient,,
"EX | 25 | CH | SEARCH | LEAD | Produktionsmechaniker",SUNDAY,0,2,0,0,2,insufficient,,
"EX | 25 | CH | SEARCH | LEAD | Produktionsmechaniker",MONDAY,0,4,1,0,3,confirmed,,
"EX | 25 | CH | SEARCH | LEAD | Produktionsmechaniker",TUESDAY,0,4,0,0,4,confirmed,,
"EX | 25 | CH | SEARCH | LEAD | Produktionsmechaniker",WEDNESDAY,0,3,0,0,3,insufficient,,
"EX | 25 | CH | SEARCH | LEAD | Produktionsmechaniker",THURSDAY,0,2,0,0,2,insufficient,,
"EX | 25 | CH | SEARCH | LEAD | Produktionsmechaniker",FRIDAY,0,2,1,0,1,insufficient,,
"EX | 25 | CH | SEARCH | LEAD | Produktionsmechaniker",SATURDAY,0,3,0,0,3,insufficient,,
"EX | 25 | CH | SEARCH | LEAD | Produktionsmechaniker",SUNDAY,1,3,1,0,2,insufficient,,
"EX | 25 | CH | SEARCH | LEAD | Produktionsmechaniker",MONDAY,1,2,0,0,2,insufficient,,
"EX | 25 | CH | SEARCH | LEAD | Produktionsmechaniker",TUESDAY,1,1,0,0,1,insufficient,,
"EX | 25 | CH | SEARCH | LEAD | Produktionsmechaniker",WEDNESDAY,1,2,0,0,2,insufficient,,
"EX | 25 | CH | SEARCH | LEAD | Produktionsmechaniker",THURSDAY,1,3,1,0,2,insufficient,,
"EX | 25 | CH | SEARCH | LEAD | Produktionsmechaniker",FRIDAY,1,4,0,0,4,confirmed,,
"EX | 25 | CH | SEARCH | LEAD | Produktionsmechaniker",SATURDAY,1,2,1,0,1,insufficient,,
"EX | 25 | CH | SEARCH | LEAD | Produktionsmechaniker",SUNDAY,2,2,0,0,2,insufficient,,
"EX | 25 | CH | SEARCH | LEAD | Produktionsmechaniker",MONDAY,2,3,1,0,2,insufficient,,
"EX | 25 | CH | SEARCH | LEAD | Produktionsmechaniker",TUESDAY,2,1,0,0,1,insufficient,,
"EX | 25 | CH | SEARCH | LEAD | Produktionsmechaniker",WEDNESDAY,2,2,0,0,2,insufficient,,
"EX | 25 | CH | SEARCH | LEAD | Produktionsmechaniker",THURSDAY,2,1,0,0,1,insufficient,,
"EX | 25 | CH | SEARCH | LEAD | Produktionsmechaniker",FRIDAY,2,2,0,0,2,insufficient,,
"EX | 25 | CH | SEARCH | LEAD | Produktionsmechaniker",SATURDAY,2,1,0,0,1,insufficient,,
"EX | 25 | CH | SEARCH | LEAD | Produktionsmechaniker",SUNDAY,3,2,0,0,2,insufficient,,
"EX | 25 | CH | SEARCH | LEAD | Produktionsmechaniker",MONDAY,3,2,0,0,2,insufficient,,
"EX | 25 | CH | SEARCH | LEAD | Produktionsmechaniker",TUESDAY,3,2,0,0,2,insufficient,,
"EX | 25 | CH | SEARCH | LEAD | Produktionsmechaniker",WEDNESDAY,3,1,0,0,1,insufficient,,
"EX | 25 | CH | SEARCH | LEAD | Produktionsmechaniker",THURSDAY,3,1,0,0,1,insufficient,,
"EX | 25 | CH | SEARCH | LEAD | Produktionsmechaniker",FRIDAY,3,1,0,0,1,insufficient,,
"EX | 25 | CH | SEARCH | LEAD | Produktionsmechaniker",SATURDAY,3,1,0,0,1,insufficient,,
"EX | 25 | CH | SEARCH | LEAD | Produktionsmechaniker",SUNDAY,4,3,0,0,3,insufficient,,
"EX | 25 | CH | SEARCH | LEAD | Produktionsmechaniker",MONDAY,4,2,0,0,2,insufficient,,
"EX | 25 | CH | SEARCH | LEAD | Produktionsmechaniker",TUESDAY,4,3,0,0,3,insufficient,,
"EX | 25 | CH | SEARCH | LEAD | Produktionsmechaniker",WEDNESDAY,4,1,0,0,1,insufficient,,
"EX | 25 | CH | SEARCH | LEAD | Produktionsmechaniker",THURSDAY,4,2,0,0,2,insufficient,,
"EX | 25 | CH | SEARCH | LEAD | Produktionsmechaniker",FRIDAY,4,1,0,0,1,insufficient,,
"EX | 25 | CH | SEARCH | LEAD | Produktionsmechaniker",SATURDAY,4,1,0,0,1,insufficient,,
"EX | 25 | CH | SEARCH | LEAD | Produktionsmechaniker",SUNDAY,5,2,0,0,2,insufficient,,
"EX | 25 | CH | SEARCH | LEAD | Produktionsmechaniker",MONDAY,5,3,0,0,3,insufficient,,
"EX | 25 | CH | SEARCH | LEAD | Produktionsmechaniker",TUESDAY,5,3,0,0,3,insufficient,,
"EX | 25 | CH | SEARCH | LEAD | Produktionsmechaniker",WEDNESDAY,5,2,0,0,2,insufficient,,
"EX | 25 | CH | SEARCH | LEAD | Produktionsmechaniker",THURSDAY,5,1,1,0,0,insufficient,,
"EX | 25 | CH | SEARCH | LEAD | Produktionsmechaniker",FRIDAY,5,1,0,0,1,insufficient,,
"EX | 25 | CH | SEARCH | LEAD | Produktionsmechaniker",SATURDAY,5,2,0,0,2,insufficient,,
"EX | 25 | CH | SEARCH | LEAD | Produktionsmechaniker",SUNDAY,6,3,0,0,3,insufficient,,
"EX | 25 | CH | SEARCH | LEAD | Produktionsmechaniker",MONDAY,6,5,0,0,5,confirmed,,
"EX | 25 | CH | SEARCH | LEAD | Produktionsmechaniker",TUESDAY,6,4,0,0,4,confirmed,,
"EX | 25 | CH | SEARCH | LEAD | Produktionsmechaniker",WEDNESDAY,6,3,1,0,2,insufficient,,
"EX | 25 | CH | SEARCH | LEAD | Produktionsmechaniker",THURSDAY,6,3,1,0,2,insufficient,,
"EX | 25 | CH | SEARCH | LEAD | Produktionsmechaniker",FRIDAY,6,4,2,0,2,unconfirmed,,
"EX | 25 | CH | SEARCH | LEAD | Produktionsmechaniker",SATURDAY,6,1,0,0,1,insufficient,,
"EX | 25 | CH | SEARCH | LEAD | Produktionsmechaniker",SUNDAY,7,4,0,0,4,confirmed,,
"EX | 25 | CH | SEARCH | LEAD | Produktionsmechaniker",MONDAY,7,5,2,0,3,unconfirmed,,
"EX | 25 | CH | SEARCH | LEAD | Produktionsmechaniker",TUESDAY,7,4,2,0,2,unconfirmed,,
"EX | 25 | CH | SEARCH | LEAD | Produktionsmechaniker",WEDNESDAY,7,4,0,0,4,confirmed,,
"EX | 25 | CH | SEARCH | LEAD | Produktionsmechaniker",THURSDAY,7,3,0,0,3,insufficient,,
"EX | 25 | CH | SEARCH | LEAD | Produktionsmechaniker",FRIDAY,7,3,1,0,2,insufficient,,
"EX | 25 | CH | SEARCH | LEAD | Produktionsmechaniker",SATURDAY,7,1,0,0,1,insufficient,,
"EX | 25 | CH | SEARCH | LEAD | Produktionsmechaniker",SUNDAY,8,3,2,0,1,insufficient,,
"EX | 25 | CH | SEARCH | LEAD | Produktionsmechaniker",MONDAY,8,4,2,0,2,unconfirmed,,
"EX | 25 | CH | SEARCH | LEAD | Produktionsmechaniker",TUESDAY,8,3,3,0,0,insufficient,,
"EX | 25 | CH | SEARCH | LEAD | Produktionsmechaniker",WEDNESDAY,8,3,1,0,2,insufficient,,
"EX | 25 | CH | SEARCH | LEAD | Produktionsmechaniker",THURSDAY,8,3,0,0,3,insufficient,,
"EX | 25 | CH | SEARCH | LEAD | Produktionsmechaniker",FRIDAY,8,3,0,0,3,insufficient,,
"EX | 25 | CH | SEARCH | LEAD | Produktionsmechaniker",SATURDAY,8,3,0,0,3,insufficient,,
"EX | 25 | CH | SEARCH | LEAD | Produktionsmechaniker",SUNDAY,9,5,2,0,3,unconfirmed,,
"EX | 25 | CH | SEARCH | LEAD | Produktionsmechaniker",MONDAY,9,4,1,0,3,confirmed,,
"EX | 25 | CH | SEARCH | LEAD | Produktionsmechaniker",TUESDAY,9,3,1,0,2,insufficient,,
"EX | 25 | CH | SEARCH | LEAD | Produktionsmechaniker",WEDNESDAY,9,4,0,0,4,confirmed,,
"EX | 25 | CH | SEARCH | LEAD | Produktionsmechaniker",THURSDAY,9,4,1,0,3,confirmed,,
"EX | 25 | CH | SEARCH | LEAD | Produktionsmechaniker",FRIDAY,9,3,0,0,3,insufficient,,
"EX | 25 | CH | SEARCH | LEAD | Produktionsmechaniker",SATURDAY,9,4,1,0,3,confirmed,,
"EX | 25 | CH | SEARCH | LEAD | Produktionsmechaniker",SUNDAY,10,5,1,0,4,confirmed,,
"EX | 25 | CH | SEARCH | LEAD | Produktionsmechaniker",MONDAY,10,4,2,0,2,unconfirmed,,
"EX | 25 | CH | SEARCH | LEAD | Produktionsmechaniker",TUESDAY,10,3,1,0,2,insufficient,,
"EX | 25 | CH | SEARCH | LEAD | Produktionsmechaniker",WEDNESDAY,10,4,1,0,3,confirmed,,
"EX | 25 | CH | SEARCH | LEAD | Produktionsmechaniker",THURSDAY,10,4,1,0,3,confirmed,,
"EX | 25 | CH | SEARCH | LEAD | Produktionsmechaniker",FRIDAY,10,4,0,0,4,confirmed,,
"EX | 25 | CH | SEARCH | LEAD | Produktionsmechaniker",SATURDAY,10,3,1,0,2,insufficient,,
"EX | 25 | CH | SEARCH | LEAD | Produktionsmechaniker",SUNDAY,11,5,2,0,3,unconfirmed,,
"EX | 25 | CH | SEARCH | LEAD | Produktionsmechaniker",MONDAY,11,4,2,0,2,unconfirmed,,
"EX | 25 | CH | SEARCH | LEAD | Produktionsmechaniker",TUESDAY,11,4,3,0,1,confirmed,,
"EX | 25 | CH | SEARCH | LEAD | Produktionsmechaniker",WEDNESDAY,11,3,1,0,2,insufficient,,
"EX | 25 | CH | SEARCH | LEAD | Produktionsmechaniker",THURSDAY,11,4,0,0,4,confirmed,,
"EX | 25 | CH | SEARCH | LEAD | Produktionsmechaniker",FRIDAY,11,4,1,0,3,confirmed,,
"EX | 25 | CH | SEARCH | LEAD | Produktionsmechaniker",SATURDAY,11,3,0,0,3,insufficient,,
"EX | 25 | CH | SEARCH | LEAD | Produktionsmechaniker",SUNDAY,12,5,2,0,3,unconfirmed,,
"EX | 25 | CH | SEARCH | LEAD | Produktionsmechaniker",MONDAY,12,4,4,0,0,confirmed,,
"EX | 25 | CH | SEARCH | LEAD | Produktionsmechaniker",TUESDAY,12,4,3,0,1,confirmed,,
"EX | 25 | CH | SEARCH | LEAD | Produktionsmechaniker",WEDNESDAY,12,3,2,0,1,insufficient,,
"EX | 25 | CH | SEARCH | LEAD | Produktionsmechaniker",THURSDAY,12,4,3,0,1,confirmed,,
"EX | 25 | CH | SEARCH | LEAD | Produktionsmechaniker",FRIDAY,12,4,0,0,4,confirmed,,
"EX | 25 | CH | SEARCH | LEAD | Produktionsmechaniker",SATURDAY,12,2,1,0,1,insufficient,,
"EX | 25 | CH | SEARCH | LEAD | Produktionsmechaniker",SUNDAY,13,4,1,0,3,confirmed,,
"EX | 25 | CH | SEARCH | LEAD | Produktionsmechaniker",MONDAY,13,3,3,0,0,insufficient,,
"EX | 25 | CH | SEARCH | LEAD | Produktionsmechaniker",TUESDAY,13,3,2,0,1,insufficient,,
"EX | 25 | CH | SEARCH | LEAD | Produktionsmechaniker",WEDNESDAY,13,4,2,0,2,unconfirmed,,
"EX | 25 | CH | SEARCH | LEAD | Produktionsmechaniker",THURSDAY,13,4,2,0,2,unconfirmed,,
"EX | 25 | CH | SEARCH | LEAD | Produktionsmechaniker",FRIDAY,13,4,3,0,1,confirmed,,
"EX | 25 | CH | SEARCH | LEAD | Produktionsmechaniker",SATURDAY,13,4,0,0,4,confirmed,,
"EX | 25 | CH | SEARCH | LEAD | Produktionsmechaniker",SUNDAY,14,4,2,0,2,unconfirmed,,
"EX | 25 | CH | SEARCH | LEAD | Produktionsmechaniker",MONDAY,14,2,2,0,0,insufficient,,
"EX | 25 | CH | SEARCH | LEAD | Produktionsmechaniker",TUESDAY,14,2,2,0,0,insufficient,,
"EX | 25 | CH | SEARCH | LEAD | Produktionsmechaniker",WEDNESDAY,14,4,1,0,3,confirmed,,
"EX | 25 | CH | SEARCH | LEAD | Produktionsmechaniker",THURSDAY,14,4,1,0,3,confirmed,,
"EX | 25 | CH | SEARCH | LEAD | Produktionsmechaniker",FRIDAY,14,4,1,0,3,confirmed,,
"EX | 25 | CH | SEARCH | LEAD | Produktionsmechaniker",SATURDAY,14,3,0,0,3,insufficient,,
"EX | 25 | CH | SEARCH | LEAD | Produktionsmechaniker",SUNDAY,15,4,2,0,2,unconfirmed,,
"EX | 25 | CH | SEARCH | LEAD | Produktionsmechaniker",MONDAY,15,2,1,0,1,insufficient,,
"EX | 25 | CH | SEARCH | LEAD | Produktionsmechaniker",TUESDAY,15,1,1,0,0,insufficient,,
"EX | 25 | CH | SEARCH | LEAD | Produktionsmechaniker",WEDNESDAY,15,4,2,0,2,unconfirmed,,
"EX | 25 | CH | SEARCH | LEAD | Produktionsmechaniker",THURSDAY,15,4,2,0,2,unconfirmed,,
"EX | 25 | CH | SEARCH | LEAD | Produktionsmechaniker",FRIDAY,15,3,1,0,2,insufficient,,
"EX | 25 | CH | SEARCH | LEAD | Produktionsmechaniker",SATURDAY,15,4,1,0,3,confirmed,,
"EX | 25 | CH | SEARCH | LEAD | Produktionsmechaniker",SUNDAY,16,4,1,0,3,confirmed,,
"EX | 25 | CH | SEARCH | LEAD | Produktionsmechaniker",MONDAY,16,2,1,0,1,insufficient,,
"EX | 25 | CH | SEARCH | LEAD | Produktionsmechaniker",WEDNESDAY,16,4,1,0,3,confirmed,,
"EX | 25 | CH | SEARCH | LEAD | Produktionsmechaniker",THURSDAY,16,4,2,0,2,unconfirmed,,
"EX | 25 | CH | SEARCH | LEAD | Produktionsmechaniker",FRIDAY,16,3,0,0,3,insufficient,,
"EX | 25 | CH | SEARCH | LEAD | Produktionsmechaniker",SATURDAY,16,4,0,0,4,confirmed,,
"EX | 25 | CH | SEARCH | LEAD | Produktionsmechaniker",SUNDAY,17,4,2,0,2,unconfirmed,,
"EX | 25 | CH | SEARCH | LEAD | Produktionsmechaniker",MONDAY,17,2,2,0,0,insufficient,,
"EX | 25 | CH | SEARCH | LEAD | Produktionsmechaniker",WEDNESDAY,17,4,1,1,2,unconfirmed,1.30,-99.1
"EX | 25 | CH | SEARCH | LEAD | Produktionsmechaniker",THURSDAY,17,3,0,0,3,insufficient,,
"EX | 25 | CH | SEARCH | LEAD | Produktionsmechaniker",FRIDAY,17,3,0,0,3,insufficient,,
"EX | 25 | CH | SEARCH | LEAD | Produktionsmechaniker",SATURDAY,17,4,0,0,4,confirmed,,
"EX | 25 | CH | SEARCH | LEAD | Produktionsmechaniker",SUNDAY,18,4,2,0,2,unconfirmed,,
"EX | 25 | CH | SEARCH | LEAD | Produktionsmechaniker",MONDAY,18,2,1,0,1,insufficient,,
"EX | 25 | CH | SEARCH | LEAD | Produktionsmechaniker",WEDNESDAY,18,2,0,0,2,insufficient,,
"EX | 25 | CH | SEARCH | LEAD | Produktionsmechaniker",THURSDAY,18,3,2,0,1,insufficient,,
"EX | 25 | CH | SEARCH | LEAD | Produktionsmechaniker",FRIDAY,18,3,1,0,2,insufficient,,
"EX | 25 | CH | SEARCH | LEAD | Produktionsmechaniker",SATURDAY,18,3,1,0,2,insufficient,,
"EX | 25 | CH | SEARCH | LEAD | Produktionsmechaniker",SUNDAY,19,4,2,0,2,unconfirmed,,
"EX | 25 | CH | SEARCH | LEAD | Produktionsmechaniker",MONDAY,19,1,0,0,1,insufficient,,
"EX | 25 | CH | SEARCH | LEAD | Produktionsmechaniker",WEDNESDAY,19,2,0,0,2,insufficient,,
"EX | 25 | CH | SEARCH | LEAD | Produktionsmechaniker",THURSDAY,19,3,2,0,1,insufficient,,
"EX | 25 | CH | SEARCH | LEAD | Produktionsmechaniker",FRIDAY,19,3,2,0,1,insufficient,,
"EX | 25 | CH | SEARCH | LEAD | Produktionsmechaniker",SATURDAY,19,3,0,0,3,insufficient,,
"EX | 25 | CH | SEARCH | LEAD | Produktionsmechaniker",SUNDAY,20,4,2,0,2,unconfirmed,,
"EX | 25 | CH | SEARCH | LEAD | Produktionsmechaniker",MONDAY,20,1,1,0,0,insufficient,,
"EX | 25 | CH | SEARCH | LEAD | Produktionsmechaniker",WEDNESDAY,20,2,1,0,1,insufficient,,
"EX | 25 | CH | SEARCH | LEAD | Produktionsmechaniker",THURSDAY,20,3,0,0,3,insufficient,,
"EX | 25 | CH | SEARCH | LEAD | Produktionsmechaniker",FRIDAY,20,2,0,0,2,insufficient,,
"EX | 25 | CH | SEARCH | LEAD | Produktionsmechaniker",SATURDAY,20,4,1,0,3,confirmed,,
"EX | 25 | CH | SEARCH | LEAD | Produktionsmechaniker",SUNDAY,21,4,2,0,2,unconfirmed,,
"EX | 25 | CH | SEARCH | LEAD | Produktionsmechaniker",WEDNESDAY,21,1,0,0,1,insufficient,,
"EX | 25 | CH | SEARCH | LEAD | Produktionsmechaniker",THURSDAY,21,3,0,0,3,insufficient,,
"EX | 25 | CH | SEARCH | LEAD | Produktionsmechaniker",FRIDAY,21,2,0,0,2,insufficient,,
"EX | 25 | CH | SEARCH | LEAD | Produktionsmechaniker",SATURDAY,21,4,0,0,4,confirmed,,
"EX | 25 | CH | SEARCH | LEAD | Produktionsmechaniker",SUNDAY,22,4,2,0,2,unconfirmed,,
"EX | 25 | CH | SEARCH | LEAD | Produktionsmechaniker",WEDNESDAY,22,1,0,0,1,insufficient,,
"EX | 25 | CH | SEARCH | LEAD | Produktionsmechaniker",THURSDAY,22,3,1,0,2,insufficient,,
"EX | 25 | CH | SEARCH | LEAD | Produktionsmechaniker",FRIDAY,22,2,1,0,1,insufficient,,
"EX | 25 | CH | SEARCH | LEAD | Produktionsmechaniker",SATURDAY,22,4,2,0,2,unconfirmed,,
"EX | 25 | CH | SEARCH | LEAD | Produktionsmechaniker",SUNDAY,23,3,1,0,2,insufficient,,
"EX | 25 | CH | SEARCH | LEAD | Produktionsmechaniker",WEDNESDAY,23,1,0,0,1,insufficient,,
"EX | 25 | CH | SEARCH | LEAD | Produktionsmechaniker",THURSDAY,23,2,0,0,2,insufficient,,
"EX | 25 | CH | SEARCH | LEAD | Produktionsmechaniker",FRIDAY,23,1,0,0,1,insufficient,,
"EX | 25 | CH | SEARCH | LEAD | Produktionsmechaniker",SATURDAY,23,3,1,0,2,insufficient,,
"EX | 25 | CH | SEARCH | LEAD | Automatikmonteur",SUNDAY,0,2,0,0,2,insufficient,,
"EX | 25 | CH | SEARCH | LEAD | Automatikmonteur",MONDAY,0,1,0,0,1,insufficient,,
"EX | 25 | CH | SEARCH | LEAD | Automatikmonteur",TUESDAY,0,1,0,0,1,insufficient,,
"EX | 25 | CH | SEARCH | LEAD | Automatikmonteur",SATURDAY,0,1,0,0,1,insufficient,,
"EX | 25 | CH | SEARCH | LEAD | Automatikmonteur",SUNDAY,1,1,0,0,1,insufficient,,
"EX | 25 | CH | SEARCH | LEAD | Automatikmonteur",SUNDAY,2,1,0,0,1,insufficient,,
"EX | 25 | CH | SEARCH | LEAD | Automatikmonteur",MONDAY,2,2,1,0,1,insufficient,,
"EX | 25 | CH | SEARCH | LEAD | Automatikmonteur",SUNDAY,3,2,0,0,2,insufficient,,
"EX | 25 | CH | SEARCH | LEAD | Automatikmonteur",SUNDAY,4,3,0,0,3,insufficient,,
"EX | 25 | CH | SEARCH | LEAD | Automatikmonteur",MONDAY,4,1,0,0,1,insufficient,,
"EX | 25 | CH | SEARCH | LEAD | Automatikmonteur",SUNDAY,5,1,0,0,1,insufficient,,
"EX | 25 | CH | SEARCH | LEAD | Automatikmonteur",MONDAY,5,2,0,0,2,insufficient,,
"EX | 25 | CH | SEARCH | LEAD | Automatikmonteur",TUESDAY,5,2,1,0,1,insufficient,,
"EX | 25 | CH | SEARCH | LEAD | Automatikmonteur",WEDNESDAY,5,1,0,0,1,insufficient,,
"EX | 25 | CH | SEARCH | LEAD | Automatikmonteur",SATURDAY,5,1,0,0,1,insufficient,,
"EX | 25 | CH | SEARCH | LEAD | Automatikmonteur",SUNDAY,6,2,0,0,2,insufficient,,
"EX | 25 | CH | SEARCH | LEAD | Automatikmonteur",MONDAY,6,2,1,0,1,insufficient,,
"EX | 25 | CH | SEARCH | LEAD | Automatikmonteur",TUESDAY,6,1,1,0,0,insufficient,,
"EX | 25 | CH | SEARCH | LEAD | Automatikmonteur",WEDNESDAY,6,1,0,0,1,insufficient,,
"EX | 25 | CH | SEARCH | LEAD | Automatikmonteur",THURSDAY,6,1,0,0,1,insufficient,,
"EX | 25 | CH | SEARCH | LEAD | Automatikmonteur",SUNDAY,7,2,0,0,2,insufficient,,
"EX | 25 | CH | SEARCH | LEAD | Automatikmonteur",MONDAY,7,2,1,0,1,insufficient,,
"EX | 25 | CH | SEARCH | LEAD | Automatikmonteur",TUESDAY,7,2,0,0,2,insufficient,,
"EX | 25 | CH | SEARCH | LEAD | Automatikmonteur",WEDNESDAY,7,2,1,0,1,insufficient,,
"EX | 25 | CH | SEARCH | LEAD | Automatikmonteur",THURSDAY,7,1,1,0,0,insufficient,,
"EX | 25 | CH | SEARCH | LEAD | Automatikmonteur",SATURDAY,7,2,0,0,2,insufficient,,
"EX | 25 | CH | SEARCH | LEAD | Automatikmonteur",SUNDAY,8,2,2,0,0,insufficient,,
"EX | 25 | CH | SEARCH | LEAD | Automatikmonteur",MONDAY,8,2,0,0,2,insufficient,,
"EX | 25 | CH | SEARCH | LEAD | Automatikmonteur",TUESDAY,8,2,1,0,1,insufficient,,
"EX | 25 | CH | SEARCH | LEAD | Automatikmonteur",WEDNESDAY,8,3,0,0,3,insufficient,,
"EX | 25 | CH | SEARCH | LEAD | Automatikmonteur",SATURDAY,8,3,0,0,3,insufficient,,
"EX | 25 | CH | SEARCH | LEAD | Automatikmonteur",SUNDAY,9,3,2,0,1,insufficient,,
"EX | 25 | CH | SEARCH | LEAD | Automatikmonteur",MONDAY,9,4,1,0,3,confirmed,,
"EX | 25 | CH | SEARCH | LEAD | Automatikmonteur",TUESDAY,9,1,0,0,1,insufficient,,
"EX | 25 | CH | SEARCH | LEAD | Automatikmonteur",WEDNESDAY,9,4,0,0,4,confirmed,,
"EX | 25 | CH | SEARCH | LEAD | Automatikmonteur",THURSDAY,9,3,1,0,2,insufficient,,
"EX | 25 | CH | SEARCH | LEAD | Automatikmonteur",FRIDAY,9,2,0,0,2,insufficient,,
"EX | 25 | CH | SEARCH | LEAD | Automatikmonteur",SATURDAY,9,2,0,0,2,insufficient,,
"EX | 25 | CH | SEARCH | LEAD | Automatikmonteur",SUNDAY,10,3,0,0,3,insufficient,,
"EX | 25 | CH | SEARCH | LEAD | Automatikmonteur",MONDAY,10,4,4,0,0,confirmed,,
"EX | 25 | CH | SEARCH | LEAD | Automatikmonteur",TUESDAY,10,3,0,0,3,insufficient,,
"EX | 25 | CH | SEARCH | LEAD | Automatikmonteur",WEDNESDAY,10,4,0,0,4,confirmed,,
"EX | 25 | CH | SEARCH | LEAD | Automatikmonteur",THURSDAY,10,2,1,0,1,insufficient,,
"EX | 25 | CH | SEARCH | LEAD | Automatikmonteur",FRIDAY,10,3,0,0,3,insufficient,,
"EX | 25 | CH | SEARCH | LEAD | Automatikmonteur",SATURDAY,10,3,1,0,2,insufficient,,
"EX | 25 | CH | SEARCH | LEAD | Automatikmonteur",SUNDAY,11,2,1,0,1,insufficient,,
"EX | 25 | CH | SEARCH | LEAD | Automatikmonteur",MONDAY,11,2,0,0,2,insufficient,,
"EX | 25 | CH | SEARCH | LEAD | Automatikmonteur",TUESDAY,11,3,1,0,2,insufficient,,
"EX | 25 | CH | SEARCH | LEAD | Automatikmonteur",WEDNESDAY,11,3,1,0,2,insufficient,,
"EX | 25 | CH | SEARCH | LEAD | Automatikmonteur",THURSDAY,11,2,0,0,2,insufficient,,
"EX | 25 | CH | SEARCH | LEAD | Automatikmonteur",FRIDAY,11,3,2,0,1,insufficient,,
"EX | 25 | CH | SEARCH | LEAD | Automatikmonteur",SATURDAY,11,2,1,0,1,insufficient,,
"EX | 25 | CH | SEARCH | LEAD | Automatikmonteur",SUNDAY,12,2,1,0,1,insufficient,,
"EX | 25 | CH | SEARCH | LEAD | Automatikmonteur",MONDAY,12,3,1,0,2,insufficient,,
"EX | 25 | CH | SEARCH | LEAD | Automatikmonteur",TUESDAY,12,2,0,0,2,insufficient,,
"EX | 25 | CH | SEARCH | LEAD | Automatikmonteur",WEDNESDAY,12,3,0,1,2,insufficient,2.05,-93.4
"EX | 25 | CH | SEARCH | LEAD | Automatikmonteur",THURSDAY,12,3,2,0,1,insufficient,,
"EX | 25 | CH | SEARCH | LEAD | Automatikmonteur",FRIDAY,12,4,1,1,2,unconfirmed,5.16,-83.3
"EX | 25 | CH | SEARCH | LEAD | Automatikmonteur",SATURDAY,12,1,1,0,0,insufficient,,
"EX | 25 | CH | SEARCH | LEAD | Automatikmonteur",SUNDAY,13,4,1,0,3,confirmed,,
"EX | 25 | CH | SEARCH | LEAD | Automatikmonteur",MONDAY,13,4,1,0,3,confirmed,,
"EX | 25 | CH | SEARCH | LEAD | Automatikmonteur",TUESDAY,13,3,1,0,2,insufficient,,
"EX | 25 | CH | SEARCH | LEAD | Automatikmonteur",WEDNESDAY,13,2,0,0,2,insufficient,,
"EX | 25 | CH | SEARCH | LEAD | Automatikmonteur",THURSDAY,13,2,0,0,2,insufficient,,
"EX | 25 | CH | SEARCH | LEAD | Automatikmonteur",FRIDAY,13,1,0,0,1,insufficient,,
"EX | 25 | CH | SEARCH | LEAD | Automatikmonteur",SATURDAY,13,1,1,0,0,insufficient,,
"EX | 25 | CH | SEARCH | LEAD | Automatikmonteur",SUNDAY,14,4,1,0,3,confirmed,,
"EX | 25 | CH | SEARCH | LEAD | Automatikmonteur",MONDAY,14,3,0,0,3,insufficient,,
"EX | 25 | CH | SEARCH | LEAD | Automatikmonteur",TUESDAY,14,2,1,0,1,insufficient,,
"EX | 25 | CH | SEARCH | LEAD | Automatikmonteur",WEDNESDAY,14,3,1,0,2,insufficient,,
"EX | 25 | CH | SEARCH | LEAD | Automatikmonteur",THURSDAY,14,3,0,1,2,insufficient,2.55,-91.8
"EX | 25 | CH | SEARCH | LEAD | Automatikmonteur",FRIDAY,14,3,0,0,3,insufficient,,
"EX | 25 | CH | SEARCH | LEAD | Automatikmonteur",SATURDAY,14,1,1,0,0,insufficient,,
"EX | 25 | CH | SEARCH | LEAD | Automatikmonteur",SUNDAY,15,4,1,0,3,confirmed,,
"EX | 25 | CH | SEARCH | LEAD | Automatikmonteur",MONDAY,15,3,2,0,1,insufficient,,
"EX | 25 | CH | SEARCH | LEAD | Automatikmonteur",TUESDAY,15,2,1,0,1,insufficient,,
"EX | 25 | CH | SEARCH | LEAD | Automatikmonteur",WEDNESDAY,15,3,1,0,2,insufficient,,
"EX | 25 | CH | SEARCH | LEAD | Automatikmonteur",THURSDAY,15,2,1,0,1,insufficient,,
"EX | 25 | CH | SEARCH | LEAD | Automatikmonteur",FRIDAY,15,2,1,0,1,insufficient,,
"EX | 25 | CH | SEARCH | LEAD | Automatikmonteur",SATURDAY,15,1,0,0,1,insufficient,,
"EX | 25 | CH | SEARCH | LEAD | Automatikmonteur",SUNDAY,16,3,2,0,1,insufficient,,
"EX | 25 | CH | SEARCH | LEAD | Automatikmonteur",MONDAY,16,2,2,0,0,insufficient,,
"EX | 25 | CH | SEARCH | LEAD | Automatikmonteur",TUESDAY,16,3,0,0,3,insufficient,,
"EX | 25 | CH | SEARCH | LEAD | Automatikmonteur",WEDNESDAY,16,2,0,0,2,insufficient,,
"EX | 25 | CH | SEARCH | LEAD | Automatikmonteur",THURSDAY,16,2,1,0,1,insufficient,,
"EX | 25 | CH | SEARCH | LEAD | Automatikmonteur",FRIDAY,16,2,1,0,1,insufficient,,
"EX | 25 | CH | SEARCH | LEAD | Automatikmonteur",SATURDAY,16,1,0,0,1,insufficient,,
"EX | 25 | CH | SEARCH | LEAD | Automatikmonteur",SUNDAY,17,1,1,0,0,insufficient,,
"EX | 25 | CH | SEARCH | LEAD | Automatikmonteur",MONDAY,17,1,1,0,0,insufficient,,
"EX | 25 | CH | SEARCH | LEAD | Automatikmonteur",TUESDAY,17,3,2,0,1,insufficient,,
"EX | 25 | CH | SEARCH | LEAD | Automatikmonteur",WEDNESDAY,17,1,0,0,1,insufficient,,
"EX | 25 | CH | SEARCH | LEAD | Automatikmonteur",THURSDAY,17,2,0,0,2,insufficient,,
"EX | 25 | CH | SEARCH | LEAD | Automatikmonteur",FRIDAY,17,1,0,0,1,insufficient,,
"EX | 25 | CH | SEARCH | LEAD | Automatikmonteur",SATURDAY,17,2,1,0,1,insufficient,,
"EX | 25 | CH | SEARCH | LEAD | Automatikmonteur",SUNDAY,18,2,1,0,1,insufficient,,
"EX | 25 | CH | SEARCH | LEAD | Automatikmonteur",WEDNESDAY,18,2,1,0,1,insufficient,,
"EX | 25 | CH | SEARCH | LEAD | Automatikmonteur",THURSDAY,18,2,0,0,2,insufficient,,
"EX | 25 | CH | SEARCH | LEAD | Automatikmonteur",FRIDAY,18,2,1,0,1,insufficient,,
"EX | 25 | CH | SEARCH | LEAD | Automatikmonteur",SUNDAY,19,2,2,0,0,insufficient,,
"EX | 25 | CH | SEARCH | LEAD | Automatikmonteur",MONDAY,19,1,0,0,1,insufficient,,
"EX | 25 | CH | SEARCH | LEAD | Automatikmonteur",WEDNESDAY,19,2,1,1,0,insufficient,3.91,-87.4
"EX | 25 | CH | SEARCH | LEAD | Automatikmonteur",THURSDAY,19,2,0,0,2,insufficient,,
"EX | 25 | CH | SEARCH | LEAD | Automatikmonteur",FRIDAY,19,1,0,0,1,insufficient,,
"EX | 25 | CH | SEARCH | LEAD | Automatikmonteur",SATURDAY,19,1,0,0,1,insufficient,,
"EX | 25 | CH | SEARCH | LEAD | Automatikmonteur",SUNDAY,20,1,0,0,1,insufficient,,
"EX | 25 | CH | SEARCH | LEAD | Automatikmonteur",MONDAY,20,1,0,0,1,insufficient,,
"EX | 25 | CH | SEARCH | LEAD | Automatikmonteur",WEDNESDAY,20,1,1,0,0,insufficient,,
"EX | 25 | CH | SEARCH | LEAD | Automatikmonteur",THURSDAY,20,1,0,0,1,insufficient,,
"EX | 25 | CH | SEARCH | LEAD | Automatikmonteur",FRIDAY,20,1,0,0,1,insufficient,,
"EX | 25 | CH | SEARCH | LEAD | Automatikmonteur",MONDAY,21,1,0,0,1,insufficient,,
"EX | 25 | CH | SEARCH | LEAD | Automatikmonteur",WEDNESDAY,21,1,0,0,1,insufficient,,
"EX | 25 | CH | SEARCH | LEAD | Automatikmonteur",FRIDAY,21,1,0,0,1,insufficient,,
"EX | 25 | CH | SEARCH | LEAD | Automatikmonteur",SUNDAY,22,1,1,0,0,insufficient,,
"EX | 25 | CH | SEARCH | LEAD | Automatikmonteur",MONDAY,22,1,1,0,0,insufficient,,
"EX | 25 | CH | SEARCH | LEAD | Automatikmonteur",WEDNESDAY,22,1,1,0,0,insufficient,,
"EX | 25 | CH | SEARCH | LEAD | Automatikmonteur",THURSDAY,22,1,0,0,1,insufficient,,
"EX | 25 | CH | SEARCH | LEAD | Automatikmonteur",FRIDAY,22,1,0,0,1,insufficient,,
"EX | 25 | CH | SEARCH | LEAD | Automatikmonteur",SATURDAY,22,1,0,0,1,insufficient,,
"EX | 25 | CH | SEARCH | LEAD | Automatikmonteur",SUNDAY,23,1,1,0,0,insufficient,,
"EX | 25 | CH | SEARCH | LEAD | Automatikmonteur",WEDNESDAY,23,1,0,0,1,insufficient,,
"EX | 25 | CH | SEARCH | LEAD | Automatikmonteur",THURSDAY,23,2,1,0,1,insufficient,,
"EX | 25 | CH | SEARCH | LEAD | Gärtner",SUNDAY,0,2,0,0,2,insufficient,,
"EX | 25 | CH | SEARCH | LEAD | Gärtner",MONDAY,0,3,1,0,2,insufficient,,
"EX | 25 | CH | SEARCH | LEAD | Gärtner",TUESDAY,0,4,2,0,2,unconfirmed,,
"EX | 25 | CH | SEARCH | LEAD | Gärtner",WEDNESDAY,0,3,0,0,3,insufficient,,
"EX | 25 | CH | SEARCH | LEAD | Gärtner",THURSDAY,0,2,0,0,2,insufficient,,
"EX | 25 | CH | SEARCH | LEAD | Gärtner",FRIDAY,0,2,0,0,2,insufficient,,
"EX | 25 | CH | SEARCH | LEAD | Gärtner",SATURDAY,0,1,0,0,1,insufficient,,
"EX | 25 | CH | SEARCH | LEAD | Gärtner",SUNDAY,1,3,1,0,2,insufficient,,
"EX | 25 | CH | SEARCH | LEAD | Gärtner",MONDAY,1,3,1,0,2,insufficient,,
"EX | 25 | CH | SEARCH | LEAD | Gärtner",TUESDAY,1,3,0,0,3,insufficient,,
"EX | 25 | CH | SEARCH | LEAD | Gärtner",FRIDAY,1,2,0,0,2,insufficient,,
"EX | 25 | CH | SEARCH | LEAD | Gärtner",SATURDAY,1,1,0,0,1,insufficient,,
"EX | 25 | CH | SEARCH | LEAD | Gärtner",MONDAY,2,1,1,0,0,insufficient,,
"EX | 25 | CH | SEARCH | LEAD | Gärtner",TUESDAY,2,2,0,0,2,insufficient,,
"EX | 25 | CH | SEARCH | LEAD | Gärtner",THURSDAY,2,2,1,0,1,insufficient,,
"EX | 25 | CH | SEARCH | LEAD | Gärtner",FRIDAY,2,1,0,0,1,insufficient,,
"EX | 25 | CH | SEARCH | LEAD | Gärtner",SATURDAY,2,2,0,0,2,insufficient,,
"EX | 25 | CH | SEARCH | LEAD | Gärtner",MONDAY,3,1,0,0,1,insufficient,,
"EX | 25 | CH | SEARCH | LEAD | Gärtner",TUESDAY,3,1,0,0,1,insufficient,,
"EX | 25 | CH | SEARCH | LEAD | Gärtner",WEDNESDAY,3,4,1,0,3,confirmed,,
"EX | 25 | CH | SEARCH | LEAD | Gärtner",SATURDAY,3,1,0,0,1,insufficient,,
"EX | 25 | CH | SEARCH | LEAD | Gärtner",TUESDAY,4,1,0,0,1,insufficient,,
"EX | 25 | CH | SEARCH | LEAD | Gärtner",WEDNESDAY,4,1,0,0,1,insufficient,,
"EX | 25 | CH | SEARCH | LEAD | Gärtner",THURSDAY,4,1,0,0,1,insufficient,,
"EX | 25 | CH | SEARCH | LEAD | Gärtner",SUNDAY,5,1,0,0,1,insufficient,,
"EX | 25 | CH | SEARCH | LEAD | Gärtner",MONDAY,5,1,0,0,1,insufficient,,
"EX | 25 | CH | SEARCH | LEAD | Gärtner",TUESDAY,5,1,0,0,1,insufficient,,
"EX | 25 | CH | SEARCH | LEAD | Gärtner",SUNDAY,6,3,0,0,3,insufficient,,
"EX | 25 | CH | SEARCH | LEAD | Gärtner",MONDAY,6,3,1,0,2,insufficient,,
"EX | 25 | CH | SEARCH | LEAD | Gärtner",TUESDAY,6,3,1,0,2,insufficient,,
"EX | 25 | CH | SEARCH | LEAD | Gärtner",WEDNESDAY,6,2,0,0,2,insufficient,,
"EX | 25 | CH | SEARCH | LEAD | Gärtner",THURSDAY,6,2,1,0,1,insufficient,,
"EX | 25 | CH | SEARCH | LEAD | Gärtner",FRIDAY,6,1,0,0,1,insufficient,,
"EX | 25 | CH | SEARCH | LEAD | Gärtner",SATURDAY,6,3,0,0,3,insufficient,,
"EX | 25 | CH | SEARCH | LEAD | Gärtner",SUNDAY,7,3,2,0,1,insufficient,,
"EX | 25 | CH | SEARCH | LEAD | Gärtner",MONDAY,7,4,1,0,3,confirmed,,
"EX | 25 | CH | SEARCH | LEAD | Gärtner",TUESDAY,7,2,1,0,1,insufficient,,
"EX | 25 | CH | SEARCH | LEAD | Gärtner",WEDNESDAY,7,3,1,0,2,insufficient,,
"EX | 25 | CH | SEARCH | LEAD | Gärtner",THURSDAY,7,3,1,0,2,insufficient,,
"EX | 25 | CH | SEARCH | LEAD | Gärtner",FRIDAY,7,3,0,0,3,insufficient,,
"EX | 25 | CH | SEARCH | LEAD | Gärtner",SATURDAY,7,2,0,0,2,insufficient,,
"EX | 25 | CH | SEARCH | LEAD | Gärtner",SUNDAY,8,4,1,0,3,confirmed,,
"EX | 25 | CH | SEARCH | LEAD | Gärtner",MONDAY,8,3,2,0,1,insufficient,,
"EX | 25 | CH | SEARCH | LEAD | Gärtner",TUESDAY,8,3,0,0,3,insufficient,,
"EX | 25 | CH | SEARCH | LEAD | Gärtner",WEDNESDAY,8,4,1,0,3,confirmed,,
"EX | 25 | CH | SEARCH | LEAD | Gärtner",THURSDAY,8,3,0,0,3,insufficient,,
"EX | 25 | CH | SEARCH | LEAD | Gärtner",FRIDAY,8,4,0,0,4,confirmed,,
"EX | 25 | CH | SEARCH | LEAD | Gärtner",SATURDAY,8,4,1,0,3,confirmed,,
"EX | 25 | CH | SEARCH | LEAD | Gärtner",SUNDAY,9,3,0,0,3,insufficient,,
"EX | 25 | CH | SEARCH | LEAD | Gärtner",MONDAY,9,4,1,0,3,confirmed,,
"EX | 25 | CH | SEARCH | LEAD | Gärtner",TUESDAY,9,4,2,0,2,unconfirmed,,
"EX | 25 | CH | SEARCH | LEAD | Gärtner",WEDNESDAY,9,4,2,0,2,unconfirmed,,
"EX | 25 | CH | SEARCH | LEAD | Gärtner",THURSDAY,9,4,1,0,3,confirmed,,
"EX | 25 | CH | SEARCH | LEAD | Gärtner",FRIDAY,9,4,0,0,4,confirmed,,
"EX | 25 | CH | SEARCH | LEAD | Gärtner",SATURDAY,9,4,1,0,3,confirmed,,
"EX | 25 | CH | SEARCH | LEAD | Gärtner",SUNDAY,10,5,0,0,5,confirmed,,
"EX | 25 | CH | SEARCH | LEAD | Gärtner",MONDAY,10,4,1,0,3,confirmed,,
"EX | 25 | CH | SEARCH | LEAD | Gärtner",TUESDAY,10,3,1,0,2,insufficient,,
"EX | 25 | CH | SEARCH | LEAD | Gärtner",WEDNESDAY,10,4,3,0,1,confirmed,,
"EX | 25 | CH | SEARCH | LEAD | Gärtner",THURSDAY,10,4,3,0,1,confirmed,,
"EX | 25 | CH | SEARCH | LEAD | Gärtner",FRIDAY,10,4,0,0,4,confirmed,,
"EX | 25 | CH | SEARCH | LEAD | Gärtner",SATURDAY,10,4,3,0,1,confirmed,,
"EX | 25 | CH | SEARCH | LEAD | Gärtner",SUNDAY,11,5,0,0,5,confirmed,,
"EX | 25 | CH | SEARCH | LEAD | Gärtner",MONDAY,11,4,4,0,0,confirmed,,
"EX | 25 | CH | SEARCH | LEAD | Gärtner",TUESDAY,11,3,0,0,3,insufficient,,
"EX | 25 | CH | SEARCH | LEAD | Gärtner",WEDNESDAY,11,4,1,0,3,confirmed,,
"EX | 25 | CH | SEARCH | LEAD | Gärtner",THURSDAY,11,4,0,0,4,confirmed,,
"EX | 25 | CH | SEARCH | LEAD | Gärtner",FRIDAY,11,4,0,0,4,confirmed,,
"EX | 25 | CH | SEARCH | LEAD | Gärtner",SATURDAY,11,4,1,0,3,confirmed,,
"EX | 25 | CH | SEARCH | LEAD | Gärtner",SUNDAY,12,5,1,0,4,confirmed,,
"EX | 25 | CH | SEARCH | LEAD | Gärtner",MONDAY,12,4,3,0,1,confirmed,,
"EX | 25 | CH | SEARCH | LEAD | Gärtner",TUESDAY,12,3,1,0,2,insufficient,,
"EX | 25 | CH | SEARCH | LEAD | Gärtner",WEDNESDAY,12,4,1,0,3,confirmed,,
"EX | 25 | CH | SEARCH | LEAD | Gärtner",THURSDAY,12,4,3,0,1,confirmed,,
"EX | 25 | CH | SEARCH | LEAD | Gärtner",FRIDAY,12,4,0,0,4,confirmed,,
"EX | 25 | CH | SEARCH | LEAD | Gärtner",SATURDAY,12,3,2,0,1,insufficient,,
"EX | 25 | CH | SEARCH | LEAD | Gärtner",SUNDAY,13,4,2,0,2,unconfirmed,,
"EX | 25 | CH | SEARCH | LEAD | Gärtner",MONDAY,13,4,3,0,1,confirmed,,
"EX | 25 | CH | SEARCH | LEAD | Gärtner",TUESDAY,13,4,2,0,2,unconfirmed,,
"EX | 25 | CH | SEARCH | LEAD | Gärtner",WEDNESDAY,13,3,0,0,3,insufficient,,
"EX | 25 | CH | SEARCH | LEAD | Gärtner",THURSDAY,13,4,3,0,1,confirmed,,
"EX | 25 | CH | SEARCH | LEAD | Gärtner",FRIDAY,13,3,0,0,3,insufficient,,
"EX | 25 | CH | SEARCH | LEAD | Gärtner",SATURDAY,13,3,2,0,1,insufficient,,
"EX | 25 | CH | SEARCH | LEAD | Gärtner",SUNDAY,14,4,2,0,2,unconfirmed,,
"EX | 25 | CH | SEARCH | LEAD | Gärtner",MONDAY,14,3,3,0,0,insufficient,,
"EX | 25 | CH | SEARCH | LEAD | Gärtner",TUESDAY,14,4,1,0,3,confirmed,,
"EX | 25 | CH | SEARCH | LEAD | Gärtner",WEDNESDAY,14,3,3,0,0,insufficient,,
"EX | 25 | CH | SEARCH | LEAD | Gärtner",THURSDAY,14,4,2,0,2,unconfirmed,,
"EX | 25 | CH | SEARCH | LEAD | Gärtner",FRIDAY,14,4,1,0,3,confirmed,,
"EX | 25 | CH | SEARCH | LEAD | Gärtner",SATURDAY,14,2,0,0,2,insufficient,,
"EX | 25 | CH | SEARCH | LEAD | Gärtner",SUNDAY,15,5,4,0,1,confirmed,,
"EX | 25 | CH | SEARCH | LEAD | Gärtner",MONDAY,15,1,1,0,0,insufficient,,
"EX | 25 | CH | SEARCH | LEAD | Gärtner",TUESDAY,15,4,3,0,1,confirmed,,
"EX | 25 | CH | SEARCH | LEAD | Gärtner",WEDNESDAY,15,3,1,0,2,insufficient,,
"EX | 25 | CH | SEARCH | LEAD | Gärtner",THURSDAY,15,3,0,0,3,insufficient,,
"EX | 25 | CH | SEARCH | LEAD | Gärtner",FRIDAY,15,4,2,0,2,unconfirmed,,
"EX | 25 | CH | SEARCH | LEAD | Gärtner",SATURDAY,15,3,0,0,3,insufficient,,
"EX | 25 | CH | SEARCH | LEAD | Gärtner",SUNDAY,16,5,1,0,4,confirmed,,
"EX | 25 | CH | SEARCH | LEAD | Gärtner",MONDAY,16,2,1,0,1,insufficient,,
"EX | 25 | CH | SEARCH | LEAD | Gärtner",TUESDAY,16,4,1,0,3,confirmed,,
"EX | 25 | CH | SEARCH | LEAD | Gärtner",WEDNESDAY,16,3,1,0,2,insufficient,,
"EX | 25 | CH | SEARCH | LEAD | Gärtner",THURSDAY,16,3,1,1,1,insufficient,3.09,-98.5
"EX | 25 | CH | SEARCH | LEAD | Gärtner",FRIDAY,16,4,2,0,2,unconfirmed,,
"EX | 25 | CH | SEARCH | LEAD | Gärtner",SATURDAY,16,3,1,0,2,insufficient,,
"EX | 25 | CH | SEARCH | LEAD | Gärtner",SUNDAY,17,4,3,0,1,confirmed,,
"EX | 25 | CH | SEARCH | LEAD | Gärtner",MONDAY,17,1,1,0,0,insufficient,,
"EX | 25 | CH | SEARCH | LEAD | Gärtner",TUESDAY,17,3,1,0,2,insufficient,,
"EX | 25 | CH | SEARCH | LEAD | Gärtner",WEDNESDAY,17,3,1,0,2,insufficient,,
"EX | 25 | CH | SEARCH | LEAD | Gärtner",THURSDAY,17,3,3,0,0,insufficient,,
"EX | 25 | CH | SEARCH | LEAD | Gärtner",FRIDAY,17,4,1,0,3,confirmed,,
"EX | 25 | CH | SEARCH | LEAD | Gärtner",SATURDAY,17,2,1,0,1,insufficient,,
"EX | 25 | CH | SEARCH | LEAD | Gärtner",SUNDAY,18,4,1,0,3,confirmed,,
"EX | 25 | CH | SEARCH | LEAD | Gärtner",MONDAY,18,1,0,0,1,insufficient,,
"EX | 25 | CH | SEARCH | LEAD | Gärtner",TUESDAY,18,3,2,0,1,insufficient,,
"EX | 25 | CH | SEARCH | LEAD | Gärtner",WEDNESDAY,18,3,0,0,3,insufficient,,
"EX | 25 | CH | SEARCH | LEAD | Gärtner",THURSDAY,18,2,1,0,1,insufficient,,
"EX | 25 | CH | SEARCH | LEAD | Gärtner",FRIDAY,18,4,1,0,3,confirmed,,
"EX | 25 | CH | SEARCH | LEAD | Gärtner",SATURDAY,18,3,1,0,2,insufficient,,
"EX | 25 | CH | SEARCH | LEAD | Gärtner",SUNDAY,19,4,2,0,2,unconfirmed,,
"EX | 25 | CH | SEARCH | LEAD | Gärtner",MONDAY,19,1,1,0,0,insufficient,,
"EX | 25 | CH | SEARCH | LEAD | Gärtner",TUESDAY,19,2,1,0,1,insufficient,,
"EX | 25 | CH | SEARCH | LEAD | Gärtner",WEDNESDAY,19,3,2,0,1,insufficient,,
"EX | 25 | CH | SEARCH | LEAD | Gärtner",THURSDAY,19,1,0,0,1,insufficient,,
"EX | 25 | CH | SEARCH | LEAD | Gärtner",FRIDAY,19,4,1,0,3,confirmed,,
"EX | 25 | CH | SEARCH | LEAD | Gärtner",SATURDAY,19,2,1,0,1,insufficient,,
"EX | 25 | CH | SEARCH | LEAD | Gärtner",SUNDAY,20,1,1,0,0,insufficient,,
"EX | 25 | CH | SEARCH | LEAD | Gärtner",TUESDAY,20,1,0,0,1,insufficient,,
"EX | 25 | CH | SEARCH | LEAD | Gärtner",WEDNESDAY,20,3,1,0,2,insufficient,,
"EX | 25 | CH | SEARCH | LEAD | Gärtner",THURSDAY,20,1,1,0,0,insufficient,,
"EX | 25 | CH | SEARCH | LEAD | Gärtner",FRIDAY,20,3,0,0,3,insufficient,,
"EX | 25 | CH | SEARCH | LEAD | Gärtner",SATURDAY,20,2,1,0,1,insufficient,,
"EX | 25 | CH | SEARCH | LEAD | Gärtner",SUNDAY,21,2,0,0,2,insufficient,,
"EX | 25 | CH | SEARCH | LEAD | Gärtner",TUESDAY,21,1,1,0,0,insufficient,,
"EX | 25 | CH | SEARCH | LEAD | Gärtner",WEDNESDAY,21,3,2,0,1,insufficient,,
"EX | 25 | CH | SEARCH | LEAD | Gärtner",FRIDAY,21,4,0,0,4,confirmed,,
"EX | 25 | CH | SEARCH | LEAD | Gärtner",SATURDAY,21,1,0,0,1,insufficient,,
"EX | 25 | CH | SEARCH | LEAD | Gärtner",WEDNESDAY,22,3,1,0,2,insufficient,,
"EX | 25 | CH | SEARCH | LEAD | Gärtner",FRIDAY,22,4,0,0,4,confirmed,,
"EX | 25 | CH | SEARCH | LEAD | Gärtner",SATURDAY,22,1,1,0,0,insufficient,,
"EX | 25 | CH | SEARCH | LEAD | Gärtner",SUNDAY,23,2,1,0,1,insufficient,,
"EX | 25 | CH | SEARCH | LEAD | Gärtner",TUESDAY,23,1,0,0,1,insufficient,,
"EX | 25 | CH | SEARCH | LEAD | Gärtner",WEDNESDAY,23,2,1,0,1,insufficient,,
"EX | 25 | CH | SEARCH | LEAD | Gärtner",FRIDAY,23,2,1,0,1,insufficient,,
"EX | 25 | CH | SEARCH | LEAD | Gärtner",SATURDAY,23,1,0,0,1,insufficient,,
"EX | 25 | CH | SEARCH | LEAD | Zimmermann",SUNDAY,0,1,0,0,1,insufficient,,
"EX | 25 | CH | SEARCH | LEAD | Zimmermann",MONDAY,0,3,1,0,2,insufficient,,
"EX | 25 | CH | SEARCH | LEAD | Zimmermann",TUESDAY,0,1,1,0,0,insufficient,,
"EX | 25 | CH | SEARCH | LEAD | Zimmermann",WEDNESDAY,0,1,0,0,1,insufficient,,
"EX | 25 | CH | SEARCH | LEAD | Zimmermann",SATURDAY,0,1,0,0,1,insufficient,,
"EX | 25 | CH | SEARCH | LEAD | Zimmermann",SUNDAY,1,1,0,0,1,insufficient,,
"EX | 25 | CH | SEARCH | LEAD | Zimmermann",MONDAY,1,1,0,0,1,insufficient,,
"EX | 25 | CH | SEARCH | LEAD | Zimmermann",SATURDAY,1,1,1,0,0,insufficient,,
"EX | 25 | CH | SEARCH | LEAD | Zimmermann",SUNDAY,2,2,0,0,2,insufficient,,
"EX | 25 | CH | SEARCH | LEAD | Zimmermann",MONDAY,2,1,0,0,1,insufficient,,
"EX | 25 | CH | SEARCH | LEAD | Zimmermann",TUESDAY,2,1,0,0,1,insufficient,,
"EX | 25 | CH | SEARCH | LEAD | Zimmermann",FRIDAY,2,1,0,0,1,insufficient,,
"EX | 25 | CH | SEARCH | LEAD | Zimmermann",SATURDAY,2,1,0,0,1,insufficient,,
"EX | 25 | CH | SEARCH | LEAD | Zimmermann",SUNDAY,3,2,0,0,2,insufficient,,
"EX | 25 | CH | SEARCH | LEAD | Zimmermann",MONDAY,3,1,0,0,1,insufficient,,
"EX | 25 | CH | SEARCH | LEAD | Zimmermann",TUESDAY,3,1,0,0,1,insufficient,,
"EX | 25 | CH | SEARCH | LEAD | Zimmermann",WEDNESDAY,3,2,0,0,2,insufficient,,
"EX | 25 | CH | SEARCH | LEAD | Zimmermann",SATURDAY,3,1,0,0,1,insufficient,,
"EX | 25 | CH | SEARCH | LEAD | Zimmermann",SUNDAY,4,3,0,0,3,insufficient,,
"EX | 25 | CH | SEARCH | LEAD | Zimmermann",MONDAY,4,2,0,0,2,insufficient,,
"EX | 25 | CH | SEARCH | LEAD | Zimmermann",SATURDAY,4,1,0,0,1,insufficient,,
"EX | 25 | CH | SEARCH | LEAD | Zimmermann",SUNDAY,5,2,2,0,0,insufficient,,
"EX | 25 | CH | SEARCH | LEAD | Zimmermann",MONDAY,5,2,0,0,2,insufficient,,
"EX | 25 | CH | SEARCH | LEAD | Zimmermann",TUESDAY,5,1,1,0,0,insufficient,,
"EX | 25 | CH | SEARCH | LEAD | Zimmermann",WEDNESDAY,5,1,0,0,1,insufficient,,
"EX | 25 | CH | SEARCH | LEAD | Zimmermann",THURSDAY,5,1,0,0,1,insufficient,,
"EX | 25 | CH | SEARCH | LEAD | Zimmermann",SATURDAY,5,1,0,0,1,insufficient,,
"EX | 25 | CH | SEARCH | LEAD | Zimmermann",MONDAY,6,4,0,0,4,confirmed,,
"EX | 25 | CH | SEARCH | LEAD | Zimmermann",TUESDAY,6,2,0,0,2,insufficient,,
"EX | 25 | CH | SEARCH | LEAD | Zimmermann",WEDNESDAY,6,3,0,0,3,insufficient,,
"EX | 25 | CH | SEARCH | LEAD | Zimmermann",THURSDAY,6,2,0,0,2,insufficient,,
"EX | 25 | CH | SEARCH | LEAD | Zimmermann",SATURDAY,6,2,0,0,2,insufficient,,
"EX | 25 | CH | SEARCH | LEAD | Zimmermann",SUNDAY,7,1,0,0,1,insufficient,,
"EX | 25 | CH | SEARCH | LEAD | Zimmermann",MONDAY,7,4,3,0,1,confirmed,,
"EX | 25 | CH | SEARCH | LEAD | Zimmermann",TUESDAY,7,2,1,0,1,insufficient,,
"EX | 25 | CH | SEARCH | LEAD | Zimmermann",WEDNESDAY,7,3,0,0,3,insufficient,,
"EX | 25 | CH | SEARCH | LEAD | Zimmermann",THURSDAY,7,3,0,0,3,insufficient,,
"EX | 25 | CH | SEARCH | LEAD | Zimmermann",FRIDAY,7,1,1,0,0,insufficient,,
"EX | 25 | CH | SEARCH | LEAD | Zimmermann",SATURDAY,7,2,1,0,1,insufficient,,
"EX | 25 | CH | SEARCH | LEAD | Zimmermann",SUNDAY,8,2,0,0,2,insufficient,,
"EX | 25 | CH | SEARCH | LEAD | Zimmermann",MONDAY,8,5,1,0,4,confirmed,,
"EX | 25 | CH | SEARCH | LEAD | Zimmermann",TUESDAY,8,2,0,0,2,insufficient,,
"EX | 25 | CH | SEARCH | LEAD | Zimmermann",WEDNESDAY,8,3,2,0,1,insufficient,,
"EX | 25 | CH | SEARCH | LEAD | Zimmermann",THURSDAY,8,3,0,0,3,insufficient,,
"EX | 25 | CH | SEARCH | LEAD | Zimmermann",FRIDAY,8,2,0,0,2,insufficient,,
"EX | 25 | CH | SEARCH | LEAD | Zimmermann",SATURDAY,8,2,0,0,2,insufficient,,
"EX | 25 | CH | SEARCH | LEAD | Zimmermann",SUNDAY,9,2,0,0,2,insufficient,,
"EX | 25 | CH | SEARCH | LEAD | Zimmermann",MONDAY,9,4,2,0,2,unconfirmed,,
"EX | 25 | CH | SEARCH | LEAD | Zimmermann",TUESDAY,9,3,0,0,3,insufficient,,
"EX | 25 | CH | SEARCH | LEAD | Zimmermann",WEDNESDAY,9,2,0,0,2,insufficient,,
"EX | 25 | CH | SEARCH | LEAD | Zimmermann",THURSDAY,9,2,1,0,1,insufficient,,
"EX | 25 | CH | SEARCH | LEAD | Zimmermann",FRIDAY,9,3,0,1,2,insufficient,0.77,-97.6
"EX | 25 | CH | SEARCH | LEAD | Zimmermann",SATURDAY,9,2,1,0,1,insufficient,,
"EX | 25 | CH | SEARCH | LEAD | Zimmermann",SUNDAY,10,3,0,0,3,insufficient,,
"EX | 25 | CH | SEARCH | LEAD | Zimmermann",MONDAY,10,3,1,0,2,insufficient,,
"EX | 25 | CH | SEARCH | LEAD | Zimmermann",TUESDAY,10,3,2,0,1,insufficient,,
"EX | 25 | CH | SEARCH | LEAD | Zimmermann",WEDNESDAY,10,4,1,0,3,confirmed,,
"EX | 25 | CH | SEARCH | LEAD | Zimmermann",THURSDAY,10,4,2,0,2,unconfirmed,,
"EX | 25 | CH | SEARCH | LEAD | Zimmermann",FRIDAY,10,3,0,0,3,insufficient,,
"EX | 25 | CH | SEARCH | LEAD | Zimmermann",SATURDAY,10,3,2,0,1,insufficient,,
"EX | 25 | CH | SEARCH | LEAD | Zimmermann",SUNDAY,11,2,2,0,0,insufficient,,
"EX | 25 | CH | SEARCH | LEAD | Zimmermann",MONDAY,11,2,0,0,2,insufficient,,
"EX | 25 | CH | SEARCH | LEAD | Zimmermann",TUESDAY,11,2,0,0,2,insufficient,,
"EX | 25 | CH | SEARCH | LEAD | Zimmermann",WEDNESDAY,11,3,2,0,1,insufficient,,
"EX | 25 | CH | SEARCH | LEAD | Zimmermann",THURSDAY,11,3,2,0,1,insufficient,,
"EX | 25 | CH | SEARCH | LEAD | Zimmermann",FRIDAY,11,4,1,0,3,confirmed,,
"EX | 25 | CH | SEARCH | LEAD | Zimmermann",SATURDAY,11,3,3,0,0,insufficient,,
"EX | 25 | CH | SEARCH | LEAD | Zimmermann",SUNDAY,12,4,2,0,2,unconfirmed,,
"EX | 25 | CH | SEARCH | LEAD | Zimmermann",MONDAY,12,3,2,0,1,insufficient,,
"EX | 25 | CH | SEARCH | LEAD | Zimmermann",TUESDAY,12,2,0,0,2,insufficient,,
"EX | 25 | CH | SEARCH | LEAD | Zimmermann",WEDNESDAY,12,3,1,0,2,insufficient,,
"EX | 25 | CH | SEARCH | LEAD | Zimmermann",THURSDAY,12,4,0,0,4,confirmed,,
"EX | 25 | CH | SEARCH | LEAD | Zimmermann",FRIDAY,12,4,0,0,4,confirmed,,
"EX | 25 | CH | SEARCH | LEAD | Zimmermann",SATURDAY,12,3,1,0,2,insufficient,,
"EX | 25 | CH | SEARCH | LEAD | Zimmermann",SUNDAY,13,3,1,0,2,insufficient,,
"EX | 25 | CH | SEARCH | LEAD | Zimmermann",MONDAY,13,1,1,0,0,insufficient,,
"EX | 25 | CH | SEARCH | LEAD | Zimmermann",TUESDAY,13,2,1,0,1,insufficient,,
"EX | 25 | CH | SEARCH | LEAD | Zimmermann",WEDNESDAY,13,2,1,0,1,insufficient,,
"EX | 25 | CH | SEARCH | LEAD | Zimmermann",THURSDAY,13,4,1,0,3,confirmed,,
"EX | 25 | CH | SEARCH | LEAD | Zimmermann",FRIDAY,13,2,0,0,2,insufficient,,
"EX | 25 | CH | SEARCH | LEAD | Zimmermann",SATURDAY,13,2,1,0,1,insufficient,,
"EX | 25 | CH | SEARCH | LEAD | Zimmermann",SUNDAY,14,3,1,1,1,insufficient,7.49,-76.9
"EX | 25 | CH | SEARCH | LEAD | Zimmermann",MONDAY,14,1,0,0,1,insufficient,,
"EX | 25 | CH | SEARCH | LEAD | Zimmermann",TUESDAY,14,2,0,0,2,insufficient,,
"EX | 25 | CH | SEARCH | LEAD | Zimmermann",WEDNESDAY,14,2,0,0,2,insufficient,,
"EX | 25 | CH | SEARCH | LEAD | Zimmermann",THURSDAY,14,4,2,0,2,unconfirmed,,
"EX | 25 | CH | SEARCH | LEAD | Zimmermann",FRIDAY,14,2,0,0,2,insufficient,,
"EX | 25 | CH | SEARCH | LEAD | Zimmermann",SATURDAY,14,2,0,0,2,insufficient,,
"EX | 25 | CH | SEARCH | LEAD | Zimmermann",SUNDAY,15,4,1,0,3,confirmed,,
"EX | 25 | CH | SEARCH | LEAD | Zimmermann",MONDAY,15,1,1,0,0,insufficient,,
"EX | 25 | CH | SEARCH | LEAD | Zimmermann",TUESDAY,15,2,1,0,1,insufficient,,
"EX | 25 | CH | SEARCH | LEAD | Zimmermann",WEDNESDAY,15,3,1,0,2,insufficient,,
"EX | 25 | CH | SEARCH | LEAD | Zimmermann",THURSDAY,15,2,0,0,2,insufficient,,
"EX | 25 | CH | SEARCH | LEAD | Zimmermann",FRIDAY,15,2,0,0,2,insufficient,,
"EX | 25 | CH | SEARCH | LEAD | Zimmermann",SATURDAY,15,1,0,0,1,insufficient,,
"EX | 25 | CH | SEARCH | LEAD | Zimmermann",SUNDAY,16,3,2,0,1,insufficient,,
"EX | 25 | CH | SEARCH | LEAD | Zimmermann",MONDAY,16,1,0,0,1,insufficient,,
"EX | 25 | CH | SEARCH | LEAD | Zimmermann",TUESDAY,16,2,1,0,1,insufficient,,
"EX | 25 | CH | SEARCH | LEAD | Zimmermann",WEDNESDAY,16,2,2,0,0,insufficient,,
"EX | 25 | CH | SEARCH | LEAD | Zimmermann",THURSDAY,16,2,1,0,1,insufficient,,
"EX | 25 | CH | SEARCH | LEAD | Zimmermann",FRIDAY,16,4,0,0,4,confirmed,,
"EX | 25 | CH | SEARCH | LEAD | Zimmermann",SATURDAY,16,2,0,1,1,insufficient,1.36,-95.8
"EX | 25 | CH | SEARCH | LEAD | Zimmermann",SUNDAY,17,2,1,1,0,insufficient,3.70,-88.6
"EX | 25 | CH | SEARCH | LEAD | Zimmermann",MONDAY,17,1,1,0,0,insufficient,,
"EX | 25 | CH | SEARCH | LEAD | Zimmermann",TUESDAY,17,1,0,0,1,insufficient,,
"EX | 25 | CH | SEARCH | LEAD | Zimmermann",WEDNESDAY,17,2,0,0,2,insufficient,,
"EX | 25 | CH | SEARCH | LEAD | Zimmermann",THURSDAY,17,2,1,0,1,insufficient,,
"EX | 25 | CH | SEARCH | LEAD | Zimmermann",FRIDAY,17,4,0,0,3,confirmed,49.50,52.9
"EX | 25 | CH | SEARCH | LEAD | Zimmermann",TUESDAY,18,1,0,0,1,insufficient,,
"EX | 25 | CH | SEARCH | LEAD | Zimmermann",WEDNESDAY,18,1,0,0,1,insufficient,,
"EX | 25 | CH | SEARCH | LEAD | Zimmermann",THURSDAY,18,3,0,0,3,insufficient,,
"EX | 25 | CH | SEARCH | LEAD | Zimmermann",FRIDAY,18,3,0,0,3,insufficient,,
"EX | 25 | CH | SEARCH | LEAD | Zimmermann",SATURDAY,18,1,0,0,1,insufficient,,
"EX | 25 | CH | SEARCH | LEAD | Zimmermann",SUNDAY,19,1,0,0,1,insufficient,,
"EX | 25 | CH | SEARCH | LEAD | Zimmermann",TUESDAY,19,2,0,1,1,insufficient,3.02,-90.7
"EX | 25 | CH | SEARCH | LEAD | Zimmermann",WEDNESDAY,19,2,1,0,1,insufficient,,
"EX | 25 | CH | SEARCH | LEAD | Zimmermann",THURSDAY,19,2,1,0,1,insufficient,,
"EX | 25 | CH | SEARCH | LEAD | Zimmermann",FRIDAY,19,3,0,0,3,insufficient,,
"EX | 25 | CH | SEARCH | LEAD | Zimmermann",SATURDAY,19,2,0,0,2,insufficient,,
"EX | 25 | CH | SEARCH | LEAD | Zimmermann",SUNDAY,20,1,1,0,0,insufficient,,
"EX | 25 | CH | SEARCH | LEAD | Zimmermann",TUESDAY,20,1,0,0,1,insufficient,,
"EX | 25 | CH | SEARCH | LEAD | Zimmermann",WEDNESDAY,20,1,0,0,1,insufficient,,
"EX | 25 | CH | SEARCH | LEAD | Zimmermann",FRIDAY,20,2,0,0,2,insufficient,,
"EX | 25 | CH | SEARCH | LEAD | Zimmermann",SATURDAY,20,2,1,0,1,insufficient,,
"EX | 25 | CH | SEARCH | LEAD | Zimmermann",SUNDAY,21,2,1,0,1,insufficient,,
"EX | 25 | CH | SEARCH | LEAD | Zimmermann",TUESDAY,21,1,1,0,0,insufficient,,
"EX | 25 | CH | SEARCH | LEAD | Zimmermann",WEDNESDAY,21,1,1,0,0,insufficient,,
"EX | 25 | CH | SEARCH | LEAD | Zimmermann",THURSDAY,21,1,0,0,1,insufficient,,
"EX | 25 | CH | SEARCH | LEAD | Zimmermann",FRIDAY,21,2,0,0,2,insufficient,,
"EX | 25 | CH | SEARCH | LEAD | Zimmermann",SATURDAY,21,1,0,0,1,insufficient,,
"EX | 25 | CH | SEARCH | LEAD | Zimmermann",SUNDAY,22,1,0,0,1,insufficient,,
"EX | 25 | CH | SEARCH | LEAD | Zimmermann",TUESDAY,22,1,0,0,1,insufficient,,
"EX | 25 | CH | SEARCH | LEAD | Zimmermann",THURSDAY,22,1,1,0,0,insufficient,,
"EX | 25 | CH | SEARCH | LEAD | Zimmermann",FRIDAY,22,2,1,0,1,insufficient,,
"EX | 25 | CH | SEARCH | LEAD | Zimmermann",SATURDAY,22,1,0,0,1,insufficient,,
"EX | 25 | CH | SEARCH | LEAD | Zimmermann",SUNDAY,23,1,0,0,1,insufficient,,
"EX | 25 | CH | SEARCH | LEAD | Zimmermann",TUESDAY,23,1,0,0,1,insufficient,,
"EX | 25 | CH | SEARCH | LEAD | Zimmermann",FRIDAY,23,3,1,0,2,insufficient,,
"EX | 25 | CH | SEARCH | LEAD | Zimmermann",SATURDAY,23,1,0,0,1,insufficient,,
"EX | 26 | CH | SEARCH | LEAD | Baumaschinenführer",SUNDAY,0,2,0,0,2,insufficient,,
"EX | 26 | CH | SEARCH | LEAD | Baumaschinenführer",MONDAY,0,2,2,0,0,insufficient,,
"EX | 26 | CH | SEARCH | LEAD | Baumaschinenführer",TUESDAY,0,2,1,0,1,insufficient,,
"EX | 26 | CH | SEARCH | LEAD | Baumaschinenführer",THURSDAY,0,2,1,0,1,insufficient,,
"EX | 26 | CH | SEARCH | LEAD | Baumaschinenführer",FRIDAY,0,3,0,0,3,insufficient,,
"EX | 26 | CH | SEARCH | LEAD | Baumaschinenführer",SUNDAY,1,3,1,0,2,insufficient,,
"EX | 26 | CH | SEARCH | LEAD | Baumaschinenführer",TUESDAY,1,2,0,0,2,insufficient,,
"EX | 26 | CH | SEARCH | LEAD | Baumaschinenführer",THURSDAY,1,1,1,0,0,insufficient,,
"EX | 26 | CH | SEARCH | LEAD | Baumaschinenführer",FRIDAY,1,1,0,0,1,insufficient,,
"EX | 26 | CH | SEARCH | LEAD | Baumaschinenführer",SATURDAY,1,2,0,0,2,insufficient,,
"EX | 26 | CH | SEARCH | LEAD | Baumaschinenführer",SUNDAY,2,2,0,0,2,insufficient,,
"EX | 26 | CH | SEARCH | LEAD | Baumaschinenführer",MONDAY,2,1,0,0,1,insufficient,,
"EX | 26 | CH | SEARCH | LEAD | Baumaschinenführer",WEDNESDAY,2,1,0,0,1,insufficient,,
"EX | 26 | CH | SEARCH | LEAD | Baumaschinenführer",SUNDAY,3,1,0,0,1,insufficient,,
"EX | 26 | CH | SEARCH | LEAD | Baumaschinenführer",TUESDAY,3,1,0,0,1,insufficient,,
"EX | 26 | CH | SEARCH | LEAD | Baumaschinenführer",WEDNESDAY,3,1,0,0,1,insufficient,,
"EX | 26 | CH | SEARCH | LEAD | Baumaschinenführer",SATURDAY,3,1,0,0,1,insufficient,,
"EX | 26 | CH | SEARCH | LEAD | Baumaschinenführer",MONDAY,4,1,0,0,1,insufficient,,
"EX | 26 | CH | SEARCH | LEAD | Baumaschinenführer",TUESDAY,4,1,1,0,0,insufficient,,
"EX | 26 | CH | SEARCH | LEAD | Baumaschinenführer",WEDNESDAY,4,2,0,0,2,insufficient,,
"EX | 26 | CH | SEARCH | LEAD | Baumaschinenführer",THURSDAY,4,1,0,0,1,insufficient,,
"EX | 26 | CH | SEARCH | LEAD | Baumaschinenführer",FRIDAY,4,1,0,0,1,insufficient,,
"EX | 26 | CH | SEARCH | LEAD | Baumaschinenführer",SUNDAY,5,1,0,0,1,insufficient,,
"EX | 26 | CH | SEARCH | LEAD | Baumaschinenführer",MONDAY,5,1,0,0,1,insufficient,,
"EX | 26 | CH | SEARCH | LEAD | Baumaschinenführer",TUESDAY,5,2,1,0,1,insufficient,,
"EX | 26 | CH | SEARCH | LEAD | Baumaschinenführer",FRIDAY,5,1,0,0,1,insufficient,,
"EX | 26 | CH | SEARCH | LEAD | Baumaschinenführer",SATURDAY,5,2,0,0,2,insufficient,,
"EX | 26 | CH | SEARCH | LEAD | Baumaschinenführer",SUNDAY,6,2,1,0,1,insufficient,,
"EX | 26 | CH | SEARCH | LEAD | Baumaschinenführer",MONDAY,6,3,1,0,2,insufficient,,
"EX | 26 | CH | SEARCH | LEAD | Baumaschinenführer",TUESDAY,6,1,0,0,1,insufficient,,
"EX | 26 | CH | SEARCH | LEAD | Baumaschinenführer",WEDNESDAY,6,2,0,0,2,insufficient,,
"EX | 26 | CH | SEARCH | LEAD | Baumaschinenführer",THURSDAY,6,3,0,0,3,insufficient,,
"EX | 26 | CH | SEARCH | LEAD | Baumaschinenführer",FRIDAY,6,2,1,0,1,insufficient,,
"EX | 26 | CH | SEARCH | LEAD | Baumaschinenführer",SATURDAY,6,2,1,0,1,insufficient,,
"EX | 26 | CH | SEARCH | LEAD | Baumaschinenführer",SUNDAY,7,2,1,0,1,insufficient,,
"EX | 26 | CH | SEARCH | LEAD | Baumaschinenführer",MONDAY,7,3,1,0,2,insufficient,,
"EX | 26 | CH | SEARCH | LEAD | Baumaschinenführer",TUESDAY,7,2,0,0,2,insufficient,,
"EX | 26 | CH | SEARCH | LEAD | Baumaschinenführer",WEDNESDAY,7,4,0,0,4,confirmed,,
"EX | 26 | CH | SEARCH | LEAD | Baumaschinenführer",THURSDAY,7,1,0,0,1,insufficient,,
"EX | 26 | CH | SEARCH | LEAD | Baumaschinenführer",FRIDAY,7,1,0,0,1,insufficient,,
"EX | 26 | CH | SEARCH | LEAD | Baumaschinenführer",SATURDAY,7,2,0,0,2,insufficient,,
"EX | 26 | CH | SEARCH | LEAD | Baumaschinenführer",SUNDAY,8,2,1,0,1,insufficient,,
"EX | 26 | CH | SEARCH | LEAD | Baumaschinenführer",MONDAY,8,5,0,0,5,confirmed,,
"EX | 26 | CH | SEARCH | LEAD | Baumaschinenführer",TUESDAY,8,4,2,0,2,unconfirmed,,
"EX | 26 | CH | SEARCH | LEAD | Baumaschinenführer",WEDNESDAY,8,3,2,0,1,insufficient,,
"EX | 26 | CH | SEARCH | LEAD | Baumaschinenführer",THURSDAY,8,4,0,0,4,confirmed,,
"EX | 26 | CH | SEARCH | LEAD | Baumaschinenführer",FRIDAY,8,2,0,0,2,insufficient,,
"EX | 26 | CH | SEARCH | LEAD | Baumaschinenführer",SATURDAY,8,3,1,0,2,insufficient,,
"EX | 26 | CH | SEARCH | LEAD | Baumaschinenführer",SUNDAY,9,4,0,0,4,confirmed,,
"EX | 26 | CH | SEARCH | LEAD | Baumaschinenführer",MONDAY,9,4,1,0,3,confirmed,,
"EX | 26 | CH | SEARCH | LEAD | Baumaschinenführer",TUESDAY,9,4,0,0,4,confirmed,,
"EX | 26 | CH | SEARCH | LEAD | Baumaschinenführer",WEDNESDAY,9,4,1,0,3,confirmed,,
"EX | 26 | CH | SEARCH | LEAD | Baumaschinenführer",THURSDAY,9,3,0,0,3,insufficient,,
"EX | 26 | CH | SEARCH | LEAD | Baumaschinenführer",FRIDAY,9,4,1,0,3,confirmed,,
"EX | 26 | CH | SEARCH | LEAD | Baumaschinenführer",SATURDAY,9,1,0,0,1,insufficient,,
"EX | 26 | CH | SEARCH | LEAD | Baumaschinenführer",SUNDAY,10,4,1,0,3,confirmed,,
"EX | 26 | CH | SEARCH | LEAD | Baumaschinenführer",MONDAY,10,5,4,0,1,confirmed,,
"EX | 26 | CH | SEARCH | LEAD | Baumaschinenführer",TUESDAY,10,4,1,0,3,confirmed,,
"EX | 26 | CH | SEARCH | LEAD | Baumaschinenführer",WEDNESDAY,10,3,0,0,3,insufficient,,
"EX | 26 | CH | SEARCH | LEAD | Baumaschinenführer",THURSDAY,10,4,0,0,4,confirmed,,
"EX | 26 | CH | SEARCH | LEAD | Baumaschinenführer",FRIDAY,10,2,1,0,1,insufficient,,
"EX | 26 | CH | SEARCH | LEAD | Baumaschinenführer",SATURDAY,10,4,0,0,4,confirmed,,
"EX | 26 | CH | SEARCH | LEAD | Baumaschinenführer",SUNDAY,11,4,2,0,2,unconfirmed,,
"EX | 26 | CH | SEARCH | LEAD | Baumaschinenführer",MONDAY,11,2,0,0,2,insufficient,,
"EX | 26 | CH | SEARCH | LEAD | Baumaschinenführer",TUESDAY,11,3,2,0,1,insufficient,,
"EX | 26 | CH | SEARCH | LEAD | Baumaschinenführer",WEDNESDAY,11,1,0,0,1,insufficient,,
"EX | 26 | CH | SEARCH | LEAD | Baumaschinenführer",THURSDAY,11,4,1,0,3,confirmed,,
"EX | 26 | CH | SEARCH | LEAD | Baumaschinenführer",FRIDAY,11,4,2,0,2,unconfirmed,,
"EX | 26 | CH | SEARCH | LEAD | Baumaschinenführer",SATURDAY,11,2,0,0,2,insufficient,,
"EX | 26 | CH | SEARCH | LEAD | Baumaschinenführer",SUNDAY,12,5,2,0,3,unconfirmed,,
"EX | 26 | CH | SEARCH | LEAD | Baumaschinenführer",MONDAY,12,3,0,0,3,insufficient,,
"EX | 26 | CH | SEARCH | LEAD | Baumaschinenführer",TUESDAY,12,3,2,0,1,insufficient,,
"EX | 26 | CH | SEARCH | LEAD | Baumaschinenführer",WEDNESDAY,12,3,2,0,1,insufficient,,
"EX | 26 | CH | SEARCH | LEAD | Baumaschinenführer",THURSDAY,12,4,0,0,4,confirmed,,
"EX | 26 | CH | SEARCH | LEAD | Baumaschinenführer",FRIDAY,12,2,1,0,1,insufficient,,
"EX | 26 | CH | SEARCH | LEAD | Baumaschinenführer",SATURDAY,12,2,0,0,2,insufficient,,
"EX | 26 | CH | SEARCH | LEAD | Baumaschinenführer",SUNDAY,13,5,0,0,5,confirmed,,
"EX | 26 | CH | SEARCH | LEAD | Baumaschinenführer",MONDAY,13,3,2,0,1,insufficient,,
"EX | 26 | CH | SEARCH | LEAD | Baumaschinenführer",TUESDAY,13,3,2,0,1,insufficient,,
"EX | 26 | CH | SEARCH | LEAD | Baumaschinenführer",WEDNESDAY,13,4,3,0,1,confirmed,,
"EX | 26 | CH | SEARCH | LEAD | Baumaschinenführer",THURSDAY,13,3,0,0,3,insufficient,,
"EX | 26 | CH | SEARCH | LEAD | Baumaschinenführer",FRIDAY,13,3,2,0,1,insufficient,,
"EX | 26 | CH | SEARCH | LEAD | Baumaschinenführer",SATURDAY,13,2,2,0,0,insufficient,,
"EX | 26 | CH | SEARCH | LEAD | Baumaschinenführer",SUNDAY,14,5,2,0,3,unconfirmed,,
"EX | 26 | CH | SEARCH | LEAD | Baumaschinenführer",MONDAY,14,3,1,0,2,insufficient,,
"EX | 26 | CH | SEARCH | LEAD | Baumaschinenführer",TUESDAY,14,2,1,0,1,insufficient,,
"EX | 26 | CH | SEARCH | LEAD | Baumaschinenführer",WEDNESDAY,14,2,0,0,2,insufficient,,
"EX | 26 | CH | SEARCH | LEAD | Baumaschinenführer",THURSDAY,14,2,1,0,1,insufficient,,
"EX | 26 | CH | SEARCH | LEAD | Baumaschinenführer",FRIDAY,14,2,0,0,2,insufficient,,
"EX | 26 | CH | SEARCH | LEAD | Baumaschinenführer",SATURDAY,14,1,0,0,1,insufficient,,
"EX | 26 | CH | SEARCH | LEAD | Baumaschinenführer",SUNDAY,15,3,0,0,3,insufficient,,
"EX | 26 | CH | SEARCH | LEAD | Baumaschinenführer",MONDAY,15,3,1,0,2,insufficient,,
"EX | 26 | CH | SEARCH | LEAD | Baumaschinenführer",TUESDAY,15,1,1,0,0,insufficient,,
"EX | 26 | CH | SEARCH | LEAD | Baumaschinenführer",WEDNESDAY,15,2,1,0,1,insufficient,,
"EX | 26 | CH | SEARCH | LEAD | Baumaschinenführer",THURSDAY,15,4,1,0,3,confirmed,,
"EX | 26 | CH | SEARCH | LEAD | Baumaschinenführer",FRIDAY,15,2,1,0,1,insufficient,,
"EX | 26 | CH | SEARCH | LEAD | Baumaschinenführer",SATURDAY,15,1,0,0,1,insufficient,,
"EX | 26 | CH | SEARCH | LEAD | Baumaschinenführer",SUNDAY,16,2,0,0,2,insufficient,,
"EX | 26 | CH | SEARCH | LEAD | Baumaschinenführer",MONDAY,16,2,1,0,1,insufficient,,
"EX | 26 | CH | SEARCH | LEAD | Baumaschinenführer",WEDNESDAY,16,2,0,0,2,insufficient,,
"EX | 26 | CH | SEARCH | LEAD | Baumaschinenführer",THURSDAY,16,3,0,0,3,insufficient,,
"EX | 26 | CH | SEARCH | LEAD | Baumaschinenführer",FRIDAY,16,2,0,0,2,insufficient,,
"EX | 26 | CH | SEARCH | LEAD | Baumaschinenführer",SATURDAY,16,3,0,0,3,insufficient,,
"EX | 26 | CH | SEARCH | LEAD | Baumaschinenführer",SUNDAY,17,4,0,0,4,confirmed,,
"EX | 26 | CH | SEARCH | LEAD | Baumaschinenführer",TUESDAY,17,1,1,0,0,insufficient,,
"EX | 26 | CH | SEARCH | LEAD | Baumaschinenführer",WEDNESDAY,17,2,1,0,1,insufficient,,
"EX | 26 | CH | SEARCH | LEAD | Baumaschinenführer",THURSDAY,17,4,0,0,4,confirmed,,
"EX | 26 | CH | SEARCH | LEAD | Baumaschinenführer",FRIDAY,17,1,0,0,1,insufficient,,
"EX | 26 | CH | SEARCH | LEAD | Baumaschinenführer",SATURDAY,17,1,1,0,0,insufficient,,
"EX | 26 | CH | SEARCH | LEAD | Baumaschinenführer",SUNDAY,18,5,1,0,4,confirmed,,
"EX | 26 | CH | SEARCH | LEAD | Baumaschinenführer",MONDAY,18,1,0,0,1,insufficient,,
"EX | 26 | CH | SEARCH | LEAD | Baumaschinenführer",TUESDAY,18,1,1,0,0,insufficient,,
"EX | 26 | CH | SEARCH | LEAD | Baumaschinenführer",WEDNESDAY,18,1,0,0,1,insufficient,,
"EX | 26 | CH | SEARCH | LEAD | Baumaschinenführer",THURSDAY,18,4,0,0,4,confirmed,,
"EX | 26 | CH | SEARCH | LEAD | Baumaschinenführer",FRIDAY,18,2,0,0,2,insufficient,,
"EX | 26 | CH | SEARCH | LEAD | Baumaschinenführer",SATURDAY,18,3,0,0,3,insufficient,,
"EX | 26 | CH | SEARCH | LEAD | Baumaschinenführer",SUNDAY,19,4,2,0,2,unconfirmed,,
"EX | 26 | CH | SEARCH | LEAD | Baumaschinenführer",MONDAY,19,1,0,0,1,insufficient,,
"EX | 26 | CH | SEARCH | LEAD | Baumaschinenführer",TUESDAY,19,1,1,0,0,insufficient,,
"EX | 26 | CH | SEARCH | LEAD | Baumaschinenführer",WEDNESDAY,19,1,0,0,1,insufficient,,
"EX | 26 | CH | SEARCH | LEAD | Baumaschinenführer",THURSDAY,19,4,1,0,3,confirmed,,
"EX | 26 | CH | SEARCH | LEAD | Baumaschinenführer",FRIDAY,19,2,1,0,1,insufficient,,
"EX | 26 | CH | SEARCH | LEAD | Baumaschinenführer",SATURDAY,19,3,1,0,2,insufficient,,
"EX | 26 | CH | SEARCH | LEAD | Baumaschinenführer",SUNDAY,20,3,0,0,3,insufficient,,
"EX | 26 | CH | SEARCH | LEAD | Baumaschinenführer",MONDAY,20,1,0,0,1,insufficient,,
"EX | 26 | CH | SEARCH | LEAD | Baumaschinenführer",WEDNESDAY,20,1,0,0,1,insufficient,,
"EX | 26 | CH | SEARCH | LEAD | Baumaschinenführer",THURSDAY,20,2,0,0,2,insufficient,,
"EX | 26 | CH | SEARCH | LEAD | Baumaschinenführer",SATURDAY,20,2,1,0,1,insufficient,,
"EX | 26 | CH | SEARCH | LEAD | Baumaschinenführer",SUNDAY,21,3,1,0,2,insufficient,,
"EX | 26 | CH | SEARCH | LEAD | Baumaschinenführer",MONDAY,21,1,1,0,0,insufficient,,
"EX | 26 | CH | SEARCH | LEAD | Baumaschinenführer",WEDNESDAY,21,1,0,0,1,insufficient,,
"EX | 26 | CH | SEARCH | LEAD | Baumaschinenführer",THURSDAY,21,4,0,0,4,confirmed,,
"EX | 26 | CH | SEARCH | LEAD | Baumaschinenführer",FRIDAY,21,1,0,0,1,insufficient,,
"EX | 26 | CH | SEARCH | LEAD | Baumaschinenführer",SATURDAY,21,1,0,0,1,insufficient,,
"EX | 26 | CH | SEARCH | LEAD | Baumaschinenführer",SUNDAY,22,2,0,0,2,insufficient,,
"EX | 26 | CH | SEARCH | LEAD | Baumaschinenführer",MONDAY,22,1,0,0,1,insufficient,,
"EX | 26 | CH | SEARCH | LEAD | Baumaschinenführer",WEDNESDAY,22,1,0,0,1,insufficient,,
"EX | 26 | CH | SEARCH | LEAD | Baumaschinenführer",THURSDAY,22,3,0,0,3,insufficient,,
"EX | 26 | CH | SEARCH | LEAD | Baumaschinenführer",FRIDAY,22,1,0,0,1,insufficient,,
"EX | 26 | CH | SEARCH | LEAD | Baumaschinenführer",SATURDAY,22,2,0,0,2,insufficient,,
"EX | 26 | CH | SEARCH | LEAD | Baumaschinenführer",SUNDAY,23,2,0,0,2,insufficient,,
"EX | 26 | CH | SEARCH | LEAD | Baumaschinenführer",MONDAY,23,1,0,0,1,insufficient,,
"EX | 26 | CH | SEARCH | LEAD | Baumaschinenführer",WEDNESDAY,23,1,0,0,1,insufficient,,
"EX | 26 | CH | SEARCH | LEAD | Baumaschinenführer",THURSDAY,23,2,0,0,2,insufficient,,
"EX | 26 | CH | SEARCH | LEAD | Baumaschinenführer",FRIDAY,23,1,0,0,1,insufficient,,
"EX | 26 | CH | SEARCH | LEAD | Baumaschinenführer",SATURDAY,23,2,0,0,2,insufficient,,
"EX | 26 | CH | SEARCH | LEAD | Trockenbauer",SUNDAY,0,1,0,0,1,insufficient,,
"EX | 26 | CH | SEARCH | LEAD | Trockenbauer",TUESDAY,0,1,1,0,0,insufficient,,
"EX | 26 | CH | SEARCH | LEAD | Trockenbauer",FRIDAY,1,1,0,0,1,insufficient,,
"EX | 26 | CH | SEARCH | LEAD | Trockenbauer",MONDAY,6,1,0,0,1,insufficient,,
"EX | 26 | CH | SEARCH | LEAD | Trockenbauer",WEDNESDAY,6,2,1,0,1,insufficient,,
"EX | 26 | CH | SEARCH | LEAD | Trockenbauer",MONDAY,7,1,0,0,1,insufficient,,
"EX | 26 | CH | SEARCH | LEAD | Trockenbauer",TUESDAY,7,1,0,0,1,insufficient,,
"EX | 26 | CH | SEARCH | LEAD | Trockenbauer",WEDNESDAY,7,1,0,0,1,insufficient,,
"EX | 26 | CH | SEARCH | LEAD | Trockenbauer",THURSDAY,7,1,0,0,1,insufficient,,
"EX | 26 | CH | SEARCH | LEAD | Trockenbauer",SUNDAY,8,2,1,0,1,insufficient,,
"EX | 26 | CH | SEARCH | LEAD | Trockenbauer",WEDNESDAY,8,1,0,0,1,insufficient,,
"EX | 26 | CH | SEARCH | LEAD | Trockenbauer",THURSDAY,8,2,0,0,2,insufficient,,
"EX | 26 | CH | SEARCH | LEAD | Trockenbauer",SUNDAY,9,1,1,0,0,insufficient,,
"EX | 26 | CH | SEARCH | LEAD | Trockenbauer",TUESDAY,9,1,0,0,1,insufficient,,
"EX | 26 | CH | SEARCH | LEAD | Trockenbauer",WEDNESDAY,9,1,0,0,1,insufficient,,
"EX | 26 | CH | SEARCH | LEAD | Trockenbauer",FRIDAY,9,1,0,0,1,insufficient,,
"EX | 26 | CH | SEARCH | LEAD | Trockenbauer",SUNDAY,10,1,0,0,1,insufficient,,
"EX | 26 | CH | SEARCH | LEAD | Trockenbauer",MONDAY,10,2,0,0,2,insufficient,,
"EX | 26 | CH | SEARCH | LEAD | Trockenbauer",WEDNESDAY,10,3,1,0,2,insufficient,,
"EX | 26 | CH | SEARCH | LEAD | Trockenbauer",THURSDAY,10,1,1,0,0,insufficient,,
"EX | 26 | CH | SEARCH | LEAD | Trockenbauer",FRIDAY,10,1,0,0,1,insufficient,,
"EX | 26 | CH | SEARCH | LEAD | Trockenbauer",SATURDAY,10,2,1,0,1,insufficient,,
"EX | 26 | CH | SEARCH | LEAD | Trockenbauer",SUNDAY,11,1,0,0,1,insufficient,,
"EX | 26 | CH | SEARCH | LEAD | Trockenbauer",MONDAY,11,2,1,0,1,insufficient,,
"EX | 26 | CH | SEARCH | LEAD | Trockenbauer",THURSDAY,11,1,0,0,1,insufficient,,
"EX | 26 | CH | SEARCH | LEAD | Trockenbauer",FRIDAY,11,2,0,0,2,insufficient,,
"EX | 26 | CH | SEARCH | LEAD | Trockenbauer",SATURDAY,11,1,0,0,1,insufficient,,
"EX | 26 | CH | SEARCH | LEAD | Trockenbauer",SUNDAY,12,1,0,0,1,insufficient,,
"EX | 26 | CH | SEARCH | LEAD | Trockenbauer",MONDAY,12,1,0,0,1,insufficient,,
"EX | 26 | CH | SEARCH | LEAD | Trockenbauer",TUESDAY,12,3,1,0,2,insufficient,,
"EX | 26 | CH | SEARCH | LEAD | Trockenbauer",THURSDAY,12,2,0,0,2,insufficient,,
"EX | 26 | CH | SEARCH | LEAD | Trockenbauer",FRIDAY,12,2,0,0,2,insufficient,,
"EX | 26 | CH | SEARCH | LEAD | Trockenbauer",SATURDAY,12,1,0,0,1,insufficient,,
"EX | 26 | CH | SEARCH | LEAD | Trockenbauer",SUNDAY,13,1,1,0,0,insufficient,,
"EX | 26 | CH | SEARCH | LEAD | Trockenbauer",WEDNESDAY,13,1,1,0,0,insufficient,,
"EX | 26 | CH | SEARCH | LEAD | Trockenbauer",THURSDAY,13,2,0,0,2,insufficient,,
"EX | 26 | CH | SEARCH | LEAD | Trockenbauer",SATURDAY,13,1,0,0,1,insufficient,,
"EX | 26 | CH | SEARCH | LEAD | Trockenbauer",SUNDAY,14,1,0,0,1,insufficient,,
"EX | 26 | CH | SEARCH | LEAD | Trockenbauer",TUESDAY,14,2,0,1,1,insufficient,0.43,-99.4
"EX | 26 | CH | SEARCH | LEAD | Trockenbauer",WEDNESDAY,14,1,0,0,1,insufficient,,
"EX | 26 | CH | SEARCH | LEAD | Trockenbauer",THURSDAY,14,2,0,0,2,insufficient,,
"EX | 26 | CH | SEARCH | LEAD | Trockenbauer",FRIDAY,14,2,0,0,2,insufficient,,
"EX | 26 | CH | SEARCH | LEAD | Trockenbauer",SATURDAY,14,1,0,0,1,insufficient,,
"EX | 26 | CH | SEARCH | LEAD | Trockenbauer",SUNDAY,15,2,0,0,2,insufficient,,
"EX | 26 | CH | SEARCH | LEAD | Trockenbauer",MONDAY,15,1,0,0,1,insufficient,,
"EX | 26 | CH | SEARCH | LEAD | Trockenbauer",THURSDAY,15,2,0,0,2,insufficient,,
"EX | 26 | CH | SEARCH | LEAD | Trockenbauer",FRIDAY,15,1,1,0,0,insufficient,,
"EX | 26 | CH | SEARCH | LEAD | Trockenbauer",TUESDAY,16,1,0,0,1,insufficient,,
"EX | 26 | CH | SEARCH | LEAD | Trockenbauer",WEDNESDAY,16,1,0,0,1,insufficient,,
"EX | 26 | CH | SEARCH | LEAD | Trockenbauer",FRIDAY,16,1,0,0,1,insufficient,,
"EX | 26 | CH | SEARCH | LEAD | Trockenbauer",SUNDAY,17,2,1,0,1,insufficient,,
"EX | 26 | CH | SEARCH | LEAD | Trockenbauer",MONDAY,17,1,1,0,0,insufficient,,
"EX | 26 | CH | SEARCH | LEAD | Trockenbauer",TUESDAY,17,2,1,0,1,insufficient,,
"EX | 26 | CH | SEARCH | LEAD | Trockenbauer",FRIDAY,17,2,0,0,2,insufficient,,
"EX | 26 | CH | SEARCH | LEAD | Trockenbauer",SATURDAY,17,1,0,0,1,insufficient,,
"EX | 26 | CH | SEARCH | LEAD | Trockenbauer",SUNDAY,18,1,1,0,0,insufficient,,
"EX | 26 | CH | SEARCH | LEAD | Trockenbauer",MONDAY,18,1,1,0,0,insufficient,,
"EX | 26 | CH | SEARCH | LEAD | Trockenbauer",TUESDAY,18,1,0,0,1,insufficient,,
"EX | 26 | CH | SEARCH | LEAD | Trockenbauer",THURSDAY,18,1,0,0,1,insufficient,,
"EX | 26 | CH | SEARCH | LEAD | Trockenbauer",FRIDAY,18,1,0,0,1,insufficient,,
"EX | 26 | CH | SEARCH | LEAD | Trockenbauer",TUESDAY,19,1,0,0,1,insufficient,,
"EX | 26 | CH | SEARCH | LEAD | Trockenbauer",WEDNESDAY,19,1,1,0,0,insufficient,,
"EX | 26 | CH | SEARCH | LEAD | Trockenbauer",THURSDAY,19,2,0,0,2,insufficient,,
"EX | 26 | CH | SEARCH | LEAD | Trockenbauer",FRIDAY,19,1,1,0,0,insufficient,,
"EX | 26 | CH | SEARCH | LEAD | Trockenbauer",SUNDAY,20,2,0,0,2,insufficient,,
"EX | 26 | CH | SEARCH | LEAD | Trockenbauer",WEDNESDAY,20,1,0,0,1,insufficient,,
"EX | 26 | CH | SEARCH | LEAD | Trockenbauer",THURSDAY,20,1,0,0,1,insufficient,,
"EX | 26 | CH | SEARCH | LEAD | Trockenbauer",FRIDAY,20,1,0,0,1,insufficient,,
"EX | 26 | CH | SEARCH | LEAD | Trockenbauer",THURSDAY,21,2,1,0,1,insufficient,,
"EX | 26 | CH | SEARCH | LEAD | Trockenbauer",SATURDAY,21,1,1,0,0,insufficient,,
"EX | 26 | CH | SEARCH | LEAD | Trockenbauer",MONDAY,22,2,1,0,1,insufficient,,
"EX | 26 | CH | SEARCH | LEAD | Trockenbauer",SATURDAY,22,1,0,0,1,insufficient,,
"EX | 26 | CH | SEARCH | LEAD | Trockenbauer",TUESDAY,23,1,1,0,0,insufficient,,
"EX | 26 | CH | SEARCH | LEAD | Metallbaukonstrukteur",SUNDAY,0,1,0,0,1,insufficient,,
"EX | 26 | CH | SEARCH | LEAD | Metallbaukonstrukteur",THURSDAY,0,1,0,0,1,insufficient,,
"EX | 26 | CH | SEARCH | LEAD | Metallbaukonstrukteur",SATURDAY,0,1,0,0,1,insufficient,,
"EX | 26 | CH | SEARCH | LEAD | Metallbaukonstrukteur",SUNDAY,1,1,0,0,1,insufficient,,
"EX | 26 | CH | SEARCH | LEAD | Metallbaukonstrukteur",MONDAY,1,3,0,0,3,insufficient,,
"EX | 26 | CH | SEARCH | LEAD | Metallbaukonstrukteur",SATURDAY,1,1,1,0,0,insufficient,,
"EX | 26 | CH | SEARCH | LEAD | Metallbaukonstrukteur",MONDAY,2,1,1,0,0,insufficient,,
"EX | 26 | CH | SEARCH | LEAD | Metallbaukonstrukteur",THURSDAY,2,2,0,0,2,insufficient,,
"EX | 26 | CH | SEARCH | LEAD | Metallbaukonstrukteur",FRIDAY,2,1,0,0,1,insufficient,,
"EX | 26 | CH | SEARCH | LEAD | Metallbaukonstrukteur",SATURDAY,2,1,0,0,1,insufficient,,
"EX | 26 | CH | SEARCH | LEAD | Metallbaukonstrukteur",THURSDAY,4,1,1,0,0,insufficient,,
"EX | 26 | CH | SEARCH | LEAD | Metallbaukonstrukteur",FRIDAY,4,1,0,0,1,insufficient,,
"EX | 26 | CH | SEARCH | LEAD | Metallbaukonstrukteur",TUESDAY,5,1,0,0,1,insufficient,,
"EX | 26 | CH | SEARCH | LEAD | Metallbaukonstrukteur",WEDNESDAY,5,1,0,0,1,insufficient,,
"EX | 26 | CH | SEARCH | LEAD | Metallbaukonstrukteur",THURSDAY,5,1,1,0,0,insufficient,,
"EX | 26 | CH | SEARCH | LEAD | Metallbaukonstrukteur",SATURDAY,5,1,0,0,1,insufficient,,
"EX | 26 | CH | SEARCH | LEAD | Metallbaukonstrukteur",SUNDAY,6,1,0,0,1,insufficient,,
"EX | 26 | CH | SEARCH | LEAD | Metallbaukonstrukteur",MONDAY,6,1,0,0,1,insufficient,,
"EX | 26 | CH | SEARCH | LEAD | Metallbaukonstrukteur",TUESDAY,6,3,0,0,3,insufficient,,
"EX | 26 | CH | SEARCH | LEAD | Metallbaukonstrukteur",WEDNESDAY,6,3,2,0,1,insufficient,,
"EX | 26 | CH | SEARCH | LEAD | Metallbaukonstrukteur",FRIDAY,6,1,0,0,1,insufficient,,
"EX | 26 | CH | SEARCH | LEAD | Metallbaukonstrukteur",SUNDAY,7,1,0,0,1,insufficient,,
"EX | 26 | CH | SEARCH | LEAD | Metallbaukonstrukteur",MONDAY,7,5,1,0,4,confirmed,,
"EX | 26 | CH | SEARCH | LEAD | Metallbaukonstrukteur",TUESDAY,7,2,1,0,1,insufficient,,
"EX | 26 | CH | SEARCH | LEAD | Metallbaukonstrukteur",WEDNESDAY,7,1,0,0,1,insufficient,,
"EX | 26 | CH | SEARCH | LEAD | Metallbaukonstrukteur",FRIDAY,7,1,0,0,1,insufficient,,
"EX | 26 | CH | SEARCH | LEAD | Metallbaukonstrukteur",SUNDAY,8,2,0,0,2,insufficient,,
"EX | 26 | CH | SEARCH | LEAD | Metallbaukonstrukteur",MONDAY,8,4,1,0,3,confirmed,,
"EX | 26 | CH | SEARCH | LEAD | Metallbaukonstrukteur",TUESDAY,8,2,1,0,1,insufficient,,
"EX | 26 | CH | SEARCH | LEAD | Metallbaukonstrukteur",WEDNESDAY,8,3,0,0,3,insufficient,,
"EX | 26 | CH | SEARCH | LEAD | Metallbaukonstrukteur",THURSDAY,8,4,1,0,3,confirmed,,
"EX | 26 | CH | SEARCH | LEAD | Metallbaukonstrukteur",FRIDAY,8,2,1,0,1,insufficient,,
"EX | 26 | CH | SEARCH | LEAD | Metallbaukonstrukteur",SATURDAY,8,2,1,0,1,insufficient,,
"EX | 26 | CH | SEARCH | LEAD | Metallbaukonstrukteur",SUNDAY,9,2,1,0,1,insufficient,,
"EX | 26 | CH | SEARCH | LEAD | Metallbaukonstrukteur",MONDAY,9,5,3,0,2,unconfirmed,,
"EX | 26 | CH | SEARCH | LEAD | Metallbaukonstrukteur",TUESDAY,9,2,1,0,1,insufficient,,
"EX | 26 | CH | SEARCH | LEAD | Metallbaukonstrukteur",WEDNESDAY,9,3,0,0,3,insufficient,,
"EX | 26 | CH | SEARCH | LEAD | Metallbaukonstrukteur",THURSDAY,9,2,0,0,2,insufficient,,
"EX | 26 | CH | SEARCH | LEAD | Metallbaukonstrukteur",FRIDAY,9,3,0,0,3,insufficient,,
"EX | 26 | CH | SEARCH | LEAD | Metallbaukonstrukteur",SATURDAY,9,2,1,0,1,insufficient,,
"EX | 26 | CH | SEARCH | LEAD | Metallbaukonstrukteur",SUNDAY,10,2,0,0,2,insufficient,,
"EX | 26 | CH | SEARCH | LEAD | Metallbaukonstrukteur",MONDAY,10,4,1,0,3,confirmed,,
"EX | 26 | CH | SEARCH | LEAD | Metallbaukonstrukteur",TUESDAY,10,2,1,0,1,insufficient,,
"EX | 26 | CH | SEARCH | LEAD | Metallbaukonstrukteur",WEDNESDAY,10,2,0,0,2,insufficient,,
"EX | 26 | CH | SEARCH | LEAD | Metallbaukonstrukteur",THURSDAY,10,1,1,0,0,insufficient,,
"EX | 26 | CH | SEARCH | LEAD | Metallbaukonstrukteur",FRIDAY,10,2,1,0,1,insufficient,,
"EX | 26 | CH | SEARCH | LEAD | Metallbaukonstrukteur",SATURDAY,10,2,0,0,2,insufficient,,
"EX | 26 | CH | SEARCH | LEAD | Metallbaukonstrukteur",SUNDAY,11,3,0,0,3,insufficient,,
"EX | 26 | CH | SEARCH | LEAD | Metallbaukonstrukteur",MONDAY,11,3,3,0,0,insufficient,,
"EX | 26 | CH | SEARCH | LEAD | Metallbaukonstrukteur",TUESDAY,11,1,0,0,1,insufficient,,
"EX | 26 | CH | SEARCH | LEAD | Metallbaukonstrukteur",WEDNESDAY,11,2,0,0,2,insufficient,,
"EX | 26 | CH | SEARCH | LEAD | Metallbaukonstrukteur",THURSDAY,11,1,0,0,1,insufficient,,
"EX | 26 | CH | SEARCH | LEAD | Metallbaukonstrukteur",FRIDAY,11,3,0,0,3,insufficient,,
"EX | 26 | CH | SEARCH | LEAD | Metallbaukonstrukteur",SATURDAY,11,3,0,0,3,insufficient,,
"EX | 26 | CH | SEARCH | LEAD | Metallbaukonstrukteur",SUNDAY,12,4,0,0,4,confirmed,,
"EX | 26 | CH | SEARCH | LEAD | Metallbaukonstrukteur",MONDAY,12,2,0,0,2,insufficient,,
"EX | 26 | CH | SEARCH | LEAD | Metallbaukonstrukteur",TUESDAY,12,2,1,0,1,insufficient,,
"EX | 26 | CH | SEARCH | LEAD | Metallbaukonstrukteur",WEDNESDAY,12,3,2,0,1,insufficient,,
"EX | 26 | CH | SEARCH | LEAD | Metallbaukonstrukteur",THURSDAY,12,2,0,0,2,insufficient,,
"EX | 26 | CH | SEARCH | LEAD | Metallbaukonstrukteur",FRIDAY,12,2,0,0,2,insufficient,,
"EX | 26 | CH | SEARCH | LEAD | Metallbaukonstrukteur",SATURDAY,12,4,0,0,4,confirmed,,
"EX | 26 | CH | SEARCH | LEAD | Metallbaukonstrukteur",SUNDAY,13,5,0,0,5,confirmed,,
"EX | 26 | CH | SEARCH | LEAD | Metallbaukonstrukteur",MONDAY,13,2,1,0,1,insufficient,,
"EX | 26 | CH | SEARCH | LEAD | Metallbaukonstrukteur",TUESDAY,13,3,1,0,2,insufficient,,
"EX | 26 | CH | SEARCH | LEAD | Metallbaukonstrukteur",WEDNESDAY,13,2,1,0,1,insufficient,,
"EX | 26 | CH | SEARCH | LEAD | Metallbaukonstrukteur",FRIDAY,13,3,0,0,3,insufficient,,
"EX | 26 | CH | SEARCH | LEAD | Metallbaukonstrukteur",SATURDAY,13,3,0,0,3,insufficient,,
"EX | 26 | CH | SEARCH | LEAD | Metallbaukonstrukteur",SUNDAY,14,5,2,0,3,unconfirmed,,
"EX | 26 | CH | SEARCH | LEAD | Metallbaukonstrukteur",MONDAY,14,3,1,0,2,insufficient,,
"EX | 26 | CH | SEARCH | LEAD | Metallbaukonstrukteur",TUESDAY,14,1,1,0,0,insufficient,,
"EX | 26 | CH | SEARCH | LEAD | Metallbaukonstrukteur",WEDNESDAY,14,1,0,0,1,insufficient,,
"EX | 26 | CH | SEARCH | LEAD | Metallbaukonstrukteur",FRIDAY,14,2,0,0,2,insufficient,,
"EX | 26 | CH | SEARCH | LEAD | Metallbaukonstrukteur",SATURDAY,14,2,0,0,2,insufficient,,
"EX | 26 | CH | SEARCH | LEAD | Metallbaukonstrukteur",SUNDAY,15,3,1,0,2,insufficient,,
"EX | 26 | CH | SEARCH | LEAD | Metallbaukonstrukteur",MONDAY,15,3,1,0,2,insufficient,,
"EX | 26 | CH | SEARCH | LEAD | Metallbaukonstrukteur",TUESDAY,15,1,1,0,0,insufficient,,
"EX | 26 | CH | SEARCH | LEAD | Metallbaukonstrukteur",WEDNESDAY,15,2,1,0,1,insufficient,,
"EX | 26 | CH | SEARCH | LEAD | Metallbaukonstrukteur",THURSDAY,15,1,0,0,1,insufficient,,
"EX | 26 | CH | SEARCH | LEAD | Metallbaukonstrukteur",FRIDAY,15,3,0,0,3,insufficient,,
"EX | 26 | CH | SEARCH | LEAD | Metallbaukonstrukteur",SATURDAY,15,4,1,0,3,confirmed,,
"EX | 26 | CH | SEARCH | LEAD | Metallbaukonstrukteur",SUNDAY,16,4,1,0,3,confirmed,,
"EX | 26 | CH | SEARCH | LEAD | Metallbaukonstrukteur",MONDAY,16,3,0,0,3,insufficient,,
"EX | 26 | CH | SEARCH | LEAD | Metallbaukonstrukteur",TUESDAY,16,2,0,0,2,insufficient,,
"EX | 26 | CH | SEARCH | LEAD | Metallbaukonstrukteur",WEDNESDAY,16,3,1,0,2,insufficient,,
"EX | 26 | CH | SEARCH | LEAD | Metallbaukonstrukteur",THURSDAY,16,1,0,0,1,insufficient,,
"EX | 26 | CH | SEARCH | LEAD | Metallbaukonstrukteur",FRIDAY,16,3,1,0,2,insufficient,,
"EX | 26 | CH | SEARCH | LEAD | Metallbaukonstrukteur",SATURDAY,16,3,1,0,2,insufficient,,
"EX | 26 | CH | SEARCH | LEAD | Metallbaukonstrukteur",SUNDAY,17,3,1,0,2,insufficient,,
"EX | 26 | CH | SEARCH | LEAD | Metallbaukonstrukteur",MONDAY,17,3,1,0,2,insufficient,,
"EX | 26 | CH | SEARCH | LEAD | Metallbaukonstrukteur",TUESDAY,17,2,2,0,0,insufficient,,
"EX | 26 | CH | SEARCH | LEAD | Metallbaukonstrukteur",WEDNESDAY,17,2,0,0,2,insufficient,,
"EX | 26 | CH | SEARCH | LEAD | Metallbaukonstrukteur",THURSDAY,17,2,0,0,2,insufficient,,
"EX | 26 | CH | SEARCH | LEAD | Metallbaukonstrukteur",FRIDAY,17,1,0,0,1,insufficient,,
"EX | 26 | CH | SEARCH | LEAD | Metallbaukonstrukteur",SATURDAY,17,2,0,0,2,insufficient,,
"EX | 26 | CH | SEARCH | LEAD | Metallbaukonstrukteur",SUNDAY,18,2,1,0,1,insufficient,,
"EX | 26 | CH | SEARCH | LEAD | Metallbaukonstrukteur",MONDAY,18,2,1,0,1,insufficient,,
"EX | 26 | CH | SEARCH | LEAD | Metallbaukonstrukteur",TUESDAY,18,1,0,0,1,insufficient,,
"EX | 26 | CH | SEARCH | LEAD | Metallbaukonstrukteur",WEDNESDAY,18,2,0,0,2,insufficient,,
"EX | 26 | CH | SEARCH | LEAD | Metallbaukonstrukteur",THURSDAY,18,1,0,0,1,insufficient,,
"EX | 26 | CH | SEARCH | LEAD | Metallbaukonstrukteur",FRIDAY,18,1,0,0,1,insufficient,,
"EX | 26 | CH | SEARCH | LEAD | Metallbaukonstrukteur",SATURDAY,18,3,1,0,2,insufficient,,
"EX | 26 | CH | SEARCH | LEAD | Metallbaukonstrukteur",SUNDAY,19,4,0,1,3,confirmed,3.72,-92.1
"EX | 26 | CH | SEARCH | LEAD | Metallbaukonstrukteur",MONDAY,19,1,1,0,0,insufficient,,
"EX | 26 | CH | SEARCH | LEAD | Metallbaukonstrukteur",TUESDAY,19,1,0,0,1,insufficient,,
"EX | 26 | CH | SEARCH | LEAD | Metallbaukonstrukteur",WEDNESDAY,19,2,0,0,2,insufficient,,
"EX | 26 | CH | SEARCH | LEAD | Metallbaukonstrukteur",THURSDAY,19,1,1,0,0,insufficient,,
"EX | 26 | CH | SEARCH | LEAD | Metallbaukonstrukteur",SATURDAY,19,2,1,0,1,insufficient,,
"EX | 26 | CH | SEARCH | LEAD | Metallbaukonstrukteur",SUNDAY,20,4,3,0,1,confirmed,,
"EX | 26 | CH | SEARCH | LEAD | Metallbaukonstrukteur",TUESDAY,20,1,1,0,0,insufficient,,
"EX | 26 | CH | SEARCH | LEAD | Metallbaukonstrukteur",WEDNESDAY,20,2,0,0,2,insufficient,,
"EX | 26 | CH | SEARCH | LEAD | Metallbaukonstrukteur",THURSDAY,20,2,0,0,2,insufficient,,
"EX | 26 | CH | SEARCH | LEAD | Metallbaukonstrukteur",SATURDAY,20,2,0,0,2,insufficient,,
"EX | 26 | CH | SEARCH | LEAD | Metallbaukonstrukteur",WEDNESDAY,21,2,0,0,2,insufficient,,
"EX | 26 | CH | SEARCH | LEAD | Metallbaukonstrukteur",FRIDAY,21,3,1,0,2,insufficient,,
"EX | 26 | CH | SEARCH | LEAD | Metallbaukonstrukteur",SATURDAY,21,3,1,1,1,insufficient,4.18,-91.1
"EX | 26 | CH | SEARCH | LEAD | Metallbaukonstrukteur",SUNDAY,22,2,0,0,2,insufficient,,
"EX | 26 | CH | SEARCH | LEAD | Metallbaukonstrukteur",WEDNESDAY,22,2,0,0,2,insufficient,,
"EX | 26 | CH | SEARCH | LEAD | Metallbaukonstrukteur",SATURDAY,22,1,0,0,1,insufficient,,
"EX | 26 | CH | SEARCH | LEAD | Metallbaukonstrukteur",SUNDAY,23,1,0,0,1,insufficient,,
"EX | 26 | CH | SEARCH | LEAD | Metallbaukonstrukteur",WEDNESDAY,23,2,1,0,1,insufficient,,
"EX | 26 | CH | SEARCH | LEAD | Metallbaukonstrukteur",THURSDAY,23,1,0,0,1,insufficient,,
"EX | 26 | CH | SEARCH | LEAD | Metallbaukonstrukteur",FRIDAY,23,1,0,0,1,insufficient,,
"EX | 26 | CH | SEARCH | LEAD | Metallbaukonstrukteur",SATURDAY,23,2,1,0,1,insufficient,,
"EX | 26 | CH | SEARCH | LEAD | Strassenbauer",SUNDAY,0,2,0,0,2,insufficient,,
"EX | 26 | CH | SEARCH | LEAD | Strassenbauer",MONDAY,0,3,0,0,3,insufficient,,
"EX | 26 | CH | SEARCH | LEAD | Strassenbauer",TUESDAY,0,3,0,0,3,insufficient,,
"EX | 26 | CH | SEARCH | LEAD | Strassenbauer",WEDNESDAY,0,2,0,0,2,insufficient,,
"EX | 26 | CH | SEARCH | LEAD | Strassenbauer",THURSDAY,0,2,0,0,2,insufficient,,
"EX | 26 | CH | SEARCH | LEAD | Strassenbauer",FRIDAY,0,1,0,1,0,insufficient,1.18,-98.4
"EX | 26 | CH | SEARCH | LEAD | Strassenbauer",SATURDAY,0,2,1,0,1,insufficient,,
"EX | 26 | CH | SEARCH | LEAD | Strassenbauer",MONDAY,1,3,1,0,2,insufficient,,
"EX | 26 | CH | SEARCH | LEAD | Strassenbauer",TUESDAY,1,3,0,0,3,insufficient,,
"EX | 26 | CH | SEARCH | LEAD | Strassenbauer",WEDNESDAY,1,2,0,0,2,insufficient,,
"EX | 26 | CH | SEARCH | LEAD | Strassenbauer",THURSDAY,1,3,0,0,3,insufficient,,
"EX | 26 | CH | SEARCH | LEAD | Strassenbauer",FRIDAY,1,2,0,0,2,insufficient,,
"EX | 26 | CH | SEARCH | LEAD | Strassenbauer",SATURDAY,1,1,0,0,1,insufficient,,
"EX | 26 | CH | SEARCH | LEAD | Strassenbauer",SUNDAY,2,1,0,0,1,insufficient,,
"EX | 26 | CH | SEARCH | LEAD | Strassenbauer",MONDAY,2,3,0,0,3,insufficient,,
"EX | 26 | CH | SEARCH | LEAD | Strassenbauer",TUESDAY,2,3,0,0,3,insufficient,,
"EX | 26 | CH | SEARCH | LEAD | Strassenbauer",WEDNESDAY,2,2,0,0,2,insufficient,,
"EX | 26 | CH | SEARCH | LEAD | Strassenbauer",THURSDAY,2,2,0,0,2,insufficient,,
"EX | 26 | CH | SEARCH | LEAD | Strassenbauer",FRIDAY,2,1,0,0,1,insufficient,,
"EX | 26 | CH | SEARCH | LEAD | Strassenbauer",SATURDAY,2,1,0,0,1,insufficient,,
"EX | 26 | CH | SEARCH | LEAD | Strassenbauer",SUNDAY,3,2,0,0,2,insufficient,,
"EX | 26 | CH | SEARCH | LEAD | Strassenbauer",MONDAY,3,1,0,0,1,insufficient,,
"EX | 26 | CH | SEARCH | LEAD | Strassenbauer",TUESDAY,3,3,0,0,3,insufficient,,
"EX | 26 | CH | SEARCH | LEAD | Strassenbauer",WEDNESDAY,3,2,1,0,1,insufficient,,
"EX | 26 | CH | SEARCH | LEAD | Strassenbauer",THURSDAY,3,3,0,0,3,insufficient,,
"EX | 26 | CH | SEARCH | LEAD | Strassenbauer",SATURDAY,3,1,1,0,0,insufficient,,
"EX | 26 | CH | SEARCH | LEAD | Strassenbauer",SUNDAY,4,1,1,0,0,insufficient,,
"EX | 26 | CH | SEARCH | LEAD | Strassenbauer",MONDAY,4,2,2,0,0,insufficient,,
"EX | 26 | CH | SEARCH | LEAD | Strassenbauer",TUESDAY,4,2,0,0,2,insufficient,,
"EX | 26 | CH | SEARCH | LEAD | Strassenbauer",THURSDAY,4,1,0,0,1,insufficient,,
"EX | 26 | CH | SEARCH | LEAD | Strassenbauer",MONDAY,5,3,0,0,3,insufficient,,
"EX | 26 | CH | SEARCH | LEAD | Strassenbauer",TUESDAY,5,2,1,0,1,insufficient,,
"EX | 26 | CH | SEARCH | LEAD | Strassenbauer",WEDNESDAY,5,3,0,0,3,insufficient,,
"EX | 26 | CH | SEARCH | LEAD | Strassenbauer",THURSDAY,5,3,0,0,3,insufficient,,
"EX | 26 | CH | SEARCH | LEAD | Strassenbauer",FRIDAY,5,1,0,0,1,insufficient,,
"EX | 26 | CH | SEARCH | LEAD | Strassenbauer",SUNDAY,6,3,2,0,1,insufficient,,
"EX | 26 | CH | SEARCH | LEAD | Strassenbauer",MONDAY,6,3,1,0,2,insufficient,,
"EX | 26 | CH | SEARCH | LEAD | Strassenbauer",TUESDAY,6,3,2,0,1,insufficient,,
"EX | 26 | CH | SEARCH | LEAD | Strassenbauer",WEDNESDAY,6,3,0,0,3,insufficient,,
"EX | 26 | CH | SEARCH | LEAD | Strassenbauer",THURSDAY,6,2,0,0,2,insufficient,,
"EX | 26 | CH | SEARCH | LEAD | Strassenbauer",FRIDAY,6,2,0,0,2,insufficient,,
"EX | 26 | CH | SEARCH | LEAD | Strassenbauer",SATURDAY,6,1,1,0,0,insufficient,,
"EX | 26 | CH | SEARCH | LEAD | Strassenbauer",SUNDAY,7,2,0,0,2,insufficient,,
"EX | 26 | CH | SEARCH | LEAD | Strassenbauer",MONDAY,7,3,0,0,3,insufficient,,
"EX | 26 | CH | SEARCH | LEAD | Strassenbauer",TUESDAY,7,4,2,0,2,unconfirmed,,
"EX | 26 | CH | SEARCH | LEAD | Strassenbauer",WEDNESDAY,7,3,1,0,2,insufficient,,
"EX | 26 | CH | SEARCH | LEAD | Strassenbauer",THURSDAY,7,3,2,0,1,insufficient,,
"EX | 26 | CH | SEARCH | LEAD | Strassenbauer",FRIDAY,7,2,0,0,2,insufficient,,
"EX | 26 | CH | SEARCH | LEAD | Strassenbauer",SATURDAY,7,2,0,0,2,insufficient,,
"EX | 26 | CH | SEARCH | LEAD | Strassenbauer",SUNDAY,8,2,1,0,1,insufficient,,
"EX | 26 | CH | SEARCH | LEAD | Strassenbauer",MONDAY,8,5,4,0,1,confirmed,,
"EX | 26 | CH | SEARCH | LEAD | Strassenbauer",TUESDAY,8,4,3,0,1,confirmed,,
"EX | 26 | CH | SEARCH | LEAD | Strassenbauer",WEDNESDAY,8,3,2,0,1,insufficient,,
"EX | 26 | CH | SEARCH | LEAD | Strassenbauer",THURSDAY,8,4,2,0,2,unconfirmed,,
"EX | 26 | CH | SEARCH | LEAD | Strassenbauer",FRIDAY,8,3,2,0,1,insufficient,,
"EX | 26 | CH | SEARCH | LEAD | Strassenbauer",SATURDAY,8,1,1,0,0,insufficient,,
"EX | 26 | CH | SEARCH | LEAD | Strassenbauer",SUNDAY,9,3,1,0,2,insufficient,,
"EX | 26 | CH | SEARCH | LEAD | Strassenbauer",MONDAY,9,5,4,0,1,confirmed,,
"EX | 26 | CH | SEARCH | LEAD | Strassenbauer",TUESDAY,9,3,1,0,2,insufficient,,
"EX | 26 | CH | SEARCH | LEAD | Strassenbauer",WEDNESDAY,9,4,0,0,4,confirmed,,
"EX | 26 | CH | SEARCH | LEAD | Strassenbauer",THURSDAY,9,4,1,1,2,unconfirmed,3.14,-95.6
"EX | 26 | CH | SEARCH | LEAD | Strassenbauer",FRIDAY,9,3,0,0,3,insufficient,,
"EX | 26 | CH | SEARCH | LEAD | Strassenbauer",SATURDAY,9,2,1,0,1,insufficient,,
"EX | 26 | CH | SEARCH | LEAD | Strassenbauer",SUNDAY,10,3,0,0,3,insufficient,,
"EX | 26 | CH | SEARCH | LEAD | Strassenbauer",MONDAY,10,5,3,0,2,unconfirmed,,
"EX | 26 | CH | SEARCH | LEAD | Strassenbauer",TUESDAY,10,3,3,0,0,insufficient,,
"EX | 26 | CH | SEARCH | LEAD | Strassenbauer",WEDNESDAY,10,4,3,0,1,confirmed,,
"EX | 26 | CH | SEARCH | LEAD | Strassenbauer",THURSDAY,10,4,2,0,2,unconfirmed,,
"EX | 26 | CH | SEARCH | LEAD | Strassenbauer",FRIDAY,10,3,0,0,3,insufficient,,
"EX | 26 | CH | SEARCH | LEAD | Strassenbauer",SATURDAY,10,1,0,0,1,insufficient,,
"EX | 26 | CH | SEARCH | LEAD | Strassenbauer",SUNDAY,11,4,2,0,2,unconfirmed,,
"EX | 26 | CH | SEARCH | LEAD | Strassenbauer",MONDAY,11,4,4,0,0,confirmed,,
"EX | 26 | CH | SEARCH | LEAD | Strassenbauer",TUESDAY,11,4,3,0,1,confirmed,,
"EX | 26 | CH | SEARCH | LEAD | Strassenbauer",WEDNESDAY,11,2,1,0,1,insufficient,,
"EX | 26 | CH | SEARCH | LEAD | Strassenbauer",THURSDAY,11,4,1,0,3,confirmed,,
"EX | 26 | CH | SEARCH | LEAD | Strassenbauer",FRIDAY,11,4,1,0,3,confirmed,,
"EX | 26 | CH | SEARCH | LEAD | Strassenbauer",SATURDAY,11,4,3,0,1,confirmed,,
"EX | 26 | CH | SEARCH | LEAD | Strassenbauer",SUNDAY,12,4,2,0,2,unconfirmed,,
"EX | 26 | CH | SEARCH | LEAD | Strassenbauer",MONDAY,12,5,3,0,2,unconfirmed,,
"EX | 26 | CH | SEARCH | LEAD | Strassenbauer",TUESDAY,12,2,2,0,0,insufficient,,
"EX | 26 | CH | SEARCH | LEAD | Strassenbauer",WEDNESDAY,12,4,2,0,2,unconfirmed,,
"EX | 26 | CH | SEARCH | LEAD | Strassenbauer",THURSDAY,12,3,1,0,2,insufficient,,
"EX | 26 | CH | SEARCH | LEAD | Strassenbauer",FRIDAY,12,4,0,0,4,confirmed,,
"EX | 26 | CH | SEARCH | LEAD | Strassenbauer",SATURDAY,12,2,1,0,1,insufficient,,
"EX | 26 | CH | SEARCH | LEAD | Strassenbauer",SUNDAY,13,2,1,0,1,insufficient,,
"EX | 26 | CH | SEARCH | LEAD | Strassenbauer",MONDAY,13,5,3,0,1,unconfirmed,249.57,249.9
"EX | 26 | CH | SEARCH | LEAD | Strassenbauer",TUESDAY,13,2,2,0,0,insufficient,,
"EX | 26 | CH | SEARCH | LEAD | Strassenbauer",WEDNESDAY,13,3,0,0,3,insufficient,,
"EX | 26 | CH | SEARCH | LEAD | Strassenbauer",THURSDAY,13,3,1,1,1,insufficient,5.83,-91.8
"EX | 26 | CH | SEARCH | LEAD | Strassenbauer",FRIDAY,13,4,1,0,3,confirmed,,
"EX | 26 | CH | SEARCH | LEAD | Strassenbauer",SATURDAY,13,3,1,0,2,insufficient,,
"EX | 26 | CH | SEARCH | LEAD | Strassenbauer",SUNDAY,14,3,1,0,2,insufficient,,
"EX | 26 | CH | SEARCH | LEAD | Strassenbauer",MONDAY,14,5,5,0,0,confirmed,,
"EX | 26 | CH | SEARCH | LEAD | Strassenbauer",TUESDAY,14,3,2,0,1,insufficient,,
"EX | 26 | CH | SEARCH | LEAD | Strassenbauer",WEDNESDAY,14,3,1,0,2,insufficient,,
"EX | 26 | CH | SEARCH | LEAD | Strassenbauer",THURSDAY,14,4,3,0,1,confirmed,,
"EX | 26 | CH | SEARCH | LEAD | Strassenbauer",FRIDAY,14,2,0,0,2,insufficient,,
"EX | 26 | CH | SEARCH | LEAD | Strassenbauer",SATURDAY,14,2,0,1,1,insufficient,4.93,-93.1
"EX | 26 | CH | SEARCH | LEAD | Strassenbauer",SUNDAY,15,3,0,0,3,insufficient,,
"EX | 26 | CH | SEARCH | LEAD | Strassenbauer",MONDAY,15,4,3,0,1,confirmed,,
"EX | 26 | CH | SEARCH | LEAD | Strassenbauer",TUESDAY,15,2,2,0,0,insufficient,,
"EX | 26 | CH | SEARCH | LEAD | Strassenbauer",WEDNESDAY,15,3,2,0,1,insufficient,,
"EX | 26 | CH | SEARCH | LEAD | Strassenbauer",THURSDAY,15,2,2,0,0,insufficient,,
"EX | 26 | CH | SEARCH | LEAD | Strassenbauer",FRIDAY,15,3,2,0,1,insufficient,,
"EX | 26 | CH | SEARCH | LEAD | Strassenbauer",SATURDAY,15,2,1,0,1,insufficient,,
"EX | 26 | CH | SEARCH | LEAD | Strassenbauer",SUNDAY,16,3,1,0,2,insufficient,,
"EX | 26 | CH | SEARCH | LEAD | Strassenbauer",MONDAY,16,1,0,0,1,insufficient,,
"EX | 26 | CH | SEARCH | LEAD | Strassenbauer",TUESDAY,16,1,1,0,0,insufficient,,
"EX | 26 | CH | SEARCH | LEAD | Strassenbauer",WEDNESDAY,16,3,1,0,2,insufficient,,
"EX | 26 | CH | SEARCH | LEAD | Strassenbauer",THURSDAY,16,3,1,0,2,insufficient,,
"EX | 26 | CH | SEARCH | LEAD | Strassenbauer",FRIDAY,16,4,2,0,2,unconfirmed,,
"EX | 26 | CH | SEARCH | LEAD | Strassenbauer",SATURDAY,16,2,1,0,1,insufficient,,
"EX | 26 | CH | SEARCH | LEAD | Strassenbauer",SUNDAY,17,3,1,0,2,insufficient,,
"EX | 26 | CH | SEARCH | LEAD | Strassenbauer",MONDAY,17,1,1,0,0,insufficient,,
"EX | 26 | CH | SEARCH | LEAD | Strassenbauer",TUESDAY,17,1,0,0,1,insufficient,,
"EX | 26 | CH | SEARCH | LEAD | Strassenbauer",WEDNESDAY,17,3,3,0,0,insufficient,,
"EX | 26 | CH | SEARCH | LEAD | Strassenbauer",THURSDAY,17,2,1,0,1,insufficient,,
"EX | 26 | CH | SEARCH | LEAD | Strassenbauer",FRIDAY,17,3,0,0,3,insufficient,,
"EX | 26 | CH | SEARCH | LEAD | Strassenbauer",SATURDAY,17,2,0,0,2,insufficient,,
"EX | 26 | CH | SEARCH | LEAD | Strassenbauer",SUNDAY,18,3,1,0,2,insufficient,,
"EX | 26 | CH | SEARCH | LEAD | Strassenbauer",MONDAY,18,1,1,0,0,insufficient,,
"EX | 26 | CH | SEARCH | LEAD | Strassenbauer",TUESDAY,18,1,1,0,0,insufficient,,
"EX | 26 | CH | SEARCH | LEAD | Strassenbauer",WEDNESDAY,18,1,1,0,0,insufficient,,
"EX | 26 | CH | SEARCH | LEAD | Strassenbauer",THURSDAY,18,2,1,0,1,insufficient,,
"EX | 26 | CH | SEARCH | LEAD | Strassenbauer",FRIDAY,18,3,0,0,3,insufficient,,
"EX | 26 | CH | SEARCH | LEAD | Strassenbauer",SATURDAY,18,2,1,1,0,insufficient,5.59,-92.2
"EX | 26 | CH | SEARCH | LEAD | Strassenbauer",SUNDAY,19,3,1,0,2,insufficient,,
"EX | 26 | CH | SEARCH | LEAD | Strassenbauer",MONDAY,19,1,0,0,1,insufficient,,
"EX | 26 | CH | SEARCH | LEAD | Strassenbauer",TUESDAY,19,1,1,0,0,insufficient,,
"EX | 26 | CH | SEARCH | LEAD | Strassenbauer",FRIDAY,19,2,1,0,1,insufficient,,
"EX | 26 | CH | SEARCH | LEAD | Strassenbauer",SATURDAY,19,4,1,0,3,confirmed,,
"EX | 26 | CH | SEARCH | LEAD | Strassenbauer",SUNDAY,20,3,1,0,2,insufficient,,
"EX | 26 | CH | SEARCH | LEAD | Strassenbauer",MONDAY,20,1,0,0,1,insufficient,,
"EX | 26 | CH | SEARCH | LEAD | Strassenbauer",FRIDAY,20,3,2,0,1,insufficient,,
"EX | 26 | CH | SEARCH | LEAD | Strassenbauer",SATURDAY,20,2,1,0,1,insufficient,,
"EX | 26 | CH | SEARCH | LEAD | Strassenbauer",SUNDAY,21,3,1,0,2,insufficient,,
"EX | 26 | CH | SEARCH | LEAD | Strassenbauer",MONDAY,21,1,1,0,0,insufficient,,
"EX | 26 | CH | SEARCH | LEAD | Strassenbauer",THURSDAY,21,1,0,0,1,insufficient,,
"EX | 26 | CH | SEARCH | LEAD | Strassenbauer",FRIDAY,21,2,2,0,0,insufficient,,
"EX | 26 | CH | SEARCH | LEAD | Strassenbauer",SATURDAY,21,2,0,0,2,insufficient,,
"EX | 26 | CH | SEARCH | LEAD | Strassenbauer",SUNDAY,22,2,1,0,1,insufficient,,
"EX | 26 | CH | SEARCH | LEAD | Strassenbauer",THURSDAY,22,1,0,0,1,insufficient,,
"EX | 26 | CH | SEARCH | LEAD | Strassenbauer",FRIDAY,22,1,0,0,1,insufficient,,
"EX | 26 | CH | SEARCH | LEAD | Strassenbauer",SATURDAY,22,2,1,0,1,insufficient,,
"EX | 26 | CH | SEARCH | LEAD | Strassenbauer",SUNDAY,23,3,1,0,2,insufficient,,
"EX | 26 | CH | SEARCH | LEAD | Strassenbauer",SATURDAY,23,2,0,0,2,insufficient,,
"EX | 26 | CH | SEARCH | LEAD | Abdichter",SUNDAY,0,1,0,0,1,insufficient,,
"EX | 26 | CH | SEARCH | LEAD | Abdichter",TUESDAY,0,1,0,0,1,insufficient,,
"EX | 26 | CH | SEARCH | LEAD | Abdichter",WEDNESDAY,0,1,0,0,1,insufficient,,
"EX | 26 | CH | SEARCH | LEAD | Abdichter",THURSDAY,0,1,1,0,0,insufficient,,
"EX | 26 | CH | SEARCH | LEAD | Abdichter",SUNDAY,1,1,1,0,0,insufficient,,
"EX | 26 | CH | SEARCH | LEAD | Abdichter",MONDAY,1,1,0,0,1,insufficient,,
"EX | 26 | CH | SEARCH | LEAD | Abdichter",TUESDAY,1,1,1,0,0,insufficient,,
"EX | 26 | CH | SEARCH | LEAD | Abdichter",WEDNESDAY,1,1,1,0,0,insufficient,,
"EX | 26 | CH | SEARCH | LEAD | Abdichter",SUNDAY,2,1,0,0,1,insufficient,,
"EX | 26 | CH | SEARCH | LEAD | Abdichter",MONDAY,3,1,0,0,1,insufficient,,
"EX | 26 | CH | SEARCH | LEAD | Abdichter",FRIDAY,3,1,1,0,0,insufficient,,
"EX | 26 | CH | SEARCH | LEAD | Abdichter",SUNDAY,4,1,0,0,1,insufficient,,
"EX | 26 | CH | SEARCH | LEAD | Abdichter",MONDAY,4,1,0,0,1,insufficient,,
"EX | 26 | CH | SEARCH | LEAD | Abdichter",TUESDAY,4,1,0,0,1,insufficient,,
"EX | 26 | CH | SEARCH | LEAD | Abdichter",SATURDAY,4,1,0,0,1,insufficient,,
"EX | 26 | CH | SEARCH | LEAD | Abdichter",SUNDAY,5,1,0,0,1,insufficient,,
"EX | 26 | CH | SEARCH | LEAD | Abdichter",MONDAY,5,1,0,0,1,insufficient,,
"EX | 26 | CH | SEARCH | LEAD | Abdichter",WEDNESDAY,5,1,0,0,1,insufficient,,
"EX | 26 | CH | SEARCH | LEAD | Abdichter",THURSDAY,5,1,0,0,1,insufficient,,
"EX | 26 | CH | SEARCH | LEAD | Abdichter",SATURDAY,5,1,0,0,1,insufficient,,
"EX | 26 | CH | SEARCH | LEAD | Abdichter",MONDAY,6,1,0,0,1,insufficient,,
"EX | 26 | CH | SEARCH | LEAD | Abdichter",TUESDAY,6,1,0,0,1,insufficient,,
"EX | 26 | CH | SEARCH | LEAD | Abdichter",WEDNESDAY,6,3,0,0,3,insufficient,,
"EX | 26 | CH | SEARCH | LEAD | Abdichter",THURSDAY,6,1,0,0,1,insufficient,,
"EX | 26 | CH | SEARCH | LEAD | Abdichter",FRIDAY,6,1,0,0,1,insufficient,,
"EX | 26 | CH | SEARCH | LEAD | Abdichter",SATURDAY,6,3,0,0,3,insufficient,,
"EX | 26 | CH | SEARCH | LEAD | Abdichter",MONDAY,7,2,0,0,2,insufficient,,
"EX | 26 | CH | SEARCH | LEAD | Abdichter",TUESDAY,7,2,1,0,1,insufficient,,
"EX | 26 | CH | SEARCH | LEAD | Abdichter",WEDNESDAY,7,2,0,0,2,insufficient,,
"EX | 26 | CH | SEARCH | LEAD | Abdichter",THURSDAY,7,1,1,0,0,insufficient,,
"EX | 26 | CH | SEARCH | LEAD | Abdichter",SATURDAY,7,1,0,0,1,insufficient,,
"EX | 26 | CH | SEARCH | LEAD | Abdichter",SUNDAY,8,1,1,0,0,insufficient,,
"EX | 26 | CH | SEARCH | LEAD | Abdichter",MONDAY,8,3,1,0,2,insufficient,,
"EX | 26 | CH | SEARCH | LEAD | Abdichter",TUESDAY,8,2,1,0,1,insufficient,,
"EX | 26 | CH | SEARCH | LEAD | Abdichter",WEDNESDAY,8,3,0,0,3,insufficient,,
"EX | 26 | CH | SEARCH | LEAD | Abdichter",THURSDAY,8,2,1,0,1,insufficient,,
"EX | 26 | CH | SEARCH | LEAD | Abdichter",FRIDAY,8,2,0,0,2,insufficient,,
"EX | 26 | CH | SEARCH | LEAD | Abdichter",SATURDAY,8,3,3,0,0,insufficient,,
"EX | 26 | CH | SEARCH | LEAD | Abdichter",SUNDAY,9,3,1,0,2,insufficient,,
"EX | 26 | CH | SEARCH | LEAD | Abdichter",MONDAY,9,5,3,0,2,unconfirmed,,
"EX | 26 | CH | SEARCH | LEAD | Abdichter",TUESDAY,9,3,0,0,3,insufficient,,
"EX | 26 | CH | SEARCH | LEAD | Abdichter",WEDNESDAY,9,4,3,0,1,confirmed,,
"EX | 26 | CH | SEARCH | LEAD | Abdichter",THURSDAY,9,4,1,0,3,confirmed,,
"EX | 26 | CH | SEARCH | LEAD | Abdichter",FRIDAY,9,3,1,0,2,insufficient,,
"EX | 26 | CH | SEARCH | LEAD | Abdichter",SATURDAY,9,1,0,0,1,insufficient,,
"EX | 26 | CH | SEARCH | LEAD | Abdichter",SUNDAY,10,2,0,0,2,insufficient,,
"EX | 26 | CH | SEARCH | LEAD | Abdichter",MONDAY,10,4,3,0,1,confirmed,,
"EX | 26 | CH | SEARCH | LEAD | Abdichter",TUESDAY,10,4,3,0,1,confirmed,,
"EX | 26 | CH | SEARCH | LEAD | Abdichter",WEDNESDAY,10,2,0,0,2,insufficient,,
"EX | 26 | CH | SEARCH | LEAD | Abdichter",THURSDAY,10,2,1,0,1,insufficient,,
"EX | 26 | CH | SEARCH | LEAD | Abdichter",FRIDAY,10,3,0,0,3,insufficient,,
"EX | 26 | CH | SEARCH | LEAD | Abdichter",SATURDAY,10,2,0,0,2,insufficient,,
"EX | 26 | CH | SEARCH | LEAD | Abdichter",SUNDAY,11,2,0,0,2,insufficient,,
"EX | 26 | CH | SEARCH | LEAD | Abdichter",MONDAY,11,4,3,0,1,confirmed,,
"EX | 26 | CH | SEARCH | LEAD | Abdichter",TUESDAY,11,4,2,0,2,unconfirmed,,
"EX | 26 | CH | SEARCH | LEAD | Abdichter",WEDNESDAY,11,2,0,0,2,insufficient,,
"EX | 26 | CH | SEARCH | LEAD | Abdichter",THURSDAY,11,3,1,0,2,insufficient,,
"EX | 26 | CH | SEARCH | LEAD | Abdichter",FRIDAY,11,3,0,0,3,insufficient,,
"EX | 26 | CH | SEARCH | LEAD | Abdichter",SATURDAY,11,2,2,0,0,insufficient,,
"EX | 26 | CH | SEARCH | LEAD | Abdichter",SUNDAY,12,3,0,0,3,insufficient,,
"EX | 26 | CH | SEARCH | LEAD | Abdichter",MONDAY,12,3,2,0,1,insufficient,,
"EX | 26 | CH | SEARCH | LEAD | Abdichter",TUESDAY,12,3,1,0,2,insufficient,,
"EX | 26 | CH | SEARCH | LEAD | Abdichter",WEDNESDAY,12,3,1,0,2,insufficient,,
"EX | 26 | CH | SEARCH | LEAD | Abdichter",THURSDAY,12,2,1,0,1,insufficient,,
"EX | 26 | CH | SEARCH | LEAD | Abdichter",FRIDAY,12,4,1,0,3,confirmed,,
"EX | 26 | CH | SEARCH | LEAD | Abdichter",SATURDAY,12,1,0,0,1,insufficient,,
"EX | 26 | CH | SEARCH | LEAD | Abdichter",SUNDAY,13,3,2,0,1,insufficient,,
"EX | 26 | CH | SEARCH | LEAD | Abdichter",MONDAY,13,3,1,0,2,insufficient,,
"EX | 26 | CH | SEARCH | LEAD | Abdichter",TUESDAY,13,3,1,0,2,insufficient,,
"EX | 26 | CH | SEARCH | LEAD | Abdichter",WEDNESDAY,13,3,1,0,2,insufficient,,
"EX | 26 | CH | SEARCH | LEAD | Abdichter",THURSDAY,13,2,1,0,1,insufficient,,
"EX | 26 | CH | SEARCH | LEAD | Abdichter",FRIDAY,13,2,1,0,1,insufficient,,
"EX | 26 | CH | SEARCH | LEAD | Abdichter",SATURDAY,13,1,0,0,1,insufficient,,
"EX | 26 | CH | SEARCH | LEAD | Abdichter",SUNDAY,14,4,1,0,3,confirmed,,
"EX | 26 | CH | SEARCH | LEAD | Abdichter",MONDAY,14,3,2,0,1,insufficient,,
"EX | 26 | CH | SEARCH | LEAD | Abdichter",TUESDAY,14,3,0,0,3,insufficient,,
"EX | 26 | CH | SEARCH | LEAD | Abdichter",WEDNESDAY,14,3,2,0,1,insufficient,,
"EX | 26 | CH | SEARCH | LEAD | Abdichter",THURSDAY,14,3,2,0,1,insufficient,,
"EX | 26 | CH | SEARCH | LEAD | Abdichter",SATURDAY,14,1,0,0,1,insufficient,,
"EX | 26 | CH | SEARCH | LEAD | Abdichter",SUNDAY,15,5,2,0,3,unconfirmed,,
"EX | 26 | CH | SEARCH | LEAD | Abdichter",MONDAY,15,2,0,0,2,insufficient,,
"EX | 26 | CH | SEARCH | LEAD | Abdichter",TUESDAY,15,4,3,0,1,confirmed,,
"EX | 26 | CH | SEARCH | LEAD | Abdichter",WEDNESDAY,15,2,1,0,1,insufficient,,
"EX | 26 | CH | SEARCH | LEAD | Abdichter",THURSDAY,15,2,1,0,1,insufficient,,
"EX | 26 | CH | SEARCH | LEAD | Abdichter",FRIDAY,15,3,0,0,3,insufficient,,
"EX | 26 | CH | SEARCH | LEAD | Abdichter",SATURDAY,15,1,1,0,0,insufficient,,
"EX | 26 | CH | SEARCH | LEAD | Abdichter",SUNDAY,16,4,1,0,3,confirmed,,
"EX | 26 | CH | SEARCH | LEAD | Abdichter",MONDAY,16,3,2,0,1,insufficient,,
"EX | 26 | CH | SEARCH | LEAD | Abdichter",TUESDAY,16,4,1,0,3,confirmed,,
"EX | 26 | CH | SEARCH | LEAD | Abdichter",WEDNESDAY,16,2,1,0,1,insufficient,,
"EX | 26 | CH | SEARCH | LEAD | Abdichter",THURSDAY,16,2,2,0,0,insufficient,,
"EX | 26 | CH | SEARCH | LEAD | Abdichter",FRIDAY,16,2,0,0,2,insufficient,,
"EX | 26 | CH | SEARCH | LEAD | Abdichter",SATURDAY,16,1,1,0,0,insufficient,,
"EX | 26 | CH | SEARCH | LEAD | Abdichter",SUNDAY,17,3,0,0,3,insufficient,,
"EX | 26 | CH | SEARCH | LEAD | Abdichter",MONDAY,17,1,0,0,1,insufficient,,
"EX | 26 | CH | SEARCH | LEAD | Abdichter",TUESDAY,17,3,0,0,3,insufficient,,
"EX | 26 | CH | SEARCH | LEAD | Abdichter",WEDNESDAY,17,2,0,0,2,insufficient,,
"EX | 26 | CH | SEARCH | LEAD | Abdichter",FRIDAY,17,2,0,0,2,insufficient,,
"EX | 26 | CH | SEARCH | LEAD | Abdichter",SATURDAY,17,2,0,0,2,insufficient,,
"EX | 26 | CH | SEARCH | LEAD | Abdichter",SUNDAY,18,3,2,0,1,insufficient,,
"EX | 26 | CH | SEARCH | LEAD | Abdichter",MONDAY,18,2,0,0,2,insufficient,,
"EX | 26 | CH | SEARCH | LEAD | Abdichter",TUESDAY,18,3,2,0,1,insufficient,,
"EX | 26 | CH | SEARCH | LEAD | Abdichter",WEDNESDAY,18,2,2,0,0,insufficient,,
"EX | 26 | CH | SEARCH | LEAD | Abdichter",THURSDAY,18,1,0,0,1,insufficient,,
"EX | 26 | CH | SEARCH | LEAD | Abdichter",SUNDAY,19,3,0,0,3,insufficient,,
"EX | 26 | CH | SEARCH | LEAD | Abdichter",MONDAY,19,2,2,0,0,insufficient,,
"EX | 26 | CH | SEARCH | LEAD | Abdichter",TUESDAY,19,2,0,0,2,insufficient,,
"EX | 26 | CH | SEARCH | LEAD | Abdichter",WEDNESDAY,19,1,1,0,0,insufficient,,
"EX | 26 | CH | SEARCH | LEAD | Abdichter",THURSDAY,19,1,0,0,1,insufficient,,
"EX | 26 | CH | SEARCH | LEAD | Abdichter",FRIDAY,19,1,1,0,0,insufficient,,
"EX | 26 | CH | SEARCH | LEAD | Abdichter",SATURDAY,19,1,0,0,1,insufficient,,
"EX | 26 | CH | SEARCH | LEAD | Abdichter",SUNDAY,20,3,3,0,0,insufficient,,
"EX | 26 | CH | SEARCH | LEAD | Abdichter",TUESDAY,20,2,1,0,1,insufficient,,
"EX | 26 | CH | SEARCH | LEAD | Abdichter",WEDNESDAY,20,1,1,0,0,insufficient,,
"EX | 26 | CH | SEARCH | LEAD | Abdichter",THURSDAY,20,1,1,0,0,insufficient,,
"EX | 26 | CH | SEARCH | LEAD | Abdichter",FRIDAY,20,2,0,0,2,insufficient,,
"EX | 26 | CH | SEARCH | LEAD | Abdichter",SATURDAY,20,2,1,0,1,insufficient,,
"EX | 26 | CH | SEARCH | LEAD | Abdichter",SUNDAY,21,3,1,0,2,insufficient,,
"EX | 26 | CH | SEARCH | LEAD | Abdichter",MONDAY,21,1,0,0,1,insufficient,,
"EX | 26 | CH | SEARCH | LEAD | Abdichter",TUESDAY,21,1,1,0,0,insufficient,,
"EX | 26 | CH | SEARCH | LEAD | Abdichter",SATURDAY,21,1,0,0,1,insufficient,,
"EX | 26 | CH | SEARCH | LEAD | Abdichter",SUNDAY,22,2,1,0,1,insufficient,,
"EX | 26 | CH | SEARCH | LEAD | Abdichter",FRIDAY,22,2,0,0,2,insufficient,,
"EX | 26 | CH | SEARCH | LEAD | Abdichter",SUNDAY,23,3,2,0,1,insufficient,,
"EX | 26 | CH | SEARCH | LEAD | Abdichter",MONDAY,23,1,0,0,1,insufficient,,
"EX | 26 | CH | SEARCH | LEAD | Abdichter",FRIDAY,23,1,0,0,1,insufficient,,
"EX | 26 | CH | SEARCH | LEAD | Abdichter",SATURDAY,23,1,0,0,1,insufficient,,
"EX | 25 | CH | SEARCH | LEAD | Heizungsinstallateur",SUNDAY,0,1,0,0,1,insufficient,,
"EX | 25 | CH | SEARCH | LEAD | Heizungsinstallateur",MONDAY,0,3,0,0,3,insufficient,,
"EX | 25 | CH | SEARCH | LEAD | Heizungsinstallateur",TUESDAY,0,2,1,0,1,insufficient,,
"EX | 25 | CH | SEARCH | LEAD | Heizungsinstallateur",WEDNESDAY,0,2,0,0,2,insufficient,,
"EX | 25 | CH | SEARCH | LEAD | Heizungsinstallateur",THURSDAY,0,2,1,0,1,insufficient,,
"EX | 25 | CH | SEARCH | LEAD | Heizungsinstallateur",FRIDAY,0,2,2,0,0,insufficient,,
"EX | 25 | CH | SEARCH | LEAD | Heizungsinstallateur",SATURDAY,0,4,0,0,4,confirmed,,
"EX | 25 | CH | SEARCH | LEAD | Heizungsinstallateur",SUNDAY,1,3,0,0,3,insufficient,,
"EX | 25 | CH | SEARCH | LEAD | Heizungsinstallateur",MONDAY,1,3,1,0,2,insufficient,,
"EX | 25 | CH | SEARCH | LEAD | Heizungsinstallateur",TUESDAY,1,3,1,0,2,insufficient,,
"EX | 25 | CH | SEARCH | LEAD | Heizungsinstallateur",THURSDAY,1,4,0,0,4,confirmed,,
"EX | 25 | CH | SEARCH | LEAD | Heizungsinstallateur",FRIDAY,1,2,0,0,2,insufficient,,
"EX | 25 | CH | SEARCH | LEAD | Heizungsinstallateur",SATURDAY,1,3,1,0,2,insufficient,,
"EX | 25 | CH | SEARCH | LEAD | Heizungsinstallateur",SUNDAY,2,2,1,0,1,insufficient,,
"EX | 25 | CH | SEARCH | LEAD | Heizungsinstallateur",MONDAY,2,2,1,0,1,insufficient,,
"EX | 25 | CH | SEARCH | LEAD | Heizungsinstallateur",TUESDAY,2,1,0,0,1,insufficient,,
"EX | 25 | CH | SEARCH | LEAD | Heizungsinstallateur",WEDNESDAY,2,1,0,0,1,insufficient,,
"EX | 25 | CH | SEARCH | LEAD | Heizungsinstallateur",THURSDAY,2,4,1,0,3,confirmed,,
"EX | 25 | CH | SEARCH | LEAD | Heizungsinstallateur",FRIDAY,2,3,0,0,3,insufficient,,
"EX | 25 | CH | SEARCH | LEAD | Heizungsinstallateur",SATURDAY,2,2,1,0,1,insufficient,,
"EX | 25 | CH | SEARCH | LEAD | Heizungsinstallateur",SUNDAY,3,2,1,0,1,insufficient,,
"EX | 25 | CH | SEARCH | LEAD | Heizungsinstallateur",TUESDAY,3,1,0,0,1,insufficient,,
"EX | 25 | CH | SEARCH | LEAD | Heizungsinstallateur",WEDNESDAY,3,2,2,0,0,insufficient,,
"EX | 25 | CH | SEARCH | LEAD | Heizungsinstallateur",THURSDAY,3,2,0,0,2,insufficient,,
"EX | 25 | CH | SEARCH | LEAD | Heizungsinstallateur",FRIDAY,3,3,0,0,3,insufficient,,
"EX | 25 | CH | SEARCH | LEAD | Heizungsinstallateur",SATURDAY,3,1,0,0,1,insufficient,,
"EX | 25 | CH | SEARCH | LEAD | Heizungsinstallateur",SUNDAY,4,3,0,0,3,insufficient,,
"EX | 25 | CH | SEARCH | LEAD | Heizungsinstallateur",MONDAY,4,2,0,0,2,insufficient,,
"EX | 25 | CH | SEARCH | LEAD | Heizungsinstallateur",TUESDAY,4,2,0,0,2,insufficient,,
"EX | 25 | CH | SEARCH | LEAD | Heizungsinstallateur",WEDNESDAY,4,2,0,0,2,insufficient,,
"EX | 25 | CH | SEARCH | LEAD | Heizungsinstallateur",THURSDAY,4,2,0,0,2,insufficient,,
"EX | 25 | CH | SEARCH | LEAD | Heizungsinstallateur",FRIDAY,4,3,1,0,2,insufficient,,
"EX | 25 | CH | SEARCH | LEAD | Heizungsinstallateur",SUNDAY,5,1,0,0,1,insufficient,,
"EX | 25 | CH | SEARCH | LEAD | Heizungsinstallateur",MONDAY,5,3,2,0,1,insufficient,,
"EX | 25 | CH | SEARCH | LEAD | Heizungsinstallateur",TUESDAY,5,1,0,0,1,insufficient,,
"EX | 25 | CH | SEARCH | LEAD | Heizungsinstallateur",WEDNESDAY,5,2,0,0,2,insufficient,,
"EX | 25 | CH | SEARCH | LEAD | Heizungsinstallateur",THURSDAY,5,3,0,0,3,insufficient,,
"EX | 25 | CH | SEARCH | LEAD | Heizungsinstallateur",FRIDAY,5,3,0,0,3,insufficient,,
"EX | 25 | CH | SEARCH | LEAD | Heizungsinstallateur",SATURDAY,5,1,0,0,1,insufficient,,
"EX | 25 | CH | SEARCH | LEAD | Heizungsinstallateur",SUNDAY,6,2,0,0,2,insufficient,,
"EX | 25 | CH | SEARCH | LEAD | Heizungsinstallateur",MONDAY,6,2,1,0,1,insufficient,,
"EX | 25 | CH | SEARCH | LEAD | Heizungsinstallateur",TUESDAY,6,3,1,0,2,insufficient,,
"EX | 25 | CH | SEARCH | LEAD | Heizungsinstallateur",WEDNESDAY,6,3,1,0,2,insufficient,,
"EX | 25 | CH | SEARCH | LEAD | Heizungsinstallateur",THURSDAY,6,4,0,0,4,confirmed,,
"EX | 25 | CH | SEARCH | LEAD | Heizungsinstallateur",FRIDAY,6,2,0,0,2,insufficient,,
"EX | 25 | CH | SEARCH | LEAD | Heizungsinstallateur",SATURDAY,6,2,0,0,2,insufficient,,
"EX | 25 | CH | SEARCH | LEAD | Heizungsinstallateur",SUNDAY,7,4,0,0,4,confirmed,,
"EX | 25 | CH | SEARCH | LEAD | Heizungsinstallateur",MONDAY,7,4,3,0,1,confirmed,,
"EX | 25 | CH | SEARCH | LEAD | Heizungsinstallateur",TUESDAY,7,3,1,0,2,insufficient,,
"EX | 25 | CH | SEARCH | LEAD | Heizungsinstallateur",WEDNESDAY,7,3,2,0,1,insufficient,,
"EX | 25 | CH | SEARCH | LEAD | Heizungsinstallateur",THURSDAY,7,3,1,0,2,insufficient,,
"EX | 25 | CH | SEARCH | LEAD | Heizungsinstallateur",FRIDAY,7,4,0,0,4,confirmed,,
"EX | 25 | CH | SEARCH | LEAD | Heizungsinstallateur",SATURDAY,7,1,0,0,1,insufficient,,
"EX | 25 | CH | SEARCH | LEAD | Heizungsinstallateur",SUNDAY,8,3,1,0,2,insufficient,,
"EX | 25 | CH | SEARCH | LEAD | Heizungsinstallateur",MONDAY,8,2,1,0,1,insufficient,,
"EX | 25 | CH | SEARCH | LEAD | Heizungsinstallateur",TUESDAY,8,4,2,0,2,unconfirmed,,
"EX | 25 | CH | SEARCH | LEAD | Heizungsinstallateur",WEDNESDAY,8,4,1,1,2,unconfirmed,1.16,-98.6
"EX | 25 | CH | SEARCH | LEAD | Heizungsinstallateur",THURSDAY,8,4,3,0,1,confirmed,,
"EX | 25 | CH | SEARCH | LEAD | Heizungsinstallateur",FRIDAY,8,4,2,0,2,unconfirmed,,
"EX | 25 | CH | SEARCH | LEAD | Heizungsinstallateur",SATURDAY,8,4,1,0,3,confirmed,,
"EX | 25 | CH | SEARCH | LEAD | Heizungsinstallateur",SUNDAY,9,4,2,0,2,unconfirmed,,
"EX | 25 | CH | SEARCH | LEAD | Heizungsinstallateur",MONDAY,9,4,3,0,1,confirmed,,
"EX | 25 | CH | SEARCH | LEAD | Heizungsinstallateur",TUESDAY,9,4,3,0,1,confirmed,,
"EX | 25 | CH | SEARCH | LEAD | Heizungsinstallateur",WEDNESDAY,9,4,1,0,3,confirmed,,
"EX | 25 | CH | SEARCH | LEAD | Heizungsinstallateur",THURSDAY,9,4,2,1,1,unconfirmed,15.98,-81.2
"EX | 25 | CH | SEARCH | LEAD | Heizungsinstallateur",FRIDAY,9,4,2,0,2,unconfirmed,,
"EX | 25 | CH | SEARCH | LEAD | Heizungsinstallateur",SATURDAY,9,3,1,0,2,insufficient,,
"EX | 25 | CH | SEARCH | LEAD | Heizungsinstallateur",SUNDAY,10,4,2,0,2,unconfirmed,,
"EX | 25 | CH | SEARCH | LEAD | Heizungsinstallateur",MONDAY,10,4,3,0,1,confirmed,,
"EX | 25 | CH | SEARCH | LEAD | Heizungsinstallateur",TUESDAY,10,4,2,0,2,unconfirmed,,
"EX | 25 | CH | SEARCH | LEAD | Heizungsinstallateur",WEDNESDAY,10,4,2,1,1,unconfirmed,10.43,-87.7
"EX | 25 | CH | SEARCH | LEAD | Heizungsinstallateur",THURSDAY,10,4,1,0,3,confirmed,,
"EX | 25 | CH | SEARCH | LEAD | Heizungsinstallateur",FRIDAY,10,3,2,0,1,insufficient,,
"EX | 25 | CH | SEARCH | LEAD | Heizungsinstallateur",SATURDAY,10,3,0,0,3,insufficient,,
"EX | 25 | CH | SEARCH | LEAD | Heizungsinstallateur",SUNDAY,11,5,2,0,3,unconfirmed,,
"EX | 25 | CH | SEARCH | LEAD | Heizungsinstallateur",MONDAY,11,4,4,0,0,confirmed,,
"EX | 25 | CH | SEARCH | LEAD | Heizungsinstallateur",TUESDAY,11,4,4,0,0,confirmed,,
"EX | 25 | CH | SEARCH | LEAD | Heizungsinstallateur",WEDNESDAY,11,3,2,0,1,insufficient,,
"EX | 25 | CH | SEARCH | LEAD | Heizungsinstallateur",THURSDAY,11,4,1,0,3,confirmed,,
"EX | 25 | CH | SEARCH | LEAD | Heizungsinstallateur",FRIDAY,11,4,2,0,2,unconfirmed,,
"EX | 25 | CH | SEARCH | LEAD | Heizungsinstallateur",SATURDAY,11,4,2,0,2,unconfirmed,,
"EX | 25 | CH | SEARCH | LEAD | Heizungsinstallateur",SUNDAY,12,5,3,1,1,unconfirmed,21.92,-74.2
"EX | 25 | CH | SEARCH | LEAD | Heizungsinstallateur",MONDAY,12,3,3,0,0,insufficient,,
"EX | 25 | CH | SEARCH | LEAD | Heizungsinstallateur",TUESDAY,12,4,3,0,1,confirmed,,
"EX | 25 | CH | SEARCH | LEAD | Heizungsinstallateur",WEDNESDAY,12,4,3,0,1,confirmed,,
"EX | 25 | CH | SEARCH | LEAD | Heizungsinstallateur",THURSDAY,12,4,3,0,1,confirmed,,
"EX | 25 | CH | SEARCH | LEAD | Heizungsinstallateur",FRIDAY,12,4,2,0,2,unconfirmed,,
"EX | 25 | CH | SEARCH | LEAD | Heizungsinstallateur",SATURDAY,12,3,1,0,2,insufficient,,
"EX | 25 | CH | SEARCH | LEAD | Heizungsinstallateur",SUNDAY,13,4,3,0,1,confirmed,,
"EX | 25 | CH | SEARCH | LEAD | Heizungsinstallateur",MONDAY,13,2,2,0,0,insufficient,,
"EX | 25 | CH | SEARCH | LEAD | Heizungsinstallateur",TUESDAY,13,4,1,0,3,confirmed,,
"EX | 25 | CH | SEARCH | LEAD | Heizungsinstallateur",WEDNESDAY,13,4,3,0,1,confirmed,,
"EX | 25 | CH | SEARCH | LEAD | Heizungsinstallateur",THURSDAY,13,4,2,0,2,unconfirmed,,
"EX | 25 | CH | SEARCH | LEAD | Heizungsinstallateur",FRIDAY,13,4,0,1,3,confirmed,2.41,-97.2
"EX | 25 | CH | SEARCH | LEAD | Heizungsinstallateur",SATURDAY,13,3,1,0,2,insufficient,,
"EX | 25 | CH | SEARCH | LEAD | Heizungsinstallateur",SUNDAY,14,3,0,0,3,insufficient,,
"EX | 25 | CH | SEARCH | LEAD | Heizungsinstallateur",MONDAY,14,2,2,0,0,insufficient,,
"EX | 25 | CH | SEARCH | LEAD | Heizungsinstallateur",TUESDAY,14,4,4,0,0,confirmed,,
"EX | 25 | CH | SEARCH | LEAD | Heizungsinstallateur",WEDNESDAY,14,4,2,1,1,unconfirmed,5.77,-93.2
"EX | 25 | CH | SEARCH | LEAD | Heizungsinstallateur",THURSDAY,14,3,2,0,1,insufficient,,
"EX | 25 | CH | SEARCH | LEAD | Heizungsinstallateur",FRIDAY,14,4,1,0,3,confirmed,,
"EX | 25 | CH | SEARCH | LEAD | Heizungsinstallateur",SATURDAY,14,3,3,0,0,insufficient,,
"EX | 25 | CH | SEARCH | LEAD | Heizungsinstallateur",SUNDAY,15,1,0,0,1,insufficient,,
"EX | 25 | CH | SEARCH | LEAD | Heizungsinstallateur",MONDAY,15,4,2,0,2,unconfirmed,,
"EX | 25 | CH | SEARCH | LEAD | Heizungsinstallateur",TUESDAY,15,4,3,0,1,confirmed,,
"EX | 25 | CH | SEARCH | LEAD | Heizungsinstallateur",WEDNESDAY,15,3,1,0,2,insufficient,,
"EX | 25 | CH | SEARCH | LEAD | Heizungsinstallateur",THURSDAY,15,3,3,0,0,insufficient,,
"EX | 25 | CH | SEARCH | LEAD | Heizungsinstallateur",FRIDAY,15,3,1,0,2,insufficient,,
"EX | 25 | CH | SEARCH | LEAD | Heizungsinstallateur",SATURDAY,15,3,1,0,2,insufficient,,
"EX | 25 | CH | SEARCH | LEAD | Heizungsinstallateur",SUNDAY,16,4,1,0,3,confirmed,,
"EX | 25 | CH | SEARCH | LEAD | Heizungsinstallateur",MONDAY,16,4,3,0,1,confirmed,,
"EX | 25 | CH | SEARCH | LEAD | Heizungsinstallateur",TUESDAY,16,3,3,0,0,insufficient,,
"EX | 25 | CH | SEARCH | LEAD | Heizungsinstallateur",WEDNESDAY,16,3,1,0,2,insufficient,,
"EX | 25 | CH | SEARCH | LEAD | Heizungsinstallateur",THURSDAY,16,2,2,0,0,insufficient,,
"EX | 25 | CH | SEARCH | LEAD | Heizungsinstallateur",FRIDAY,16,4,2,0,2,unconfirmed,,
"EX | 25 | CH | SEARCH | LEAD | Heizungsinstallateur",SATURDAY,16,3,1,1,1,insufficient,8.36,-90.1
"EX | 25 | CH | SEARCH | LEAD | Heizungsinstallateur",SUNDAY,17,5,1,0,4,confirmed,,
"EX | 25 | CH | SEARCH | LEAD | Heizungsinstallateur",MONDAY,17,3,3,0,0,insufficient,,
"EX | 25 | CH | SEARCH | LEAD | Heizungsinstallateur",TUESDAY,17,2,2,0,0,insufficient,,
"EX | 25 | CH | SEARCH | LEAD | Heizungsinstallateur",WEDNESDAY,17,3,2,0,1,insufficient,,
"EX | 25 | CH | SEARCH | LEAD | Heizungsinstallateur",THURSDAY,17,2,0,0,2,insufficient,,
"EX | 25 | CH | SEARCH | LEAD | Heizungsinstallateur",FRIDAY,17,3,0,0,3,insufficient,,
"EX | 25 | CH | SEARCH | LEAD | Heizungsinstallateur",SATURDAY,17,3,1,0,2,insufficient,,
"EX | 25 | CH | SEARCH | LEAD | Heizungsinstallateur",SUNDAY,18,4,0,0,4,confirmed,,
"EX | 25 | CH | SEARCH | LEAD | Heizungsinstallateur",MONDAY,18,3,2,0,1,insufficient,,
"EX | 25 | CH | SEARCH | LEAD | Heizungsinstallateur",TUESDAY,18,2,1,0,1,insufficient,,
"EX | 25 | CH | SEARCH | LEAD | Heizungsinstallateur",WEDNESDAY,18,2,1,0,1,insufficient,,
"EX | 25 | CH | SEARCH | LEAD | Heizungsinstallateur",THURSDAY,18,2,1,0,1,insufficient,,
"EX | 25 | CH | SEARCH | LEAD | Heizungsinstallateur",FRIDAY,18,3,0,0,3,insufficient,,
"EX | 25 | CH | SEARCH | LEAD | Heizungsinstallateur",SATURDAY,18,2,1,0,1,insufficient,,
"EX | 25 | CH | SEARCH | LEAD | Heizungsinstallateur",SUNDAY,19,3,2,0,1,insufficient,,
"EX | 25 | CH | SEARCH | LEAD | Heizungsinstallateur",MONDAY,19,3,3,0,0,insufficient,,
"EX | 25 | CH | SEARCH | LEAD | Heizungsinstallateur",TUESDAY,19,1,1,0,0,insufficient,,
"EX | 25 | CH | SEARCH | LEAD | Heizungsinstallateur",WEDNESDAY,19,2,2,0,0,insufficient,,
"EX | 25 | CH | SEARCH | LEAD | Heizungsinstallateur",THURSDAY,19,2,0,0,2,insufficient,,
"EX | 25 | CH | SEARCH | LEAD | Heizungsinstallateur",FRIDAY,19,3,1,0,2,insufficient,,
"EX | 25 | CH | SEARCH | LEAD | Heizungsinstallateur",SATURDAY,19,2,0,0,2,insufficient,,
"EX | 25 | CH | SEARCH | LEAD | Heizungsinstallateur",SUNDAY,20,4,1,0,3,confirmed,,
"EX | 25 | CH | SEARCH | LEAD | Heizungsinstallateur",MONDAY,20,2,2,0,0,insufficient,,
"EX | 25 | CH | SEARCH | LEAD | Heizungsinstallateur",TUESDAY,20,1,0,0,1,insufficient,,
"EX | 25 | CH | SEARCH | LEAD | Heizungsinstallateur",WEDNESDAY,20,2,2,0,0,insufficient,,
"EX | 25 | CH | SEARCH | LEAD | Heizungsinstallateur",THURSDAY,20,2,0,0,2,insufficient,,
"EX | 25 | CH | SEARCH | LEAD | Heizungsinstallateur",FRIDAY,20,4,2,0,2,unconfirmed,,
"EX | 25 | CH | SEARCH | LEAD | Heizungsinstallateur",SATURDAY,20,2,0,0,2,insufficient,,
"EX | 25 | CH | SEARCH | LEAD | Heizungsinstallateur",SUNDAY,21,3,0,0,3,insufficient,,
"EX | 25 | CH | SEARCH | LEAD | Heizungsinstallateur",MONDAY,21,1,1,0,0,insufficient,,
"EX | 25 | CH | SEARCH | LEAD | Heizungsinstallateur",WEDNESDAY,21,1,1,0,0,insufficient,,
"EX | 25 | CH | SEARCH | LEAD | Heizungsinstallateur",THURSDAY,21,2,1,0,1,insufficient,,
"EX | 25 | CH | SEARCH | LEAD | Heizungsinstallateur",FRIDAY,21,4,0,0,4,confirmed,,
"EX | 25 | CH | SEARCH | LEAD | Heizungsinstallateur",SATURDAY,21,2,1,0,1,insufficient,,
"EX | 25 | CH | SEARCH | LEAD | Heizungsinstallateur",SUNDAY,22,1,0,0,1,insufficient,,
"EX | 25 | CH | SEARCH | LEAD | Heizungsinstallateur",TUESDAY,22,1,0,0,1,insufficient,,
"EX | 25 | CH | SEARCH | LEAD | Heizungsinstallateur",WEDNESDAY,22,1,0,0,1,insufficient,,
"EX | 25 | CH | SEARCH | LEAD | Heizungsinstallateur",THURSDAY,22,1,0,0,1,insufficient,,
"EX | 25 | CH | SEARCH | LEAD | Heizungsinstallateur",FRIDAY,22,4,1,0,3,confirmed,,
"EX | 25 | CH | SEARCH | LEAD | Heizungsinstallateur",SATURDAY,22,2,0,0,2,insufficient,,
"EX | 25 | CH | SEARCH | LEAD | Heizungsinstallateur",SUNDAY,23,4,1,0,3,confirmed,,
"EX | 25 | CH | SEARCH | LEAD | Heizungsinstallateur",TUESDAY,23,1,1,0,0,insufficient,,
"EX | 25 | CH | SEARCH | LEAD | Heizungsinstallateur",WEDNESDAY,23,1,0,0,1,insufficient,,
"EX | 25 | CH | SEARCH | LEAD | Heizungsinstallateur",THURSDAY,23,1,0,0,1,insufficient,,
"EX | 25 | CH | SEARCH | LEAD | Heizungsinstallateur",FRIDAY,23,4,3,0,1,confirmed,,
"EX | 25 | CH | SEARCH | LEAD | Heizungsinstallateur",SATURDAY,23,1,1,0,0,insufficient,,
"EX | 25 | CH | SEARCH | LEAD | Gerüstbauer",MONDAY,0,2,0,0,2,insufficient,,
"EX | 25 | CH | SEARCH | LEAD | Gerüstbauer",SUNDAY,1,1,0,0,1,insufficient,,
"EX | 25 | CH | SEARCH | LEAD | Gerüstbauer",SUNDAY,2,1,0,0,1,insufficient,,
"EX | 25 | CH | SEARCH | LEAD | Gerüstbauer",WEDNESDAY,2,1,0,0,1,insufficient,,
"EX | 25 | CH | SEARCH | LEAD | Gerüstbauer",THURSDAY,2,2,0,0,2,insufficient,,
"EX | 25 | CH | SEARCH | LEAD | Gerüstbauer",MONDAY,5,1,0,0,1,insufficient,,
"EX | 25 | CH | SEARCH | LEAD | Gerüstbauer",MONDAY,6,1,0,0,1,insufficient,,
"EX | 25 | CH | SEARCH | LEAD | Gerüstbauer",WEDNESDAY,6,1,0,0,1,insufficient,,
"EX | 25 | CH | SEARCH | LEAD | Gerüstbauer",THURSDAY,6,1,1,0,0,insufficient,,
"EX | 25 | CH | SEARCH | LEAD | Gerüstbauer",SATURDAY,6,1,0,0,1,insufficient,,
"EX | 25 | CH | SEARCH | LEAD | Gerüstbauer",MONDAY,7,1,0,0,1,insufficient,,
"EX | 25 | CH | SEARCH | LEAD | Gerüstbauer",WEDNESDAY,7,1,0,0,1,insufficient,,
"EX | 25 | CH | SEARCH | LEAD | Gerüstbauer",THURSDAY,7,2,0,0,2,insufficient,,
"EX | 25 | CH | SEARCH | LEAD | Gerüstbauer",FRIDAY,7,1,0,0,1,insufficient,,
"EX | 25 | CH | SEARCH | LEAD | Gerüstbauer",SATURDAY,7,1,0,0,1,insufficient,,
"EX | 25 | CH | SEARCH | LEAD | Gerüstbauer",SUNDAY,8,2,1,0,1,insufficient,,
"EX | 25 | CH | SEARCH | LEAD | Gerüstbauer",MONDAY,8,1,0,0,1,insufficient,,
"EX | 25 | CH | SEARCH | LEAD | Gerüstbauer",TUESDAY,8,1,0,0,1,insufficient,,
"EX | 25 | CH | SEARCH | LEAD | Gerüstbauer",WEDNESDAY,8,2,0,0,2,insufficient,,
"EX | 25 | CH | SEARCH | LEAD | Gerüstbauer",THURSDAY,8,1,0,0,1,insufficient,,
"EX | 25 | CH | SEARCH | LEAD | Gerüstbauer",SATURDAY,8,1,1,0,0,insufficient,,
"EX | 25 | CH | SEARCH | LEAD | Gerüstbauer",SUNDAY,9,2,0,0,2,insufficient,,
"EX | 25 | CH | SEARCH | LEAD | Gerüstbauer",MONDAY,9,2,1,0,1,insufficient,,
"EX | 25 | CH | SEARCH | LEAD | Gerüstbauer",TUESDAY,9,2,0,0,2,insufficient,,
"EX | 25 | CH | SEARCH | LEAD | Gerüstbauer",WEDNESDAY,9,2,0,0,2,insufficient,,
"EX | 25 | CH | SEARCH | LEAD | Gerüstbauer",THURSDAY,9,1,1,0,0,insufficient,,
"EX | 25 | CH | SEARCH | LEAD | Gerüstbauer",SUNDAY,10,2,1,0,1,insufficient,,
"EX | 25 | CH | SEARCH | LEAD | Gerüstbauer",MONDAY,10,1,1,0,0,insufficient,,
"EX | 25 | CH | SEARCH | LEAD | Gerüstbauer",TUESDAY,10,4,1,0,3,confirmed,,
"EX | 25 | CH | SEARCH | LEAD | Gerüstbauer",WEDNESDAY,10,1,0,0,1,insufficient,,
"EX | 25 | CH | SEARCH | LEAD | Gerüstbauer",THURSDAY,10,1,0,0,1,insufficient,,
"EX | 25 | CH | SEARCH | LEAD | Gerüstbauer",FRIDAY,10,3,0,0,3,insufficient,,
"EX | 25 | CH | SEARCH | LEAD | Gerüstbauer",SUNDAY,11,1,0,0,1,insufficient,,
"EX | 25 | CH | SEARCH | LEAD | Gerüstbauer",MONDAY,11,2,0,0,2,insufficient,,
"EX | 25 | CH | SEARCH | LEAD | Gerüstbauer",TUESDAY,11,3,1,0,2,insufficient,,
"EX | 25 | CH | SEARCH | LEAD | Gerüstbauer",WEDNESDAY,11,1,0,0,1,insufficient,,
"EX | 25 | CH | SEARCH | LEAD | Gerüstbauer",THURSDAY,11,2,0,0,2,insufficient,,
"EX | 25 | CH | SEARCH | LEAD | Gerüstbauer",SUNDAY,12,2,0,0,2,insufficient,,
"EX | 25 | CH | SEARCH | LEAD | Gerüstbauer",MONDAY,12,2,0,0,2,insufficient,,
"EX | 25 | CH | SEARCH | LEAD | Gerüstbauer",TUESDAY,12,3,0,0,3,insufficient,,
"EX | 25 | CH | SEARCH | LEAD | Gerüstbauer",WEDNESDAY,12,2,0,0,2,insufficient,,
"EX | 25 | CH | SEARCH | LEAD | Gerüstbauer",THURSDAY,12,2,0,0,2,insufficient,,
"EX | 25 | CH | SEARCH | LEAD | Gerüstbauer",FRIDAY,12,3,1,0,2,insufficient,,
"EX | 25 | CH | SEARCH | LEAD | Gerüstbauer",SATURDAY,12,1,1,0,0,insufficient,,
"EX | 25 | CH | SEARCH | LEAD | Gerüstbauer",SUNDAY,13,2,2,0,0,insufficient,,
"EX | 25 | CH | SEARCH | LEAD | Gerüstbauer",MONDAY,13,2,0,0,2,insufficient,,
"EX | 25 | CH | SEARCH | LEAD | Gerüstbauer",TUESDAY,13,3,0,0,3,insufficient,,
"EX | 25 | CH | SEARCH | LEAD | Gerüstbauer",WEDNESDAY,13,2,0,0,2,insufficient,,
"EX | 25 | CH | SEARCH | LEAD | Gerüstbauer",FRIDAY,13,1,0,0,1,insufficient,,
"EX | 25 | CH | SEARCH | LEAD | Gerüstbauer",SATURDAY,13,1,1,0,0,insufficient,,
"EX | 25 | CH | SEARCH | LEAD | Gerüstbauer",SUNDAY,14,1,0,0,1,insufficient,,
"EX | 25 | CH | SEARCH | LEAD | Gerüstbauer",MONDAY,14,2,0,0,2,insufficient,,
"EX | 25 | CH | SEARCH | LEAD | Gerüstbauer",TUESDAY,14,2,1,0,1,insufficient,,
"EX | 25 | CH | SEARCH | LEAD | Gerüstbauer",WEDNESDAY,14,1,0,0,1,insufficient,,
"EX | 25 | CH | SEARCH | LEAD | Gerüstbauer",THURSDAY,14,2,1,0,1,insufficient,,
"EX | 25 | CH | SEARCH | LEAD | Gerüstbauer",FRIDAY,14,2,1,0,1,insufficient,,
"EX | 25 | CH | SEARCH | LEAD | Gerüstbauer",SUNDAY,15,1,1,0,0,insufficient,,
"EX | 25 | CH | SEARCH | LEAD | Gerüstbauer",MONDAY,15,2,2,0,0,insufficient,,
"EX | 25 | CH | SEARCH | LEAD | Gerüstbauer",TUESDAY,15,2,0,0,2,insufficient,,
"EX | 25 | CH | SEARCH | LEAD | Gerüstbauer",WEDNESDAY,15,3,3,0,0,insufficient,,
"EX | 25 | CH | SEARCH | LEAD | Gerüstbauer",FRIDAY,15,1,0,0,1,insufficient,,
"EX | 25 | CH | SEARCH | LEAD | Gerüstbauer",SATURDAY,15,1,0,0,1,insufficient,,
"EX | 25 | CH | SEARCH | LEAD | Gerüstbauer",SUNDAY,16,1,0,0,1,insufficient,,
"EX | 25 | CH | SEARCH | LEAD | Gerüstbauer",MONDAY,16,1,0,0,1,insufficient,,
"EX | 25 | CH | SEARCH | LEAD | Gerüstbauer",TUESDAY,16,2,0,0,2,insufficient,,
"EX | 25 | CH | SEARCH | LEAD | Gerüstbauer",WEDNESDAY,16,1,1,0,0,insufficient,,
"EX | 25 | CH | SEARCH | LEAD | Gerüstbauer",THURSDAY,16,2,1,0,1,insufficient,,
"EX | 25 | CH | SEARCH | LEAD | Gerüstbauer",FRIDAY,16,1,1,0,0,insufficient,,
"EX | 25 | CH | SEARCH | LEAD | Gerüstbauer",SATURDAY,16,1,0,0,1,insufficient,,
"EX | 25 | CH | SEARCH | LEAD | Gerüstbauer",SUNDAY,17,3,1,0,2,insufficient,,
"EX | 25 | CH | SEARCH | LEAD | Gerüstbauer",MONDAY,17,1,1,0,0,insufficient,,
"EX | 25 | CH | SEARCH | LEAD | Gerüstbauer",TUESDAY,17,2,0,0,2,insufficient,,
"EX | 25 | CH | SEARCH | LEAD | Gerüstbauer",WEDNESDAY,17,1,1,0,0,insufficient,,
"EX | 25 | CH | SEARCH | LEAD | Gerüstbauer",SATURDAY,17,1,1,0,0,insufficient,,
"EX | 25 | CH | SEARCH | LEAD | Gerüstbauer",MONDAY,18,2,1,0,1,insufficient,,
"EX | 25 | CH | SEARCH | LEAD | Gerüstbauer",TUESDAY,18,2,0,0,2,insufficient,,
"EX | 25 | CH | SEARCH | LEAD | Gerüstbauer",SUNDAY,19,1,0,0,1,insufficient,,
"EX | 25 | CH | SEARCH | LEAD | Gerüstbauer",MONDAY,19,1,0,0,1,insufficient,,
"EX | 25 | CH | SEARCH | LEAD | Gerüstbauer",TUESDAY,19,2,0,0,2,insufficient,,
"EX | 25 | CH | SEARCH | LEAD | Gerüstbauer",THURSDAY,19,1,0,0,1,insufficient,,
"EX | 25 | CH | SEARCH | LEAD | Gerüstbauer",FRIDAY,19,1,1,0,0,insufficient,,
"EX | 25 | CH | SEARCH | LEAD | Gerüstbauer",MONDAY,20,2,2,0,0,insufficient,,
"EX | 25 | CH | SEARCH | LEAD | Gerüstbauer",TUESDAY,20,2,0,0,2,insufficient,,
"EX | 25 | CH | SEARCH | LEAD | Gerüstbauer",THURSDAY,20,1,1,0,0,insufficient,,
"EX | 25 | CH | SEARCH | LEAD | Gerüstbauer",FRIDAY,20,1,0,0,1,insufficient,,
"EX | 25 | CH | SEARCH | LEAD | Gerüstbauer",SATURDAY,20,1,0,0,1,insufficient,,
"EX | 25 | CH | SEARCH | LEAD | Gerüstbauer",SUNDAY,21,2,0,0,2,insufficient,,
"EX | 25 | CH | SEARCH | LEAD | Gerüstbauer",TUESDAY,21,2,0,0,2,insufficient,,
"EX | 25 | CH | SEARCH | LEAD | Gerüstbauer",SUNDAY,22,1,0,0,1,insufficient,,
"EX | 25 | CH | SEARCH | LEAD | Gerüstbauer",FRIDAY,22,1,0,0,1,insufficient,,
"EX | 25 | CH | SEARCH | LEAD | Gerüstbauer",SUNDAY,23,1,1,0,0,insufficient,,
"EX | 25 | CH | SEARCH | LEAD | Polymechaniker",MONDAY,0,3,0,0,3,insufficient,,
"EX | 25 | CH | SEARCH | LEAD | Polymechaniker",TUESDAY,0,1,1,0,0,insufficient,,
"EX | 25 | CH | SEARCH | LEAD | Polymechaniker",WEDNESDAY,0,1,0,0,1,insufficient,,
"EX | 25 | CH | SEARCH | LEAD | Polymechaniker",THURSDAY,0,2,0,0,2,insufficient,,
"EX | 25 | CH | SEARCH | LEAD | Polymechaniker",SATURDAY,0,1,0,0,1,insufficient,,
"EX | 25 | CH | SEARCH | LEAD | Polymechaniker",SUNDAY,1,1,0,0,1,insufficient,,
"EX | 25 | CH | SEARCH | LEAD | Polymechaniker",MONDAY,1,2,0,0,2,insufficient,,
"EX | 25 | CH | SEARCH | LEAD | Polymechaniker",WEDNESDAY,1,1,0,0,1,insufficient,,
"EX | 25 | CH | SEARCH | LEAD | Polymechaniker",SATURDAY,1,1,0,0,1,insufficient,,
"EX | 25 | CH | SEARCH | LEAD | Polymechaniker",SUNDAY,2,1,0,0,1,insufficient,,
"EX | 25 | CH | SEARCH | LEAD | Polymechaniker",MONDAY,2,1,0,0,1,insufficient,,
"EX | 25 | CH | SEARCH | LEAD | Polymechaniker",TUESDAY,2,2,0,0,2,insufficient,,
"EX | 25 | CH | SEARCH | LEAD | Polymechaniker",THURSDAY,2,1,0,0,1,insufficient,,
"EX | 25 | CH | SEARCH | LEAD | Polymechaniker",SUNDAY,3,1,0,0,1,insufficient,,
"EX | 25 | CH | SEARCH | LEAD | Polymechaniker",MONDAY,3,1,0,0,1,insufficient,,
"EX | 25 | CH | SEARCH | LEAD | Polymechaniker",TUESDAY,3,1,0,0,1,insufficient,,
"EX | 25 | CH | SEARCH | LEAD | Polymechaniker",WEDNESDAY,3,1,0,0,1,insufficient,,
"EX | 25 | CH | SEARCH | LEAD | Polymechaniker",MONDAY,4,1,0,0,1,insufficient,,
"EX | 25 | CH | SEARCH | LEAD | Polymechaniker",WEDNESDAY,4,3,0,0,3,insufficient,,
"EX | 25 | CH | SEARCH | LEAD | Polymechaniker",FRIDAY,4,1,0,0,1,insufficient,,
"EX | 25 | CH | SEARCH | LEAD | Polymechaniker",MONDAY,5,1,0,0,1,insufficient,,
"EX | 25 | CH | SEARCH | LEAD | Polymechaniker",TUESDAY,5,1,0,0,1,insufficient,,
"EX | 25 | CH | SEARCH | LEAD | Polymechaniker",WEDNESDAY,5,1,0,0,1,insufficient,,
"EX | 25 | CH | SEARCH | LEAD | Polymechaniker",SATURDAY,5,1,0,0,1,insufficient,,
"EX | 25 | CH | SEARCH | LEAD | Polymechaniker",SUNDAY,6,1,0,0,1,insufficient,,
"EX | 25 | CH | SEARCH | LEAD | Polymechaniker",MONDAY,6,4,2,0,2,unconfirmed,,
"EX | 25 | CH | SEARCH | LEAD | Polymechaniker",TUESDAY,6,1,0,0,1,insufficient,,
"EX | 25 | CH | SEARCH | LEAD | Polymechaniker",WEDNESDAY,6,1,0,0,1,insufficient,,
"EX | 25 | CH | SEARCH | LEAD | Polymechaniker",THURSDAY,6,1,0,0,1,insufficient,,
"EX | 25 | CH | SEARCH | LEAD | Polymechaniker",MONDAY,7,2,1,0,1,insufficient,,
"EX | 25 | CH | SEARCH | LEAD | Polymechaniker",TUESDAY,7,3,1,0,2,insufficient,,
"EX | 25 | CH | SEARCH | LEAD | Polymechaniker",WEDNESDAY,7,3,1,0,2,insufficient,,
"EX | 25 | CH | SEARCH | LEAD | Polymechaniker",THURSDAY,7,2,0,0,2,insufficient,,
"EX | 25 | CH | SEARCH | LEAD | Polymechaniker",SATURDAY,7,2,0,0,2,insufficient,,
"EX | 25 | CH | SEARCH | LEAD | Polymechaniker",SUNDAY,8,3,0,0,3,insufficient,,
"EX | 25 | CH | SEARCH | LEAD | Polymechaniker",MONDAY,8,3,2,0,1,insufficient,,
"EX | 25 | CH | SEARCH | LEAD | Polymechaniker",TUESDAY,8,3,0,0,3,insufficient,,
"EX | 25 | CH | SEARCH | LEAD | Polymechaniker",WEDNESDAY,8,3,0,0,3,insufficient,,
"EX | 25 | CH | SEARCH | LEAD | Polymechaniker",THURSDAY,8,4,0,0,4,confirmed,,
"EX | 25 | CH | SEARCH | LEAD | Polymechaniker",FRIDAY,8,1,0,0,1,insufficient,,
"EX | 25 | CH | SEARCH | LEAD | Polymechaniker",SATURDAY,8,2,0,0,2,insufficient,,
"EX | 25 | CH | SEARCH | LEAD | Polymechaniker",SUNDAY,9,3,0,0,3,insufficient,,
"EX | 25 | CH | SEARCH | LEAD | Polymechaniker",MONDAY,9,4,2,0,2,unconfirmed,,
"EX | 25 | CH | SEARCH | LEAD | Polymechaniker",TUESDAY,9,3,2,0,1,insufficient,,
"EX | 25 | CH | SEARCH | LEAD | Polymechaniker",WEDNESDAY,9,3,1,0,2,insufficient,,
"EX | 25 | CH | SEARCH | LEAD | Polymechaniker",THURSDAY,9,4,2,0,2,unconfirmed,,
"EX | 25 | CH | SEARCH | LEAD | Polymechaniker",FRIDAY,9,2,0,0,2,insufficient,,
"EX | 25 | CH | SEARCH | LEAD | Polymechaniker",SATURDAY,9,1,0,0,1,insufficient,,
"EX | 25 | CH | SEARCH | LEAD | Polymechaniker",SUNDAY,10,1,0,0,1,insufficient,,
"EX | 25 | CH | SEARCH | LEAD | Polymechaniker",MONDAY,10,4,1,1,2,unconfirmed,5.03,-95.7
"EX | 25 | CH | SEARCH | LEAD | Polymechaniker",TUESDAY,10,3,0,0,3,insufficient,,
"EX | 25 | CH | SEARCH | LEAD | Polymechaniker",WEDNESDAY,10,4,0,0,4,confirmed,,
"EX | 25 | CH | SEARCH | LEAD | Polymechaniker",THURSDAY,10,4,3,0,1,confirmed,,
"EX | 25 | CH | SEARCH | LEAD | Polymechaniker",FRIDAY,10,4,1,0,3,confirmed,,
"EX | 25 | CH | SEARCH | LEAD | Polymechaniker",SATURDAY,10,1,0,0,1,insufficient,,
"EX | 25 | CH | SEARCH | LEAD | Polymechaniker",SUNDAY,11,4,0,0,4,confirmed,,
"EX | 25 | CH | SEARCH | LEAD | Polymechaniker",MONDAY,11,4,2,0,2,unconfirmed,,
"EX | 25 | CH | SEARCH | LEAD | Polymechaniker",TUESDAY,11,2,0,0,2,insufficient,,
"EX | 25 | CH | SEARCH | LEAD | Polymechaniker",WEDNESDAY,11,3,3,0,0,insufficient,,
"EX | 25 | CH | SEARCH | LEAD | Polymechaniker",THURSDAY,11,2,1,0,1,insufficient,,
"EX | 25 | CH | SEARCH | LEAD | Polymechaniker",FRIDAY,11,3,0,0,3,insufficient,,
"EX | 25 | CH | SEARCH | LEAD | Polymechaniker",SATURDAY,11,1,1,0,0,insufficient,,
"EX | 25 | CH | SEARCH | LEAD | Polymechaniker",SUNDAY,12,4,1,0,3,confirmed,,
"EX | 25 | CH | SEARCH | LEAD | Polymechaniker",MONDAY,12,3,1,0,2,insufficient,,
"EX | 25 | CH | SEARCH | LEAD | Polymechaniker",TUESDAY,12,3,2,0,1,insufficient,,
"EX | 25 | CH | SEARCH | LEAD | Polymechaniker",WEDNESDAY,12,1,0,0,1,insufficient,,
"EX | 25 | CH | SEARCH | LEAD | Polymechaniker",THURSDAY,12,4,2,0,2,unconfirmed,,
"EX | 25 | CH | SEARCH | LEAD | Polymechaniker",FRIDAY,12,4,2,0,2,unconfirmed,,
"EX | 25 | CH | SEARCH | LEAD | Polymechaniker",SATURDAY,12,1,0,0,1,insufficient,,
"EX | 25 | CH | SEARCH | LEAD | Polymechaniker",SUNDAY,13,2,0,0,2,insufficient,,
"EX | 25 | CH | SEARCH | LEAD | Polymechaniker",MONDAY,13,3,3,0,0,insufficient,,
"EX | 25 | CH | SEARCH | LEAD | Polymechaniker",TUESDAY,13,2,1,0,1,insufficient,,
"EX | 25 | CH | SEARCH | LEAD | Polymechaniker",WEDNESDAY,13,2,2,0,0,insufficient,,
"EX | 25 | CH | SEARCH | LEAD | Polymechaniker",THURSDAY,13,3,0,0,3,insufficient,,
"EX | 25 | CH | SEARCH | LEAD | Polymechaniker",FRIDAY,13,3,0,0,3,insufficient,,
"EX | 25 | CH | SEARCH | LEAD | Polymechaniker",SATURDAY,13,1,0,0,1,insufficient,,
"EX | 25 | CH | SEARCH | LEAD | Polymechaniker",SUNDAY,14,3,1,0,2,insufficient,,
"EX | 25 | CH | SEARCH | LEAD | Polymechaniker",MONDAY,14,1,1,0,0,insufficient,,
"EX | 25 | CH | SEARCH | LEAD | Polymechaniker",TUESDAY,14,1,0,0,1,insufficient,,
"EX | 25 | CH | SEARCH | LEAD | Polymechaniker",WEDNESDAY,14,1,1,0,0,insufficient,,
"EX | 25 | CH | SEARCH | LEAD | Polymechaniker",THURSDAY,14,3,1,0,2,insufficient,,
"EX | 25 | CH | SEARCH | LEAD | Polymechaniker",FRIDAY,14,3,1,1,1,insufficient,10.93,-90.7
"EX | 25 | CH | SEARCH | LEAD | Polymechaniker",SATURDAY,14,3,0,0,3,insufficient,,
"EX | 25 | CH | SEARCH | LEAD | Polymechaniker",SUNDAY,15,5,2,0,3,unconfirmed,,
"EX | 25 | CH | SEARCH | LEAD | Polymechaniker",MONDAY,15,2,1,0,1,insufficient,,
"EX | 25 | CH | SEARCH | LEAD | Polymechaniker",TUESDAY,15,1,0,0,1,insufficient,,
"EX | 25 | CH | SEARCH | LEAD | Polymechaniker",WEDNESDAY,15,1,0,0,1,insufficient,,
"EX | 25 | CH | SEARCH | LEAD | Polymechaniker",THURSDAY,15,3,0,0,3,insufficient,,
"EX | 25 | CH | SEARCH | LEAD | Polymechaniker",FRIDAY,15,2,1,0,1,insufficient,,
"EX | 25 | CH | SEARCH | LEAD | Polymechaniker",SATURDAY,15,1,0,0,1,insufficient,,
"EX | 25 | CH | SEARCH | LEAD | Polymechaniker",SUNDAY,16,5,1,0,4,confirmed,,
"EX | 25 | CH | SEARCH | LEAD | Polymechaniker",MONDAY,16,3,2,0,1,insufficient,,
"EX | 25 | CH | SEARCH | LEAD | Polymechaniker",TUESDAY,16,1,1,0,0,insufficient,,
"EX | 25 | CH | SEARCH | LEAD | Polymechaniker",WEDNESDAY,16,2,0,0,2,insufficient,,
"EX | 25 | CH | SEARCH | LEAD | Polymechaniker",THURSDAY,16,3,1,0,2,insufficient,,
"EX | 25 | CH | SEARCH | LEAD | Polymechaniker",FRIDAY,16,1,0,0,1,insufficient,,
"EX | 25 | CH | SEARCH | LEAD | Polymechaniker",SATURDAY,16,2,1,0,1,insufficient,,
"EX | 25 | CH | SEARCH | LEAD | Polymechaniker",SUNDAY,17,4,0,0,4,confirmed,,
"EX | 25 | CH | SEARCH | LEAD | Polymechaniker",MONDAY,17,1,1,0,0,insufficient,,
"EX | 25 | CH | SEARCH | LEAD | Polymechaniker",TUESDAY,17,1,0,0,1,insufficient,,
"EX | 25 | CH | SEARCH | LEAD | Polymechaniker",WEDNESDAY,17,2,0,0,2,insufficient,,
"EX | 25 | CH | SEARCH | LEAD | Polymechaniker",THURSDAY,17,2,1,0,1,insufficient,,
"EX | 25 | CH | SEARCH | LEAD | Polymechaniker",FRIDAY,17,2,0,0,2,insufficient,,
"EX | 25 | CH | SEARCH | LEAD | Polymechaniker",SATURDAY,17,3,1,0,2,insufficient,,
"EX | 25 | CH | SEARCH | LEAD | Polymechaniker",SUNDAY,18,5,0,0,5,confirmed,,
"EX | 25 | CH | SEARCH | LEAD | Polymechaniker",WEDNESDAY,18,1,0,0,1,insufficient,,
"EX | 25 | CH | SEARCH | LEAD | Polymechaniker",THURSDAY,18,3,1,0,2,insufficient,,
"EX | 25 | CH | SEARCH | LEAD | Polymechaniker",FRIDAY,18,2,0,0,2,insufficient,,
"EX | 25 | CH | SEARCH | LEAD | Polymechaniker",SATURDAY,18,2,1,0,1,insufficient,,
"EX | 25 | CH | SEARCH | LEAD | Polymechaniker",SUNDAY,19,3,1,0,2,insufficient,,
"EX | 25 | CH | SEARCH | LEAD | Polymechaniker",TUESDAY,19,1,0,0,1,insufficient,,
"EX | 25 | CH | SEARCH | LEAD | Polymechaniker",WEDNESDAY,19,2,0,0,2,insufficient,,
"EX | 25 | CH | SEARCH | LEAD | Polymechaniker",THURSDAY,19,3,1,0,2,insufficient,,
"EX | 25 | CH | SEARCH | LEAD | Polymechaniker",FRIDAY,19,2,2,0,0,insufficient,,
"EX | 25 | CH | SEARCH | LEAD | Polymechaniker",SATURDAY,19,2,0,0,2,insufficient,,
"EX | 25 | CH | SEARCH | LEAD | Polymechaniker",SUNDAY,20,4,0,0,4,confirmed,,
"EX | 25 | CH | SEARCH | LEAD | Polymechaniker",WEDNESDAY,20,2,1,0,1,insufficient,,
"EX | 25 | CH | SEARCH | LEAD | Polymechaniker",THURSDAY,20,2,0,0,2,insufficient,,
"EX | 25 | CH | SEARCH | LEAD | Polymechaniker",FRIDAY,20,1,0,0,1,insufficient,,
"EX | 25 | CH | SEARCH | LEAD | Polymechaniker",SATURDAY,20,1,1,0,0,insufficient,,
"EX | 25 | CH | SEARCH | LEAD | Polymechaniker",SUNDAY,21,4,1,0,3,confirmed,,
"EX | 25 | CH | SEARCH | LEAD | Polymechaniker",TUESDAY,21,1,0,0,1,insufficient,,
"EX | 25 | CH | SEARCH | LEAD | Polymechaniker",WEDNESDAY,21,2,0,0,2,insufficient,,
"EX | 25 | CH | SEARCH | LEAD | Polymechaniker",THURSDAY,21,2,0,0,2,insufficient,,
"EX | 25 | CH | SEARCH | LEAD | Polymechaniker",FRIDAY,21,1,0,0,1,insufficient,,
"EX | 25 | CH | SEARCH | LEAD | Polymechaniker",SATURDAY,21,2,2,0,0,insufficient,,
"EX | 25 | CH | SEARCH | LEAD | Polymechaniker",SUNDAY,22,3,2,0,1,insufficient,,
"EX | 25 | CH | SEARCH | LEAD | Polymechaniker",TUESDAY,22,1,0,0,1,insufficient,,
"EX | 25 | CH | SEARCH | LEAD | Polymechaniker",WEDNESDAY,22,1,1,0,0,insufficient,,
"EX | 25 | CH | SEARCH | LEAD | Polymechaniker",THURSDAY,22,2,0,0,2,insufficient,,
"EX | 25 | CH | SEARCH | LEAD | Polymechaniker",FRIDAY,22,1,1,0,0,insufficient,,
"EX | 25 | CH | SEARCH | LEAD | Polymechaniker",SATURDAY,22,1,1,0,0,insufficient,,
"EX | 25 | CH | SEARCH | LEAD | Polymechaniker",SUNDAY,23,4,1,0,3,confirmed,,
"EX | 25 | CH | SEARCH | LEAD | Polymechaniker",WEDNESDAY,23,2,1,0,1,insufficient,,
"EX | 25 | CH | SEARCH | LEAD | Polymechaniker",THURSDAY,23,2,1,0,1,insufficient,,
"EX | 26 | CH | SEARCH | LEAD | Maurer",MONDAY,0,2,1,0,1,insufficient,,
"EX | 26 | CH | SEARCH | LEAD | Maurer",TUESDAY,0,1,0,0,1,insufficient,,
"EX | 26 | CH | SEARCH | LEAD | Maurer",MONDAY,1,2,0,0,2,insufficient,,
"EX | 26 | CH | SEARCH | LEAD | Maurer",TUESDAY,1,1,0,0,1,insufficient,,
"EX | 26 | CH | SEARCH | LEAD | Maurer",WEDNESDAY,1,1,0,0,1,insufficient,,
"EX | 26 | CH | SEARCH | LEAD | Maurer",THURSDAY,1,1,1,0,0,insufficient,,
"EX | 26 | CH | SEARCH | LEAD | Maurer",FRIDAY,1,2,0,0,2,insufficient,,
"EX | 26 | CH | SEARCH | LEAD | Maurer",SATURDAY,1,1,0,0,1,insufficient,,
"EX | 26 | CH | SEARCH | LEAD | Maurer",SUNDAY,2,1,0,0,1,insufficient,,
"EX | 26 | CH | SEARCH | LEAD | Maurer",MONDAY,2,2,0,0,2,insufficient,,
"EX | 26 | CH | SEARCH | LEAD | Maurer",TUESDAY,2,1,0,0,1,insufficient,,
"EX | 26 | CH | SEARCH | LEAD | Maurer",SUNDAY,3,1,0,0,1,insufficient,,
"EX | 26 | CH | SEARCH | LEAD | Maurer",MONDAY,3,1,1,0,0,insufficient,,
"EX | 26 | CH | SEARCH | LEAD | Maurer",TUESDAY,3,2,0,0,2,insufficient,,
"EX | 26 | CH | SEARCH | LEAD | Maurer",MONDAY,4,2,1,0,1,insufficient,,
"EX | 26 | CH | SEARCH | LEAD | Maurer",WEDNESDAY,4,1,1,0,0,insufficient,,
"EX | 26 | CH | SEARCH | LEAD | Maurer",MONDAY,5,2,0,0,2,insufficient,,
"EX | 26 | CH | SEARCH | LEAD | Maurer",THURSDAY,5,2,0,0,2,insufficient,,
"EX | 26 | CH | SEARCH | LEAD | Maurer",SATURDAY,5,1,0,0,1,insufficient,,
"EX | 26 | CH | SEARCH | LEAD | Maurer",MONDAY,6,2,1,0,1,insufficient,,
"EX | 26 | CH | SEARCH | LEAD | Maurer",TUESDAY,6,2,1,0,1,insufficient,,
"EX | 26 | CH | SEARCH | LEAD | Maurer",THURSDAY,6,1,0,0,1,insufficient,,
"EX | 26 | CH | SEARCH | LEAD | Maurer",FRIDAY,6,2,0,0,2,insufficient,,
"EX | 26 | CH | SEARCH | LEAD | Maurer",SATURDAY,6,2,1,0,1,insufficient,,
"EX | 26 | CH | SEARCH | LEAD | Maurer",MONDAY,7,2,1,0,1,insufficient,,
"EX | 26 | CH | SEARCH | LEAD | Maurer",TUESDAY,7,2,1,0,1,insufficient,,
"EX | 26 | CH | SEARCH | LEAD | Maurer",SATURDAY,7,2,0,0,2,insufficient,,
"EX | 26 | CH | SEARCH | LEAD | Maurer",SUNDAY,8,1,0,0,1,insufficient,,
"EX | 26 | CH | SEARCH | LEAD | Maurer",MONDAY,8,3,2,0,1,insufficient,,
"EX | 26 | CH | SEARCH | LEAD | Maurer",TUESDAY,8,3,1,0,2,insufficient,,
"EX | 26 | CH | SEARCH | LEAD | Maurer",WEDNESDAY,8,2,1,0,1,insufficient,,
"EX | 26 | CH | SEARCH | LEAD | Maurer",THURSDAY,8,1,0,0,1,insufficient,,
"EX | 26 | CH | SEARCH | LEAD | Maurer",FRIDAY,8,2,0,0,2,insufficient,,
"EX | 26 | CH | SEARCH | LEAD | Maurer",SATURDAY,8,2,1,0,1,insufficient,,
"EX | 26 | CH | SEARCH | LEAD | Maurer",MONDAY,9,4,1,0,3,confirmed,,
"EX | 26 | CH | SEARCH | LEAD | Maurer",TUESDAY,9,3,2,0,1,insufficient,,
"EX | 26 | CH | SEARCH | LEAD | Maurer",WEDNESDAY,9,3,1,0,2,insufficient,,
"EX | 26 | CH | SEARCH | LEAD | Maurer",THURSDAY,9,3,0,0,3,insufficient,,
"EX | 26 | CH | SEARCH | LEAD | Maurer",FRIDAY,9,2,0,0,2,insufficient,,
"EX | 26 | CH | SEARCH | LEAD | Maurer",SUNDAY,10,3,1,0,2,insufficient,,
"EX | 26 | CH | SEARCH | LEAD | Maurer",MONDAY,10,5,3,0,2,unconfirmed,,
"EX | 26 | CH | SEARCH | LEAD | Maurer",TUESDAY,10,2,0,0,2,insufficient,,
"EX | 26 | CH | SEARCH | LEAD | Maurer",WEDNESDAY,10,3,1,0,2,insufficient,,
"EX | 26 | CH | SEARCH | LEAD | Maurer",THURSDAY,10,3,0,0,3,insufficient,,
"EX | 26 | CH | SEARCH | LEAD | Maurer",FRIDAY,10,3,0,1,2,insufficient,2.08,-87.0
"EX | 26 | CH | SEARCH | LEAD | Maurer",SATURDAY,10,2,0,0,2,insufficient,,
"EX | 26 | CH | SEARCH | LEAD | Maurer",SUNDAY,11,2,2,0,0,insufficient,,
"EX | 26 | CH | SEARCH | LEAD | Maurer",MONDAY,11,3,1,0,2,insufficient,,
"EX | 26 | CH | SEARCH | LEAD | Maurer",TUESDAY,11,3,0,0,3,insufficient,,
"EX | 26 | CH | SEARCH | LEAD | Maurer",WEDNESDAY,11,4,3,1,0,confirmed,6.21,-61.2
"EX | 26 | CH | SEARCH | LEAD | Maurer",THURSDAY,11,4,0,1,3,confirmed,1.07,-93.3
"EX | 26 | CH | SEARCH | LEAD | Maurer",FRIDAY,11,3,2,0,1,insufficient,,
"EX | 26 | CH | SEARCH | LEAD | Maurer",SATURDAY,11,2,0,0,2,insufficient,,
"EX | 26 | CH | SEARCH | LEAD | Maurer",MONDAY,12,3,1,0,2,insufficient,,
"EX | 26 | CH | SEARCH | LEAD | Maurer",TUESDAY,12,4,2,0,2,unconfirmed,,
"EX | 26 | CH | SEARCH | LEAD | Maurer",WEDNESDAY,12,3,1,0,2,insufficient,,
"EX | 26 | CH | SEARCH | LEAD | Maurer",THURSDAY,12,4,0,0,4,confirmed,,
"EX | 26 | CH | SEARCH | LEAD | Maurer",FRIDAY,12,3,1,0,2,insufficient,,
"EX | 26 | CH | SEARCH | LEAD | Maurer",SATURDAY,12,2,1,0,1,insufficient,,
"EX | 26 | CH | SEARCH | LEAD | Maurer",SUNDAY,13,2,1,0,1,insufficient,,
"EX | 26 | CH | SEARCH | LEAD | Maurer",MONDAY,13,3,0,1,2,insufficient,4.82,-69.9
"EX | 26 | CH | SEARCH | LEAD | Maurer",TUESDAY,13,4,1,0,3,confirmed,,
"EX | 26 | CH | SEARCH | LEAD | Maurer",WEDNESDAY,13,4,0,0,4,confirmed,,
"EX | 26 | CH | SEARCH | LEAD | Maurer",THURSDAY,13,3,0,0,3,insufficient,,
"EX | 26 | CH | SEARCH | LEAD | Maurer",FRIDAY,13,3,0,0,3,insufficient,,
"EX | 26 | CH | SEARCH | LEAD | Maurer",SATURDAY,13,3,1,0,2,insufficient,,
"EX | 26 | CH | SEARCH | LEAD | Maurer",SUNDAY,14,1,0,1,0,insufficient,0.90,-94.4
"EX | 26 | CH | SEARCH | LEAD | Maurer",MONDAY,14,3,2,0,1,insufficient,,
"EX | 26 | CH | SEARCH | LEAD | Maurer",TUESDAY,14,2,0,0,2,insufficient,,
"EX | 26 | CH | SEARCH | LEAD | Maurer",WEDNESDAY,14,4,2,1,1,unconfirmed,4.77,-70.2
"EX | 26 | CH | SEARCH | LEAD | Maurer",THURSDAY,14,3,1,0,2,insufficient,,
"EX | 26 | CH | SEARCH | LEAD | Maurer",FRIDAY,14,3,1,0,2,insufficient,,
"EX | 26 | CH | SEARCH | LEAD | Maurer",SATURDAY,14,1,0,0,1,insufficient,,
"EX | 26 | CH | SEARCH | LEAD | Maurer",SUNDAY,15,3,1,0,2,insufficient,,
"EX | 26 | CH | SEARCH | LEAD | Maurer",MONDAY,15,2,1,0,1,insufficient,,
"EX | 26 | CH | SEARCH | LEAD | Maurer",TUESDAY,15,2,1,0,1,insufficient,,
"EX | 26 | CH | SEARCH | LEAD | Maurer",WEDNESDAY,15,3,2,0,1,insufficient,,
"EX | 26 | CH | SEARCH | LEAD | Maurer",THURSDAY,15,3,3,0,0,insufficient,,
"EX | 26 | CH | SEARCH | LEAD | Maurer",FRIDAY,15,4,1,1,2,unconfirmed,2.59,-83.8
"EX | 26 | CH | SEARCH | LEAD | Maurer",SATURDAY,15,1,1,0,0,insufficient,,
"EX | 26 | CH | SEARCH | LEAD | Maurer",SUNDAY,16,2,0,0,2,insufficient,,
"EX | 26 | CH | SEARCH | LEAD | Maurer",MONDAY,16,2,0,1,1,insufficient,0.86,-94.6
"EX | 26 | CH | SEARCH | LEAD | Maurer",TUESDAY,16,2,1,0,1,insufficient,,
"EX | 26 | CH | SEARCH | LEAD | Maurer",WEDNESDAY,16,1,0,0,1,insufficient,,
"EX | 26 | CH | SEARCH | LEAD | Maurer",THURSDAY,16,2,0,0,2,insufficient,,
"EX | 26 | CH | SEARCH | LEAD | Maurer",FRIDAY,16,4,1,1,2,unconfirmed,3.61,-77.5
"EX | 26 | CH | SEARCH | LEAD | Maurer",SUNDAY,17,2,0,0,2,insufficient,,
"EX | 26 | CH | SEARCH | LEAD | Maurer",MONDAY,17,3,0,0,3,insufficient,,
"EX | 26 | CH | SEARCH | LEAD | Maurer",TUESDAY,17,2,1,0,1,insufficient,,
"EX | 26 | CH | SEARCH | LEAD | Maurer",WEDNESDAY,17,1,1,0,0,insufficient,,
"EX | 26 | CH | SEARCH | LEAD | Maurer",THURSDAY,17,2,0,0,2,insufficient,,
"EX | 26 | CH | SEARCH | LEAD | Maurer",FRIDAY,17,2,1,0,1,insufficient,,
"EX | 26 | CH | SEARCH | LEAD | Maurer",SUNDAY,18,4,2,0,2,unconfirmed,,
"EX | 26 | CH | SEARCH | LEAD | Maurer",MONDAY,18,2,2,0,0,insufficient,,
"EX | 26 | CH | SEARCH | LEAD | Maurer",TUESDAY,18,1,0,0,1,insufficient,,
"EX | 26 | CH | SEARCH | LEAD | Maurer",THURSDAY,18,4,0,0,4,confirmed,,
"EX | 26 | CH | SEARCH | LEAD | Maurer",FRIDAY,18,2,1,0,1,insufficient,,
"EX | 26 | CH | SEARCH | LEAD | Maurer",SUNDAY,19,5,2,0,3,unconfirmed,,
"EX | 26 | CH | SEARCH | LEAD | Maurer",TUESDAY,19,1,1,0,0,insufficient,,
"EX | 26 | CH | SEARCH | LEAD | Maurer",THURSDAY,19,4,1,0,3,confirmed,,
"EX | 26 | CH | SEARCH | LEAD | Maurer",FRIDAY,19,1,1,0,0,insufficient,,
"EX | 26 | CH | SEARCH | LEAD | Maurer",SATURDAY,19,1,0,0,1,insufficient,,
"EX | 26 | CH | SEARCH | LEAD | Maurer",SUNDAY,20,4,2,0,2,unconfirmed,,
"EX | 26 | CH | SEARCH | LEAD | Maurer",MONDAY,20,1,1,0,0,insufficient,,
"EX | 26 | CH | SEARCH | LEAD | Maurer",TUESDAY,20,1,1,0,0,insufficient,,
"EX | 26 | CH | SEARCH | LEAD | Maurer",THURSDAY,20,4,0,0,4,confirmed,,
"EX | 26 | CH | SEARCH | LEAD | Maurer",FRIDAY,20,2,1,0,1,insufficient,,
"EX | 26 | CH | SEARCH | LEAD | Maurer",SATURDAY,20,1,0,0,1,insufficient,,
"EX | 26 | CH | SEARCH | LEAD | Maurer",SUNDAY,21,4,0,0,4,confirmed,,
"EX | 26 | CH | SEARCH | LEAD | Maurer",THURSDAY,21,3,1,0,2,insufficient,,
"EX | 26 | CH | SEARCH | LEAD | Maurer",FRIDAY,21,1,0,0,1,insufficient,,
"EX | 26 | CH | SEARCH | LEAD | Maurer",SUNDAY,22,3,2,0,1,insufficient,,
"EX | 26 | CH | SEARCH | LEAD | Maurer",THURSDAY,22,1,0,0,1,insufficient,,
"EX | 26 | CH | SEARCH | LEAD | Maurer",FRIDAY,22,1,1,0,0,insufficient,,
"EX | 26 | CH | SEARCH | LEAD | Maurer",SATURDAY,22,2,0,0,2,insufficient,,
"EX | 26 | CH | SEARCH | LEAD | Maurer",SUNDAY,23,3,1,0,2,insufficient,,
"EX | 26 | CH | SEARCH | LEAD | Maurer",THURSDAY,23,1,0,0,1,insufficient,,
"EX | 26 | CH | SEARCH | LEAD | Maurer",FRIDAY,23,1,0,0,1,insufficient,,
"EX | 26 | CH | SEARCH | LEAD | Kranführer",MONDAY,0,1,1,0,0,insufficient,,
"EX | 26 | CH | SEARCH | LEAD | Kranführer",TUESDAY,0,1,0,0,1,insufficient,,
"EX | 26 | CH | SEARCH | LEAD | Kranführer",WEDNESDAY,0,3,0,0,3,insufficient,,
"EX | 26 | CH | SEARCH | LEAD | Kranführer",THURSDAY,0,1,0,0,1,insufficient,,
"EX | 26 | CH | SEARCH | LEAD | Kranführer",SUNDAY,1,2,0,0,2,insufficient,,
"EX | 26 | CH | SEARCH | LEAD | Kranführer",MONDAY,1,1,0,0,1,insufficient,,
"EX | 26 | CH | SEARCH | LEAD | Kranführer",TUESDAY,1,2,0,0,2,insufficient,,
"EX | 26 | CH | SEARCH | LEAD | Kranführer",WEDNESDAY,1,1,0,0,1,insufficient,,
"EX | 26 | CH | SEARCH | LEAD | Kranführer",THURSDAY,1,1,0,0,1,insufficient,,
"EX | 26 | CH | SEARCH | LEAD | Kranführer",FRIDAY,1,1,0,0,1,insufficient,,
"EX | 26 | CH | SEARCH | LEAD | Kranführer",SATURDAY,1,1,0,0,1,insufficient,,
"EX | 26 | CH | SEARCH | LEAD | Kranführer",MONDAY,2,1,0,0,1,insufficient,,
"EX | 26 | CH | SEARCH | LEAD | Kranführer",WEDNESDAY,2,2,1,0,1,insufficient,,
"EX | 26 | CH | SEARCH | LEAD | Kranführer",THURSDAY,2,1,0,0,1,insufficient,,
"EX | 26 | CH | SEARCH | LEAD | Kranführer",SUNDAY,3,1,0,0,1,insufficient,,
"EX | 26 | CH | SEARCH | LEAD | Kranführer",TUESDAY,3,1,0,0,1,insufficient,,
"EX | 26 | CH | SEARCH | LEAD | Kranführer",WEDNESDAY,3,2,0,0,2,insufficient,,
"EX | 26 | CH | SEARCH | LEAD | Kranführer",THURSDAY,3,1,0,0,1,insufficient,,
"EX | 26 | CH | SEARCH | LEAD | Kranführer",FRIDAY,3,1,0,0,1,insufficient,,
"EX | 26 | CH | SEARCH | LEAD | Kranführer",MONDAY,4,2,0,0,2,insufficient,,
"EX | 26 | CH | SEARCH | LEAD | Kranführer",TUESDAY,4,1,0,0,1,insufficient,,
"EX | 26 | CH | SEARCH | LEAD | Kranführer",WEDNESDAY,4,3,0,0,3,insufficient,,
"EX | 26 | CH | SEARCH | LEAD | Kranführer",MONDAY,5,2,2,0,0,insufficient,,
"EX | 26 | CH | SEARCH | LEAD | Kranführer",TUESDAY,5,1,1,0,0,insufficient,,
"EX | 26 | CH | SEARCH | LEAD | Kranführer",WEDNESDAY,5,2,0,0,2,insufficient,,
"EX | 26 | CH | SEARCH | LEAD | Kranführer",MONDAY,6,1,0,0,1,insufficient,,
"EX | 26 | CH | SEARCH | LEAD | Kranführer",TUESDAY,6,2,2,0,0,insufficient,,
"EX | 26 | CH | SEARCH | LEAD | Kranführer",WEDNESDAY,6,4,0,0,4,confirmed,,
"EX | 26 | CH | SEARCH | LEAD | Kranführer",FRIDAY,6,1,0,0,1,insufficient,,
"EX | 26 | CH | SEARCH | LEAD | Kranführer",SATURDAY,6,1,0,0,1,insufficient,,
"EX | 26 | CH | SEARCH | LEAD | Kranführer",MONDAY,7,4,2,0,2,unconfirmed,,
"EX | 26 | CH | SEARCH | LEAD | Kranführer",TUESDAY,7,1,0,0,1,insufficient,,
"EX | 26 | CH | SEARCH | LEAD | Kranführer",WEDNESDAY,7,3,1,0,2,insufficient,,
"EX | 26 | CH | SEARCH | LEAD | Kranführer",FRIDAY,7,1,0,0,1,insufficient,,
"EX | 26 | CH | SEARCH | LEAD | Kranführer",SATURDAY,7,1,0,0,1,insufficient,,
"EX | 26 | CH | SEARCH | LEAD | Kranführer",MONDAY,8,3,1,0,2,insufficient,,
"EX | 26 | CH | SEARCH | LEAD | Kranführer",TUESDAY,8,2,0,0,2,insufficient,,
"EX | 26 | CH | SEARCH | LEAD | Kranführer",WEDNESDAY,8,4,2,0,2,unconfirmed,,
"EX | 26 | CH | SEARCH | LEAD | Kranführer",THURSDAY,8,2,0,0,2,insufficient,,
"EX | 26 | CH | SEARCH | LEAD | Kranführer",SUNDAY,9,1,0,0,1,insufficient,,
"EX | 26 | CH | SEARCH | LEAD | Kranführer",MONDAY,9,4,2,0,2,unconfirmed,,
"EX | 26 | CH | SEARCH | LEAD | Kranführer",TUESDAY,9,3,1,0,2,insufficient,,
"EX | 26 | CH | SEARCH | LEAD | Kranführer",WEDNESDAY,9,3,3,0,0,insufficient,,
"EX | 26 | CH | SEARCH | LEAD | Kranführer",THURSDAY,9,3,1,0,2,insufficient,,
"EX | 26 | CH | SEARCH | LEAD | Kranführer",FRIDAY,9,3,1,0,2,insufficient,,
"EX | 26 | CH | SEARCH | LEAD | Kranführer",SUNDAY,10,2,0,0,2,insufficient,,
"EX | 26 | CH | SEARCH | LEAD | Kranführer",MONDAY,10,3,3,0,0,insufficient,,
"EX | 26 | CH | SEARCH | LEAD | Kranführer",TUESDAY,10,4,3,0,1,confirmed,,
"EX | 26 | CH | SEARCH | LEAD | Kranführer",WEDNESDAY,10,4,1,0,3,confirmed,,
"EX | 26 | CH | SEARCH | LEAD | Kranführer",THURSDAY,10,3,1,0,2,insufficient,,
"EX | 26 | CH | SEARCH | LEAD | Kranführer",FRIDAY,10,2,0,0,2,insufficient,,
"EX | 26 | CH | SEARCH | LEAD | Kranführer",SATURDAY,10,2,0,0,2,insufficient,,
"EX | 26 | CH | SEARCH | LEAD | Kranführer",SUNDAY,11,2,0,0,2,insufficient,,
"EX | 26 | CH | SEARCH | LEAD | Kranführer",MONDAY,11,2,2,0,0,insufficient,,
"EX | 26 | CH | SEARCH | LEAD | Kranführer",TUESDAY,11,3,1,0,2,insufficient,,
"EX | 26 | CH | SEARCH | LEAD | Kranführer",WEDNESDAY,11,3,2,0,1,insufficient,,
"EX | 26 | CH | SEARCH | LEAD | Kranführer",THURSDAY,11,3,1,0,2,insufficient,,
"EX | 26 | CH | SEARCH | LEAD | Kranführer",FRIDAY,11,1,0,0,1,insufficient,,
"EX | 26 | CH | SEARCH | LEAD | Kranführer",SUNDAY,12,2,1,0,1,insufficient,,
"EX | 26 | CH | SEARCH | LEAD | Kranführer",MONDAY,12,3,1,0,2,insufficient,,
"EX | 26 | CH | SEARCH | LEAD | Kranführer",TUESDAY,12,2,1,0,1,insufficient,,
"EX | 26 | CH | SEARCH | LEAD | Kranführer",WEDNESDAY,12,2,2,0,0,insufficient,,
"EX | 26 | CH | SEARCH | LEAD | Kranführer",THURSDAY,12,2,0,0,2,insufficient,,
"EX | 26 | CH | SEARCH | LEAD | Kranführer",FRIDAY,12,3,1,0,2,insufficient,,
"EX | 26 | CH | SEARCH | LEAD | Kranführer",SATURDAY,12,2,0,0,2,insufficient,,
"EX | 26 | CH | SEARCH | LEAD | Kranführer",SUNDAY,13,2,1,0,1,insufficient,,
"EX | 26 | CH | SEARCH | LEAD | Kranführer",TUESDAY,13,3,0,0,3,insufficient,,
"EX | 26 | CH | SEARCH | LEAD | Kranführer",THURSDAY,13,2,0,0,2,insufficient,,
"EX | 26 | CH | SEARCH | LEAD | Kranführer",FRIDAY,13,1,0,0,1,insufficient,,
"EX | 26 | CH | SEARCH | LEAD | Kranführer",SATURDAY,13,3,0,0,3,insufficient,,
"EX | 26 | CH | SEARCH | LEAD | Kranführer",SUNDAY,14,4,0,0,4,confirmed,,
"EX | 26 | CH | SEARCH | LEAD | Kranführer",MONDAY,14,1,1,0,0,insufficient,,
"EX | 26 | CH | SEARCH | LEAD | Kranführer",TUESDAY,14,3,0,0,3,insufficient,,
"EX | 26 | CH | SEARCH | LEAD | Kranführer",THURSDAY,14,3,2,0,1,insufficient,,
"EX | 26 | CH | SEARCH | LEAD | Kranführer",FRIDAY,14,2,0,0,2,insufficient,,
"EX | 26 | CH | SEARCH | LEAD | Kranführer",SUNDAY,15,4,0,0,4,confirmed,,
"EX | 26 | CH | SEARCH | LEAD | Kranführer",MONDAY,15,1,0,0,1,insufficient,,
"EX | 26 | CH | SEARCH | LEAD | Kranführer",TUESDAY,15,4,2,0,2,unconfirmed,,
"EX | 26 | CH | SEARCH | LEAD | Kranführer",THURSDAY,15,2,1,0,1,insufficient,,
"EX | 26 | CH | SEARCH | LEAD | Kranführer",FRIDAY,15,3,0,0,3,insufficient,,
"EX | 26 | CH | SEARCH | LEAD | Kranführer",SATURDAY,15,1,0,0,1,insufficient,,
"EX | 26 | CH | SEARCH | LEAD | Kranführer",SUNDAY,16,3,1,0,2,insufficient,,
"EX | 26 | CH | SEARCH | LEAD | Kranführer",MONDAY,16,1,1,0,0,insufficient,,
"EX | 26 | CH | SEARCH | LEAD | Kranführer",TUESDAY,16,2,0,0,2,insufficient,,
"EX | 26 | CH | SEARCH | LEAD | Kranführer",THURSDAY,16,2,0,0,2,insufficient,,
"EX | 26 | CH | SEARCH | LEAD | Kranführer",FRIDAY,16,3,1,0,2,insufficient,,
"EX | 26 | CH | SEARCH | LEAD | Kranführer",SATURDAY,16,2,0,0,2,insufficient,,
"EX | 26 | CH | SEARCH | LEAD | Kranführer",SUNDAY,17,5,1,0,4,confirmed,,
"EX | 26 | CH | SEARCH | LEAD | Kranführer",TUESDAY,17,2,1,0,1,insufficient,,
"EX | 26 | CH | SEARCH | LEAD | Kranführer",THURSDAY,17,1,0,0,1,insufficient,,
"EX | 26 | CH | SEARCH | LEAD | Kranführer",FRIDAY,17,2,1,0,1,insufficient,,
"EX | 26 | CH | SEARCH | LEAD | Kranführer",SATURDAY,17,3,0,0,3,insufficient,,
"EX | 26 | CH | SEARCH | LEAD | Kranführer",SUNDAY,18,5,3,0,2,unconfirmed,,
"EX | 26 | CH | SEARCH | LEAD | Kranführer",MONDAY,18,1,0,0,1,insufficient,,
"EX | 26 | CH | SEARCH | LEAD | Kranführer",TUESDAY,18,1,0,0,1,insufficient,,
"EX | 26 | CH | SEARCH | LEAD | Kranführer",THURSDAY,18,2,0,0,2,insufficient,,
"EX | 26 | CH | SEARCH | LEAD | Kranführer",SUNDAY,19,2,0,0,2,insufficient,,
"EX | 26 | CH | SEARCH | LEAD | Kranführer",MONDAY,19,1,0,0,1,insufficient,,
"EX | 26 | CH | SEARCH | LEAD | Kranführer",TUESDAY,19,2,0,0,2,insufficient,,
"EX | 26 | CH | SEARCH | LEAD | Kranführer",THURSDAY,19,2,0,0,2,insufficient,,
"EX | 26 | CH | SEARCH | LEAD | Kranführer",SATURDAY,19,1,1,0,0,insufficient,,
"EX | 26 | CH | SEARCH | LEAD | Kranführer",SUNDAY,20,4,1,0,3,confirmed,,
"EX | 26 | CH | SEARCH | LEAD | Kranführer",MONDAY,20,1,0,0,1,insufficient,,
"EX | 26 | CH | SEARCH | LEAD | Kranführer",TUESDAY,20,2,1,0,1,insufficient,,
"EX | 26 | CH | SEARCH | LEAD | Kranführer",THURSDAY,20,2,1,0,1,insufficient,,
"EX | 26 | CH | SEARCH | LEAD | Kranführer",FRIDAY,20,1,0,0,1,insufficient,,
"EX | 26 | CH | SEARCH | LEAD | Kranführer",SATURDAY,20,1,0,0,1,insufficient,,
"EX | 26 | CH | SEARCH | LEAD | Kranführer",SUNDAY,21,3,0,0,3,insufficient,,
"EX | 26 | CH | SEARCH | LEAD | Kranführer",TUESDAY,21,1,0,0,1,insufficient,,
"EX | 26 | CH | SEARCH | LEAD | Kranführer",THURSDAY,21,2,0,0,2,insufficient,,
"EX | 26 | CH | SEARCH | LEAD | Kranführer",SUNDAY,22,5,2,0,3,unconfirmed,,
"EX | 26 | CH | SEARCH | LEAD | Kranführer",THURSDAY,22,1,0,0,1,insufficient,,
"EX | 26 | CH | SEARCH | LEAD | Kranführer",FRIDAY,22,1,0,0,1,insufficient,,
"EX | 26 | CH | SEARCH | LEAD | Kranführer",SUNDAY,23,2,0,0,2,insufficient,,
"EX | 26 | CH | SEARCH | LEAD | Kranführer",TUESDAY,23,1,0,0,1,insufficient,,
"EX | 26 | CH | SEARCH | LEAD | Kranführer",THURSDAY,23,1,0,0,1,insufficient,,
"EX | 26 | CH | SEARCH | LEAD | Kranführer",FRIDAY,23,1,0,0,1,insufficient,,
