last_change_date_time,resource_type,resource_status,resource,campaign,ad_group
2026-08-18 18:43:56.125071,CAMPAIGN,CHANGED,customers/1487707588/campaigns/23473633574,customers/1487707588/campaigns/23473633574,
2026-08-18 18:42:41.019119,CAMPAIGN,CHANGED,customers/1487707588/campaigns/20707086616,customers/1487707588/campaigns/20707086616,
2026-08-18 18:34:26.657487,CAMPAIGN,CHANGED,customers/1487707588/campaigns/20685916051,customers/1487707588/campaigns/20685916051,
2026-08-18 18:27:11.667935,CAMPAIGN,CHANGED,customers/1487707588/campaigns/23468568174,customers/1487707588/campaigns/23468568174,
2026-08-18 18:26:59.980175,CAMPAIGN,CHANGED,customers/1487707588/campaigns/15145890855,customers/1487707588/campaigns/15145890855,
2026-08-18 17:32:26.046479,CAMPAIGN,CHANGED,customers/1487707588/campaigns/23478250789,customers/1487707588/campaigns/23478250789,
2026-08-18 17:29:33.008543,CAMPAIGN,CHANGED,customers/1487707588/campaigns/15347327648,customers/1487707588/campaigns/15347327648,
2026-08-18 17:28:22.762239,CAMPAIGN,CHANGED,customers/1487707588/campaigns/23478231493,customers/1487707588/campaigns/23478231493,
2026-08-18 17:18:19.388863,CAMPAIGN,CHANGED,customers/1487707588/campaigns/23478262294,customers/1487707588/campaigns/23478262294,
2026-08-18 17:01:42.265903,CAMPAIGN,CHANGED,customers/1487707588/campaigns/23473611323,customers/1487707588/campaigns/23473611323,
2026-08-18 16:57:36.002687,CAMPAIGN,CHANGED,customers/1487707588/campaigns/1509955426,customers/1487707588/campaigns/1509955426,
2026-08-18 16:57:34.865647,CAMPAIGN,CHANGED,customers/1487707588/campaigns/23473551299,customers/1487707588/campaigns/23473551299,
2026-08-18 16:55:02.350111,CAMPAIGN,CHANGED,customers/1487707588/campaigns/23468547546,customers/1487707588/campaigns/23468547546,
2026-08-18 16:36:38.557391,CAMPAIGN,CHANGED,customers/1487707588/campaigns/23468574954,customers/1487707588/campaigns/23468574954,
2026-08-18 16:35:18.003775,CAMPAIGN,CHANGED,customers/1487707588/campaigns/23619183073,customers/1487707588/campaigns/23619183073,
2026-08-18 16:25:40.146991,CAMPAIGN,CHANGED,customers/1487707588/campaigns/15210620323,customers/1487707588/campaigns/15210620323,
2026-08-18 16:10:43.259647,CAMPAIGN,CHANGED,customers/1487707588/campaigns/20768068758,customers/1487707588/campaigns/20768068758,
2026-08-18 15:49:38.495343,CAMPAIGN,CHANGED,customers/1487707588/campaigns/23473608146,customers/1487707588/campaigns/23473608146,
2026-08-18 15:15:41.193935,CAMPAIGN,CHANGED,customers/1487707588/campaigns/6503042592,customers/1487707588/campaigns/6503042592,
2026-08-18 14:47:18.966111,CAMPAIGN,CHANGED,customers/1487707588/campaigns/6496821254,customers/1487707588/campaigns/6496821254,
2026-08-18 14:12:37.018975,CAMPAIGN,CHANGED,customers/1487707588/campaigns/23612966133,customers/1487707588/campaigns/23612966133,
2026-08-18 13:44:23.695535,CAMPAIGN,CHANGED,customers/1487707588/campaigns/20702215351,customers/1487707588/campaigns/20702215351,
2026-08-18 13:44:12.479599,CAMPAIGN,CHANGED,customers/1487707588/campaigns/23369525700,customers/1487707588/campaigns/23369525700,
2026-08-18 13:40:56.499391,CAMPAIGN,CHANGED,customers/1487707588/campaigns/23478160315,customers/1487707588/campaigns/23478160315,
2026-08-18 13:25:07.129775,CAMPAIGN,CHANGED,customers/1487707588/campaigns/23468556621,customers/1487707588/campaigns/23468556621,
2026-08-18 13:21:43.527199,CAMPAIGN,CHANGED,customers/1487707588/campaigns/23473587776,customers/1487707588/campaigns/23473587776,
2026-08-18 12:56:47.791135,CAMPAIGN,CHANGED,customers/1487707588/campaigns/20691357994,customers/1487707588/campaigns/20691357994,
2026-08-18 12:47:05.616479,CAMPAIGN,CHANGED,customers/1487707588/campaigns/15210620317,customers/1487707588/campaigns/15210620317,
2026-08-18 12:37:54.313551,CAMPAIGN,CHANGED,customers/1487707588/campaigns/23473547006,customers/1487707588/campaigns/23473547006,
2026-08-18 09:38:47.792293,AD_GROUP_AD,CHANGED,customers/1487707588/adGroupAds/190557736766~806879969940,customers/1487707588/campaigns/15210620323,customers/1487707588/adGroups/190557736766
2026-08-18 09:38:47.792293,AD_GROUP_AD,CHANGED,customers/1487707588/adGroupAds/154386686829~677704522963,customers/1487707588/campaigns/20685916051,customers/1487707588/adGroups/154386686829
2026-08-18 09:38:47.792293,AD_GROUP_AD,CHANGED,customers/1487707588/adGroupAds/154386686829~799809339823,customers/1487707588/campaigns/20685916051,customers/1487707588/adGroups/154386686829
2026-08-18 09:38:47.792293,AD_GROUP_AD,CHANGED,customers/1487707588/adGroupAds/191651580382~800990938505,customers/1487707588/campaigns/20702215351,customers/1487707588/adGroups/191651580382
2026-08-18 09:38:47.792293,AD_GROUP_AD,CHANGED,customers/1487707588/adGroupAds/194933381034~799809340012,customers/1487707588/campaigns/23473611323,customers/1487707588/adGroups/194933381034
2026-08-18 08:44:52.544815,CAMPAIGN,CHANGED,customers/1487707588/campaigns/23468591016,customers/1487707588/campaigns/23468591016,
2026-08-18 08:04:13.872772,CAMPAIGN_BUDGET,CHANGED,customers/1487707588/campaigns/20707086616,customers/1487707588/campaigns/20707086616,
2026-08-18 08:04:13.872772,CAMPAIGN_BUDGET,CHANGED,customers/1487707588/campaigns/20768068758,customers/1487707588/campaigns/20768068758,
2026-08-18 08:04:13.872772,CAMPAIGN_BUDGET,CHANGED,customers/1487707588/campaigns/20702215351,customers/1487707588/campaigns/20702215351,
2026-08-18 08:04:13.872772,CAMPAIGN_BUDGET,CHANGED,customers/1487707588/campaigns/15145890855,customers/1487707588/campaigns/15145890855,
2026-08-18 08:04:13.872772,CAMPAIGN_BUDGET,CHANGED,customers/1487707588/campaigns/1509955426,customers/1487707588/campaigns/1509955426,
2026-08-18 08:04:13.872772,CAMPAIGN_BUDGET,CHANGED,customers/1487707588/campaigns/20691357994,customers/1487707588/campaigns/20691357994,
2026-08-18 08:04:13.872772,CAMPAIGN_BUDGET,CHANGED,customers/1487707588/campaigns/15347327648,customers/1487707588/campaigns/15347327648,
2026-08-18 08:04:13.872772,CAMPAIGN_BUDGET,CHANGED,customers/1487707588/campaigns/23369525700,customers/1487707588/campaigns/23369525700,
2026-08-18 08:04:13.872772,CAMPAIGN_BUDGET,CHANGED,customers/1487707588/campaigns/23478160315,customers/1487707588/campaigns/23478160315,
2026-08-18 08:04:13.872772,CAMPAIGN_BUDGET,CHANGED,customers/1487707588/campaigns/23478231493,customers/1487707588/campaigns/23478231493,
2026-08-18 08:04:13.872772,CAMPAIGN_BUDGET,CHANGED,customers/1487707588/campaigns/23473608146,customers/1487707588/campaigns/23473608146,
2026-08-18 08:04:13.872772,CAMPAIGN_BUDGET,CHANGED,customers/1487707588/campaigns/23468568174,customers/1487707588/campaigns/23468568174,
2026-08-18 08:04:13.872772,CAMPAIGN_BUDGET,CHANGED,customers/1487707588/campaigns/23478250789,customers/1487707588/campaigns/23478250789,
2026-08-18 08:04:13.872772,CAMPAIGN_BUDGET,CHANGED,customers/1487707588/campaigns/23468574954,customers/1487707588/campaigns/23468574954,
2026-08-18 08:04:13.872772,CAMPAIGN_BUDGET,CHANGED,customers/1487707588/campaigns/23473633574,customers/1487707588/campaigns/23473633574,
2026-08-18 08:04:13.872772,CAMPAIGN_BUDGET,CHANGED,customers/1487707588/campaigns/23468591016,customers/1487707588/campaigns/23468591016,
2026-08-18 08:04:13.872772,CAMPAIGN_BUDGET,CHANGED,customers/1487707588/campaigns/23473547006,customers/1487707588/campaigns/23473547006,
2026-08-18 08:04:13.872772,CAMPAIGN_BUDGET,CHANGED,customers/1487707588/campaigns/23473551299,customers/1487707588/campaigns/23473551299,
2026-08-18 08:04:13.872772,CAMPAIGN_BUDGET,CHANGED,customers/1487707588/campaigns/23473587776,customers/1487707588/campaigns/23473587776,
2026-08-18 08:04:13.872772,CAMPAIGN_BUDGET,CHANGED,customers/1487707588/campaigns/23468547546,customers/1487707588/campaigns/23468547546,
2026-08-18 08:04:13.872772,CAMPAIGN_BUDGET,CHANGED,customers/1487707588/campaigns/23468556621,customers/1487707588/campaigns/23468556621,
2026-08-18 08:04:13.872772,CAMPAIGN_BUDGET,CHANGED,customers/1487707588/campaigns/23473611323,customers/1487707588/campaigns/23473611323,
2026-08-18 08:04:13.872772,CAMPAIGN_BUDGET,CHANGED,customers/1487707588/campaigns/23478262294,customers/1487707588/campaigns/23478262294,
2026-08-18 08:04:13.872772,CAMPAIGN_BUDGET,CHANGED,customers/1487707588/campaigns/23619183073,customers/1487707588/campaigns/23619183073,
2026-08-18 08:04:13.872772,CAMPAIGN_BUDGET,CHANGED,customers/1487707588/campaigns/23612966133,customers/1487707588/campaigns/23612966133,
2026-08-18 08:04:13.872772,CAMPAIGN_BUDGET,CHANGED,customers/1487707588/campaigns/6496855124,customers/1487707588/campaigns/6496855124,
2026-08-18 08:04:13.872772,CAMPAIGN_BUDGET,CHANGED,customers/1487707588/campaigns/6496821254,customers/1487707588/campaigns/6496821254,
2026-08-18 08:04:13.872772,CAMPAIGN_BUDGET,CHANGED,customers/1487707588/campaigns/6503042592,customers/1487707588/campaigns/6503042592,
2026-08-17 23:03:42.46997,AD_GROUP_AD,CHANGED,customers/1487707588/adGroupAds/57909492917~799809339829,customers/1487707588/campaigns/1509955426,customers/1487707588/adGroups/57909492917
2026-08-17 23:03:42.46997,AD_GROUP_AD,CHANGED,customers/1487707588/adGroupAds/155384660552~799809339967,customers/1487707588/campaigns/20691357994,customers/1487707588/adGroups/155384660552
2026-08-17 23:03:42.46997,AD_GROUP_AD,CHANGED,customers/1487707588/adGroupAds/156511338642~799809339973,customers/1487707588/campaigns/20707086616,customers/1487707588/adGroups/156511338642
2026-08-17 23:03:42.46997,AD_GROUP_AD,CHANGED,customers/1487707588/adGroupAds/154000335045~680739671475,customers/1487707588/campaigns/20768068758,customers/1487707588/adGroups/154000335045
2026-08-17 23:03:42.46997,AD_GROUP_AD,CHANGED,customers/1487707588/adGroupAds/190690911095~799809339982,customers/1487707588/campaigns/23369525700,customers/1487707588/adGroups/190690911095
2026-08-17 23:03:42.46997,AD_GROUP_AD,CHANGED,customers/1487707588/adGroupAds/197528102051~793450477372,customers/1487707588/campaigns/23468547546,customers/1487707588/adGroups/197528102051
2026-08-17 23:03:42.46997,AD_GROUP_AD,CHANGED,customers/1487707588/adGroupAds/194724430511~793454301028,customers/1487707588/campaigns/23468556621,customers/1487707588/adGroups/194724430511
2026-08-17 23:03:42.46997,AD_GROUP_AD,CHANGED,customers/1487707588/adGroupAds/194724430511~799809339988,customers/1487707588/campaigns/23468556621,customers/1487707588/adGroups/194724430511
2026-08-17 23:03:42.46997,AD_GROUP_AD,CHANGED,customers/1487707588/adGroupAds/193352510633~799809339991,customers/1487707588/campaigns/23468568174,customers/1487707588/adGroups/193352510633
2026-08-17 23:03:42.46997,AD_GROUP_AD,CHANGED,customers/1487707588/adGroupAds/192099072219~793525616583,customers/1487707588/campaigns/23468574954,customers/1487707588/adGroups/192099072219
2026-08-17 23:03:42.46997,AD_GROUP_AD,CHANGED,customers/1487707588/adGroupAds/191553934309~799809339997,customers/1487707588/campaigns/23468591016,customers/1487707588/adGroups/191553934309
2026-08-17 23:03:42.46997,AD_GROUP_AD,CHANGED,customers/1487707588/adGroupAds/191108771999~793391544237,customers/1487707588/campaigns/23473547006,customers/1487707588/adGroups/191108771999
2026-08-17 23:03:42.46997,AD_GROUP_AD,CHANGED,customers/1487707588/adGroupAds/194925305514~793442479576,customers/1487707588/campaigns/23473587776,customers/1487707588/adGroups/194925305514
2026-08-17 23:03:42.46997,AD_GROUP_AD,CHANGED,customers/1487707588/adGroupAds/194925305514~799809340006,customers/1487707588/campaigns/23473587776,customers/1487707588/adGroups/194925305514
2026-08-17 23:03:42.46997,AD_GROUP_AD,CHANGED,customers/1487707588/adGroupAds/200330564308~793457966311,customers/1487707588/campaigns/23473608146,customers/1487707588/adGroups/200330564308
2026-08-17 23:03:42.46997,AD_GROUP_AD,CHANGED,customers/1487707588/adGroupAds/200330564308~799809340009,customers/1487707588/campaigns/23473608146,customers/1487707588/adGroups/200330564308
2026-08-17 20:04:32.036469,CAMPAIGN_BUDGET,CHANGED,customers/1487707588/campaigns/15210620323,customers/1487707588/campaigns/15210620323,
2026-08-17 09:23:33.069255,AD_GROUP_AD,CHANGED,customers/1487707588/adGroupAds/190557736766~806879987019,customers/1487707588/campaigns/15210620323,customers/1487707588/adGroups/190557736766
2026-08-17 09:23:33.069255,AD_GROUP_AD,CHANGED,customers/1487707588/adGroupAds/189117549302~799809340024,customers/1487707588/campaigns/23478250789,customers/1487707588/adGroups/189117549302
2026-08-17 04:46:37.305688,AD_GROUP_AD,CHANGED,customers/1487707588/adGroupAds/164179782644~677704522963,customers/1487707588/campaigns/21301158443,customers/1487707588/adGroups/164179782644
2026-08-17 04:46:37.305688,AD_GROUP_AD,CHANGED,customers/1487707588/adGroupAds/168863401893~677704522963,customers/1487707588/campaigns/21818309179,customers/1487707588/adGroups/168863401893
2026-08-17 00:53:51.635188,AD_GROUP_AD,CHANGED,customers/1487707588/adGroupAds/195559356887~799809339835,customers/1487707588/campaigns/15145890855,customers/1487707588/adGroups/195559356887
2026-08-17 00:53:51.635188,AD_GROUP_AD,CHANGED,customers/1487707588/adGroupAds/193394861642~799809339838,customers/1487707588/campaigns/15210620317,customers/1487707588/adGroups/193394861642
2026-08-17 00:53:51.635188,AD_GROUP_AD,CHANGED,customers/1487707588/adGroupAds/193279372073~799809339964,customers/1487707588/campaigns/15347327648,customers/1487707588/adGroups/193279372073
2026-08-17 00:53:51.635188,AD_GROUP_AD,CHANGED,customers/1487707588/adGroupAds/197528102051~799809339985,customers/1487707588/campaigns/23468547546,customers/1487707588/adGroups/197528102051
2026-08-17 00:53:51.635188,AD_GROUP_AD,CHANGED,customers/1487707588/adGroupAds/191108771999~799809340000,customers/1487707588/campaigns/23473547006,customers/1487707588/adGroups/191108771999
2026-08-17 00:53:51.635188,AD_GROUP_AD,CHANGED,customers/1487707588/adGroupAds/194378322893~801084171054,customers/1487707588/campaigns/23473611323,customers/1487707588/adGroups/194378322893
2026-08-17 00:53:51.635188,AD_GROUP_AD,CHANGED,customers/1487707588/adGroupAds/193899557756~798872637979,customers/1487707588/campaigns/23619183073,customers/1487707588/adGroups/193899557756
2026-08-17 00:53:51.635188,AD_GROUP_AD,CHANGED,customers/1487707588/adGroupAds/193899557756~799809340030,customers/1487707588/campaigns/23619183073,customers/1487707588/adGroups/193899557756
2026-08-17 00:53:51.635188,AD_GROUP_AD,CHANGED,customers/1487707588/adGroupAds/193358511562~799809339832,customers/1487707588/campaigns/6503042592,customers/1487707588/adGroups/193358511562
2026-08-17 00:52:41.650195,AD_GROUP_AD,CHANGED,customers/1487707588/adGroupAds/154386686829~677738731571,customers/1487707588/campaigns/20685916051,customers/1487707588/adGroups/154386686829
2026-08-17 00:52:41.650195,AD_GROUP_AD,CHANGED,customers/1487707588/adGroupAds/164179782644~677738731571,customers/1487707588/campaigns/21301158443,customers/1487707588/adGroups/164179782644
2026-08-17 00:52:41.650195,AD_GROUP_AD,CHANGED,customers/1487707588/adGroupAds/168863401893~677738731571,customers/1487707588/campaigns/21818309179,customers/1487707588/adGroups/168863401893
2026-08-17 00:52:41.650195,AD_GROUP_AD,CHANGED,customers/1487707588/adGroupAds/197272236639~677704522963,customers/1487707588/campaigns/23994999502,customers/1487707588/adGroups/197272236639
2026-08-17 00:52:41.650195,AD_GROUP_AD,CHANGED,customers/1487707588/adGroupAds/197272236639~677738731571,customers/1487707588/campaigns/23994999502,customers/1487707588/adGroups/197272236639
2026-08-16 20:07:03.218285,CAMPAIGN_BUDGET,CHANGED,customers/1487707588/campaigns/15210620317,customers/1487707588/campaigns/15210620317,
2026-08-16 17:43:28.244293,AD_GROUP_AD,CHANGED,customers/1487707588/adGroupAds/155838292780~678576546692,customers/1487707588/campaigns/15210620323,customers/1487707588/adGroups/155838292780
2026-08-16 17:43:28.244293,AD_GROUP_AD,CHANGED,customers/1487707588/adGroupAds/154289158446~680926848202,customers/1487707588/campaigns/20775693739,customers/1487707588/adGroups/154289158446
2026-08-16 12:39:40.088014,AD_GROUP_AD,CHANGED,customers/1487707588/adGroupAds/193358511562~793325246767,customers/1487707588/campaigns/6503042592,customers/1487707588/adGroups/193358511562
2026-08-16 10:00:48.575508,AD_GROUP_CRITERION,CHANGED,customers/1487707588/adGroupCriteria/195559356887~389024344970,customers/1487707588/campaigns/15145890855,customers/1487707588/adGroups/195559356887
2026-08-16 10:00:48.575508,AD_GROUP_CRITERION,CHANGED,customers/1487707588/adGroupCriteria/168863401893~343556776025,customers/1487707588/campaigns/21818309179,customers/1487707588/adGroups/168863401893
2026-08-16 08:06:22.94998,CAMPAIGN_BUDGET,CHANGED,customers/1487707588/campaigns/20685916051,customers/1487707588/campaigns/20685916051,
2026-08-16 08:06:22.94998,CAMPAIGN_BUDGET,CHANGED,customers/1487707588/campaigns/23994999502,customers/1487707588/campaigns/23994999502,
2026-08-15 22:13:28.653893,AD_GROUP_AD,CHANGED,customers/1487707588/adGroupAds/193437338762~799809340027,customers/1487707588/campaigns/23478262294,customers/1487707588/adGroups/193437338762
2026-08-15 18:39:13.272451,AD_GROUP_AD,CHANGED,customers/1487707588/adGroupAds/197272236639~799809339823,customers/1487707588/campaigns/23994999502,customers/1487707588/adGroups/197272236639
2026-08-15 14:02:31.421665,AD_GROUP_CRITERION,CHANGED,customers/1487707588/adGroupCriteria/57915591996~485614080859,customers/1487707588/campaigns/1501965597,customers/1487707588/adGroups/57915591996
2026-08-15 14:02:31.421665,AD_GROUP_CRITERION,CHANGED,customers/1487707588/adGroupCriteria/59017661238~490732345852,customers/1487707588/campaigns/1502995588,customers/1487707588/adGroups/59017661238
2026-08-15 14:02:31.421665,AD_GROUP_CRITERION,CHANGED,customers/1487707588/adGroupCriteria/56046739137~485261827346,customers/1487707588/campaigns/1503204868,customers/1487707588/adGroups/56046739137
2026-08-15 14:02:31.421665,AD_GROUP_CRITERION,CHANGED,customers/1487707588/adGroupCriteria/58103502676~403732046614,customers/1487707588/campaigns/1507148387,customers/1487707588/adGroups/58103502676
2026-08-15 14:02:31.421665,AD_GROUP_CRITERION,CHANGED,customers/1487707588/adGroupCriteria/58103502676~485065463736,customers/1487707588/campaigns/1507148387,customers/1487707588/adGroups/58103502676
2026-08-15 14:02:31.421665,AD_GROUP_CRITERION,CHANGED,customers/1487707588/adGroupCriteria/58103502676~485065469496,customers/1487707588/campaigns/1507148387,customers/1487707588/adGroups/58103502676
2026-08-15 14:02:31.421665,AD_GROUP_CRITERION,CHANGED,customers/1487707588/adGroupCriteria/60924850467~403732046614,customers/1487707588/campaigns/1507158668,customers/1487707588/adGroups/60924850467
2026-08-15 14:02:31.421665,AD_GROUP_CRITERION,CHANGED,customers/1487707588/adGroupCriteria/60924850467~485065463736,customers/1487707588/campaigns/1507158668,customers/1487707588/adGroups/60924850467
2026-08-15 14:02:31.421665,AD_GROUP_CRITERION,CHANGED,customers/1487707588/adGroupCriteria/60924850467~485065469496,customers/1487707588/campaigns/1507158668,customers/1487707588/adGroups/60924850467
2026-08-15 14:02:31.421665,AD_GROUP_CRITERION,CHANGED,customers/1487707588/adGroupCriteria/58242237796~340813760866,customers/1487707588/campaigns/1511466167,customers/1487707588/adGroups/58242237796
2026-08-15 14:02:31.421665,AD_GROUP_CRITERION,CHANGED,customers/1487707588/adGroupCriteria/60767301320~490103075885,customers/1487707588/campaigns/1511902750,customers/1487707588/adGroups/60767301320
2026-08-15 14:02:31.421665,AD_GROUP_CRITERION,CHANGED,customers/1487707588/adGroupCriteria/62261693270~501976457706,customers/1487707588/campaigns/1512477093,customers/1487707588/adGroups/62261693270
2026-08-15 14:02:31.421665,AD_GROUP_CRITERION,CHANGED,customers/1487707588/adGroupCriteria/58540664139~493571879758,customers/1487707588/campaigns/1512480885,customers/1487707588/adGroups/58540664139
2026-08-15 14:02:31.421665,AD_GROUP_CRITERION,CHANGED,customers/1487707588/adGroupCriteria/129652215576~452518374212,customers/1487707588/campaigns/15145890855,customers/1487707588/adGroups/129652215576
2026-08-15 14:02:31.421665,AD_GROUP_CRITERION,CHANGED,customers/1487707588/adGroupCriteria/128984364213~330661244563,customers/1487707588/campaigns/15158200274,customers/1487707588/adGroups/128984364213
2026-08-15 14:02:31.421665,AD_GROUP_CRITERION,CHANGED,customers/1487707588/adGroupCriteria/128984364213~392111149367,customers/1487707588/campaigns/15158200274,customers/1487707588/adGroups/128984364213
2026-08-15 14:02:31.421665,AD_GROUP_CRITERION,CHANGED,customers/1487707588/adGroupCriteria/129652481956~1460015146786,customers/1487707588/campaigns/15210620317,customers/1487707588/adGroups/129652481956
2026-08-15 14:02:31.421665,AD_GROUP_CRITERION,CHANGED,customers/1487707588/adGroupCriteria/129652481956~1463565412501,customers/1487707588/campaigns/15210620317,customers/1487707588/adGroups/129652481956
2026-08-15 14:02:31.421665,AD_GROUP_CRITERION,CHANGED,customers/1487707588/adGroupCriteria/129652481956~2200950235592,customers/1487707588/campaigns/15210620317,customers/1487707588/adGroups/129652481956
2026-08-15 14:02:31.421665,AD_GROUP_CRITERION,CHANGED,customers/1487707588/adGroupCriteria/129652485276~2008376118848,customers/1487707588/campaigns/15210620329,customers/1487707588/adGroups/129652485276
2026-08-15 14:02:31.421665,AD_GROUP_CRITERION,CHANGED,customers/1487707588/adGroupCriteria/129652485276~337787355732,customers/1487707588/campaigns/15210620329,customers/1487707588/adGroups/129652485276
2026-08-15 14:02:31.421665,AD_GROUP_CRITERION,CHANGED,customers/1487707588/adGroupCriteria/129652485276~609654326341,customers/1487707588/campaigns/15210620329,customers/1487707588/adGroups/129652485276
2026-08-15 14:02:31.421665,AD_GROUP_CRITERION,CHANGED,customers/1487707588/adGroupCriteria/57729575745~490969734363,customers/1487707588/campaigns/1523067835,customers/1487707588/adGroups/57729575745
2026-08-15 14:02:31.421665,AD_GROUP_CRITERION,CHANGED,customers/1487707588/adGroupCriteria/57729575745~511303891394,customers/1487707588/campaigns/1523067835,customers/1487707588/adGroups/57729575745
2026-08-15 14:02:31.421665,AD_GROUP_CRITERION,CHANGED,customers/1487707588/adGroupCriteria/65129113384~503357527664,customers/1487707588/campaigns/1523314312,customers/1487707588/adGroups/65129113384
2026-08-15 14:02:31.421665,AD_GROUP_CRITERION,CHANGED,customers/1487707588/adGroupCriteria/57774070785~308695224947,customers/1487707588/campaigns/1524061154,customers/1487707588/adGroups/57774070785
2026-08-15 14:02:31.421665,AD_GROUP_CRITERION,CHANGED,customers/1487707588/adGroupCriteria/57774070785~398452718527,customers/1487707588/campaigns/1524061154,customers/1487707588/adGroups/57774070785
2026-08-15 14:02:31.421665,AD_GROUP_CRITERION,CHANGED,customers/1487707588/adGroupCriteria/57774070785~489808283662,customers/1487707588/campaigns/1524061154,customers/1487707588/adGroups/57774070785
2026-08-15 14:02:31.421665,AD_GROUP_CRITERION,CHANGED,customers/1487707588/adGroupCriteria/57774070785~490510740209,customers/1487707588/campaigns/1524061154,customers/1487707588/adGroups/57774070785
2026-08-15 14:02:31.421665,AD_GROUP_CRITERION,CHANGED,customers/1487707588/adGroupCriteria/58351410876~308695224947,customers/1487707588/campaigns/1524912136,customers/1487707588/adGroups/58351410876
2026-08-15 14:02:31.421665,AD_GROUP_CRITERION,CHANGED,customers/1487707588/adGroupCriteria/58351410876~398452718527,customers/1487707588/campaigns/1524912136,customers/1487707588/adGroups/58351410876
2026-08-15 14:02:31.421665,AD_GROUP_CRITERION,CHANGED,customers/1487707588/adGroupCriteria/58351410876~489808283662,customers/1487707588/campaigns/1524912136,customers/1487707588/adGroups/58351410876
2026-08-15 14:02:31.421665,AD_GROUP_CRITERION,CHANGED,customers/1487707588/adGroupCriteria/58351410876~490510740209,customers/1487707588/campaigns/1524912136,customers/1487707588/adGroups/58351410876
2026-08-15 14:02:31.421665,AD_GROUP_CRITERION,CHANGED,customers/1487707588/adGroupCriteria/57797823025~490055166126,customers/1487707588/campaigns/1525671247,customers/1487707588/adGroups/57797823025
2026-08-15 14:02:31.421665,AD_GROUP_CRITERION,CHANGED,customers/1487707588/adGroupCriteria/58685442656~490969734363,customers/1487707588/campaigns/1527533704,customers/1487707588/adGroups/58685442656
2026-08-15 14:02:31.421665,AD_GROUP_CRITERION,CHANGED,customers/1487707588/adGroupCriteria/58685442656~511303891394,customers/1487707588/campaigns/1527533704,customers/1487707588/adGroups/58685442656
2026-08-15 14:02:31.421665,AD_GROUP_CRITERION,CHANGED,customers/1487707588/adGroupCriteria/61309525674~490517992065,customers/1487707588/campaigns/1527604483,customers/1487707588/adGroups/61309525674
2026-08-15 14:02:31.421665,AD_GROUP_CRITERION,CHANGED,customers/1487707588/adGroupCriteria/57999618643~493571871118,customers/1487707588/campaigns/1528200156,customers/1487707588/adGroups/57999618643
2026-08-15 14:02:31.421665,AD_GROUP_CRITERION,CHANGED,customers/1487707588/adGroupCriteria/57999618643~493571879758,customers/1487707588/campaigns/1528200156,customers/1487707588/adGroups/57999618643
2026-08-15 14:02:31.421665,AD_GROUP_CRITERION,CHANGED,customers/1487707588/adGroupCriteria/58417564036~490517992065,customers/1487707588/campaigns/1528237359,customers/1487707588/adGroups/58417564036
2026-08-15 14:02:31.421665,AD_GROUP_CRITERION,CHANGED,customers/1487707588/adGroupCriteria/58893548379~525803375724,customers/1487707588/campaigns/1533538750,customers/1487707588/adGroups/58893548379
2026-08-15 14:02:31.421665,AD_GROUP_CRITERION,CHANGED,customers/1487707588/adGroupCriteria/57991790789~485614080859,customers/1487707588/campaigns/1533705109,customers/1487707588/adGroups/57991790789
2026-08-15 14:02:31.421665,AD_GROUP_CRITERION,CHANGED,customers/1487707588/adGroupCriteria/57991790789~495394150302,customers/1487707588/campaigns/1533705109,customers/1487707588/adGroups/57991790789
2026-08-15 14:02:31.421665,AD_GROUP_CRITERION,CHANGED,customers/1487707588/adGroupCriteria/57991790789~495394151022,customers/1487707588/campaigns/1533705109,customers/1487707588/adGroups/57991790789
2026-08-15 14:02:31.421665,AD_GROUP_CRITERION,CHANGED,customers/1487707588/adGroupCriteria/57020525405~494865420947,customers/1487707588/campaigns/1533852867,customers/1487707588/adGroups/57020525405
2026-08-15 14:02:31.421665,AD_GROUP_CRITERION,CHANGED,customers/1487707588/adGroupCriteria/57020525405~494865424707,customers/1487707588/campaigns/1533852867,customers/1487707588/adGroups/57020525405
2026-08-15 14:02:31.421665,AD_GROUP_CRITERION,CHANGED,customers/1487707588/adGroupCriteria/57020525405~494865425467,customers/1487707588/campaigns/1533852867,customers/1487707588/adGroups/57020525405
2026-08-15 14:02:31.421665,AD_GROUP_CRITERION,CHANGED,customers/1487707588/adGroupCriteria/57020525405~494865427147,customers/1487707588/campaigns/1533852867,customers/1487707588/adGroups/57020525405
2026-08-15 14:02:31.421665,AD_GROUP_CRITERION,CHANGED,customers/1487707588/adGroupCriteria/57020525405~494865427427,customers/1487707588/campaigns/1533852867,customers/1487707588/adGroups/57020525405
2026-08-15 14:02:31.421665,AD_GROUP_CRITERION,CHANGED,customers/1487707588/adGroupCriteria/57020525405~494865437427,customers/1487707588/campaigns/1533852867,customers/1487707588/adGroups/57020525405
2026-08-15 14:02:31.421665,AD_GROUP_CRITERION,CHANGED,customers/1487707588/adGroupCriteria/65446356864~498797396760,customers/1487707588/campaigns/1534544573,customers/1487707588/adGroups/65446356864
2026-08-15 14:02:31.421665,AD_GROUP_CRITERION,CHANGED,customers/1487707588/adGroupCriteria/65446356864~498797396840,customers/1487707588/campaigns/1534544573,customers/1487707588/adGroups/65446356864
2026-08-15 14:02:31.421665,AD_GROUP_CRITERION,CHANGED,customers/1487707588/adGroupCriteria/61509160234~490517992065,customers/1487707588/campaigns/1534674125,customers/1487707588/adGroups/61509160234
2026-08-15 14:02:31.421665,AD_GROUP_CRITERION,CHANGED,customers/1487707588/adGroupCriteria/61509160234~499629983721,customers/1487707588/campaigns/1534674125,customers/1487707588/adGroups/61509160234
2026-08-15 14:02:31.421665,AD_GROUP_CRITERION,CHANGED,customers/1487707588/adGroupCriteria/58946275339~490517992065,customers/1487707588/campaigns/1534682870,customers/1487707588/adGroups/58946275339
2026-08-15 14:02:31.421665,AD_GROUP_CRITERION,CHANGED,customers/1487707588/adGroupCriteria/58946275339~499629983721,customers/1487707588/campaigns/1534682870,customers/1487707588/adGroups/58946275339
2026-08-15 14:02:31.421665,AD_GROUP_CRITERION,CHANGED,customers/1487707588/adGroupCriteria/64093077492~308695224947,customers/1487707588/campaigns/1534692623,customers/1487707588/adGroups/64093077492
2026-08-15 14:02:31.421665,AD_GROUP_CRITERION,CHANGED,customers/1487707588/adGroupCriteria/64093077492~490510740209,customers/1487707588/campaigns/1534692623,customers/1487707588/adGroups/64093077492
2026-08-15 14:02:31.421665,AD_GROUP_CRITERION,CHANGED,customers/1487707588/adGroupCriteria/126931099421~2007353209601,customers/1487707588/campaigns/15347327510,customers/1487707588/adGroups/126931099421
2026-08-15 14:02:31.421665,AD_GROUP_CRITERION,CHANGED,customers/1487707588/adGroupCriteria/126931100861~1463785954689,customers/1487707588/campaigns/15347327516,customers/1487707588/adGroups/126931100861
2026-08-15 14:02:31.421665,AD_GROUP_CRITERION,CHANGED,customers/1487707588/adGroupCriteria/126931100861~1465127665859,customers/1487707588/campaigns/15347327516,customers/1487707588/adGroups/126931100861
2026-08-15 14:02:31.421665,AD_GROUP_CRITERION,CHANGED,customers/1487707588/adGroupCriteria/126931100861~2006879597416,customers/1487707588/campaigns/15347327516,customers/1487707588/adGroups/126931100861
2026-08-15 14:02:31.421665,AD_GROUP_CRITERION,CHANGED,customers/1487707588/adGroupCriteria/126931101501~2006879599416,customers/1487707588/campaigns/15347327516,customers/1487707588/adGroups/126931101501
2026-08-15 14:02:31.421665,AD_GROUP_CRITERION,CHANGED,customers/1487707588/adGroupCriteria/126931103461~1596139586140,customers/1487707588/campaigns/15347327642,customers/1487707588/adGroups/126931103461
2026-08-15 14:02:31.421665,AD_GROUP_CRITERION,CHANGED,customers/1487707588/adGroupCriteria/126931103461~1658825733112,customers/1487707588/campaigns/15347327642,customers/1487707588/adGroups/126931103461
2026-08-15 14:02:31.421665,AD_GROUP_CRITERION,CHANGED,customers/1487707588/adGroupCriteria/126931103741~502557077007,customers/1487707588/campaigns/15347327642,customers/1487707588/adGroups/126931103741
2026-08-15 14:02:31.421665,AD_GROUP_CRITERION,CHANGED,customers/1487707588/adGroupCriteria/126931104421~2007222510186,customers/1487707588/campaigns/15347327648,customers/1487707588/adGroups/126931104421
2026-08-15 14:02:31.421665,AD_GROUP_CRITERION,CHANGED,customers/1487707588/adGroupCriteria/59699954398~498797396760,customers/1487707588/campaigns/1534797817,customers/1487707588/adGroups/59699954398
2026-08-15 14:02:31.421665,AD_GROUP_CRITERION,CHANGED,customers/1487707588/adGroupCriteria/59699954398~498797396840,customers/1487707588/campaigns/1534797817,customers/1487707588/adGroups/59699954398
2026-08-15 14:02:31.421665,AD_GROUP_CRITERION,CHANGED,customers/1487707588/adGroupCriteria/61184398440~498129124740,customers/1487707588/campaigns/1534925956,customers/1487707588/adGroups/61184398440
2026-08-15 14:02:31.421665,AD_GROUP_CRITERION,CHANGED,customers/1487707588/adGroupCriteria/61184398440~498129125180,customers/1487707588/campaigns/1534925956,customers/1487707588/adGroups/61184398440
2026-08-15 14:02:31.421665,AD_GROUP_CRITERION,CHANGED,customers/1487707588/adGroupCriteria/54063210610~511303891394,customers/1487707588/campaigns/1535501487,customers/1487707588/adGroups/54063210610
2026-08-15 14:02:31.421665,AD_GROUP_CRITERION,CHANGED,customers/1487707588/adGroupCriteria/62261800007~498154642230,customers/1487707588/campaigns/1535526447,customers/1487707588/adGroups/62261800007
2026-08-15 14:02:31.421665,AD_GROUP_CRITERION,CHANGED,customers/1487707588/adGroupCriteria/62261800007~498154643710,customers/1487707588/campaigns/1535526447,customers/1487707588/adGroups/62261800007
2026-08-15 14:02:31.421665,AD_GROUP_CRITERION,CHANGED,customers/1487707588/adGroupCriteria/126040688610~330661244563,customers/1487707588/campaigns/15512198777,customers/1487707588/adGroups/126040688610
2026-08-15 14:02:31.421665,AD_GROUP_CRITERION,CHANGED,customers/1487707588/adGroupCriteria/126040688610~330661259883,customers/1487707588/campaigns/15512198777,customers/1487707588/adGroups/126040688610
2026-08-15 14:02:31.421665,AD_GROUP_CRITERION,CHANGED,customers/1487707588/adGroupCriteria/59056644175~501976457706,customers/1487707588/campaigns/1552516520,customers/1487707588/adGroups/59056644175
2026-08-15 14:02:31.421665,AD_GROUP_CRITERION,CHANGED,customers/1487707588/adGroupCriteria/130854151599~453540494287,customers/1487707588/campaigns/15705786855,customers/1487707588/adGroups/130854151599
2026-08-15 14:02:31.421665,AD_GROUP_CRITERION,CHANGED,customers/1487707588/adGroupCriteria/130854151839~1405517237433,customers/1487707588/campaigns/15705786855,customers/1487707588/adGroups/130854151839
2026-08-15 14:02:31.421665,AD_GROUP_CRITERION,CHANGED,customers/1487707588/adGroupCriteria/130854151839~1405652489451,customers/1487707588/campaigns/15705786855,customers/1487707588/adGroups/130854151839
2026-08-15 14:02:31.421665,AD_GROUP_CRITERION,CHANGED,customers/1487707588/adGroupCriteria/130854151839~1625004172272,customers/1487707588/campaigns/15705786855,customers/1487707588/adGroups/130854151839
2026-08-15 14:02:31.421665,AD_GROUP_CRITERION,CHANGED,customers/1487707588/adGroupCriteria/130854152639~2009527619264,customers/1487707588/campaigns/15705786861,customers/1487707588/adGroups/130854152639
2026-08-15 14:02:31.421665,AD_GROUP_CRITERION,CHANGED,customers/1487707588/adGroupCriteria/136019045441~2009527620944,customers/1487707588/campaigns/15705786861,customers/1487707588/adGroups/136019045441
2026-08-15 14:02:31.421665,AD_GROUP_CRITERION,CHANGED,customers/1487707588/adGroupCriteria/137740451881~1641467237221,customers/1487707588/campaigns/15705786861,customers/1487707588/adGroups/137740451881
2026-08-15 14:02:31.421665,AD_GROUP_CRITERION,CHANGED,customers/1487707588/adGroupCriteria/137740451881~1641467249261,customers/1487707588/campaigns/15705786861,customers/1487707588/adGroups/137740451881
2026-08-15 14:02:31.421665,AD_GROUP_CRITERION,CHANGED,customers/1487707588/adGroupCriteria/137740451881~2009527620184,customers/1487707588/campaigns/15705786861,customers/1487707588/adGroups/137740451881
2026-08-15 14:02:31.421665,AD_GROUP_CRITERION,CHANGED,customers/1487707588/adGroupCriteria/137740452441~330661244563,customers/1487707588/campaigns/15705786861,customers/1487707588/adGroups/137740452441
2026-08-15 14:02:31.421665,AD_GROUP_CRITERION,CHANGED,customers/1487707588/adGroupCriteria/137740452441~392111149367,customers/1487707588/campaigns/15705786861,customers/1487707588/adGroups/137740452441
2026-08-15 14:02:31.421665,AD_GROUP_CRITERION,CHANGED,customers/1487707588/adGroupCriteria/137740452641~1210671004042,customers/1487707588/campaigns/15705786861,customers/1487707588/adGroups/137740452641
2026-08-15 14:02:31.421665,AD_GROUP_CRITERION,CHANGED,customers/1487707588/adGroupCriteria/137740452641~1641467234381,customers/1487707588/campaigns/15705786861,customers/1487707588/adGroups/137740452641
2026-08-15 14:02:31.421665,AD_GROUP_CRITERION,CHANGED,customers/1487707588/adGroupCriteria/137740452641~304475484440,customers/1487707588/campaigns/15705786861,customers/1487707588/adGroups/137740452641
2026-08-15 14:02:31.421665,AD_GROUP_CRITERION,CHANGED,customers/1487707588/adGroupCriteria/137740452641~304475496600,customers/1487707588/campaigns/15705786861,customers/1487707588/adGroups/137740452641
2026-08-15 14:02:31.421665,AD_GROUP_CRITERION,CHANGED,customers/1487707588/adGroupCriteria/137740452641~453798490317,customers/1487707588/campaigns/15705786861,customers/1487707588/adGroups/137740452641
2026-08-15 14:02:31.421665,AD_GROUP_CRITERION,CHANGED,customers/1487707588/adGroupCriteria/137740452641~641018232866,customers/1487707588/campaigns/15705786861,customers/1487707588/adGroups/137740452641
2026-08-15 14:02:31.421665,AD_GROUP_CRITERION,CHANGED,customers/1487707588/adGroupCriteria/130854153599~2008376118848,customers/1487707588/campaigns/15705786939,customers/1487707588/adGroups/130854153599
2026-08-15 14:02:31.421665,AD_GROUP_CRITERION,CHANGED,customers/1487707588/adGroupCriteria/130854153599~337787355732,customers/1487707588/campaigns/15705786939,customers/1487707588/adGroups/130854153599
2026-08-15 14:02:31.421665,AD_GROUP_CRITERION,CHANGED,customers/1487707588/adGroupCriteria/130854153599~609654326341,customers/1487707588/campaigns/15705786939,customers/1487707588/adGroups/130854153599
2026-08-15 14:02:31.421665,AD_GROUP_CRITERION,CHANGED,customers/1487707588/adGroupCriteria/130854156439~2007080843486,customers/1487707588/campaigns/15705786939,customers/1487707588/adGroups/130854156439
2026-08-15 14:02:31.421665,AD_GROUP_CRITERION,CHANGED,customers/1487707588/adGroupCriteria/130854156479~2007080849886,customers/1487707588/campaigns/15705786939,customers/1487707588/adGroups/130854156479
2026-08-15 14:02:31.421665,AD_GROUP_CRITERION,CHANGED,customers/1487707588/adGroupCriteria/130854156639~1216181128452,customers/1487707588/campaigns/15705786939,customers/1487707588/adGroups/130854156639
2026-08-15 14:02:31.421665,AD_GROUP_CRITERION,CHANGED,customers/1487707588/adGroupCriteria/130854156639~295764558223,customers/1487707588/campaigns/15705786939,customers/1487707588/adGroups/130854156639
2026-08-15 14:02:31.421665,AD_GROUP_CRITERION,CHANGED,customers/1487707588/adGroupCriteria/130854156639~784146316928,customers/1487707588/campaigns/15705786939,customers/1487707588/adGroups/130854156639
2026-08-15 14:02:31.421665,AD_GROUP_CRITERION,CHANGED,customers/1487707588/adGroupCriteria/59847876216~511303891394,customers/1487707588/campaigns/1576630506,customers/1487707588/adGroups/59847876216
2026-08-15 14:02:31.421665,AD_GROUP_CRITERION,CHANGED,customers/1487707588/adGroupCriteria/57683345457~525479088140,customers/1487707588/campaigns/1576639329,customers/1487707588/adGroups/57683345457
2026-08-15 14:02:31.421665,AD_GROUP_CRITERION,CHANGED,customers/1487707588/adGroupCriteria/60647136198~525479088140,customers/1487707588/campaigns/1576782379,customers/1487707588/adGroups/60647136198
2026-08-15 14:02:31.421665,AD_GROUP_CRITERION,CHANGED,customers/1487707588/adGroupCriteria/57683549897~525479088140,customers/1487707588/campaigns/1576805257,customers/1487707588/adGroups/57683549897
2026-08-15 14:02:31.421665,AD_GROUP_CRITERION,CHANGED,customers/1487707588/adGroupCriteria/59940276453~539602283243,customers/1487707588/campaigns/1593385322,customers/1487707588/adGroups/59940276453
2026-08-15 14:02:31.421665,AD_GROUP_CRITERION,CHANGED,customers/1487707588/adGroupCriteria/57950040662~525479088140,customers/1487707588/campaigns/1599375971,customers/1487707588/adGroups/57950040662
2026-08-15 14:02:31.421665,AD_GROUP_CRITERION,CHANGED,customers/1487707588/adGroupCriteria/68971673268~545853409145,customers/1487707588/campaigns/1599463112,customers/1487707588/adGroups/68971673268
2026-08-15 14:02:31.421665,AD_GROUP_CRITERION,CHANGED,customers/1487707588/adGroupCriteria/68971673268~545853409185,customers/1487707588/campaigns/1599463112,customers/1487707588/adGroups/68971673268
2026-08-15 14:02:31.421665,AD_GROUP_CRITERION,CHANGED,customers/1487707588/adGroupCriteria/133504866429~1641588943412,customers/1487707588/campaigns/16457178605,customers/1487707588/adGroups/133504866429
2026-08-15 14:02:31.421665,AD_GROUP_CRITERION,CHANGED,customers/1487707588/adGroupCriteria/133504866429~2008751837665,customers/1487707588/campaigns/16457178605,customers/1487707588/adGroups/133504866429
2026-08-15 14:02:31.421665,AD_GROUP_CRITERION,CHANGED,customers/1487707588/adGroupCriteria/133504866429~334549457413,customers/1487707588/campaigns/16457178605,customers/1487707588/adGroups/133504866429
2026-08-15 14:02:31.421665,AD_GROUP_CRITERION,CHANGED,customers/1487707588/adGroupCriteria/133504869269~1211558114772,customers/1487707588/campaigns/16457178629,customers/1487707588/adGroups/133504869269
2026-08-15 14:02:31.421665,AD_GROUP_CRITERION,CHANGED,customers/1487707588/adGroupCriteria/133504869269~1641588936412,customers/1487707588/campaigns/16457178629,customers/1487707588/adGroups/133504869269
2026-08-15 14:02:31.421665,AD_GROUP_CRITERION,CHANGED,customers/1487707588/adGroupCriteria/133504869309~1641588936372,customers/1487707588/campaigns/16457178629,customers/1487707588/adGroups/133504869309
2026-08-15 14:02:31.421665,AD_GROUP_CRITERION,CHANGED,customers/1487707588/adGroupCriteria/133504869309~1690828829167,customers/1487707588/campaigns/16457178629,customers/1487707588/adGroups/133504869309
2026-08-15 14:02:31.421665,AD_GROUP_CRITERION,CHANGED,customers/1487707588/adGroupCriteria/133504869349~1641588935412,customers/1487707588/campaigns/16457178629,customers/1487707588/adGroups/133504869349
2026-08-15 14:02:31.421665,AD_GROUP_CRITERION,CHANGED,customers/1487707588/adGroupCriteria/133504869349~358629735794,customers/1487707588/campaigns/16457178629,customers/1487707588/adGroups/133504869349
2026-08-15 14:02:31.421665,AD_GROUP_CRITERION,CHANGED,customers/1487707588/adGroupCriteria/137740454121~2008843328285,customers/1487707588/campaigns/16500506281,customers/1487707588/adGroups/137740454121
2026-08-15 14:02:31.421665,AD_GROUP_CRITERION,CHANGED,customers/1487707588/adGroupCriteria/137740454561~1394119472065,customers/1487707588/campaigns/16500506281,customers/1487707588/adGroups/137740454561
2026-08-15 14:02:31.421665,AD_GROUP_CRITERION,CHANGED,customers/1487707588/adGroupCriteria/64886802937~343298412453,customers/1487707588/campaigns/1712613813,customers/1487707588/adGroups/64886802937
2026-08-15 14:02:31.421665,AD_GROUP_CRITERION,CHANGED,customers/1487707588/adGroupCriteria/65342582337~525479088140,customers/1487707588/campaigns/1719564138,customers/1487707588/adGroups/65342582337
2026-08-15 14:02:31.421665,AD_GROUP_CRITERION,CHANGED,customers/1487707588/adGroupCriteria/68215429392~525479088140,customers/1487707588/campaigns/1734649156,customers/1487707588/adGroups/68215429392
2026-08-15 14:02:31.421665,AD_GROUP_CRITERION,CHANGED,customers/1487707588/adGroupCriteria/66553214805~341043377430,customers/1487707588/campaigns/1742240858,customers/1487707588/adGroups/66553214805
2026-08-15 14:02:31.421665,AD_GROUP_CRITERION,CHANGED,customers/1487707588/adGroupCriteria/66553214805~344215878370,customers/1487707588/campaigns/1742240858,customers/1487707588/adGroups/66553214805
2026-08-15 14:02:31.421665,AD_GROUP_CRITERION,CHANGED,customers/1487707588/adGroupCriteria/66553214805~493571879758,customers/1487707588/campaigns/1742240858,customers/1487707588/adGroups/66553214805
2026-08-15 14:02:31.421665,AD_GROUP_CRITERION,CHANGED,customers/1487707588/adGroupCriteria/143546189278~1639583200217,customers/1487707588/campaigns/18647919273,customers/1487707588/adGroups/143546189278
2026-08-15 14:02:31.421665,AD_GROUP_CRITERION,CHANGED,customers/1487707588/adGroupCriteria/143546189278~1639583202137,customers/1487707588/campaigns/18647919273,customers/1487707588/adGroups/143546189278
2026-08-15 14:02:31.421665,AD_GROUP_CRITERION,CHANGED,customers/1487707588/adGroupCriteria/143546189278~1639583204137,customers/1487707588/campaigns/18647919273,customers/1487707588/adGroups/143546189278
2026-08-15 14:02:31.421665,AD_GROUP_CRITERION,CHANGED,customers/1487707588/adGroupCriteria/143546189278~1639583205777,customers/1487707588/campaigns/18647919273,customers/1487707588/adGroups/143546189278
2026-08-15 14:02:31.421665,AD_GROUP_CRITERION,CHANGED,customers/1487707588/adGroupCriteria/141468816703~1596139586140,customers/1487707588/campaigns/18696856929,customers/1487707588/adGroups/141468816703
2026-08-15 14:02:31.421665,AD_GROUP_CRITERION,CHANGED,customers/1487707588/adGroupCriteria/150773459199~1596139586140,customers/1487707588/campaigns/20387611832,customers/1487707588/adGroups/150773459199
2026-08-15 14:02:31.421665,AD_GROUP_CRITERION,CHANGED,customers/1487707588/adGroupCriteria/150773459199~336018191273,customers/1487707588/campaigns/20387611832,customers/1487707588/adGroups/150773459199
2026-08-15 14:02:31.421665,AD_GROUP_CRITERION,CHANGED,customers/1487707588/adGroupCriteria/152155207359~502557077007,customers/1487707588/campaigns/20494027323,customers/1487707588/adGroups/152155207359
2026-08-15 14:02:31.421665,AD_GROUP_CRITERION,CHANGED,customers/1487707588/adGroupCriteria/74879175013~778544190208,customers/1487707588/campaigns/2053225146,customers/1487707588/adGroups/74879175013
2026-08-15 14:02:31.421665,AD_GROUP_CRITERION,CHANGED,customers/1487707588/adGroupCriteria/74879175013~778544190688,customers/1487707588/campaigns/2053225146,customers/1487707588/adGroups/74879175013
2026-08-15 14:02:31.421665,AD_GROUP_CRITERION,CHANGED,customers/1487707588/adGroupCriteria/74879175013~778544191608,customers/1487707588/campaigns/2053225146,customers/1487707588/adGroups/74879175013
2026-08-15 14:02:31.421665,AD_GROUP_CRITERION,CHANGED,customers/1487707588/adGroupCriteria/164179782644~352139773566,customers/1487707588/campaigns/21301158443,customers/1487707588/adGroups/164179782644
2026-08-15 14:02:31.421665,AD_GROUP_CRITERION,CHANGED,customers/1487707588/adGroupCriteria/168863401893~352139773566,customers/1487707588/campaigns/21818309179,customers/1487707588/adGroups/168863401893
2026-08-15 14:02:31.421665,AD_GROUP_CRITERION,CHANGED,customers/1487707588/adGroupCriteria/194724430511~1596139586140,customers/1487707588/campaigns/23468556621,customers/1487707588/adGroups/194724430511
2026-08-15 14:02:31.421665,AD_GROUP_CRITERION,CHANGED,customers/1487707588/adGroupCriteria/194724430511~1658825733112,customers/1487707588/campaigns/23468556621,customers/1487707588/adGroups/194724430511
2026-08-15 14:02:31.421665,AD_GROUP_CRITERION,CHANGED,customers/1487707588/adGroupCriteria/195707765470~1641588935412,customers/1487707588/campaigns/23478231493,customers/1487707588/adGroups/195707765470
2026-08-15 14:02:31.421665,AD_GROUP_CRITERION,CHANGED,customers/1487707588/adGroupCriteria/193899557756~2378842429843,customers/1487707588/campaigns/23619183073,customers/1487707588/adGroups/193899557756
2026-08-15 14:02:31.421665,AD_GROUP_CRITERION,CHANGED,customers/1487707588/adGroupCriteria/79422012193~490732345852,customers/1487707588/campaigns/6497492314,customers/1487707588/adGroups/79422012193
2026-08-15 14:02:31.421665,AD_GROUP_CRITERION,CHANGED,customers/1487707588/adGroupCriteria/79590535818~815974353528,customers/1487707588/campaigns/6500401405,customers/1487707588/adGroups/79590535818
2026-08-15 14:02:31.421665,AD_GROUP_CRITERION,CHANGED,customers/1487707588/adGroupCriteria/77766948883~525479088140,customers/1487707588/campaigns/6500532902,customers/1487707588/adGroups/77766948883
2026-08-15 14:02:31.421665,AD_GROUP_CRITERION,CHANGED,customers/1487707588/adGroupCriteria/77780424933~308695224947,customers/1487707588/campaigns/6500597660,customers/1487707588/adGroups/77780424933
2026-08-15 14:02:31.421665,AD_GROUP_CRITERION,CHANGED,customers/1487707588/adGroupCriteria/77780424933~489808283662,customers/1487707588/campaigns/6500597660,customers/1487707588/adGroups/77780424933
2026-08-15 14:02:31.421665,AD_GROUP_CRITERION,CHANGED,customers/1487707588/adGroupCriteria/77780424933~490510740209,customers/1487707588/campaigns/6500597660,customers/1487707588/adGroups/77780424933
2026-08-15 14:02:31.421665,AD_GROUP_CRITERION,CHANGED,customers/1487707588/adGroupCriteria/78062955596~498129124740,customers/1487707588/campaigns/6500621189,customers/1487707588/adGroups/78062955596
2026-08-15 14:02:31.421665,AD_GROUP_CRITERION,CHANGED,customers/1487707588/adGroupCriteria/78062955596~498129125180,customers/1487707588/campaigns/6500621189,customers/1487707588/adGroups/78062955596
2026-08-15 14:02:31.421665,AD_GROUP_CRITERION,CHANGED,customers/1487707588/adGroupCriteria/77533285905~816052010528,customers/1487707588/campaigns/6500794987,customers/1487707588/adGroups/77533285905
2026-08-15 14:02:31.421665,AD_GROUP_CRITERION,CHANGED,customers/1487707588/adGroupCriteria/77533285905~816052013888,customers/1487707588/campaigns/6500794987,customers/1487707588/adGroups/77533285905
2026-08-15 14:02:31.421665,AD_GROUP_CRITERION,CHANGED,customers/1487707588/adGroupCriteria/77533285905~816052017328,customers/1487707588/campaigns/6500794987,customers/1487707588/adGroups/77533285905
2026-08-15 14:02:31.421665,AD_GROUP_CRITERION,CHANGED,customers/1487707588/adGroupCriteria/78447843592~817261405831,customers/1487707588/campaigns/6501111593,customers/1487707588/adGroups/78447843592
2026-08-15 14:02:31.421665,AD_GROUP_CRITERION,CHANGED,customers/1487707588/adGroupCriteria/83700672168~490969734363,customers/1487707588/campaigns/6502676792,customers/1487707588/adGroups/83700672168
2026-08-15 14:02:31.421665,AD_GROUP_CRITERION,CHANGED,customers/1487707588/adGroupCriteria/83700672168~511303891394,customers/1487707588/campaigns/6502676792,customers/1487707588/adGroups/83700672168
2026-08-15 14:02:31.421665,AD_GROUP_CRITERION,CHANGED,customers/1487707588/adGroupCriteria/78472262392~408743740757,customers/1487707588/campaigns/6502702945,customers/1487707588/adGroups/78472262392
2026-08-15 14:02:31.421665,AD_GROUP_CRITERION,CHANGED,customers/1487707588/adGroupCriteria/78472262392~818126288555,customers/1487707588/campaigns/6502702945,customers/1487707588/adGroups/78472262392
2026-08-15 14:02:31.421665,AD_GROUP_CRITERION,CHANGED,customers/1487707588/adGroupCriteria/78460506139~485261827346,customers/1487707588/campaigns/6502804027,customers/1487707588/adGroups/78460506139
2026-08-15 14:02:31.421665,AD_GROUP_CRITERION,CHANGED,customers/1487707588/adGroupCriteria/78460506139~494865424707,customers/1487707588/campaigns/6502804027,customers/1487707588/adGroups/78460506139
2026-08-15 14:02:31.421665,AD_GROUP_CRITERION,CHANGED,customers/1487707588/adGroupCriteria/80881258711~490103075885,customers/1487707588/campaigns/6503014713,customers/1487707588/adGroups/80881258711
2026-08-15 13:20:49.440294,AD_GROUP_AD,CHANGED,customers/1487707588/adGroupAds/192099072219~799809339994,customers/1487707588/campaigns/23468574954,customers/1487707588/adGroups/192099072219
2026-08-15 13:20:49.440294,AD_GROUP_AD,CHANGED,customers/1487707588/adGroupAds/193437338762~793537657596,customers/1487707588/campaigns/23478262294,customers/1487707588/adGroups/193437338762
2026-08-15 13:20:49.440294,AD_GROUP_AD,CHANGED,customers/1487707588/adGroupAds/191152991225~799809339826,customers/1487707588/campaigns/6496821254,customers/1487707588/adGroups/191152991225
2026-08-14 23:25:03.509402,AD_GROUP_AD,CHANGED,customers/1487707588/adGroupAds/154917284156~799809339970,customers/1487707588/campaigns/20702215351,customers/1487707588/adGroups/154917284156
2026-08-14 23:25:03.509402,AD_GROUP_AD,CHANGED,customers/1487707588/adGroupAds/194846353335~801180022449,customers/1487707588/campaigns/23478160315,customers/1487707588/adGroups/194846353335
2026-08-14 23:25:03.509402,AD_GROUP_AD,CHANGED,customers/1487707588/adGroupAds/198596624624~799809340018,customers/1487707588/campaigns/23478160315,customers/1487707588/adGroups/198596624624
2026-08-14 00:36:43.938573,AD_GROUP_AD,CHANGED,customers/1487707588/adGroupAds/155384660552~677826611953,customers/1487707588/campaigns/20691357994,customers/1487707588/adGroups/155384660552
2026-08-12 22:21:42.137772,CAMPAIGN,CHANGED,customers/1487707588/campaigns/23994999502,customers/1487707588/campaigns/23994999502,
2026-08-12 20:23:13.409459,AD_GROUP_AD,CHANGED,customers/1487707588/adGroupAds/194378322893~801084152799,customers/1487707588/campaigns/23473611323,customers/1487707588/adGroups/194378322893
2026-08-12 20:23:13.409459,AD_GROUP_AD,CHANGED,customers/1487707588/adGroupAds/194933381034~793426032417,customers/1487707588/campaigns/23473611323,customers/1487707588/adGroups/194933381034
2026-08-12 04:55:14.980738,AD_GROUP_CRITERION,CHANGED,customers/1487707588/adGroupCriteria/57915591996~485614082539,customers/1487707588/campaigns/1501965597,customers/1487707588/adGroups/57915591996
2026-08-12 04:55:14.980738,AD_GROUP_CRITERION,CHANGED,customers/1487707588/adGroupCriteria/57915591996~485614085459,customers/1487707588/campaigns/1501965597,customers/1487707588/adGroups/57915591996
2026-08-12 04:55:14.980738,AD_GROUP_CRITERION,CHANGED,customers/1487707588/adGroupCriteria/57915591996~485614086899,customers/1487707588/campaigns/1501965597,customers/1487707588/adGroups/57915591996
2026-08-12 04:55:14.980738,AD_GROUP_CRITERION,CHANGED,customers/1487707588/adGroupCriteria/57915591996~486841407043,customers/1487707588/campaigns/1501965597,customers/1487707588/adGroups/57915591996
2026-08-12 04:55:14.980738,AD_GROUP_CRITERION,CHANGED,customers/1487707588/adGroupCriteria/57915591996~486841417643,customers/1487707588/campaigns/1501965597,customers/1487707588/adGroups/57915591996
2026-08-12 04:55:14.980738,AD_GROUP_CRITERION,CHANGED,customers/1487707588/adGroupCriteria/57915591996~486841419483,customers/1487707588/campaigns/1501965597,customers/1487707588/adGroups/57915591996
2026-08-12 04:55:14.980738,AD_GROUP_CRITERION,CHANGED,customers/1487707588/adGroupCriteria/57915591996~486841425043,customers/1487707588/campaigns/1501965597,customers/1487707588/adGroups/57915591996
2026-08-12 04:55:14.980738,AD_GROUP_CRITERION,CHANGED,customers/1487707588/adGroupCriteria/57915591996~486841425483,customers/1487707588/campaigns/1501965597,customers/1487707588/adGroups/57915591996
2026-08-12 04:55:14.980738,AD_GROUP_CRITERION,CHANGED,customers/1487707588/adGroupCriteria/57915591996~578134026872,customers/1487707588/campaigns/1501965597,customers/1487707588/adGroups/57915591996
2026-08-12 04:55:14.980738,AD_GROUP_CRITERION,CHANGED,customers/1487707588/adGroupCriteria/55393850302~486927992045,customers/1487707588/campaigns/1502689139,customers/1487707588/adGroups/55393850302
2026-08-12 04:55:14.980738,AD_GROUP_CRITERION,CHANGED,customers/1487707588/adGroupCriteria/59017661238~490732349012,customers/1487707588/campaigns/1502995588,customers/1487707588/adGroups/59017661238
2026-08-12 04:55:14.980738,AD_GROUP_CRITERION,CHANGED,customers/1487707588/adGroupCriteria/59017661238~490732357172,customers/1487707588/campaigns/1502995588,customers/1487707588/adGroups/59017661238
2026-08-12 04:55:14.980738,AD_GROUP_CRITERION,CHANGED,customers/1487707588/adGroupCriteria/59017661238~490732361932,customers/1487707588/campaigns/1502995588,customers/1487707588/adGroups/59017661238
2026-08-12 04:55:14.980738,AD_GROUP_CRITERION,CHANGED,customers/1487707588/adGroupCriteria/56046739137~343610066619,customers/1487707588/campaigns/1503204868,customers/1487707588/adGroups/56046739137
2026-08-12 04:55:14.980738,AD_GROUP_CRITERION,CHANGED,customers/1487707588/adGroupCriteria/56046739137~487000481882,customers/1487707588/campaigns/1503204868,customers/1487707588/adGroups/56046739137
2026-08-12 04:55:14.980738,AD_GROUP_CRITERION,CHANGED,customers/1487707588/adGroupCriteria/61625830487~503369199523,customers/1487707588/campaigns/1503752621,customers/1487707588/adGroups/61625830487
2026-08-12 04:55:14.980738,AD_GROUP_CRITERION,CHANGED,customers/1487707588/adGroupCriteria/58103458516~487353557985,customers/1487707588/campaigns/1507148387,customers/1487707588/adGroups/58103458516
2026-08-12 04:55:14.980738,AD_GROUP_CRITERION,CHANGED,customers/1487707588/adGroupCriteria/58103458516~487353558145,customers/1487707588/campaigns/1507148387,customers/1487707588/adGroups/58103458516
2026-08-12 04:55:14.980738,AD_GROUP_CRITERION,CHANGED,customers/1487707588/adGroupCriteria/58103458516~489498876435,customers/1487707588/campaigns/1507148387,customers/1487707588/adGroups/58103458516
2026-08-12 04:55:14.980738,AD_GROUP_CRITERION,CHANGED,customers/1487707588/adGroupCriteria/58103458516~489498876475,customers/1487707588/campaigns/1507148387,customers/1487707588/adGroups/58103458516
2026-08-12 04:55:14.980738,AD_GROUP_CRITERION,CHANGED,customers/1487707588/adGroupCriteria/58103502676~305570191572,customers/1487707588/campaigns/1507148387,customers/1487707588/adGroups/58103502676
2026-08-12 04:55:14.980738,AD_GROUP_CRITERION,CHANGED,customers/1487707588/adGroupCriteria/58103502676~305570193972,customers/1487707588/campaigns/1507148387,customers/1487707588/adGroups/58103502676
2026-08-12 04:55:14.980738,AD_GROUP_CRITERION,CHANGED,customers/1487707588/adGroupCriteria/58103502676~485065471416,customers/1487707588/campaigns/1507148387,customers/1487707588/adGroups/58103502676
2026-08-12 04:55:14.980738,AD_GROUP_CRITERION,CHANGED,customers/1487707588/adGroupCriteria/53532455410~487353557985,customers/1487707588/campaigns/1507158668,customers/1487707588/adGroups/53532455410
2026-08-12 04:55:14.980738,AD_GROUP_CRITERION,CHANGED,customers/1487707588/adGroupCriteria/53532455410~487353558145,customers/1487707588/campaigns/1507158668,customers/1487707588/adGroups/53532455410
2026-08-12 04:55:14.980738,AD_GROUP_CRITERION,CHANGED,customers/1487707588/adGroupCriteria/53532455410~489498876435,customers/1487707588/campaigns/1507158668,customers/1487707588/adGroups/53532455410
2026-08-12 04:55:14.980738,AD_GROUP_CRITERION,CHANGED,customers/1487707588/adGroupCriteria/53532455410~489498876475,customers/1487707588/campaigns/1507158668,customers/1487707588/adGroups/53532455410
2026-08-12 04:55:14.980738,AD_GROUP_CRITERION,CHANGED,customers/1487707588/adGroupCriteria/60924850467~305570191572,customers/1487707588/campaigns/1507158668,customers/1487707588/adGroups/60924850467
2026-08-12 04:55:14.980738,AD_GROUP_CRITERION,CHANGED,customers/1487707588/adGroupCriteria/60924850467~305570193972,customers/1487707588/campaigns/1507158668,customers/1487707588/adGroups/60924850467
2026-08-12 04:55:14.980738,AD_GROUP_CRITERION,CHANGED,customers/1487707588/adGroupCriteria/60924850467~485065471416,customers/1487707588/campaigns/1507158668,customers/1487707588/adGroups/60924850467
2026-08-12 04:55:14.980738,AD_GROUP_CRITERION,CHANGED,customers/1487707588/adGroupCriteria/58540664139~491614753155,customers/1487707588/campaigns/1512480885,customers/1487707588/adGroups/58540664139
2026-08-12 04:55:14.980738,AD_GROUP_CRITERION,CHANGED,customers/1487707588/adGroupCriteria/129652482156~2200950235112,customers/1487707588/campaigns/15210620317,customers/1487707588/adGroups/129652482156
2026-08-12 04:55:14.980738,AD_GROUP_CRITERION,CHANGED,customers/1487707588/adGroupCriteria/129652483396~1233801193119,customers/1487707588/campaigns/15210620323,customers/1487707588/adGroups/129652483396
2026-08-12 04:55:14.980738,AD_GROUP_CRITERION,CHANGED,customers/1487707588/adGroupCriteria/129652483396~335833315165,customers/1487707588/campaigns/15210620323,customers/1487707588/adGroups/129652483396
2026-08-12 04:55:14.980738,AD_GROUP_CRITERION,CHANGED,customers/1487707588/adGroupCriteria/129652483396~359644708471,customers/1487707588/campaigns/15210620323,customers/1487707588/adGroups/129652483396
2026-08-12 04:55:14.980738,AD_GROUP_CRITERION,CHANGED,customers/1487707588/adGroupCriteria/129652483596~1233801192959,customers/1487707588/campaigns/15210620323,customers/1487707588/adGroups/129652483596
2026-08-12 04:55:14.980738,AD_GROUP_CRITERION,CHANGED,customers/1487707588/adGroupCriteria/129652483596~1233801193199,customers/1487707588/campaigns/15210620323,customers/1487707588/adGroups/129652483596
2026-08-12 04:55:14.980738,AD_GROUP_CRITERION,CHANGED,customers/1487707588/adGroupCriteria/129652483596~1722473012301,customers/1487707588/campaigns/15210620323,customers/1487707588/adGroups/129652483596
2026-08-12 04:55:14.980738,AD_GROUP_CRITERION,CHANGED,customers/1487707588/adGroupCriteria/129652483596~393056958132,customers/1487707588/campaigns/15210620323,customers/1487707588/adGroups/129652483596
2026-08-12 04:55:14.980738,AD_GROUP_CRITERION,CHANGED,customers/1487707588/adGroupCriteria/129652483596~512391632819,customers/1487707588/campaigns/15210620323,customers/1487707588/adGroups/129652483596
2026-08-12 04:55:14.980738,AD_GROUP_CRITERION,CHANGED,customers/1487707588/adGroupCriteria/129652483596~832885137746,customers/1487707588/campaigns/15210620323,customers/1487707588/adGroups/129652483596
2026-08-12 04:55:14.980738,AD_GROUP_CRITERION,CHANGED,customers/1487707588/adGroupCriteria/129652485276~1463565420941,customers/1487707588/campaigns/15210620329,customers/1487707588/adGroups/129652485276
2026-08-12 04:55:14.980738,AD_GROUP_CRITERION,CHANGED,customers/1487707588/adGroupCriteria/129652485276~1480196341404,customers/1487707588/campaigns/15210620329,customers/1487707588/adGroups/129652485276
2026-08-12 04:55:14.980738,AD_GROUP_CRITERION,CHANGED,customers/1487707588/adGroupCriteria/129652485276~333434571107,customers/1487707588/campaigns/15210620329,customers/1487707588/adGroups/129652485276
2026-08-12 04:55:14.980738,AD_GROUP_CRITERION,CHANGED,customers/1487707588/adGroupCriteria/129652485356~378301854635,customers/1487707588/campaigns/15210620329,customers/1487707588/adGroups/129652485356
2026-08-12 04:55:14.980738,AD_GROUP_CRITERION,CHANGED,customers/1487707588/adGroupCriteria/127978921885~1233801193119,customers/1487707588/campaigns/15226797729,customers/1487707588/adGroups/127978921885
2026-08-12 04:55:14.980738,AD_GROUP_CRITERION,CHANGED,customers/1487707588/adGroupCriteria/127978921885~335833315165,customers/1487707588/campaigns/15226797729,customers/1487707588/adGroups/127978921885
2026-08-12 04:55:14.980738,AD_GROUP_CRITERION,CHANGED,customers/1487707588/adGroupCriteria/57729575745~487011617471,customers/1487707588/campaigns/1523067835,customers/1487707588/adGroups/57729575745
2026-08-12 04:55:14.980738,AD_GROUP_CRITERION,CHANGED,customers/1487707588/adGroupCriteria/57729575745~511303891194,customers/1487707588/campaigns/1523067835,customers/1487707588/adGroups/57729575745
2026-08-12 04:55:14.980738,AD_GROUP_CRITERION,CHANGED,customers/1487707588/adGroupCriteria/65129113384~489261198696,customers/1487707588/campaigns/1523314312,customers/1487707588/adGroups/65129113384
2026-08-12 04:55:14.980738,AD_GROUP_CRITERION,CHANGED,customers/1487707588/adGroupCriteria/57774070785~345099322511,customers/1487707588/campaigns/1524061154,customers/1487707588/adGroups/57774070785
2026-08-12 04:55:14.980738,AD_GROUP_CRITERION,CHANGED,customers/1487707588/adGroupCriteria/66800367068~492505692948,customers/1487707588/campaigns/1524082982,customers/1487707588/adGroups/66800367068
2026-08-12 04:55:14.980738,AD_GROUP_CRITERION,CHANGED,customers/1487707588/adGroupCriteria/66800367068~492505693108,customers/1487707588/campaigns/1524082982,customers/1487707588/adGroups/66800367068
2026-08-12 04:55:14.980738,AD_GROUP_CRITERION,CHANGED,customers/1487707588/adGroupCriteria/66800367068~492505693188,customers/1487707588/campaigns/1524082982,customers/1487707588/adGroups/66800367068
2026-08-12 04:55:14.980738,AD_GROUP_CRITERION,CHANGED,customers/1487707588/adGroupCriteria/66806896508~492505693108,customers/1487707588/campaigns/1524597242,customers/1487707588/adGroups/66806896508
2026-08-12 04:55:14.980738,AD_GROUP_CRITERION,CHANGED,customers/1487707588/adGroupCriteria/58351410876~345099322511,customers/1487707588/campaigns/1524912136,customers/1487707588/adGroups/58351410876
2026-08-12 04:55:14.980738,AD_GROUP_CRITERION,CHANGED,customers/1487707588/adGroupCriteria/57928495603~492505692948,customers/1487707588/campaigns/1525056177,customers/1487707588/adGroups/57928495603
2026-08-12 04:55:14.980738,AD_GROUP_CRITERION,CHANGED,customers/1487707588/adGroupCriteria/57928495603~492505693108,customers/1487707588/campaigns/1525056177,customers/1487707588/adGroups/57928495603
2026-08-12 04:55:14.980738,AD_GROUP_CRITERION,CHANGED,customers/1487707588/adGroupCriteria/57928495603~492505693188,customers/1487707588/campaigns/1525056177,customers/1487707588/adGroups/57928495603
2026-08-12 04:55:14.980738,AD_GROUP_CRITERION,CHANGED,customers/1487707588/adGroupCriteria/57797823025~490055164686,customers/1487707588/campaigns/1525671247,customers/1487707588/adGroups/57797823025
2026-08-12 04:55:14.980738,AD_GROUP_CRITERION,CHANGED,customers/1487707588/adGroupCriteria/58685442656~487011617471,customers/1487707588/campaigns/1527533704,customers/1487707588/adGroups/58685442656
2026-08-12 04:55:14.980738,AD_GROUP_CRITERION,CHANGED,customers/1487707588/adGroupCriteria/58685442656~511303891194,customers/1487707588/campaigns/1527533704,customers/1487707588/adGroups/58685442656
2026-08-12 04:55:14.980738,AD_GROUP_CRITERION,CHANGED,customers/1487707588/adGroupCriteria/61309525674~489076236910,customers/1487707588/campaigns/1527604483,customers/1487707588/adGroups/61309525674
2026-08-12 04:55:14.980738,AD_GROUP_CRITERION,CHANGED,customers/1487707588/adGroupCriteria/61309525674~490517987745,customers/1487707588/campaigns/1527604483,customers/1487707588/adGroups/61309525674
2026-08-12 04:55:14.980738,AD_GROUP_CRITERION,CHANGED,customers/1487707588/adGroupCriteria/57999618643~491614751955,customers/1487707588/campaigns/1528200156,customers/1487707588/adGroups/57999618643
2026-08-12 04:55:14.980738,AD_GROUP_CRITERION,CHANGED,customers/1487707588/adGroupCriteria/57999618643~491614753155,customers/1487707588/campaigns/1528200156,customers/1487707588/adGroups/57999618643
2026-08-12 04:55:14.980738,AD_GROUP_CRITERION,CHANGED,customers/1487707588/adGroupCriteria/57999618643~493571877278,customers/1487707588/campaigns/1528200156,customers/1487707588/adGroups/57999618643
2026-08-12 04:55:14.980738,AD_GROUP_CRITERION,CHANGED,customers/1487707588/adGroupCriteria/58417564036~489076236910,customers/1487707588/campaigns/1528237359,customers/1487707588/adGroups/58417564036
2026-08-12 04:55:14.980738,AD_GROUP_CRITERION,CHANGED,customers/1487707588/adGroupCriteria/58417564036~490517987745,customers/1487707588/campaigns/1528237359,customers/1487707588/adGroups/58417564036
2026-08-12 04:55:14.980738,AD_GROUP_CRITERION,CHANGED,customers/1487707588/adGroupCriteria/58149636443~520049995434,customers/1487707588/campaigns/1533335230,customers/1487707588/adGroups/58149636443
2026-08-12 04:55:14.980738,AD_GROUP_CRITERION,CHANGED,customers/1487707588/adGroupCriteria/58149636443~520050001394,customers/1487707588/campaigns/1533335230,customers/1487707588/adGroups/58149636443
2026-08-12 04:55:14.980738,AD_GROUP_CRITERION,CHANGED,customers/1487707588/adGroupCriteria/58149636443~520050004794,customers/1487707588/campaigns/1533335230,customers/1487707588/adGroups/58149636443
2026-08-12 04:55:14.980738,AD_GROUP_CRITERION,CHANGED,customers/1487707588/adGroupCriteria/58893548379~525803366364,customers/1487707588/campaigns/1533538750,customers/1487707588/adGroups/58893548379
2026-08-12 04:55:14.980738,AD_GROUP_CRITERION,CHANGED,customers/1487707588/adGroupCriteria/57991790789~485614082539,customers/1487707588/campaigns/1533705109,customers/1487707588/adGroups/57991790789
2026-08-12 04:55:14.980738,AD_GROUP_CRITERION,CHANGED,customers/1487707588/adGroupCriteria/57020525405~494780955816,customers/1487707588/campaigns/1533852867,customers/1487707588/adGroups/57020525405
2026-08-12 04:55:14.980738,AD_GROUP_CRITERION,CHANGED,customers/1487707588/adGroupCriteria/57020525405~494780956736,customers/1487707588/campaigns/1533852867,customers/1487707588/adGroups/57020525405
2026-08-12 04:55:14.980738,AD_GROUP_CRITERION,CHANGED,customers/1487707588/adGroupCriteria/57020525405~494780959176,customers/1487707588/campaigns/1533852867,customers/1487707588/adGroups/57020525405
2026-08-12 04:55:14.980738,AD_GROUP_CRITERION,CHANGED,customers/1487707588/adGroupCriteria/57020525405~494865424227,customers/1487707588/campaigns/1533852867,customers/1487707588/adGroups/57020525405
2026-08-12 04:55:14.980738,AD_GROUP_CRITERION,CHANGED,customers/1487707588/adGroupCriteria/57020525405~494865427187,customers/1487707588/campaigns/1533852867,customers/1487707588/adGroups/57020525405
2026-08-12 04:55:14.980738,AD_GROUP_CRITERION,CHANGED,customers/1487707588/adGroupCriteria/57020525405~494865428827,customers/1487707588/campaigns/1533852867,customers/1487707588/adGroups/57020525405
2026-08-12 04:55:14.980738,AD_GROUP_CRITERION,CHANGED,customers/1487707588/adGroupCriteria/57020525405~494865435347,customers/1487707588/campaigns/1533852867,customers/1487707588/adGroups/57020525405
2026-08-12 04:55:14.980738,AD_GROUP_CRITERION,CHANGED,customers/1487707588/adGroupCriteria/57020525405~494865438227,customers/1487707588/campaigns/1533852867,customers/1487707588/adGroups/57020525405
2026-08-12 04:55:14.980738,AD_GROUP_CRITERION,CHANGED,customers/1487707588/adGroupCriteria/57020525405~494865438427,customers/1487707588/campaigns/1533852867,customers/1487707588/adGroups/57020525405
2026-08-12 04:55:14.980738,AD_GROUP_CRITERION,CHANGED,customers/1487707588/adGroupCriteria/65446356864~498797402040,customers/1487707588/campaigns/1534544573,customers/1487707588/adGroups/65446356864
2026-08-12 04:55:14.980738,AD_GROUP_CRITERION,CHANGED,customers/1487707588/adGroupCriteria/65446356864~498797402120,customers/1487707588/campaigns/1534544573,customers/1487707588/adGroups/65446356864
2026-08-12 04:55:14.980738,AD_GROUP_CRITERION,CHANGED,customers/1487707588/adGroupCriteria/65446356864~498797402360,customers/1487707588/campaigns/1534544573,customers/1487707588/adGroups/65446356864
2026-08-12 04:55:14.980738,AD_GROUP_CRITERION,CHANGED,customers/1487707588/adGroupCriteria/65446356864~498797402560,customers/1487707588/campaigns/1534544573,customers/1487707588/adGroups/65446356864
2026-08-12 04:55:14.980738,AD_GROUP_CRITERION,CHANGED,customers/1487707588/adGroupCriteria/61509160234~499629979601,customers/1487707588/campaigns/1534674125,customers/1487707588/adGroups/61509160234
2026-08-12 04:55:14.980738,AD_GROUP_CRITERION,CHANGED,customers/1487707588/adGroupCriteria/61509160234~499629984121,customers/1487707588/campaigns/1534674125,customers/1487707588/adGroups/61509160234
2026-08-12 04:55:14.980738,AD_GROUP_CRITERION,CHANGED,customers/1487707588/adGroupCriteria/61509160234~499629987281,customers/1487707588/campaigns/1534674125,customers/1487707588/adGroups/61509160234
2026-08-12 04:55:14.980738,AD_GROUP_CRITERION,CHANGED,customers/1487707588/adGroupCriteria/58946275339~499629979601,customers/1487707588/campaigns/1534682870,customers/1487707588/adGroups/58946275339
2026-08-12 04:55:14.980738,AD_GROUP_CRITERION,CHANGED,customers/1487707588/adGroupCriteria/58946275339~499629984121,customers/1487707588/campaigns/1534682870,customers/1487707588/adGroups/58946275339
2026-08-12 04:55:14.980738,AD_GROUP_CRITERION,CHANGED,customers/1487707588/adGroupCriteria/58946275339~499629987281,customers/1487707588/campaigns/1534682870,customers/1487707588/adGroups/58946275339
2026-08-12 04:55:14.980738,AD_GROUP_CRITERION,CHANGED,customers/1487707588/adGroupCriteria/56725974617~499934435513,customers/1487707588/campaigns/1534719095,customers/1487707588/adGroups/56725974617
2026-08-12 04:55:14.980738,AD_GROUP_CRITERION,CHANGED,customers/1487707588/adGroupCriteria/56725974617~550941130277,customers/1487707588/campaigns/1534719095,customers/1487707588/adGroups/56725974617
2026-08-12 04:55:14.980738,AD_GROUP_CRITERION,CHANGED,customers/1487707588/adGroupCriteria/126931097021~2008888337703,customers/1487707588/campaigns/15347327504,customers/1487707588/adGroups/126931097021
2026-08-12 04:55:14.980738,AD_GROUP_CRITERION,CHANGED,customers/1487707588/adGroupCriteria/126931098221~1463785965249,customers/1487707588/campaigns/15347327507,customers/1487707588/adGroups/126931098221
2026-08-12 04:55:14.980738,AD_GROUP_CRITERION,CHANGED,customers/1487707588/adGroupCriteria/126931098221~1465127675259,customers/1487707588/campaigns/15347327507,customers/1487707588/adGroups/126931098221
2026-08-12 04:55:14.980738,AD_GROUP_CRITERION,CHANGED,customers/1487707588/adGroupCriteria/126931098221~2009338192440,customers/1487707588/campaigns/15347327507,customers/1487707588/adGroups/126931098221
2026-08-12 04:55:14.980738,AD_GROUP_CRITERION,CHANGED,customers/1487707588/adGroupCriteria/126931101581~1463785958089,customers/1487707588/campaigns/15347327516,customers/1487707588/adGroups/126931101581
2026-08-12 04:55:14.980738,AD_GROUP_CRITERION,CHANGED,customers/1487707588/adGroupCriteria/126931101581~2006879601056,customers/1487707588/campaigns/15347327516,customers/1487707588/adGroups/126931101581
2026-08-12 04:55:14.980738,AD_GROUP_CRITERION,CHANGED,customers/1487707588/adGroupCriteria/126931101581~393056977132,customers/1487707588/campaigns/15347327516,customers/1487707588/adGroups/126931101581
2026-08-12 04:55:14.980738,AD_GROUP_CRITERION,CHANGED,customers/1487707588/adGroupCriteria/126931102541~1463525312340,customers/1487707588/campaigns/15347327519,customers/1487707588/adGroups/126931102541
2026-08-12 04:55:14.980738,AD_GROUP_CRITERION,CHANGED,customers/1487707588/adGroupCriteria/126931102541~1463525312620,customers/1487707588/campaigns/15347327519,customers/1487707588/adGroups/126931102541
2026-08-12 04:55:14.980738,AD_GROUP_CRITERION,CHANGED,customers/1487707588/adGroupCriteria/126931102541~2008888406623,customers/1487707588/campaigns/15347327519,customers/1487707588/adGroups/126931102541
2026-08-12 04:55:14.980738,AD_GROUP_CRITERION,CHANGED,customers/1487707588/adGroupCriteria/126931104421~2007222509986,customers/1487707588/campaigns/15347327648,customers/1487707588/adGroups/126931104421
2026-08-12 04:55:14.980738,AD_GROUP_CRITERION,CHANGED,customers/1487707588/adGroupCriteria/59699954398~498797402040,customers/1487707588/campaigns/1534797817,customers/1487707588/adGroups/59699954398
2026-08-12 04:55:14.980738,AD_GROUP_CRITERION,CHANGED,customers/1487707588/adGroupCriteria/59699954398~498797402120,customers/1487707588/campaigns/1534797817,customers/1487707588/adGroups/59699954398
2026-08-12 04:55:14.980738,AD_GROUP_CRITERION,CHANGED,customers/1487707588/adGroupCriteria/59699954398~498797402360,customers/1487707588/campaigns/1534797817,customers/1487707588/adGroups/59699954398
2026-08-12 04:55:14.980738,AD_GROUP_CRITERION,CHANGED,customers/1487707588/adGroupCriteria/59699954398~498797402560,customers/1487707588/campaigns/1534797817,customers/1487707588/adGroups/59699954398
2026-08-12 04:55:14.980738,AD_GROUP_CRITERION,CHANGED,customers/1487707588/adGroupCriteria/61184398440~498129122540,customers/1487707588/campaigns/1534925956,customers/1487707588/adGroups/61184398440
2026-08-12 04:55:14.980738,AD_GROUP_CRITERION,CHANGED,customers/1487707588/adGroupCriteria/60252780164~499934435513,customers/1487707588/campaigns/1534977487,customers/1487707588/adGroups/60252780164
2026-08-12 04:55:14.980738,AD_GROUP_CRITERION,CHANGED,customers/1487707588/adGroupCriteria/60252780164~499934438113,customers/1487707588/campaigns/1534977487,customers/1487707588/adGroups/60252780164
2026-08-12 04:55:14.980738,AD_GROUP_CRITERION,CHANGED,customers/1487707588/adGroupCriteria/60252780164~550941130277,customers/1487707588/campaigns/1534977487,customers/1487707588/adGroups/60252780164
2026-08-12 04:55:14.980738,AD_GROUP_CRITERION,CHANGED,customers/1487707588/adGroupCriteria/54063210610~511303891194,customers/1487707588/campaigns/1535501487,customers/1487707588/adGroups/54063210610
2026-08-12 04:55:14.980738,AD_GROUP_CRITERION,CHANGED,customers/1487707588/adGroupCriteria/58051837345~492505693108,customers/1487707588/campaigns/1535507268,customers/1487707588/adGroups/58051837345
2026-08-12 04:55:14.980738,AD_GROUP_CRITERION,CHANGED,customers/1487707588/adGroupCriteria/58051837345~500124653196,customers/1487707588/campaigns/1535507268,customers/1487707588/adGroups/58051837345
2026-08-12 04:55:14.980738,AD_GROUP_CRITERION,CHANGED,customers/1487707588/adGroupCriteria/58051837345~500124654236,customers/1487707588/campaigns/1535507268,customers/1487707588/adGroups/58051837345
2026-08-12 04:55:14.980738,AD_GROUP_CRITERION,CHANGED,customers/1487707588/adGroupCriteria/60141701938~499934435513,customers/1487707588/campaigns/1535634879,customers/1487707588/adGroups/60141701938
2026-08-12 04:55:14.980738,AD_GROUP_CRITERION,CHANGED,customers/1487707588/adGroupCriteria/60141701938~499934438113,customers/1487707588/campaigns/1535634879,customers/1487707588/adGroups/60141701938
2026-08-12 04:55:14.980738,AD_GROUP_CRITERION,CHANGED,customers/1487707588/adGroupCriteria/60141701938~550941130277,customers/1487707588/campaigns/1535634879,customers/1487707588/adGroups/60141701938
2026-08-12 04:55:14.980738,AD_GROUP_CRITERION,CHANGED,customers/1487707588/adGroupCriteria/126040688610~1514630379827,customers/1487707588/campaigns/15512198777,customers/1487707588/adGroups/126040688610
2026-08-12 04:55:14.980738,AD_GROUP_CRITERION,CHANGED,customers/1487707588/adGroupCriteria/126040688610~370794639081,customers/1487707588/campaigns/15512198777,customers/1487707588/adGroups/126040688610
2026-08-12 04:55:14.980738,AD_GROUP_CRITERION,CHANGED,customers/1487707588/adGroupCriteria/126040688770~325969595448,customers/1487707588/campaigns/15512198777,customers/1487707588/adGroups/126040688770
2026-08-12 04:55:14.980738,AD_GROUP_CRITERION,CHANGED,customers/1487707588/adGroupCriteria/126040688770~327292980624,customers/1487707588/campaigns/15512198777,customers/1487707588/adGroups/126040688770
2026-08-12 04:55:14.980738,AD_GROUP_CRITERION,CHANGED,customers/1487707588/adGroupCriteria/64728837731~516247678790,customers/1487707588/campaigns/1553333728,customers/1487707588/adGroups/64728837731
2026-08-12 04:55:14.980738,AD_GROUP_CRITERION,CHANGED,customers/1487707588/adGroupCriteria/60554171218~541094368234,customers/1487707588/campaigns/1553532690,customers/1487707588/adGroups/60554171218
2026-08-12 04:55:14.980738,AD_GROUP_CRITERION,CHANGED,customers/1487707588/adGroupCriteria/130854150679~317258429515,customers/1487707588/campaigns/15705786849,customers/1487707588/adGroups/130854150679
2026-08-12 04:55:14.980738,AD_GROUP_CRITERION,CHANGED,customers/1487707588/adGroupCriteria/130854153119~1570521504160,customers/1487707588/campaigns/15705786861,customers/1487707588/adGroups/130854153119
2026-08-12 04:55:14.980738,AD_GROUP_CRITERION,CHANGED,customers/1487707588/adGroupCriteria/130854153119~1570521509240,customers/1487707588/campaigns/15705786861,customers/1487707588/adGroups/130854153119
2026-08-12 04:55:14.980738,AD_GROUP_CRITERION,CHANGED,customers/1487707588/adGroupCriteria/130854153119~2009527613904,customers/1487707588/campaigns/15705786861,customers/1487707588/adGroups/130854153119
2026-08-12 04:55:14.980738,AD_GROUP_CRITERION,CHANGED,customers/1487707588/adGroupCriteria/137740451921~1641467232941,customers/1487707588/campaigns/15705786861,customers/1487707588/adGroups/137740451921
2026-08-12 04:55:14.980738,AD_GROUP_CRITERION,CHANGED,customers/1487707588/adGroupCriteria/137740451921~325914152065,customers/1487707588/campaigns/15705786861,customers/1487707588/adGroups/137740451921
2026-08-12 04:55:14.980738,AD_GROUP_CRITERION,CHANGED,customers/1487707588/adGroupCriteria/137740451921~389827532128,customers/1487707588/campaigns/15705786861,customers/1487707588/adGroups/137740451921
2026-08-12 04:55:14.980738,AD_GROUP_CRITERION,CHANGED,customers/1487707588/adGroupCriteria/137740452681~2009527618744,customers/1487707588/campaigns/15705786861,customers/1487707588/adGroups/137740452681
2026-08-12 04:55:14.980738,AD_GROUP_CRITERION,CHANGED,customers/1487707588/adGroupCriteria/137740452681~604024500425,customers/1487707588/campaigns/15705786861,customers/1487707588/adGroups/137740452681
2026-08-12 04:55:14.980738,AD_GROUP_CRITERION,CHANGED,customers/1487707588/adGroupCriteria/137740452681~632469589644,customers/1487707588/campaigns/15705786861,customers/1487707588/adGroups/137740452681
2026-08-12 04:55:14.980738,AD_GROUP_CRITERION,CHANGED,customers/1487707588/adGroupCriteria/130854153599~1463565420941,customers/1487707588/campaigns/15705786939,customers/1487707588/adGroups/130854153599
2026-08-12 04:55:14.980738,AD_GROUP_CRITERION,CHANGED,customers/1487707588/adGroupCriteria/130854153599~1480196341404,customers/1487707588/campaigns/15705786939,customers/1487707588/adGroups/130854153599
2026-08-12 04:55:14.980738,AD_GROUP_CRITERION,CHANGED,customers/1487707588/adGroupCriteria/130854153599~333434571107,customers/1487707588/campaigns/15705786939,customers/1487707588/adGroups/130854153599
2026-08-12 04:55:14.980738,AD_GROUP_CRITERION,CHANGED,customers/1487707588/adGroupCriteria/130854155239~1233801193119,customers/1487707588/campaigns/15705786939,customers/1487707588/adGroups/130854155239
2026-08-12 04:55:14.980738,AD_GROUP_CRITERION,CHANGED,customers/1487707588/adGroupCriteria/130854155239~335833315165,customers/1487707588/campaigns/15705786939,customers/1487707588/adGroups/130854155239
2026-08-12 04:55:14.980738,AD_GROUP_CRITERION,CHANGED,customers/1487707588/adGroupCriteria/130854155239~359644708471,customers/1487707588/campaigns/15705786939,customers/1487707588/adGroups/130854155239
2026-08-12 04:55:14.980738,AD_GROUP_CRITERION,CHANGED,customers/1487707588/adGroupCriteria/130854156639~1639583199057,customers/1487707588/campaigns/15705786939,customers/1487707588/adGroups/130854156639
2026-08-12 04:55:14.980738,AD_GROUP_CRITERION,CHANGED,customers/1487707588/adGroupCriteria/130854156639~1639583203177,customers/1487707588/campaigns/15705786939,customers/1487707588/adGroups/130854156639
2026-08-12 04:55:14.980738,AD_GROUP_CRITERION,CHANGED,customers/1487707588/adGroupCriteria/130854156639~2007076989086,customers/1487707588/campaigns/15705786939,customers/1487707588/adGroups/130854156639
2026-08-12 04:55:14.980738,AD_GROUP_CRITERION,CHANGED,customers/1487707588/adGroupCriteria/57683345457~525479086740,customers/1487707588/campaigns/1576639329,customers/1487707588/adGroups/57683345457
2026-08-12 04:55:14.980738,AD_GROUP_CRITERION,CHANGED,customers/1487707588/adGroupCriteria/60647136198~525479086740,customers/1487707588/campaigns/1576782379,customers/1487707588/adGroups/60647136198
2026-08-12 04:55:14.980738,AD_GROUP_CRITERION,CHANGED,customers/1487707588/adGroupCriteria/57683549897~525479086740,customers/1487707588/campaigns/1576805257,customers/1487707588/adGroups/57683549897
2026-08-12 04:55:14.980738,AD_GROUP_CRITERION,CHANGED,customers/1487707588/adGroupCriteria/58068405965~550941139877,customers/1487707588/campaigns/1578065024,customers/1487707588/adGroups/58068405965
2026-08-12 04:55:14.980738,AD_GROUP_CRITERION,CHANGED,customers/1487707588/adGroupCriteria/59616329476~526873883999,customers/1487707588/campaigns/1578121560,customers/1487707588/adGroups/59616329476
2026-08-12 04:55:14.980738,AD_GROUP_CRITERION,CHANGED,customers/1487707588/adGroupCriteria/63733266870~568017468674,customers/1487707588/campaigns/1581352049,customers/1487707588/adGroups/63733266870
2026-08-12 04:55:14.980738,AD_GROUP_CRITERION,CHANGED,customers/1487707588/adGroupCriteria/58835199814~343085160865,customers/1487707588/campaigns/1585897129,customers/1487707588/adGroups/58835199814
2026-08-12 04:55:14.980738,AD_GROUP_CRITERION,CHANGED,customers/1487707588/adGroupCriteria/58835199814~345724059788,customers/1487707588/campaigns/1585897129,customers/1487707588/adGroups/58835199814
2026-08-12 04:55:14.980738,AD_GROUP_CRITERION,CHANGED,customers/1487707588/adGroupCriteria/63817648727~539412154005,customers/1487707588/campaigns/1592710704,customers/1487707588/adGroups/63817648727
2026-08-12 04:55:14.980738,AD_GROUP_CRITERION,CHANGED,customers/1487707588/adGroupCriteria/63817648727~539412154725,customers/1487707588/campaigns/1592710704,customers/1487707588/adGroups/63817648727
2026-08-12 04:55:14.980738,AD_GROUP_CRITERION,CHANGED,customers/1487707588/adGroupCriteria/59940276453~539602283403,customers/1487707588/campaigns/1593385322,customers/1487707588/adGroups/59940276453
2026-08-12 04:55:14.980738,AD_GROUP_CRITERION,CHANGED,customers/1487707588/adGroupCriteria/61301090398~342130290709,customers/1487707588/campaigns/1593424454,customers/1487707588/adGroups/61301090398
2026-08-12 04:55:14.980738,AD_GROUP_CRITERION,CHANGED,customers/1487707588/adGroupCriteria/61301090398~342130290909,customers/1487707588/campaigns/1593424454,customers/1487707588/adGroups/61301090398
2026-08-12 04:55:14.980738,AD_GROUP_CRITERION,CHANGED,customers/1487707588/adGroupCriteria/59193480694~343249552070,customers/1487707588/campaigns/1593724756,customers/1487707588/adGroups/59193480694
2026-08-12 04:55:14.980738,AD_GROUP_CRITERION,CHANGED,customers/1487707588/adGroupCriteria/136019051961~2007322636683,customers/1487707588/campaigns/15939744855,customers/1487707588/adGroups/136019051961
2026-08-12 04:55:14.980738,AD_GROUP_CRITERION,CHANGED,customers/1487707588/adGroupCriteria/136019051961~406049449803,customers/1487707588/campaigns/15939744855,customers/1487707588/adGroups/136019051961
2026-08-12 04:55:14.980738,AD_GROUP_CRITERION,CHANGED,customers/1487707588/adGroupCriteria/136019051961~406049450043,customers/1487707588/campaigns/15939744855,customers/1487707588/adGroups/136019051961
2026-08-12 04:55:14.980738,AD_GROUP_CRITERION,CHANGED,customers/1487707588/adGroupCriteria/136019052121~1626298111324,customers/1487707588/campaigns/15939744855,customers/1487707588/adGroups/136019052121
2026-08-12 04:55:14.980738,AD_GROUP_CRITERION,CHANGED,customers/1487707588/adGroupCriteria/136019052121~2007322636483,customers/1487707588/campaigns/15939744855,customers/1487707588/adGroups/136019052121
2026-08-12 04:55:14.980738,AD_GROUP_CRITERION,CHANGED,customers/1487707588/adGroupCriteria/136019047401~443010067120,customers/1487707588/campaigns/15939744867,customers/1487707588/adGroups/136019047401
2026-08-12 04:55:14.980738,AD_GROUP_CRITERION,CHANGED,customers/1487707588/adGroupCriteria/136019047401~443438983904,customers/1487707588/campaigns/15939744867,customers/1487707588/adGroups/136019047401
2026-08-12 04:55:14.980738,AD_GROUP_CRITERION,CHANGED,customers/1487707588/adGroupCriteria/136019047401~927892045375,customers/1487707588/campaigns/15939744867,customers/1487707588/adGroups/136019047401
2026-08-12 04:55:14.980738,AD_GROUP_CRITERION,CHANGED,customers/1487707588/adGroupCriteria/136019047841~1586175660232,customers/1487707588/campaigns/15939744867,customers/1487707588/adGroups/136019047841
2026-08-12 04:55:14.980738,AD_GROUP_CRITERION,CHANGED,customers/1487707588/adGroupCriteria/136019049961~2008372038368,customers/1487707588/campaigns/15939744879,customers/1487707588/adGroups/136019049961
2026-08-12 04:55:14.980738,AD_GROUP_CRITERION,CHANGED,customers/1487707588/adGroupCriteria/136019051681~1596489057293,customers/1487707588/campaigns/15939745149,customers/1487707588/adGroups/136019051681
2026-08-12 04:55:14.980738,AD_GROUP_CRITERION,CHANGED,customers/1487707588/adGroupCriteria/136019051681~1596489066653,customers/1487707588/campaigns/15939745149,customers/1487707588/adGroups/136019051681
2026-08-12 04:55:14.980738,AD_GROUP_CRITERION,CHANGED,customers/1487707588/adGroupCriteria/136019051681~2006729860067,customers/1487707588/campaigns/15939745149,customers/1487707588/adGroups/136019051681
2026-08-12 04:55:14.980738,AD_GROUP_CRITERION,CHANGED,customers/1487707588/adGroupCriteria/67357255664~343085160865,customers/1487707588/campaigns/1599461664,customers/1487707588/adGroups/67357255664
2026-08-12 04:55:14.980738,AD_GROUP_CRITERION,CHANGED,customers/1487707588/adGroupCriteria/67357255664~345724059788,customers/1487707588/campaigns/1599461664,customers/1487707588/adGroups/67357255664
2026-08-12 04:55:14.980738,AD_GROUP_CRITERION,CHANGED,customers/1487707588/adGroupCriteria/59924102545~550941139877,customers/1487707588/campaigns/1599801784,customers/1487707588/adGroups/59924102545
2026-08-12 04:55:14.980738,AD_GROUP_CRITERION,CHANGED,customers/1487707588/adGroupCriteria/59924102545~568017468674,customers/1487707588/campaigns/1599801784,customers/1487707588/adGroups/59924102545
2026-08-12 04:55:14.980738,AD_GROUP_CRITERION,CHANGED,customers/1487707588/adGroupCriteria/60565702013~550941139877,customers/1487707588/campaigns/1604081415,customers/1487707588/adGroups/60565702013
2026-08-12 04:55:14.980738,AD_GROUP_CRITERION,CHANGED,customers/1487707588/adGroupCriteria/68113324768~575631675303,customers/1487707588/campaigns/1637836228,customers/1487707588/adGroups/68113324768
2026-08-12 04:55:14.980738,AD_GROUP_CRITERION,CHANGED,customers/1487707588/adGroupCriteria/133504866429~743137972027,customers/1487707588/campaigns/16457178605,customers/1487707588/adGroups/133504866429
2026-08-12 04:55:14.980738,AD_GROUP_CRITERION,CHANGED,customers/1487707588/adGroupCriteria/133504867669~527868302870,customers/1487707588/campaigns/16457178617,customers/1487707588/adGroups/133504867669
2026-08-12 04:55:14.980738,AD_GROUP_CRITERION,CHANGED,customers/1487707588/adGroupCriteria/133504869309~1636322685106,customers/1487707588/campaigns/16457178629,customers/1487707588/adGroups/133504869309
2026-08-12 04:55:14.980738,AD_GROUP_CRITERION,CHANGED,customers/1487707588/adGroupCriteria/133504869309~887499177333,customers/1487707588/campaigns/16457178629,customers/1487707588/adGroups/133504869309
2026-08-12 04:55:14.980738,AD_GROUP_CRITERION,CHANGED,customers/1487707588/adGroupCriteria/133504870069~1586175660232,customers/1487707588/campaigns/16457178635,customers/1487707588/adGroups/133504870069
2026-08-12 04:55:14.980738,AD_GROUP_CRITERION,CHANGED,customers/1487707588/adGroupCriteria/133504870709~2226725989588,customers/1487707588/campaigns/16457178641,customers/1487707588/adGroups/133504870709
2026-08-12 04:55:14.980738,AD_GROUP_CRITERION,CHANGED,customers/1487707588/adGroupCriteria/133504871429~1665913477404,customers/1487707588/campaigns/16457178647,customers/1487707588/adGroups/133504871429
2026-08-12 04:55:14.980738,AD_GROUP_CRITERION,CHANGED,customers/1487707588/adGroupCriteria/133504871429~2007350219481,customers/1487707588/campaigns/16457178647,customers/1487707588/adGroups/133504871429
2026-08-12 04:55:14.980738,AD_GROUP_CRITERION,CHANGED,customers/1487707588/adGroupCriteria/133504871429~336061895921,customers/1487707588/campaigns/16457178647,customers/1487707588/adGroups/133504871429
2026-08-12 04:55:14.980738,AD_GROUP_CRITERION,CHANGED,customers/1487707588/adGroupCriteria/133504871469~2009528791384,customers/1487707588/campaigns/16457178647,customers/1487707588/adGroups/133504871469
2026-08-12 04:55:14.980738,AD_GROUP_CRITERION,CHANGED,customers/1487707588/adGroupCriteria/137740453601~1641467240621,customers/1487707588/campaigns/16500506155,customers/1487707588/adGroups/137740453601
2026-08-12 04:55:14.980738,AD_GROUP_CRITERION,CHANGED,customers/1487707588/adGroupCriteria/137740453601~2007353263881,customers/1487707588/campaigns/16500506155,customers/1487707588/adGroups/137740453601
2026-08-12 04:55:14.980738,AD_GROUP_CRITERION,CHANGED,customers/1487707588/adGroupCriteria/137740454121~1636322685106,customers/1487707588/campaigns/16500506281,customers/1487707588/adGroups/137740454121
2026-08-12 04:55:14.980738,AD_GROUP_CRITERION,CHANGED,customers/1487707588/adGroupCriteria/137740454121~2008843327325,customers/1487707588/campaigns/16500506281,customers/1487707588/adGroups/137740454121
2026-08-12 04:55:14.980738,AD_GROUP_CRITERION,CHANGED,customers/1487707588/adGroupCriteria/137740454121~887499177333,customers/1487707588/campaigns/16500506281,customers/1487707588/adGroups/137740454121
2026-08-12 04:55:14.980738,AD_GROUP_CRITERION,CHANGED,customers/1487707588/adGroupCriteria/137740455801~359439821473,customers/1487707588/campaigns/16500506299,customers/1487707588/adGroups/137740455801
2026-08-12 04:55:14.980738,AD_GROUP_CRITERION,CHANGED,customers/1487707588/adGroupCriteria/137740455801~360108061901,customers/1487707588/campaigns/16500506299,customers/1487707588/adGroups/137740455801
2026-08-12 04:55:14.980738,AD_GROUP_CRITERION,CHANGED,customers/1487707588/adGroupCriteria/137740456001~1626298108004,customers/1487707588/campaigns/16500506299,customers/1487707588/adGroups/137740456001
2026-08-12 04:55:14.980738,AD_GROUP_CRITERION,CHANGED,customers/1487707588/adGroupCriteria/137740456001~460067172217,customers/1487707588/campaigns/16500506299,customers/1487707588/adGroups/137740456001
2026-08-12 04:55:14.980738,AD_GROUP_CRITERION,CHANGED,customers/1487707588/adGroupCriteria/70960930264~526873883999,customers/1487707588/campaigns/1662204950,customers/1487707588/adGroups/70960930264
2026-08-12 04:55:14.980738,AD_GROUP_CRITERION,CHANGED,customers/1487707588/adGroupCriteria/64441592336~526873883999,customers/1487707588/campaigns/1662224834,customers/1487707588/adGroups/64441592336
2026-08-12 04:55:14.980738,AD_GROUP_CRITERION,CHANGED,customers/1487707588/adGroupCriteria/63949709757~526873883999,customers/1487707588/campaigns/1662300226,customers/1487707588/adGroups/63949709757
2026-08-12 04:55:14.980738,AD_GROUP_CRITERION,CHANGED,customers/1487707588/adGroupCriteria/68067281190~526873883999,customers/1487707588/campaigns/1662311908,customers/1487707588/adGroups/68067281190
2026-08-12 04:55:14.980738,AD_GROUP_CRITERION,CHANGED,customers/1487707588/adGroupCriteria/66614178438~615073549159,customers/1487707588/campaigns/1682450348,customers/1487707588/adGroups/66614178438
2026-08-12 04:55:14.980738,AD_GROUP_CRITERION,CHANGED,customers/1487707588/adGroupCriteria/66614178438~615073549919,customers/1487707588/campaigns/1682450348,customers/1487707588/adGroups/66614178438
2026-08-12 04:55:14.980738,AD_GROUP_CRITERION,CHANGED,customers/1487707588/adGroupCriteria/66405435585~342130290709,customers/1487707588/campaigns/1682681883,customers/1487707588/adGroups/66405435585
2026-08-12 04:55:14.980738,AD_GROUP_CRITERION,CHANGED,customers/1487707588/adGroupCriteria/66405435585~489498876435,customers/1487707588/campaigns/1682681883,customers/1487707588/adGroups/66405435585
2026-08-12 04:55:14.980738,AD_GROUP_CRITERION,CHANGED,customers/1487707588/adGroupCriteria/70651545310~637899927738,customers/1487707588/campaigns/1707991342,customers/1487707588/adGroups/70651545310
2026-08-12 04:55:14.980738,AD_GROUP_CRITERION,CHANGED,customers/1487707588/adGroupCriteria/70651545310~637899928258,customers/1487707588/campaigns/1707991342,customers/1487707588/adGroups/70651545310
2026-08-12 04:55:14.980738,AD_GROUP_CRITERION,CHANGED,customers/1487707588/adGroupCriteria/68374426722~637899927738,customers/1487707588/campaigns/1708664769,customers/1487707588/adGroups/68374426722
2026-08-12 04:55:14.980738,AD_GROUP_CRITERION,CHANGED,customers/1487707588/adGroupCriteria/68374426722~637899928258,customers/1487707588/campaigns/1708664769,customers/1487707588/adGroups/68374426722
2026-08-12 04:55:14.980738,AD_GROUP_CRITERION,CHANGED,customers/1487707588/adGroupCriteria/64886802937~405442915383,customers/1487707588/campaigns/1712613813,customers/1487707588/adGroups/64886802937
2026-08-12 04:55:14.980738,AD_GROUP_CRITERION,CHANGED,customers/1487707588/adGroupCriteria/64886802937~646366423132,customers/1487707588/campaigns/1712613813,customers/1487707588/adGroups/64886802937
2026-08-12 04:55:14.980738,AD_GROUP_CRITERION,CHANGED,customers/1487707588/adGroupCriteria/66276221919~533853505417,customers/1487707588/campaigns/1713925342,customers/1487707588/adGroups/66276221919
2026-08-12 04:55:14.980738,AD_GROUP_CRITERION,CHANGED,customers/1487707588/adGroupCriteria/64805118382~345155399258,customers/1487707588/campaigns/1718344523,customers/1487707588/adGroups/64805118382
2026-08-12 04:55:14.980738,AD_GROUP_CRITERION,CHANGED,customers/1487707588/adGroupCriteria/140931657830~1184800181208,customers/1487707588/campaigns/17326867161,customers/1487707588/adGroups/140931657830
2026-08-12 04:55:14.980738,AD_GROUP_CRITERION,CHANGED,customers/1487707588/adGroupCriteria/140931657830~2008980928538,customers/1487707588/campaigns/17326867161,customers/1487707588/adGroups/140931657830
2026-08-12 04:55:14.980738,AD_GROUP_CRITERION,CHANGED,customers/1487707588/adGroupCriteria/140931657830~871671989490,customers/1487707588/campaigns/17326867161,customers/1487707588/adGroups/140931657830
2026-08-12 04:55:14.980738,AD_GROUP_CRITERION,CHANGED,customers/1487707588/adGroupCriteria/140931658070~2008980929458,customers/1487707588/campaigns/17326867161,customers/1487707588/adGroups/140931658070
2026-08-12 04:55:14.980738,AD_GROUP_CRITERION,CHANGED,customers/1487707588/adGroupCriteria/66553214805~662507103526,customers/1487707588/campaigns/1742240858,customers/1487707588/adGroups/66553214805
2026-08-12 04:55:14.980738,AD_GROUP_CRITERION,CHANGED,customers/1487707588/adGroupCriteria/69159797940~343085160865,customers/1487707588/campaigns/1748430916,customers/1487707588/adGroups/69159797940
2026-08-12 04:55:14.980738,AD_GROUP_CRITERION,CHANGED,customers/1487707588/adGroupCriteria/69159797940~345724059788,customers/1487707588/campaigns/1748430916,customers/1487707588/adGroups/69159797940
2026-08-12 04:55:14.980738,AD_GROUP_CRITERION,CHANGED,customers/1487707588/adGroupCriteria/73036474921~342130290909,customers/1487707588/campaigns/1791603813,customers/1487707588/adGroups/73036474921
2026-08-12 04:55:14.980738,AD_GROUP_CRITERION,CHANGED,customers/1487707588/adGroupCriteria/73036474921~489498876475,customers/1487707588/campaigns/1791603813,customers/1487707588/adGroups/73036474921
2026-08-12 04:55:14.980738,AD_GROUP_CRITERION,CHANGED,customers/1487707588/adGroupCriteria/141468816623~2009528791384,customers/1487707588/campaigns/18696856929,customers/1487707588/adGroups/141468816623
2026-08-12 04:55:14.980738,AD_GROUP_CRITERION,CHANGED,customers/1487707588/adGroupCriteria/141468816863~1452706419071,customers/1487707588/campaigns/18696856929,customers/1487707588/adGroups/141468816863
2026-08-12 04:55:14.980738,AD_GROUP_CRITERION,CHANGED,customers/1487707588/adGroupCriteria/141468816863~1870356462950,customers/1487707588/campaigns/18696856929,customers/1487707588/adGroups/141468816863
2026-08-12 04:55:14.980738,AD_GROUP_CRITERION,CHANGED,customers/1487707588/adGroupCriteria/141468816863~2008750800425,customers/1487707588/campaigns/18696856929,customers/1487707588/adGroups/141468816863
2026-08-12 04:55:14.980738,AD_GROUP_CRITERION,CHANGED,customers/1487707588/adGroupCriteria/150773458999~1638268093424,customers/1487707588/campaigns/20387611832,customers/1487707588/adGroups/150773458999
2026-08-12 04:55:14.980738,AD_GROUP_CRITERION,CHANGED,customers/1487707588/adGroupCriteria/150773458999~2009528791384,customers/1487707588/campaigns/20387611832,customers/1487707588/adGroups/150773458999
2026-08-12 04:55:14.980738,AD_GROUP_CRITERION,CHANGED,customers/1487707588/adGroupCriteria/150773459239~1452706419071,customers/1487707588/campaigns/20387611832,customers/1487707588/adGroups/150773459239
2026-08-12 04:55:14.980738,AD_GROUP_CRITERION,CHANGED,customers/1487707588/adGroupCriteria/150773459239~1870356462950,customers/1487707588/campaigns/20387611832,customers/1487707588/adGroups/150773459239
2026-08-12 04:55:14.980738,AD_GROUP_CRITERION,CHANGED,customers/1487707588/adGroupCriteria/150773459239~2008750800425,customers/1487707588/campaigns/20387611832,customers/1487707588/adGroups/150773459239
2026-08-12 04:55:14.980738,AD_GROUP_CRITERION,CHANGED,customers/1487707588/adGroupCriteria/150773459239~335554477883,customers/1487707588/campaigns/20387611832,customers/1487707588/adGroups/150773459239
2026-08-12 04:55:14.980738,AD_GROUP_CRITERION,CHANGED,customers/1487707588/adGroupCriteria/74879175013~778544191568,customers/1487707588/campaigns/2053225146,customers/1487707588/adGroups/74879175013
2026-08-12 04:55:14.980738,AD_GROUP_CRITERION,CHANGED,customers/1487707588/adGroupCriteria/154917284156~1460515721446,customers/1487707588/campaigns/20702215351,customers/1487707588/adGroups/154917284156
2026-08-12 04:55:14.980738,AD_GROUP_CRITERION,CHANGED,customers/1487707588/adGroupCriteria/159771054607~2227550535039,customers/1487707588/campaigns/20815429369,customers/1487707588/adGroups/159771054607
2026-08-12 04:55:14.980738,AD_GROUP_CRITERION,CHANGED,customers/1487707588/adGroupCriteria/195715991211~1659701227150,customers/1487707588/campaigns/23359258693,customers/1487707588/adGroups/195715991211
2026-08-12 04:55:14.980738,AD_GROUP_CRITERION,CHANGED,customers/1487707588/adGroupCriteria/197528102051~2008980929458,customers/1487707588/campaigns/23468547546,customers/1487707588/adGroups/197528102051
2026-08-12 04:55:14.980738,AD_GROUP_CRITERION,CHANGED,customers/1487707588/adGroupCriteria/193437338762~2464253373035,customers/1487707588/campaigns/23478262294,customers/1487707588/adGroups/193437338762
2026-08-12 04:55:14.980738,AD_GROUP_CRITERION,CHANGED,customers/1487707588/adGroupCriteria/79422012193~490732349012,customers/1487707588/campaigns/6497492314,customers/1487707588/adGroups/79422012193
2026-08-12 04:55:14.980738,AD_GROUP_CRITERION,CHANGED,customers/1487707588/adGroupCriteria/79422012193~490732357172,customers/1487707588/campaigns/6497492314,customers/1487707588/adGroups/79422012193
2026-08-12 04:55:14.980738,AD_GROUP_CRITERION,CHANGED,customers/1487707588/adGroupCriteria/79422012193~490732361932,customers/1487707588/campaigns/6497492314,customers/1487707588/adGroups/79422012193
2026-08-12 04:55:14.980738,AD_GROUP_CRITERION,CHANGED,customers/1487707588/adGroupCriteria/73245492370~343085160865,customers/1487707588/campaigns/6497704745,customers/1487707588/adGroups/73245492370
2026-08-12 04:55:14.980738,AD_GROUP_CRITERION,CHANGED,customers/1487707588/adGroupCriteria/73245492370~345724059788,customers/1487707588/campaigns/6497704745,customers/1487707588/adGroups/73245492370
2026-08-12 04:55:14.980738,AD_GROUP_CRITERION,CHANGED,customers/1487707588/adGroupCriteria/73245492370~492505692948,customers/1487707588/campaigns/6497704745,customers/1487707588/adGroups/73245492370
2026-08-12 04:55:14.980738,AD_GROUP_CRITERION,CHANGED,customers/1487707588/adGroupCriteria/73245492370~492505693108,customers/1487707588/campaigns/6497704745,customers/1487707588/adGroups/73245492370
2026-08-12 04:55:14.980738,AD_GROUP_CRITERION,CHANGED,customers/1487707588/adGroupCriteria/73245492370~500124653196,customers/1487707588/campaigns/6497704745,customers/1487707588/adGroups/73245492370
2026-08-12 04:55:14.980738,AD_GROUP_CRITERION,CHANGED,customers/1487707588/adGroupCriteria/79582440178~342130290709,customers/1487707588/campaigns/6500214233,customers/1487707588/adGroups/79582440178
2026-08-12 04:55:14.980738,AD_GROUP_CRITERION,CHANGED,customers/1487707588/adGroupCriteria/79582440178~342130290909,customers/1487707588/campaigns/6500214233,customers/1487707588/adGroups/79582440178
2026-08-12 04:55:14.980738,AD_GROUP_CRITERION,CHANGED,customers/1487707588/adGroupCriteria/79582440178~487353557985,customers/1487707588/campaigns/6500214233,customers/1487707588/adGroups/79582440178
2026-08-12 04:55:14.980738,AD_GROUP_CRITERION,CHANGED,customers/1487707588/adGroupCriteria/79582440178~487353558145,customers/1487707588/campaigns/6500214233,customers/1487707588/adGroups/79582440178
2026-08-12 04:55:14.980738,AD_GROUP_CRITERION,CHANGED,customers/1487707588/adGroupCriteria/79582440178~489498876435,customers/1487707588/campaigns/6500214233,customers/1487707588/adGroups/79582440178
2026-08-12 04:55:14.980738,AD_GROUP_CRITERION,CHANGED,customers/1487707588/adGroupCriteria/79582440178~489498876475,customers/1487707588/campaigns/6500214233,customers/1487707588/adGroups/79582440178
2026-08-12 04:55:14.980738,AD_GROUP_CRITERION,CHANGED,customers/1487707588/adGroupCriteria/79590535818~815974355248,customers/1487707588/campaigns/6500401405,customers/1487707588/adGroups/79590535818
2026-08-12 04:55:14.980738,AD_GROUP_CRITERION,CHANGED,customers/1487707588/adGroupCriteria/77766948883~525479086740,customers/1487707588/campaigns/6500532902,customers/1487707588/adGroups/77766948883
2026-08-12 04:55:14.980738,AD_GROUP_CRITERION,CHANGED,customers/1487707588/adGroupCriteria/77780424933~345099322511,customers/1487707588/campaigns/6500597660,customers/1487707588/adGroups/77780424933
2026-08-12 04:55:14.980738,AD_GROUP_CRITERION,CHANGED,customers/1487707588/adGroupCriteria/78062955596~490055164686,customers/1487707588/campaigns/6500621189,customers/1487707588/adGroups/78062955596
2026-08-12 04:55:14.980738,AD_GROUP_CRITERION,CHANGED,customers/1487707588/adGroupCriteria/78062955596~498129122540,customers/1487707588/campaigns/6500621189,customers/1487707588/adGroups/78062955596
2026-08-12 04:55:14.980738,AD_GROUP_CRITERION,CHANGED,customers/1487707588/adGroupCriteria/77533285905~485377123380,customers/1487707588/campaigns/6500794987,customers/1487707588/adGroups/77533285905
2026-08-12 04:55:14.980738,AD_GROUP_CRITERION,CHANGED,customers/1487707588/adGroupCriteria/77533285905~503369199523,customers/1487707588/campaigns/6500794987,customers/1487707588/adGroups/77533285905
2026-08-12 04:55:14.980738,AD_GROUP_CRITERION,CHANGED,customers/1487707588/adGroupCriteria/77533285905~526873883999,customers/1487707588/campaigns/6500794987,customers/1487707588/adGroups/77533285905
2026-08-12 04:55:14.980738,AD_GROUP_CRITERION,CHANGED,customers/1487707588/adGroupCriteria/77533285905~816052007688,customers/1487707588/campaigns/6500794987,customers/1487707588/adGroups/77533285905
2026-08-12 04:55:14.980738,AD_GROUP_CRITERION,CHANGED,customers/1487707588/adGroupCriteria/77533285905~816052009848,customers/1487707588/campaigns/6500794987,customers/1487707588/adGroups/77533285905
2026-08-12 04:55:14.980738,AD_GROUP_CRITERION,CHANGED,customers/1487707588/adGroupCriteria/74864486621~486927992045,customers/1487707588/campaigns/6500961987,customers/1487707588/adGroups/74864486621
2026-08-12 04:55:14.980738,AD_GROUP_CRITERION,CHANGED,customers/1487707588/adGroupCriteria/78447843592~499934438113,customers/1487707588/campaigns/6501111593,customers/1487707588/adGroups/78447843592
2026-08-12 04:55:14.980738,AD_GROUP_CRITERION,CHANGED,customers/1487707588/adGroupCriteria/78447843592~817261408311,customers/1487707588/campaigns/6501111593,customers/1487707588/adGroups/78447843592
2026-08-12 04:55:14.980738,AD_GROUP_CRITERION,CHANGED,customers/1487707588/adGroupCriteria/78447843592~817261409991,customers/1487707588/campaigns/6501111593,customers/1487707588/adGroups/78447843592
2026-08-12 04:55:14.980738,AD_GROUP_CRITERION,CHANGED,customers/1487707588/adGroupCriteria/83700672168~487011617471,customers/1487707588/campaigns/6502676792,customers/1487707588/adGroups/83700672168
2026-08-12 04:55:14.980738,AD_GROUP_CRITERION,CHANGED,customers/1487707588/adGroupCriteria/83700672168~511303891194,customers/1487707588/campaigns/6502676792,customers/1487707588/adGroups/83700672168
2026-08-12 04:55:14.980738,AD_GROUP_CRITERION,CHANGED,customers/1487707588/adGroupCriteria/79497949153~345155399258,customers/1487707588/campaigns/6502687129,customers/1487707588/adGroups/79497949153
2026-08-12 04:55:14.980738,AD_GROUP_CRITERION,CHANGED,customers/1487707588/adGroupCriteria/78472262392~816244961000,customers/1487707588/campaigns/6502702945,customers/1487707588/adGroups/78472262392
2026-08-12 04:55:14.980738,AD_GROUP_CRITERION,CHANGED,customers/1487707588/adGroupCriteria/78472262392~818126288875,customers/1487707588/campaigns/6502702945,customers/1487707588/adGroups/78472262392
2026-08-12 04:55:14.980738,AD_GROUP_CRITERION,CHANGED,customers/1487707588/adGroupCriteria/77207263919~494780956736,customers/1487707588/campaigns/6503086515,customers/1487707588/adGroups/77207263919
2026-08-12 04:55:14.980738,AD_GROUP_CRITERION,CHANGED,customers/1487707588/adGroupCriteria/77207263919~494780959176,customers/1487707588/campaigns/6503086515,customers/1487707588/adGroups/77207263919