keyword_text,match_type,campaign_name,ad_group_name,campaign_id,ad_group_id,criterion_id,final_urls,impressions,clicks,cost,avg_cpc,conversions,conversions_value,quality_score,ad_relevance,expected_ctr,landing_page_exp,tier,class,dominant_limiting_component,below_avg_components,is_high_spend,priority_score,search_is,lost_is_rank,search_top_is,bidding_strategy_type,bidding_mode,target_source,portfolio_name
collabo,BROAD,EX | 25 | CH | SEARCH | LEAD | Brand,Kollabo Name,1509955426,57909492917,309201501,,36,11,2.59,0.24,0.00,0.00,9,AVG,ABOVE_AVG,ABOVE_AVG,UNSTABLE_QS,BRANDED,NONE,,false,36,56.86,33.33,45.10,MAXIMIZE_CONVERSIONS,SMART,none,
kollabo,BROAD,EX | 25 | CH | SEARCH | LEAD | Brand,Kollabo Name,1509955426,57909492917,303574768005,,1186,449,124.37,0.28,10.50,0.00,10,ABOVE_AVG,ABOVE_AVG,ABOVE_AVG,QS_OK,BRANDED,NONE,,true,0,38.92,34.96,34.78,MAXIMIZE_CONVERSIONS,SMART,none,
kolabo,BROAD,EX | 25 | CH | SEARCH | LEAD | Brand,Kollabo Name,1509955426,57909492917,377200356224,,84,35,6.29,0.18,1.00,0.00,10,ABOVE_AVG,ABOVE_AVG,ABOVE_AVG,UNSTABLE_QS,BRANDED,NONE,,false,0,91.43,1.43,84.51,MAXIMIZE_CONVERSIONS,SMART,none,
kolaboo,EXACT,EX | 25 | CH | SEARCH | LEAD | Brand,Kollabo Name,1509955426,57909492917,425940767453,,0,0,0.00,,0.00,0.00,10,ABOVE_AVG,ABOVE_AVG,ABOVE_AVG,UNSTABLE_QS,BRANDED,NONE,,false,0,,,,MAXIMIZE_CONVERSIONS,SMART,none,
kollabo ag,BROAD,EX | 25 | CH | SEARCH | LEAD | Brand,Kollabo Name,1509955426,57909492917,1061773055407,,1100,280,207.07,0.74,8.22,0.00,10,ABOVE_AVG,ABOVE_AVG,ABOVE_AVG,QS_OK,BRANDED,NONE,,true,0,25.83,45.32,21.54,MAXIMIZE_CONVERSIONS,SMART,none,
kollabro,EXACT,EX | 25 | CH | SEARCH | LEAD | Brand,Kollabo Name,1509955426,57909492917,1596575983402,,0,0,0.00,,0.00,0.00,,NULL,NULL,NULL,QS_NULL,BRANDED,NONE,,false,0,,,,MAXIMIZE_CONVERSIONS,SMART,none,
kollabi,PHRASE,EX | 25 | CH | SEARCH | LEAD | Brand,Kollabo Name,1509955426,57909492917,2170970398944,,6,3,0.69,0.23,0.00,0.00,9,AVG,ABOVE_AVG,ABOVE_AVG,UNSTABLE_QS,BRANDED,NONE,,false,6,100.00,0.00,100.00,MAXIMIZE_CONVERSIONS,SMART,none,
kollabo ag bern,PHRASE,EX | 25 | CH | SEARCH | LEAD | Brand,Kollabo Name,1509955426,57909492917,2170970399024,,3,1,0.36,0.36,0.00,0.00,10,ABOVE_AVG,ABOVE_AVG,ABOVE_AVG,UNSTABLE_QS,BRANDED,NONE,,false,0,100.00,0.00,100.00,MAXIMIZE_CONVERSIONS,SMART,none,
kollabo ag jobs,PHRASE,EX | 25 | CH | SEARCH | LEAD | Brand,Kollabo Name,1509955426,57909492917,2170970399184,,25,12,8.63,0.72,2.00,0.00,10,ABOVE_AVG,ABOVE_AVG,ABOVE_AVG,UNSTABLE_QS,BRANDED,NONE,,false,0,76.00,8.00,66.67,MAXIMIZE_CONVERSIONS,SMART,none,
kollabo ag zürich,PHRASE,EX | 25 | CH | SEARCH | LEAD | Brand,Kollabo Name,1509955426,57909492917,2170970399464,,27,11,9.95,0.90,0.00,0.00,10,ABOVE_AVG,ABOVE_AVG,ABOVE_AVG,UNSTABLE_QS,BRANDED,NONE,,false,0,64.52,19.35,51.61,MAXIMIZE_CONVERSIONS,SMART,none,
kollabo basel,PHRASE,EX | 25 | CH | SEARCH | LEAD | Brand,Kollabo Name,1509955426,57909492917,2170970399664,,12,3,2.74,0.91,0.00,0.00,10,ABOVE_AVG,ABOVE_AVG,ABOVE_AVG,UNSTABLE_QS,BRANDED,NONE,,false,0,58.82,17.65,38.89,MAXIMIZE_CONVERSIONS,SMART,none,
kollabo ch,PHRASE,EX | 25 | CH | SEARCH | LEAD | Brand,Kollabo Name,1509955426,57909492917,2170970399744,,39,12,4.58,0.38,0.00,0.00,9,AVG,ABOVE_AVG,ABOVE_AVG,UNSTABLE_QS,BRANDED,NONE,,false,39,66.67,9.52,52.27,MAXIMIZE_CONVERSIONS,SMART,none,
kollabo jobs,PHRASE,EX | 25 | CH | SEARCH | LEAD | Brand,Kollabo Name,1509955426,57909492917,2170970399984,,30,11,2.91,0.26,0.25,0.00,10,ABOVE_AVG,ABOVE_AVG,ABOVE_AVG,UNSTABLE_QS,BRANDED,NONE,,false,0,64.71,23.53,66.67,MAXIMIZE_CONVERSIONS,SMART,none,
kollabo zürich,PHRASE,EX | 25 | CH | SEARCH | LEAD | Brand,Kollabo Name,1509955426,57909492917,2170970400624,,16,7,5.87,0.84,0.00,0.00,10,ABOVE_AVG,ABOVE_AVG,ABOVE_AVG,UNSTABLE_QS,BRANDED,NONE,,false,0,86.67,13.33,73.33,MAXIMIZE_CONVERSIONS,SMART,none,
kollabo ag winterthur,PHRASE,EX | 25 | CH | SEARCH | LEAD | Brand,Kollabo Name,1509955426,57909492917,2172567691666,,1,1,0.46,0.46,0.00,0.00,10,ABOVE_AVG,ABOVE_AVG,ABOVE_AVG,UNSTABLE_QS,BRANDED,NONE,,false,0,100.00,0.00,100.00,MAXIMIZE_CONVERSIONS,SMART,none,
kollabo ag basel,BROAD,EX | 25 | CH | SEARCH | LEAD | Brand,Kollabo Name,1509955426,57909492917,2384214352932,,21,10,6.41,0.64,1.00,0.00,10,ABOVE_AVG,ABOVE_AVG,ABOVE_AVG,UNSTABLE_QS,BRANDED,NONE,,false,0,65.38,19.23,57.69,MAXIMIZE_CONVERSIONS,SMART,none,
kolabro,EXACT,EX | 25 | CH | SEARCH | LEAD | Brand,Kollabo Name,1509955426,57909492917,2436359465708,,0,0,0.00,,0.00,0.00,8,ABOVE_AVG,AVG,ABOVE_AVG,UNSTABLE_QS,BRANDED,NONE,,false,0,,,,MAXIMIZE_CONVERSIONS,SMART,none,
kollabo login,EXACT,EX | 25 | CH | SEARCH | LEAD | Brand,Kollabo Name,1509955426,57909492917,2465285297898,,2,1,0.02,0.02,0.00,0.00,10,ABOVE_AVG,ABOVE_AVG,ABOVE_AVG,UNSTABLE_QS,BRANDED,NONE,,false,0,50.00,0.00,50.00,MAXIMIZE_CONVERSIONS,SMART,none,
kollabo ag st gallen,PHRASE,EX | 25 | CH | SEARCH | LEAD | Brand,Kollabo Name,1509955426,57909492917,2478834240715,,5,2,1.78,0.89,0.00,0.00,10,ABOVE_AVG,ABOVE_AVG,ABOVE_AVG,UNSTABLE_QS,BRANDED,NONE,,false,0,100.00,0.00,75.00,MAXIMIZE_CONVERSIONS,SMART,none,
automatikmonteur efz,BROAD,EX | 25 | CH | SEARCH | LEAD | Automatikmonteur,AG | RSA | Automatikmonteur,20768068758,154000335045,309386030282,,0,0,0.00,,0.00,0.00,,NULL,NULL,NULL,QS_NULL,GENERIC,NONE,,false,0,9.99,90.01,9.99,MAXIMIZE_CONVERSIONS,SMART,none,
stellenangebote als produktionsmitarbeiter,EXACT,EX | 25 | CH | SEARCH | LEAD | Automatikmonteur,AG | RSA | Automatikmonteur,20768068758,154000335045,349617835084,,25,2,3.58,1.79,0.00,0.00,,NULL,NULL,NULL,QS_NULL,GENERIC,NONE,,false,0,17.32,53.54,9.99,MAXIMIZE_CONVERSIONS,SMART,none,
aufzüge jobs,PHRASE,EX | 25 | CH | SEARCH | LEAD | Automatikmonteur,AG | RSA | Automatikmonteur,20768068758,154000335045,362814121323,,0,0,0.00,,0.00,0.00,,NULL,NULL,NULL,QS_NULL,GENERIC,NONE,,false,0,,,,MAXIMIZE_CONVERSIONS,SMART,none,
automatikmonteur jobs,BROAD,EX | 25 | CH | SEARCH | LEAD | Automatikmonteur,AG | RSA | Automatikmonteur,20768068758,154000335045,368569501197,,851,84,119.43,1.42,3.98,0.00,7,ABOVE_AVG,ABOVE_AVG,BELOW_AVG,UNSTABLE_QS,GENERIC,LP,LP,true,2553,12.24,53.49,9.99,MAXIMIZE_CONVERSIONS,SMART,none,
automatikmonteur jobs,PHRASE,EX | 25 | CH | SEARCH | LEAD | Automatikmonteur,AG | RSA | Automatikmonteur,20768068758,154000335045,614639898886,,0,0,0.00,,0.00,0.00,,NULL,NULL,NULL,QS_NULL,GENERIC,NONE,,false,0,,,,MAXIMIZE_CONVERSIONS,SMART,none,
autowerkstatt jobs,PHRASE,EX | 25 | CH | SEARCH | LEAD | Automatikmonteur,AG | RSA | Automatikmonteur,20768068758,154000335045,666718148349,,24,0,0.00,,0.00,0.00,,NULL,NULL,NULL,QS_NULL,GENERIC,NONE,,false,0,11.11,66.67,9.99,MAXIMIZE_CONVERSIONS,SMART,none,
mechanical engineering jobs switzerland,EXACT,EX | 25 | CH | SEARCH | LEAD | Automatikmonteur,AG | RSA | Automatikmonteur,20768068758,154000335045,744707643328,,0,0,0.00,,0.00,0.00,,NULL,NULL,NULL,QS_NULL,GENERIC,NONE,,false,0,9.99,75.00,9.99,MAXIMIZE_CONVERSIONS,SMART,none,
automatikmonteur in efz,PHRASE,EX | 25 | CH | SEARCH | LEAD | Automatikmonteur,AG | RSA | Automatikmonteur,20768068758,154000335045,2474791555861,,0,0,0.00,,0.00,0.00,,NULL,NULL,NULL,QS_NULL,GENERIC,NONE,,false,0,9.99,90.01,9.99,MAXIMIZE_CONVERSIONS,SMART,none,
maler schweiz,BROAD,EX | DE | DACH | SEARCH | LEAD | UMLAND TEST,STAN | HOME | BROAD,20685916051,154386686829,302654071829,,208,31,22.93,0.74,1.00,0.00,,NULL,NULL,NULL,QS_NULL,GENERIC,NONE,,false,0,34.15,65.36,27.03,MAXIMIZE_CONVERSIONS,SMART,none,
polymechaniker schweiz,BROAD,EX | DE | DACH | SEARCH | LEAD | UMLAND TEST,STAN | HOME | BROAD,20685916051,154386686829,303240766784,,2940,329,359.25,1.09,9.00,0.00,4,AVG,AVG,BELOW_AVG,QS_CRITICAL,GENERIC,LP,LP,true,17640,21.23,77.42,15.33,MAXIMIZE_CONVERSIONS,SMART,none,
dachdecker jobs schweiz,BROAD,EX | DE | DACH | SEARCH | LEAD | UMLAND TEST,STAN | HOME | BROAD,20685916051,154386686829,304108247215,https://kollabo.com/de-ch/jobs/dachdecker-jobs/,4,0,0.00,,0.00,0.00,5,BELOW_AVG,AVG,AVG,UNSTABLE_QS,GENERIC,AR,AR,false,20,75.00,25.00,25.00,MAXIMIZE_CONVERSIONS,SMART,none,
schreiner jobs schweiz,BROAD,EX | DE | DACH | SEARCH | LEAD | UMLAND TEST,STAN | HOME | BROAD,20685916051,154386686829,312859575540,https://kollabo.com/de-ch/jobs/schreiner-jobs/,0,0,0.00,,0.00,0.00,1,BELOW_AVG,BELOW_AVG,BELOW_AVG,UNSTABLE_QS,GENERIC,MULTIPLE,AR|ECTR|LP,false,0,9.99,90.01,9.99,MAXIMIZE_CONVERSIONS,SMART,none,
elektroniker jobs schweiz,BROAD,EX | DE | DACH | SEARCH | LEAD | UMLAND TEST,STAN | HOME | BROAD,20685916051,154386686829,312888247900,https://kollabo.com/de-ch/jobs/elektroniker-jobs/,377,33,34.12,1.03,0.00,0.00,1,BELOW_AVG,BELOW_AVG,BELOW_AVG,UNSTABLE_QS,GENERIC,MULTIPLE,AR|ECTR|LP,false,3393,15.02,84.19,10.23,MAXIMIZE_CONVERSIONS,SMART,none,
welding jobs in switzerland,BROAD,EX | DE | DACH | SEARCH | LEAD | UMLAND TEST,STAN | HOME | BROAD,20685916051,154386686829,313032445606,,0,0,0.00,,0.00,0.00,5,BELOW_AVG,ABOVE_AVG,BELOW_AVG,UNSTABLE_QS,GENERIC,MULTIPLE,AR|LP,false,0,,,,MAXIMIZE_CONVERSIONS,SMART,none,
schreiner jobs zürich,BROAD,EX | DE | DACH | SEARCH | LEAD | UMLAND TEST,STAN | HOME | BROAD,20685916051,154386686829,314589657304,https://kollabo.com/de-ch/jobs/schreiner-jobs/,115,11,10.87,0.99,0.00,0.00,,NULL,NULL,NULL,QS_NULL,GENERIC,NONE,,false,0,14.77,84.32,10.63,MAXIMIZE_CONVERSIONS,SMART,none,
handwerker jobs schweiz,BROAD,EX | DE | DACH | SEARCH | LEAD | UMLAND TEST,STAN | HOME | BROAD,20685916051,154386686829,315036540913,,1367,146,133.27,0.91,6.00,0.00,7,AVG,ABOVE_AVG,AVG,QS_OK,GENERIC,NONE,,true,4101,21.36,77.12,14.76,MAXIMIZE_CONVERSIONS,SMART,none,
schweisser jobs schweiz,BROAD,EX | DE | DACH | SEARCH | LEAD | UMLAND TEST,STAN | HOME | BROAD,20685916051,154386686829,315747770388,https://kollabo.com/de-ch/jobs/schweisser-jobs/,8,0,0.00,,0.00,0.00,5,BELOW_AVG,AVG,AVG,UNSTABLE_QS,GENERIC,AR,AR,false,40,100.00,0.00,100.00,MAXIMIZE_CONVERSIONS,SMART,none,
construction work switzerland,BROAD,EX | DE | DACH | SEARCH | LEAD | UMLAND TEST,STAN | HOME | BROAD,20685916051,154386686829,342318178938,,35,2,0.45,0.22,0.00,0.00,6,BELOW_AVG,ABOVE_AVG,AVG,UNSTABLE_QS,GENERIC,AR,AR,false,140,13.23,86.77,9.99,MAXIMIZE_CONVERSIONS,SMART,none,
tischler jobs schweiz,PHRASE,EX | DE | DACH | SEARCH | LEAD | UMLAND TEST,STAN | HOME | BROAD,20685916051,154386686829,355425854790,https://kollabo.com/de-ch/jobs/schreiner-jobs/,0,0,0.00,,0.00,0.00,,NULL,NULL,NULL,QS_NULL,GENERIC,NONE,,false,0,,,,MAXIMIZE_CONVERSIONS,SMART,none,
montage schweiz jobs,PHRASE,EX | DE | DACH | SEARCH | LEAD | UMLAND TEST,STAN | HOME | BROAD,20685916051,154386686829,357042555507,,0,0,0.00,,0.00,0.00,6,BELOW_AVG,ABOVE_AVG,AVG,UNSTABLE_QS,GENERIC,AR,AR,false,0,9.99,90.01,9.99,MAXIMIZE_CONVERSIONS,SMART,none,
metallbauer jobs schweiz,BROAD,EX | DE | DACH | SEARCH | LEAD | UMLAND TEST,STAN | HOME | BROAD,20685916051,154386686829,378269064195,,0,0,0.00,,0.00,0.00,,NULL,NULL,NULL,QS_NULL,GENERIC,NONE,,false,0,,,,MAXIMIZE_CONVERSIONS,SMART,none,
schweiz bau jobs,BROAD,EX | DE | DACH | SEARCH | LEAD | UMLAND TEST,STAN | HOME | BROAD,20685916051,154386686829,385620786458,,7,0,0.00,,0.00,0.00,,NULL,NULL,NULL,QS_NULL,GENERIC,NONE,,false,0,9.99,90.01,9.99,MAXIMIZE_CONVERSIONS,SMART,none,
tischler stellenangebote schweiz,BROAD,EX | DE | DACH | SEARCH | LEAD | UMLAND TEST,STAN | HOME | BROAD,20685916051,154386686829,446945463342,https://kollabo.com/de-ch/jobs/schreiner-jobs/,0,0,0.00,,0.00,0.00,,NULL,NULL,NULL,QS_NULL,GENERIC,NONE,,false,0,,,,MAXIMIZE_CONVERSIONS,SMART,none,
automatiker jobs schweiz,BROAD,EX | DE | DACH | SEARCH | LEAD | UMLAND TEST,STAN | HOME | BROAD,20685916051,154386686829,449720661295,,2,1,2.75,2.75,0.00,0.00,5,BELOW_AVG,ABOVE_AVG,BELOW_AVG,UNSTABLE_QS,GENERIC,MULTIPLE,AR|LP,false,10,100.00,0.00,100.00,MAXIMIZE_CONVERSIONS,SMART,none,
maurer schweiz,BROAD,EX | DE | DACH | SEARCH | LEAD | UMLAND TEST,STAN | HOME | BROAD,20685916051,154386686829,506114805752,,0,0,0.00,,0.00,0.00,4,AVG,AVG,BELOW_AVG,UNSTABLE_QS,GENERIC,LP,LP,false,0,,,,MAXIMIZE_CONVERSIONS,SMART,none,
trockenbauer jobs schweiz,BROAD,EX | DE | DACH | SEARCH | LEAD | UMLAND TEST,STAN | HOME | BROAD,20685916051,154386686829,576617117712,https://kollabo.com/de-ch/jobs/trockenbauer-jobs/,1,0,0.00,,0.00,0.00,3,BELOW_AVG,AVG,BELOW_AVG,UNSTABLE_QS,GENERIC,MULTIPLE,AR|LP,false,7,100.00,0.00,100.00,MAXIMIZE_CONVERSIONS,SMART,none,
schweisser jobs schweiz,PHRASE,EX | DE | DACH | SEARCH | LEAD | UMLAND TEST,STAN | HOME | BROAD,20685916051,154386686829,719863578150,https://kollabo.com/de-ch/jobs/schweisser-jobs/,0,0,0.00,,0.00,0.00,5,BELOW_AVG,AVG,AVG,UNSTABLE_QS,GENERIC,AR,AR,false,0,,,,MAXIMIZE_CONVERSIONS,SMART,none,
metallbauer jobs schweiz,PHRASE,EX | DE | DACH | SEARCH | LEAD | UMLAND TEST,STAN | HOME | BROAD,20685916051,154386686829,1663887784483,,0,0,0.00,,0.00,0.00,,NULL,NULL,NULL,QS_NULL,GENERIC,NONE,,false,0,,,,MAXIMIZE_CONVERSIONS,SMART,none,
bauarbeiter in der schweiz,PHRASE,EX | DE | DACH | SEARCH | LEAD | UMLAND TEST,STAN | HOME | BROAD,20685916051,154386686829,1886185132027,,0,0,0.00,,0.00,0.00,,NULL,NULL,NULL,QS_NULL,GENERIC,NONE,,false,0,,,,MAXIMIZE_CONVERSIONS,SMART,none,
schweiz handwerker jobs,BROAD,EX | DE | DACH | SEARCH | LEAD | UMLAND TEST,STAN | HOME | BROAD,20685916051,154386686829,2227726921619,,0,0,0.00,,0.00,0.00,8,ABOVE_AVG,ABOVE_AVG,AVG,UNSTABLE_QS,GENERIC,NONE,,false,0,,,,MAXIMIZE_CONVERSIONS,SMART,none,
Metallbauer schweiz,BROAD,EX | DE | DACH | SEARCH | LEAD | UMLAND TEST,STAN | HOME | BROAD,20685916051,154386686829,2454587382705,,1,0,0.00,,0.00,0.00,7,ABOVE_AVG,AVG,AVG,UNSTABLE_QS,GENERIC,NONE,,false,3,20.00,80.00,20.00,MAXIMIZE_CONVERSIONS,SMART,none,
polymechaniker schweiz,BROAD,EX | 25 | CH | SEARCH | LEAD | Polymechaniker,AG | RSA | Polymechaniker,20702215351,154917284156,303240766784,,1149,74,132.57,1.79,1.50,0.00,6,AVG,AVG,AVG,QS_WATCH,GENERIC,NONE,,true,4596,16.61,58.45,11.71,MAXIMIZE_CONVERSIONS,SMART,none,
polymechaniker stellen,PHRASE,EX | 25 | CH | SEARCH | LEAD | Polymechaniker,AG | RSA | Polymechaniker,20702215351,154917284156,306903066904,,16,2,2.97,1.49,0.00,0.00,5,ABOVE_AVG,AVG,BELOW_AVG,UNSTABLE_QS,GENERIC,LP,LP,false,80,28.89,55.56,18.60,MAXIMIZE_CONVERSIONS,SMART,none,
welder jobs,PHRASE,EX | 25 | CH | SEARCH | LEAD | Schweisser,AG | RSA | Schweisser,20691357994,155384660552,291852800,,0,0,0.00,,0.00,0.00,,NULL,NULL,NULL,QS_NULL,GENERIC,NONE,,false,0,,,,MAXIMIZE_CONVERSIONS,SMART,none,
schweißer arbeit,BROAD,EX | 25 | CH | SEARCH | LEAD | Schweisser,AG | RSA | Schweisser,20691357994,155384660552,296631707400,,1325,123,165.20,1.34,5.00,0.00,5,ABOVE_AVG,AVG,BELOW_AVG,QS_WATCH,GENERIC,LP,LP,true,6625,19.27,61.42,13.99,MAXIMIZE_CONVERSIONS,SMART,none,
schweisser jobs zürich,BROAD,EX | 25 | CH | SEARCH | LEAD | Schweisser,AG | RSA | Schweisser,20691357994,155384660552,315736754628,,6,1,1.25,1.25,0.00,0.00,7,ABOVE_AVG,AVG,AVG,UNSTABLE_QS,GENERIC,NONE,,false,18,35.71,35.71,35.71,MAXIMIZE_CONVERSIONS,SMART,none,
schweisser job schweiz,BROAD,EX | 25 | CH | SEARCH | LEAD | Schweisser,AG | RSA | Schweisser,20691357994,155384660552,315747770348,,477,45,54.41,1.21,0.00,0.00,6,AVG,ABOVE_AVG,BELOW_AVG,UNSTABLE_QS,GENERIC,LP,LP,true,1908,15.08,62.40,10.51,MAXIMIZE_CONVERSIONS,SMART,none,
schweisser arbeit,BROAD,EX | 25 | CH | SEARCH | LEAD | Schweisser,AG | RSA | Schweisser,20691357994,155384660552,318072487572,,0,0,0.00,,0.00,0.00,8,ABOVE_AVG,ABOVE_AVG,AVG,UNSTABLE_QS,GENERIC,NONE,,false,0,9.99,90.01,9.99,MAXIMIZE_CONVERSIONS,SMART,none,
stellenangebote schweisser schweiz,PHRASE,EX | 25 | CH | SEARCH | LEAD | Schweisser,AG | RSA | Schweisser,20691357994,155384660552,360112719821,,0,0,0.00,,0.00,0.00,,NULL,NULL,NULL,QS_NULL,GENERIC,NONE,,false,0,,,,MAXIMIZE_CONVERSIONS,SMART,none,
schweißen job,EXACT,EX | 25 | CH | SEARCH | LEAD | Schweisser,AG | RSA | Schweisser,20691357994,155384660552,499664467152,,41,8,11.69,1.46,0.98,0.00,,NULL,NULL,NULL,QS_NULL,GENERIC,NONE,,false,0,45.00,43.75,38.57,MAXIMIZE_CONVERSIONS,SMART,none,
schweißer jobs in der nähe,EXACT,EX | 25 | CH | SEARCH | LEAD | Schweisser,AG | RSA | Schweisser,20691357994,155384660552,1169839126538,,7,3,4.06,1.35,0.00,0.00,6,AVG,ABOVE_AVG,BELOW_AVG,UNSTABLE_QS,GENERIC,LP,LP,false,28,50.00,42.86,35.71,MAXIMIZE_CONVERSIONS,SMART,none,
job suchen schweißer,PHRASE,EX | 25 | CH | SEARCH | LEAD | Schweisser,AG | RSA | Schweisser,20691357994,155384660552,1642945796799,,0,0,0.00,,0.00,0.00,,NULL,NULL,NULL,QS_NULL,GENERIC,NONE,,false,0,,,,MAXIMIZE_CONVERSIONS,SMART,none,
jobs produktionsmechaniker,BROAD,EX | 25 | CH | SEARCH | LEAD | Produktionsmechaniker,AG | RSA | Produktionsmechaniker,20707086616,156511338642,314482536683,,581,43,47.85,1.11,1.00,0.00,7,ABOVE_AVG,ABOVE_AVG,BELOW_AVG,UNSTABLE_QS,GENERIC,LP,LP,false,1743,15.70,57.09,9.99,MAXIMIZE_CONVERSIONS,SMART,none,
stellenangebote produktionsmechaniker,EXACT,EX | 25 | CH | SEARCH | LEAD | Produktionsmechaniker,AG | RSA | Produktionsmechaniker,20707086616,156511338642,334216012461,,1,0,0.00,,0.00,0.00,,NULL,NULL,NULL,QS_NULL,GENERIC,NONE,,false,0,50.00,50.00,50.00,MAXIMIZE_CONVERSIONS,SMART,none,
produktionsmechaniker offene stellen,BROAD,EX | 25 | CH | SEARCH | LEAD | Produktionsmechaniker,AG | RSA | Produktionsmechaniker,20707086616,156511338642,348277602609,,623,39,25.34,0.65,2.00,0.00,,NULL,NULL,NULL,QS_NULL,GENERIC,NONE,,false,0,12.64,62.45,9.99,MAXIMIZE_CONVERSIONS,SMART,none,
Produktionsmechaniker jobs,BROAD,EX | 25 | CH | SEARCH | LEAD | Produktionsmechaniker,AG | RSA | Produktionsmechaniker,20707086616,156511338642,349193614476,,732,21,19.05,0.91,0.00,0.00,5,ABOVE_AVG,AVG,BELOW_AVG,UNSTABLE_QS,GENERIC,LP,LP,false,3660,10.01,62.21,9.99,MAXIMIZE_CONVERSIONS,SMART,none,
Produktionsmechaniker stellen,BROAD,EX | 25 | CH | SEARCH | LEAD | Produktionsmechaniker,AG | RSA | Produktionsmechaniker,20707086616,156511338642,405390857242,,396,20,16.87,0.84,0.00,0.00,5,ABOVE_AVG,AVG,BELOW_AVG,UNSTABLE_QS,GENERIC,LP,LP,false,1980,10.01,62.52,9.99,MAXIMIZE_CONVERSIONS,SMART,none,
stellenangebote produktion st gallen,EXACT,EX | 25 | CH | SEARCH | LEAD | Produktionsmechaniker,AG | RSA | Produktionsmechaniker,20707086616,156511338642,534898021677,,47,7,7.40,1.06,0.00,0.00,,NULL,NULL,NULL,QS_NULL,GENERIC,NONE,,false,0,22.39,52.99,12.50,MAXIMIZE_CONVERSIONS,SMART,none,
produktionsmechaniker bewerbung,EXACT,EX | 25 | CH | SEARCH | LEAD | Produktionsmechaniker,AG | RSA | Produktionsmechaniker,20707086616,156511338642,608899076847,,0,0,0.00,,0.00,0.00,,NULL,NULL,NULL,QS_NULL,GENERIC,NONE,,false,0,,,,MAXIMIZE_CONVERSIONS,SMART,none,
arbeit produktionsmitarbeiter bern,PHRASE,EX | 25 | CH | SEARCH | LEAD | Produktionsmechaniker,AG | RSA | Produktionsmechaniker,20707086616,156511338642,665704676626,,157,18,13.29,0.74,0.00,0.00,,NULL,NULL,NULL,QS_NULL,GENERIC,NONE,,false,0,17.94,62.33,12.27,MAXIMIZE_CONVERSIONS,SMART,none,
produktionsmechaniker efz,EXACT,EX | 25 | CH | SEARCH | LEAD | Produktionsmechaniker,AG | RSA | Produktionsmechaniker,20707086616,156511338642,1313788095767,,2,0,0.00,,0.00,0.00,5,ABOVE_AVG,AVG,BELOW_AVG,UNSTABLE_QS,GENERIC,LP,LP,false,10,9.99,76.92,9.99,MAXIMIZE_CONVERSIONS,SMART,none,
produktionsmechaniker in efz,EXACT,EX | 25 | CH | SEARCH | LEAD | Produktionsmechaniker,AG | RSA | Produktionsmechaniker,20707086616,156511338642,1655370848086,,0,0,0.00,,0.00,0.00,,NULL,NULL,NULL,QS_NULL,GENERIC,NONE,,false,0,9.99,90.01,9.99,MAXIMIZE_CONVERSIONS,SMART,none,
handwerk & produktion job suchen,PHRASE,EX | 25 | CH | SEARCH | LEAD | Produktionsmechaniker,AG | RSA | Produktionsmechaniker,20707086616,156511338642,1711647387580,,300,15,19.48,1.30,0.00,0.00,,NULL,NULL,NULL,QS_NULL,GENERIC,NONE,,false,0,10.53,64.16,9.99,MAXIMIZE_CONVERSIONS,SMART,none,
produktionsmechaniker jobs zürich,BROAD,EX | 25 | CH | SEARCH | LEAD | Produktionsmechaniker,AG | RSA | Produktionsmechaniker,20707086616,156511338642,2231074493478,,1,1,0.82,0.82,0.00,0.00,7,ABOVE_AVG,ABOVE_AVG,BELOW_AVG,UNSTABLE_QS,GENERIC,LP,LP,false,3,25.00,50.00,25.00,MAXIMIZE_CONVERSIONS,SMART,none,
stellenangebote maurer,BROAD,EX | 26 | CH | SEARCH | LEAD | Maurer,AG | RSA | Maurer,23478250789,189117549302,1039261243,,579,59,83.58,1.42,4.00,0.00,,NULL,NULL,NULL,QS_NULL,GENERIC,NONE,,true,0,14.70,52.12,9.99,MAXIMIZE_CONVERSIONS,SMART,none,
maurer gesucht,PHRASE,EX | 26 | CH | SEARCH | LEAD | Maurer,AG | RSA | Maurer,23478250789,189117549302,4730694794,,44,3,6.15,2.05,0.00,0.00,5,ABOVE_AVG,AVG,BELOW_AVG,UNSTABLE_QS,GENERIC,LP,LP,false,220,26.79,50.89,21.70,MAXIMIZE_CONVERSIONS,SMART,none,
jobs maurer,PHRASE,EX | 26 | CH | SEARCH | LEAD | Maurer,AG | RSA | Maurer,23478250789,189117549302,303040627186,,1,0,0.00,,0.00,0.00,5,ABOVE_AVG,AVG,BELOW_AVG,UNSTABLE_QS,GENERIC,LP,LP,false,5,11.11,77.78,16.67,MAXIMIZE_CONVERSIONS,SMART,none,
arbeit als maurer,BROAD,EX | 26 | CH | SEARCH | LEAD | Maurer,AG | RSA | Maurer,23478250789,189117549302,312943866186,,230,21,27.12,1.29,2.00,0.00,,NULL,NULL,NULL,QS_NULL,GENERIC,NONE,,false,0,14.32,54.25,10.47,MAXIMIZE_CONVERSIONS,SMART,none,
maurer jobs bern,EXACT,EX | 26 | CH | SEARCH | LEAD | Maurer,AG | RSA | Maurer,23478250789,189117549302,325350739840,,7,0,0.00,,0.00,0.00,4,AVG,AVG,BELOW_AVG,UNSTABLE_QS,GENERIC,LP,LP,false,42,33.33,44.44,27.78,MAXIMIZE_CONVERSIONS,SMART,none,
maurer jobs zürich,PHRASE,EX | 26 | CH | SEARCH | LEAD | Maurer,AG | RSA | Maurer,23478250789,189117549302,326459354854,,2,0,0.00,,0.00,0.00,7,ABOVE_AVG,ABOVE_AVG,BELOW_AVG,UNSTABLE_QS,GENERIC,LP,LP,false,6,66.67,33.33,66.67,MAXIMIZE_CONVERSIONS,SMART,none,
maurer offene stellen,PHRASE,EX | 26 | CH | SEARCH | LEAD | Maurer,AG | RSA | Maurer,23478250789,189117549302,436687795640,,81,15,20.96,1.40,0.97,0.00,3,ABOVE_AVG,BELOW_AVG,BELOW_AVG,UNSTABLE_QS,GENERIC,MULTIPLE,ECTR|LP,false,567,35.92,40.14,32.09,MAXIMIZE_CONVERSIONS,SMART,none,
maurer jobs aargau,PHRASE,EX | 26 | CH | SEARCH | LEAD | Maurer,AG | RSA | Maurer,23478250789,189117549302,485123639699,,0,0,0.00,,0.00,0.00,2,AVG,BELOW_AVG,BELOW_AVG,UNSTABLE_QS,GENERIC,MULTIPLE,ECTR|LP,false,0,,,,MAXIMIZE_CONVERSIONS,SMART,none,
offerte lavoro muratore vitto alloggio svizzera,PHRASE,EX | 26 | CH | SEARCH | LEAD | Maurer,AG | RSA | Maurer,23478250789,189117549302,753218508900,,1,1,0.44,0.44,0.00,0.00,5,BELOW_AVG,ABOVE_AVG,BELOW_AVG,UNSTABLE_QS,GENERIC,MULTIPLE,AR|LP,false,5,100.00,0.00,100.00,MAXIMIZE_CONVERSIONS,SMART,none,
maurer efz,EXACT,EX | 26 | CH | SEARCH | LEAD | Maurer,AG | RSA | Maurer,23478250789,189117549302,1188250874304,,0,0,0.00,,0.00,0.00,5,ABOVE_AVG,AVG,BELOW_AVG,UNSTABLE_QS,GENERIC,LP,LP,false,0,9.99,83.33,9.99,MAXIMIZE_CONVERSIONS,SMART,none,
jobs maurer basel,PHRASE,EX | 26 | CH | SEARCH | LEAD | Maurer,AG | RSA | Maurer,23478250789,189117549302,1637289783961,,3,0,0.00,,0.00,0.00,,NULL,NULL,NULL,QS_NULL,GENERIC,NONE,,false,0,100.00,0.00,100.00,MAXIMIZE_CONVERSIONS,SMART,none,
maurer temporär,PHRASE,EX | 26 | CH | SEARCH | LEAD | Maurer,AG | RSA | Maurer,23478250789,189117549302,1665913473564,,29,7,7.17,1.02,0.00,0.00,8,ABOVE_AVG,ABOVE_AVG,AVG,UNSTABLE_QS,GENERIC,NONE,,false,58,62.86,22.86,68.75,MAXIMIZE_CONVERSIONS,SMART,none,
plumber job,PHRASE,EX | 25 | CH | SEARCH | LEAD | Sanitärinstallateur,AG | RSA | Sanitärinstallateur,15210620323,190557736766,779384056,,0,0,0.00,,0.00,0.00,,NULL,NULL,NULL,QS_NULL,GENERIC,NONE,,false,0,,,,MAXIMIZE_CONVERSIONS,SMART,none,
sanitärinstallateur offene stellen,EXACT,EX | 25 | CH | SEARCH | LEAD | Sanitärinstallateur,AG | RSA | Sanitärinstallateur,15210620323,190557736766,23399998325,,1,0,0.00,,0.00,0.00,6,AVG,ABOVE_AVG,BELOW_AVG,UNSTABLE_QS,GENERIC,LP,LP,false,4,20.00,60.00,20.00,MAXIMIZE_CONVERSIONS,SMART,none,
sanitär monteur,BROAD,EX | 25 | CH | SEARCH | LEAD | Sanitärinstallateur,AG | RSA | Sanitärinstallateur,15210620323,190557736766,296722256840,,1,0,0.00,,0.00,0.00,,NULL,NULL,NULL,QS_NULL,GENERIC,NONE,,false,0,9.99,75.00,9.99,MAXIMIZE_CONVERSIONS,SMART,none,
sanitärinstallateur jobs,BROAD,EX | 25 | CH | SEARCH | LEAD | Sanitärinstallateur,AG | RSA | Sanitärinstallateur,15210620323,190557736766,313395867110,,378,34,61.02,1.79,0.00,0.00,5,ABOVE_AVG,AVG,BELOW_AVG,UNSTABLE_QS,GENERIC,LP,LP,true,1890,19.08,50.88,13.91,MAXIMIZE_CONVERSIONS,SMART,none,
sanitär stellen,PHRASE,EX | 25 | CH | SEARCH | LEAD | Sanitärinstallateur,AG | RSA | Sanitärinstallateur,15210620323,190557736766,314700652225,,50,1,0.76,0.76,0.00,0.00,3,ABOVE_AVG,BELOW_AVG,BELOW_AVG,UNSTABLE_QS,GENERIC,MULTIPLE,ECTR|LP,false,350,14.01,55.25,9.99,MAXIMIZE_CONVERSIONS,SMART,none,
sanitärinstallateur offene stellen,PHRASE,EX | 25 | CH | SEARCH | LEAD | Sanitärinstallateur,AG | RSA | Sanitärinstallateur,15210620323,190557736766,327020830076,,116,7,11.56,1.65,0.00,0.00,6,AVG,ABOVE_AVG,BELOW_AVG,UNSTABLE_QS,GENERIC,LP,LP,false,464,21.57,43.40,16.62,MAXIMIZE_CONVERSIONS,SMART,none,
arbeit sanitär meister,EXACT,EX | 25 | CH | SEARCH | LEAD | Sanitärinstallateur,AG | RSA | Sanitärinstallateur,15210620323,190557736766,334183386868,,0,0,0.00,,0.00,0.00,,NULL,NULL,NULL,QS_NULL,GENERIC,NONE,,false,0,,,,MAXIMIZE_CONVERSIONS,SMART,none,
sanitärinstallateur efz,BROAD,EX | 25 | CH | SEARCH | LEAD | Sanitärinstallateur,AG | RSA | Sanitärinstallateur,15210620323,190557736766,346622172633,,1,0,0.00,,0.00,0.00,5,ABOVE_AVG,AVG,BELOW_AVG,UNSTABLE_QS,GENERIC,LP,LP,false,5,9.99,66.67,9.99,MAXIMIZE_CONVERSIONS,SMART,none,
sanitär jobangebote,BROAD,EX | 25 | CH | SEARCH | LEAD | Sanitärinstallateur,AG | RSA | Sanitärinstallateur,15210620323,190557736766,350967993775,,1243,129,208.12,1.61,2.00,0.00,,NULL,NULL,NULL,QS_NULL,GENERIC,NONE,,true,0,21.23,44.98,16.21,MAXIMIZE_CONVERSIONS,SMART,none,
stellenanzeigen sanitärinstallateur,PHRASE,EX | 25 | CH | SEARCH | LEAD | Sanitärinstallateur,AG | RSA | Sanitärinstallateur,15210620323,190557736766,357116055264,,0,0,0.00,,0.00,0.00,,NULL,NULL,NULL,QS_NULL,GENERIC,NONE,,false,0,,,,MAXIMIZE_CONVERSIONS,SMART,none,
sanitär offene stellen,EXACT,EX | 25 | CH | SEARCH | LEAD | Sanitärinstallateur,AG | RSA | Sanitärinstallateur,15210620323,190557736766,377642057436,,27,1,0.77,0.77,1.00,0.00,4,AVG,AVG,BELOW_AVG,UNSTABLE_QS,GENERIC,LP,LP,false,162,19.61,42.16,15.38,MAXIMIZE_CONVERSIONS,SMART,none,
sanitärinstallateur jobs,PHRASE,EX | 25 | CH | SEARCH | LEAD | Sanitärinstallateur,AG | RSA | Sanitärinstallateur,15210620323,190557736766,426119976601,,8,0,0.00,,0.00,0.00,5,ABOVE_AVG,AVG,BELOW_AVG,UNSTABLE_QS,GENERIC,LP,LP,false,40,24.24,39.39,10.71,MAXIMIZE_CONVERSIONS,SMART,none,
sanitärinstallateur in der nähe,BROAD,EX | 25 | CH | SEARCH | LEAD | Sanitärinstallateur,AG | RSA | Sanitärinstallateur,15210620323,190557736766,443982358753,,0,0,0.00,,0.00,0.00,,NULL,NULL,NULL,QS_NULL,GENERIC,NONE,,false,0,,,,MAXIMIZE_CONVERSIONS,SMART,none,
sanitär jobs luzern,PHRASE,EX | 25 | CH | SEARCH | LEAD | Sanitärinstallateur,AG | RSA | Sanitärinstallateur,15210620323,190557736766,748407943828,,7,0,0.00,,0.00,0.00,4,AVG,AVG,BELOW_AVG,UNSTABLE_QS,GENERIC,LP,LP,false,42,23.53,52.94,23.53,MAXIMIZE_CONVERSIONS,SMART,none,
sanitärinstallateur in efz,EXACT,EX | 25 | CH | SEARCH | LEAD | Sanitärinstallateur,AG | RSA | Sanitärinstallateur,15210620323,190557736766,864714899161,,0,0,0.00,,0.00,0.00,,NULL,NULL,NULL,QS_NULL,GENERIC,NONE,,false,0,,,,MAXIMIZE_CONVERSIONS,SMART,none,
sanitär stellen zürich,PHRASE,EX | 25 | CH | SEARCH | LEAD | Sanitärinstallateur,AG | RSA | Sanitärinstallateur,15210620323,190557736766,1463565428141,,20,2,3.64,1.82,0.00,0.00,7,ABOVE_AVG,ABOVE_AVG,BELOW_AVG,UNSTABLE_QS,GENERIC,LP,LP,false,60,32.26,35.48,31.03,MAXIMIZE_CONVERSIONS,SMART,none,
Sanitärinstallateur temporär,PHRASE,EX | 25 | CH | SEARCH | LEAD | Sanitärinstallateur,AG | RSA | Sanitärinstallateur,15210620323,190557736766,2310212252332,,36,8,13.47,1.68,0.00,0.00,7,ABOVE_AVG,ABOVE_AVG,BELOW_AVG,UNSTABLE_QS,GENERIC,LP,LP,false,108,43.08,32.31,42.37,MAXIMIZE_CONVERSIONS,SMART,none,
elektriker gesucht,PHRASE,EX | 26 | CH | SEARCH | LEAD | Elektroinstallateur,AG | RSA | Elektroinstallateur,23369525700,190690911095,305754466,,117,10,18.41,1.84,2.00,0.00,,NULL,NULL,NULL,QS_NULL,GENERIC,NONE,,false,0,11.79,60.47,9.99,MAXIMIZE_CONVERSIONS,SMART,none,
elektriker stellenangebote,PHRASE,EX | 26 | CH | SEARCH | LEAD | Elektroinstallateur,AG | RSA | Elektroinstallateur,23369525700,190690911095,1373871036,,120,8,10.78,1.35,0.00,0.00,,NULL,NULL,NULL,QS_NULL,GENERIC,NONE,,false,0,15.25,52.17,10.85,MAXIMIZE_CONVERSIONS,SMART,none,
elektriker stellenangebote,EXACT,EX | 26 | CH | SEARCH | LEAD | Elektroinstallateur,AG | RSA | Elektroinstallateur,23369525700,190690911095,2183921581,,0,0,0.00,,0.00,0.00,,NULL,NULL,NULL,QS_NULL,GENERIC,NONE,,false,0,,,,MAXIMIZE_CONVERSIONS,SMART,none,
elektroinstallateur stellen,BROAD,EX | 26 | CH | SEARCH | LEAD | Elektroinstallateur,AG | RSA | Elektroinstallateur,23369525700,190690911095,3172281293,,43,3,4.68,1.56,0.00,0.00,,NULL,NULL,NULL,QS_NULL,GENERIC,NONE,,false,0,18.75,50.00,9.99,MAXIMIZE_CONVERSIONS,SMART,none,
elektroinstallateur jobs,BROAD,EX | 26 | CH | SEARCH | LEAD | Elektroinstallateur,AG | RSA | Elektroinstallateur,23369525700,190690911095,298491329911,,659,50,93.31,1.87,3.00,0.00,5,ABOVE_AVG,AVG,BELOW_AVG,UNSTABLE_QS,GENERIC,LP,LP,true,3295,17.98,44.61,14.09,MAXIMIZE_CONVERSIONS,SMART,none,
elektroinstallateur schweiz,BROAD,EX | 26 | CH | SEARCH | LEAD | Elektroinstallateur,AG | RSA | Elektroinstallateur,23369525700,190690911095,333609685638,,11,0,0.00,,0.00,0.00,,NULL,NULL,NULL,QS_NULL,GENERIC,NONE,,false,0,,,,MAXIMIZE_CONVERSIONS,SMART,none,
elektroinstallateur temporär,EXACT,EX | 26 | CH | SEARCH | LEAD | Elektroinstallateur,AG | RSA | Elektroinstallateur,23369525700,190690911095,335901944824,,23,5,8.86,1.77,0.00,0.00,8,ABOVE_AVG,ABOVE_AVG,AVG,UNSTABLE_QS,GENERIC,NONE,,false,46,44.68,29.79,38.30,MAXIMIZE_CONVERSIONS,SMART,none,
montage elektriker efz,EXACT,EX | 26 | CH | SEARCH | LEAD | Elektroinstallateur,AG | RSA | Elektroinstallateur,23369525700,190690911095,389508555555,,0,0,0.00,,0.00,0.00,,NULL,NULL,NULL,QS_NULL,GENERIC,NONE,,false,0,,,,MAXIMIZE_CONVERSIONS,SMART,none,
montage elektriker temporär,EXACT,EX | 26 | CH | SEARCH | LEAD | Elektroinstallateur,AG | RSA | Elektroinstallateur,23369525700,190690911095,1063019851674,,1,0,0.00,,0.00,0.00,,NULL,NULL,NULL,QS_NULL,GENERIC,NONE,,false,0,50.00,0.00,50.00,MAXIMIZE_CONVERSIONS,SMART,none,
electrician jobs switzerland,EXACT,EX | 26 | CH | SEARCH | LEAD | Elektroinstallateur,AG | RSA | Elektroinstallateur,23369525700,190690911095,1066748893805,,3,0,0.00,,0.00,0.00,5,BELOW_AVG,ABOVE_AVG,BELOW_AVG,UNSTABLE_QS,GENERIC,MULTIPLE,AR|LP,false,15,37.50,37.50,25.00,MAXIMIZE_CONVERSIONS,SMART,none,
electrician jobs switzerland,PHRASE,EX | 26 | CH | SEARCH | LEAD | Elektroinstallateur,AG | RSA | Elektroinstallateur,23369525700,190690911095,1232436323910,,3,0,0.00,,0.00,0.00,5,BELOW_AVG,ABOVE_AVG,BELOW_AVG,UNSTABLE_QS,GENERIC,MULTIPLE,AR|LP,false,15,16.67,55.56,16.67,MAXIMIZE_CONVERSIONS,SMART,none,
elektroniker temporär,EXACT,EX | 26 | CH | SEARCH | LEAD | Elektroinstallateur,AG | RSA | Elektroinstallateur,23369525700,190690911095,1457116295429,,32,5,8.34,1.67,0.00,0.00,7,ABOVE_AVG,ABOVE_AVG,BELOW_AVG,UNSTABLE_QS,GENERIC,LP,LP,false,96,61.36,25.00,60.47,MAXIMIZE_CONVERSIONS,SMART,none,
elektroinstallateur temporär,PHRASE,EX | 26 | CH | SEARCH | LEAD | Elektroinstallateur,AG | RSA | Elektroinstallateur,23369525700,190690911095,1457418674783,,59,12,27.25,2.27,0.00,0.00,8,ABOVE_AVG,ABOVE_AVG,AVG,UNSTABLE_QS,GENERIC,NONE,,false,118,50.52,24.74,47.87,MAXIMIZE_CONVERSIONS,SMART,none,
efz jobs schweiz,BROAD,EX | 26 | CH | SEARCH | LEAD | Elektroinstallateur,AG | RSA | Elektroinstallateur,23369525700,190690911095,2228280178473,,3050,225,457.79,2.03,8.42,0.00,,NULL,NULL,NULL,QS_NULL,GENERIC,NONE,,true,0,21.21,42.20,15.64,MAXIMIZE_CONVERSIONS,SMART,none,
flachdachisoleur jobs,BROAD,EX | 26 | CH | SEARCH | LEAD | Abdichter,AG | RSA | Abdichter,23473547006,191108771999,303635393411,,0,0,0.00,,0.00,0.00,,NULL,NULL,NULL,QS_NULL,GENERIC,NONE,,false,0,,,,MAXIMIZE_CONVERSIONS,SMART,none,
isoleur jobs,BROAD,EX | 26 | CH | SEARCH | LEAD | Abdichter,AG | RSA | Abdichter,23473547006,191108771999,305326914697,,3,0,0.00,,0.00,0.00,2,AVG,BELOW_AVG,BELOW_AVG,UNSTABLE_QS,GENERIC,MULTIPLE,ECTR|LP,false,24,30.00,60.00,9.99,MAXIMIZE_CONVERSIONS,SMART,none,
bauwerksabdichter jobs,BROAD,EX | 26 | CH | SEARCH | LEAD | Abdichter,AG | RSA | Abdichter,23473547006,191108771999,323577835401,,1127,120,150.53,1.25,1.00,0.00,,NULL,NULL,NULL,QS_NULL,GENERIC,NONE,,true,0,17.52,50.75,12.72,MAXIMIZE_CONVERSIONS,SMART,none,
abdichtung jobs,BROAD,EX | 26 | CH | SEARCH | LEAD | Abdichter,AG | RSA | Abdichter,23473547006,191108771999,376526791570,,0,0,0.00,,0.00,0.00,,NULL,NULL,NULL,QS_NULL,GENERIC,NONE,,false,0,,,,MAXIMIZE_CONVERSIONS,SMART,none,
abdichter jobs,BROAD,EX | 26 | CH | SEARCH | LEAD | Abdichter,AG | RSA | Abdichter,23473547006,191108771999,486338965163,,6,1,1.63,1.63,0.00,0.00,7,ABOVE_AVG,ABOVE_AVG,BELOW_AVG,UNSTABLE_QS,GENERIC,LP,LP,false,18,33.33,44.44,11.11,MAXIMIZE_CONVERSIONS,SMART,none,
abdichter efz,EXACT,EX | 26 | CH | SEARCH | LEAD | Abdichter,AG | RSA | Abdichter,23473547006,191108771999,1427214547402,,4,0,0.00,,0.00,0.00,2,AVG,BELOW_AVG,BELOW_AVG,UNSTABLE_QS,GENERIC,MULTIPLE,ECTR|LP,false,32,9.99,60.00,9.99,MAXIMIZE_CONVERSIONS,SMART,none,
stellenangebote dachdecker,BROAD,EX | 26 | CH | SEARCH | LEAD | Dachdecker,AG | RSA | Dachdecker,6496821254,191152991225,825828175,,153,6,4.16,0.69,0.00,0.00,3,ABOVE_AVG,BELOW_AVG,BELOW_AVG,UNSTABLE_QS,GENERIC,MULTIPLE,ECTR|LP,false,1071,13.27,52.55,9.99,MAXIMIZE_CONVERSIONS,SMART,none,
dachdecker jobs,PHRASE,EX | 26 | CH | SEARCH | LEAD | Dachdecker,AG | RSA | Dachdecker,6496821254,191152991225,4771722986,,76,6,6.31,1.05,1.00,0.00,3,ABOVE_AVG,BELOW_AVG,BELOW_AVG,UNSTABLE_QS,GENERIC,MULTIPLE,ECTR|LP,false,532,22.66,50.00,16.53,MAXIMIZE_CONVERSIONS,SMART,none,
dachdecker jobs zürich,EXACT,EX | 26 | CH | SEARCH | LEAD | Dachdecker,AG | RSA | Dachdecker,6496821254,191152991225,356909859580,,7,0,0.00,,0.00,0.00,6,AVG,ABOVE_AVG,BELOW_AVG,UNSTABLE_QS,GENERIC,LP,LP,false,28,50.00,20.00,57.14,MAXIMIZE_CONVERSIONS,SMART,none,
dachdeckerarbeit,PHRASE,EX | 26 | CH | SEARCH | LEAD | Dachdecker,AG | RSA | Dachdecker,6496821254,191152991225,361642294270,,0,0,0.00,,0.00,0.00,,NULL,NULL,NULL,QS_NULL,GENERIC,NONE,,false,0,,,,MAXIMIZE_CONVERSIONS,SMART,none,
carpenter jobs in switzerland,EXACT,EX | 26 | CH | SEARCH | LEAD | Dachdecker,AG | RSA | Dachdecker,6496821254,191152991225,364881418790,,0,0,0.00,,0.00,0.00,,NULL,NULL,NULL,QS_NULL,GENERIC,NONE,,false,0,9.99,90.01,9.99,MAXIMIZE_CONVERSIONS,SMART,none,
gesucht dachdecker,BROAD,EX | 26 | CH | SEARCH | LEAD | Dachdecker,AG | RSA | Dachdecker,6496821254,191152991225,374574413906,,180,16,17.31,1.08,0.50,0.00,,NULL,NULL,NULL,QS_NULL,GENERIC,NONE,,false,0,18.13,57.60,14.78,MAXIMIZE_CONVERSIONS,SMART,none,
dachdecker flachdach jobs,PHRASE,EX | 26 | CH | SEARCH | LEAD | Dachdecker,AG | RSA | Dachdecker,6496821254,191152991225,668053509543,,1,0,0.00,,0.00,0.00,3,BELOW_AVG,AVG,BELOW_AVG,UNSTABLE_QS,GENERIC,MULTIPLE,AR|LP,false,7,12.50,62.50,12.50,MAXIMIZE_CONVERSIONS,SMART,none,
dachdecker efz,EXACT,EX | 26 | CH | SEARCH | LEAD | Dachdecker,AG | RSA | Dachdecker,6496821254,191152991225,958142388946,,0,0,0.00,,0.00,0.00,6,AVG,ABOVE_AVG,BELOW_AVG,UNSTABLE_QS,GENERIC,LP,LP,false,0,,,,MAXIMIZE_CONVERSIONS,SMART,none,
dachdecker arbeit suchen,PHRASE,EX | 26 | CH | SEARCH | LEAD | Dachdecker,AG | RSA | Dachdecker,6496821254,191152991225,1389846584570,,29,4,6.57,1.64,0.00,0.00,6,AVG,ABOVE_AVG,BELOW_AVG,UNSTABLE_QS,GENERIC,LP,LP,false,116,15.60,62.39,12.50,MAXIMIZE_CONVERSIONS,SMART,none,
temporär dachdecker,BROAD,EX | 26 | CH | SEARCH | LEAD | Dachdecker,AG | RSA | Dachdecker,6496821254,191152991225,2438603311083,,365,38,50.67,1.33,0.98,0.00,8,ABOVE_AVG,ABOVE_AVG,AVG,UNSTABLE_QS,GENERIC,NONE,,false,730,15.88,56.88,11.28,MAXIMIZE_CONVERSIONS,SMART,none,
offene stellen Dachdecker,BROAD,EX | 26 | CH | SEARCH | LEAD | Dachdecker,AG | RSA | Dachdecker,6496821254,191152991225,2462033038214,,89,7,4.17,0.60,0.00,0.00,3,ABOVE_AVG,BELOW_AVG,BELOW_AVG,UNSTABLE_QS,GENERIC,MULTIPLE,ECTR|LP,false,623,33.33,46.67,25.00,MAXIMIZE_CONVERSIONS,SMART,none,
temporär Flachdach,BROAD,EX | 26 | CH | SEARCH | LEAD | Dachdecker,AG | RSA | Dachdecker,6496821254,191152991225,2462033038294,,0,0,0.00,,0.00,0.00,,NULL,NULL,NULL,QS_NULL,GENERIC,NONE,,false,0,,,,MAXIMIZE_CONVERSIONS,SMART,none,
arbeiter Dachdecker,BROAD,EX | 26 | CH | SEARCH | LEAD | Dachdecker,AG | RSA | Dachdecker,6496821254,191152991225,2462033038534,,0,0,0.00,,0.00,0.00,,NULL,NULL,NULL,QS_NULL,GENERIC,NONE,,false,0,,,,MAXIMIZE_CONVERSIONS,SMART,none,
steel job,PHRASE,EX | 25 | CH | SEARCH | LEAD | Metallbauer,AG | RSA | Metallbauer KW Testing,15347327648,191429218741,1279249759,,0,0,0.00,,0.00,0.00,,NULL,NULL,NULL,QS_NULL,GENERIC,NONE,,false,0,,,,MAXIMIZE_CONVERSIONS,SMART,none,
metallbauer stellenangebote,BROAD,EX | 25 | CH | SEARCH | LEAD | Metallbauer,AG | RSA | Metallbauer KW Testing,15347327648,191429218741,304628771918,,243,28,47.73,1.70,0.00,0.00,5,ABOVE_AVG,AVG,BELOW_AVG,UNSTABLE_QS,GENERIC,LP,LP,false,1215,22.02,50.34,16.67,MAXIMIZE_CONVERSIONS,SMART,none,
metallbauer jobs bern,EXACT,EX | 25 | CH | SEARCH | LEAD | Metallbauer,AG | RSA | Metallbauer KW Testing,15347327648,191429218741,327354285118,,6,0,0.00,,0.00,0.00,,NULL,NULL,NULL,QS_NULL,GENERIC,NONE,,false,0,28.57,28.57,15.00,MAXIMIZE_CONVERSIONS,SMART,none,
offene stellen metallbauer,EXACT,EX | 25 | CH | SEARCH | LEAD | Metallbauer,AG | RSA | Metallbauer KW Testing,15347327648,191429218741,336421229924,,0,0,0.00,,0.00,0.00,,NULL,NULL,NULL,QS_NULL,GENERIC,NONE,,false,0,,,,MAXIMIZE_CONVERSIONS,SMART,none,
metallbauer jobs,EXACT,EX | 25 | CH | SEARCH | LEAD | Metallbauer,AG | RSA | Metallbauer KW Testing,15347327648,191429218741,352943952127,,6,1,0.67,0.67,0.00,0.00,3,ABOVE_AVG,BELOW_AVG,BELOW_AVG,UNSTABLE_QS,GENERIC,MULTIPLE,ECTR|LP,false,42,28.57,42.86,15.79,MAXIMIZE_CONVERSIONS,SMART,none,
arbeit metallbau,PHRASE,EX | 25 | CH | SEARCH | LEAD | Metallbauer,AG | RSA | Metallbauer KW Testing,15347327648,191429218741,355904095337,,0,0,0.00,,0.00,0.00,5,BELOW_AVG,ABOVE_AVG,BELOW_AVG,UNSTABLE_QS,GENERIC,MULTIPLE,AR|LP,false,0,,,,MAXIMIZE_CONVERSIONS,SMART,none,
jobs metallbau,PHRASE,EX | 25 | CH | SEARCH | LEAD | Metallbauer,AG | RSA | Metallbauer KW Testing,15347327648,191429218741,362047562554,,69,7,17.65,2.52,0.96,0.00,5,ABOVE_AVG,AVG,BELOW_AVG,UNSTABLE_QS,GENERIC,LP,LP,false,345,19.13,57.40,13.65,MAXIMIZE_CONVERSIONS,SMART,none,
metallbau monteur,EXACT,EX | 25 | CH | SEARCH | LEAD | Metallbauer,AG | RSA | Metallbauer KW Testing,15347327648,191429218741,387240862734,,2,0,0.00,,0.00,0.00,5,ABOVE_AVG,AVG,BELOW_AVG,UNSTABLE_QS,GENERIC,LP,LP,false,10,33.33,50.00,9.99,MAXIMIZE_CONVERSIONS,SMART,none,
ironworkers working,PHRASE,EX | 25 | CH | SEARCH | LEAD | Metallbauer,AG | RSA | Metallbauer KW Testing,15347327648,191429218741,783474776124,,0,0,0.00,,0.00,0.00,,NULL,NULL,NULL,QS_NULL,GENERIC,NONE,,false,0,,,,MAXIMIZE_CONVERSIONS,SMART,none,
metallbauer efz,EXACT,EX | 25 | CH | SEARCH | LEAD | Metallbauer,AG | RSA | Metallbauer KW Testing,15347327648,191429218741,1463525312540,,2,0,0.00,,0.00,0.00,3,ABOVE_AVG,BELOW_AVG,BELOW_AVG,UNSTABLE_QS,GENERIC,MULTIPLE,ECTR|LP,false,14,9.99,90.01,9.99,MAXIMIZE_CONVERSIONS,SMART,none,
metallbau jobs in der nähe,EXACT,EX | 25 | CH | SEARCH | LEAD | Metallbauer,AG | RSA | Metallbauer KW Testing,15347327648,191429218741,1608995248032,,4,2,2.88,1.44,0.00,0.00,3,BELOW_AVG,AVG,BELOW_AVG,UNSTABLE_QS,GENERIC,MULTIPLE,AR|LP,false,28,50.00,25.00,50.00,MAXIMIZE_CONVERSIONS,SMART,none,
stahl arbeit,PHRASE,EX | 25 | CH | SEARCH | LEAD | Metallbauer,AG | RSA | Metallbauer KW Testing,15347327648,191429218741,2324174647864,,0,0,0.00,,0.00,0.00,3,ABOVE_AVG,BELOW_AVG,BELOW_AVG,UNSTABLE_QS,GENERIC,MULTIPLE,ECTR|LP,false,0,,,,MAXIMIZE_CONVERSIONS,SMART,none,
zimmerer job,EXACT,EX | 25 | CH | SEARCH | LEAD | Zimmermann,AG | RSA | Zimmermann,23468591016,191553934309,4778905179,,0,0,0.00,,0.00,0.00,,NULL,NULL,NULL,QS_NULL,GENERIC,NONE,,false,0,,,,MAXIMIZE_CONVERSIONS,SMART,none,
zimmermann jobs,BROAD,EX | 25 | CH | SEARCH | LEAD | Zimmermann,AG | RSA | Zimmermann,23468591016,191553934309,302323622056,,248,27,40.99,1.52,1.00,0.00,7,ABOVE_AVG,ABOVE_AVG,BELOW_AVG,UNSTABLE_QS,GENERIC,LP,LP,false,744,12.99,54.34,9.99,MAXIMIZE_CONVERSIONS,SMART,none,
zimmermann arbeit,BROAD,EX | 25 | CH | SEARCH | LEAD | Zimmermann,AG | RSA | Zimmermann,23468591016,191553934309,303575974490,,279,31,44.73,1.44,0.04,0.00,3,ABOVE_AVG,BELOW_AVG,BELOW_AVG,UNSTABLE_QS,GENERIC,MULTIPLE,ECTR|LP,false,1953,15.00,53.29,10.59,MAXIMIZE_CONVERSIONS,SMART,none,
zimmerer stellenangebote,PHRASE,EX | 25 | CH | SEARCH | LEAD | Zimmermann,AG | RSA | Zimmermann,23468591016,191553934309,325929135078,,0,0,0.00,,0.00,0.00,,NULL,NULL,NULL,QS_NULL,GENERIC,NONE,,false,0,,,,MAXIMIZE_CONVERSIONS,SMART,none,
zimmermann stellen,BROAD,EX | 25 | CH | SEARCH | LEAD | Zimmermann,AG | RSA | Zimmermann,23468591016,191553934309,370943126124,,0,0,0.00,,0.00,0.00,5,ABOVE_AVG,AVG,BELOW_AVG,UNSTABLE_QS,GENERIC,LP,LP,false,0,,,,MAXIMIZE_CONVERSIONS,SMART,none,
zimmermann jobsuche,BROAD,EX | 25 | CH | SEARCH | LEAD | Zimmermann,AG | RSA | Zimmermann,23468591016,191553934309,384172854614,,132,8,11.93,1.49,1.00,0.00,,NULL,NULL,NULL,QS_NULL,GENERIC,NONE,,false,0,10.32,55.82,9.99,MAXIMIZE_CONVERSIONS,SMART,none,
job als zimmermann,PHRASE,EX | 25 | CH | SEARCH | LEAD | Zimmermann,AG | RSA | Zimmermann,23468591016,191553934309,423073931757,,0,0,0.00,,0.00,0.00,4,AVG,AVG,BELOW_AVG,UNSTABLE_QS,GENERIC,LP,LP,false,0,9.99,66.67,9.99,MAXIMIZE_CONVERSIONS,SMART,none,
offene stellen zimmermann,BROAD,EX | 25 | CH | SEARCH | LEAD | Zimmermann,AG | RSA | Zimmermann,23468591016,191553934309,507156803752,,244,19,33.89,1.78,1.50,0.00,7,ABOVE_AVG,AVG,AVG,UNSTABLE_QS,GENERIC,NONE,,false,732,11.91,56.36,9.99,MAXIMIZE_CONVERSIONS,SMART,none,
stelle als zimmermann,PHRASE,EX | 25 | CH | SEARCH | LEAD | Zimmermann,AG | RSA | Zimmermann,23468591016,191553934309,833287141406,,0,0,0.00,,0.00,0.00,,NULL,NULL,NULL,QS_NULL,GENERIC,NONE,,false,0,,,,MAXIMIZE_CONVERSIONS,SMART,none,
zimmermann jobs zürich,BROAD,EX | 25 | CH | SEARCH | LEAD | Zimmermann,AG | RSA | Zimmermann,23468591016,191553934309,835671803435,,153,11,16.21,1.47,0.00,0.00,,NULL,NULL,NULL,QS_NULL,GENERIC,NONE,,false,0,13.21,57.14,9.99,MAXIMIZE_CONVERSIONS,SMART,none,
zimmermann temporär,PHRASE,EX | 25 | CH | SEARCH | LEAD | Zimmermann,AG | RSA | Zimmermann,23468591016,191553934309,1463173858027,,2,0,0.00,,0.00,0.00,8,ABOVE_AVG,ABOVE_AVG,AVG,UNSTABLE_QS,GENERIC,NONE,,false,4,100.00,0.00,100.00,MAXIMIZE_CONVERSIONS,SMART,none,
zimmermann efz,PHRASE,EX | 25 | CH | SEARCH | LEAD | Zimmermann,AG | RSA | Zimmermann,23468591016,191553934309,1463785965289,,2,1,0.27,0.27,0.00,0.00,,NULL,NULL,NULL,QS_NULL,GENERIC,NONE,,false,0,9.99,62.50,9.99,MAXIMIZE_CONVERSIONS,SMART,none,
cnc fräser jobs,PHRASE,EX | 25 | CH | SEARCH | LEAD | Polymechaniker,AG | RSA | Polymechaniker | KW Testing,20702215351,191651580382,304435562818,,1,0,0.00,,0.00,0.00,5,ABOVE_AVG,AVG,BELOW_AVG,UNSTABLE_QS,GENERIC,LP,LP,false,5,100.00,0.00,100.00,MAXIMIZE_CONVERSIONS,SMART,none,
schweiz polymechaniker,PHRASE,EX | 25 | CH | SEARCH | LEAD | Polymechaniker,AG | RSA | Polymechaniker | KW Testing,20702215351,191651580382,306658332149,,0,0,0.00,,0.00,0.00,,NULL,NULL,NULL,QS_NULL,GENERIC,NONE,,false,0,,,,MAXIMIZE_CONVERSIONS,SMART,none,
job polymechaniker,PHRASE,EX | 25 | CH | SEARCH | LEAD | Polymechaniker,AG | RSA | Polymechaniker | KW Testing,20702215351,191651580382,307384036218,,82,7,13.89,1.98,1.00,0.00,5,ABOVE_AVG,AVG,BELOW_AVG,UNSTABLE_QS,GENERIC,LP,LP,false,410,18.21,64.26,14.98,MAXIMIZE_CONVERSIONS,SMART,none,
polymechaniker jobs schweiz,PHRASE,EX | 25 | CH | SEARCH | LEAD | Polymechaniker,AG | RSA | Polymechaniker | KW Testing,20702215351,191651580382,307788425175,,28,1,1.05,1.05,0.00,0.00,3,BELOW_AVG,AVG,BELOW_AVG,UNSTABLE_QS,GENERIC,MULTIPLE,AR|LP,false,196,17.65,62.35,9.99,MAXIMIZE_CONVERSIONS,SMART,none,
polymechaniker schweiz jobs,PHRASE,EX | 25 | CH | SEARCH | LEAD | Polymechaniker,AG | RSA | Polymechaniker | KW Testing,20702215351,191651580382,307788425735,,16,0,0.00,,0.00,0.00,,NULL,NULL,NULL,QS_NULL,GENERIC,NONE,,false,0,20.00,72.00,16.33,MAXIMIZE_CONVERSIONS,SMART,none,
polymechaniker montage jobs,EXACT,EX | 25 | CH | SEARCH | LEAD | Polymechaniker,AG | RSA | Polymechaniker | KW Testing,20702215351,191651580382,308156916617,,5,1,2.80,2.80,0.00,0.00,5,ABOVE_AVG,AVG,BELOW_AVG,UNSTABLE_QS,GENERIC,LP,LP,false,25,31.25,25.00,33.33,MAXIMIZE_CONVERSIONS,SMART,none,
cnc dreher jobs,PHRASE,EX | 25 | CH | SEARCH | LEAD | Polymechaniker,AG | RSA | Polymechaniker | KW Testing,20702215351,191651580382,312018690395,,1,1,1.24,1.24,0.00,0.00,5,ABOVE_AVG,AVG,BELOW_AVG,UNSTABLE_QS,GENERIC,LP,LP,false,5,33.33,33.33,33.33,MAXIMIZE_CONVERSIONS,SMART,none,
cnc mechaniker,PHRASE,EX | 25 | CH | SEARCH | LEAD | Polymechaniker,AG | RSA | Polymechaniker | KW Testing,20702215351,191651580382,312018691155,,11,0,0.00,,0.00,0.00,3,ABOVE_AVG,BELOW_AVG,BELOW_AVG,UNSTABLE_QS,GENERIC,MULTIPLE,ECTR|LP,false,77,9.99,66.67,9.99,MAXIMIZE_CONVERSIONS,SMART,none,
polymechaniker offene stellen,EXACT,EX | 25 | CH | SEARCH | LEAD | Polymechaniker,AG | RSA | Polymechaniker | KW Testing,20702215351,191651580382,334991226894,,58,2,3.13,1.56,0.00,0.00,5,ABOVE_AVG,AVG,BELOW_AVG,UNSTABLE_QS,GENERIC,LP,LP,false,290,36.52,47.83,19.82,MAXIMIZE_CONVERSIONS,SMART,none,
polymechaniker basel,PHRASE,EX | 25 | CH | SEARCH | LEAD | Polymechaniker,AG | RSA | Polymechaniker | KW Testing,20702215351,191651580382,354015075080,,6,2,5.95,2.98,0.00,0.00,5,ABOVE_AVG,AVG,BELOW_AVG,UNSTABLE_QS,GENERIC,LP,LP,false,30,33.33,53.33,33.33,MAXIMIZE_CONVERSIONS,SMART,none,
cnc mechaniker jobs,PHRASE,EX | 25 | CH | SEARCH | LEAD | Polymechaniker,AG | RSA | Polymechaniker | KW Testing,20702215351,191651580382,358184835242,,34,3,5.70,1.90,0.00,0.00,5,ABOVE_AVG,AVG,BELOW_AVG,UNSTABLE_QS,GENERIC,LP,LP,false,170,25.56,48.89,19.32,MAXIMIZE_CONVERSIONS,SMART,none,
polymechaniker stellenangebote,PHRASE,EX | 25 | CH | SEARCH | LEAD | Polymechaniker,AG | RSA | Polymechaniker | KW Testing,20702215351,191651580382,358813546043,,132,9,12.13,1.35,0.00,0.00,,NULL,NULL,NULL,QS_NULL,GENERIC,NONE,,false,0,23.02,56.98,15.35,MAXIMIZE_CONVERSIONS,SMART,none,
cnc fräser stellen,PHRASE,EX | 25 | CH | SEARCH | LEAD | Polymechaniker,AG | RSA | Polymechaniker | KW Testing,20702215351,191651580382,358975880365,,0,0,0.00,,0.00,0.00,,NULL,NULL,NULL,QS_NULL,GENERIC,NONE,,false,0,,,,MAXIMIZE_CONVERSIONS,SMART,none,
polymechaniker cnc,PHRASE,EX | 25 | CH | SEARCH | LEAD | Polymechaniker,AG | RSA | Polymechaniker | KW Testing,20702215351,191651580382,470415828660,,5,0,0.00,,0.00,0.00,5,ABOVE_AVG,AVG,BELOW_AVG,UNSTABLE_QS,GENERIC,LP,LP,false,25,29.41,5.88,9.99,MAXIMIZE_CONVERSIONS,SMART,none,
polymechaniker aargau,PHRASE,EX | 25 | CH | SEARCH | LEAD | Polymechaniker,AG | RSA | Polymechaniker | KW Testing,20702215351,191651580382,666802741349,,4,0,0.00,,0.00,0.00,3,ABOVE_AVG,BELOW_AVG,BELOW_AVG,UNSTABLE_QS,GENERIC,MULTIPLE,ECTR|LP,false,28,33.33,25.00,25.00,MAXIMIZE_CONVERSIONS,SMART,none,
polymechaniker jobs schaffhausen,PHRASE,EX | 25 | CH | SEARCH | LEAD | Polymechaniker,AG | RSA | Polymechaniker | KW Testing,20702215351,191651580382,2470583520867,,2,0,0.00,,0.00,0.00,5,ABOVE_AVG,AVG,BELOW_AVG,UNSTABLE_QS,GENERIC,LP,LP,false,10,20.00,50.00,22.22,MAXIMIZE_CONVERSIONS,SMART,none,
fahrer jobs,BROAD,EX | 26 | CH | SEARCH | LEAD | Baumaschinenführer,AG | RSA | Baumaschinenführer,23473551299,191930702636,152416020,,693,70,70.09,1.00,1.00,0.00,6,AVG,ABOVE_AVG,BELOW_AVG,UNSTABLE_QS,GENERIC,LP,LP,true,2772,19.06,56.82,11.59,MAXIMIZE_CONVERSIONS,SMART,none,
forklift jobs,PHRASE,EX | 26 | CH | SEARCH | LEAD | Baumaschinenführer,AG | RSA | Baumaschinenführer,23473551299,191930702636,669705312,,0,0,0.00,,0.00,0.00,,NULL,NULL,NULL,QS_NULL,GENERIC,NONE,,false,0,9.99,90.01,9.99,MAXIMIZE_CONVERSIONS,SMART,none,
baumaschinenführer jobs schweiz,BROAD,EX | 26 | CH | SEARCH | LEAD | Baumaschinenführer,AG | RSA | Baumaschinenführer,23473551299,191930702636,303466263761,,0,0,0.00,,0.00,0.00,,NULL,NULL,NULL,QS_NULL,GENERIC,NONE,,false,0,,,,MAXIMIZE_CONVERSIONS,SMART,none,
maschinist arbeit,BROAD,EX | 26 | CH | SEARCH | LEAD | Baumaschinenführer,AG | RSA | Baumaschinenführer,23473551299,191930702636,304335009041,,69,3,0.70,0.23,0.00,0.00,,NULL,NULL,NULL,QS_NULL,GENERIC,NONE,,false,0,9.99,90.01,9.99,MAXIMIZE_CONVERSIONS,SMART,none,
maschinist job,BROAD,EX | 26 | CH | SEARCH | LEAD | Baumaschinenführer,AG | RSA | Baumaschinenführer,23473551299,191930702636,304335009081,,3,0,0.00,,0.00,0.00,,NULL,NULL,NULL,QS_NULL,GENERIC,NONE,,false,0,9.99,80.00,9.99,MAXIMIZE_CONVERSIONS,SMART,none,
maschinen arbeit,PHRASE,EX | 26 | CH | SEARCH | LEAD | Baumaschinenführer,AG | RSA | Baumaschinenführer,23473551299,191930702636,307520010190,,56,5,5.04,1.01,0.00,0.00,,NULL,NULL,NULL,QS_NULL,GENERIC,NONE,,false,0,12.95,66.32,9.99,MAXIMIZE_CONVERSIONS,SMART,none,
baumaschinenführer schweiz,BROAD,EX | 26 | CH | SEARCH | LEAD | Baumaschinenführer,AG | RSA | Baumaschinenführer,23473551299,191930702636,313815677242,,1,0,0.00,,0.00,0.00,,NULL,NULL,NULL,QS_NULL,GENERIC,NONE,,false,0,9.99,66.67,9.99,MAXIMIZE_CONVERSIONS,SMART,none,
baumaschinenführer stellen,BROAD,EX | 26 | CH | SEARCH | LEAD | Baumaschinenführer,AG | RSA | Baumaschinenführer,23473551299,191930702636,314810564129,,8,0,0.00,,0.00,0.00,,NULL,NULL,NULL,QS_NULL,GENERIC,NONE,,false,0,,,,MAXIMIZE_CONVERSIONS,SMART,none,
baumaschinenführer jobs,EXACT,EX | 26 | CH | SEARCH | LEAD | Baumaschinenführer,AG | RSA | Baumaschinenführer,23473551299,191930702636,324309311478,,9,0,0.00,,0.00,0.00,5,ABOVE_AVG,AVG,BELOW_AVG,UNSTABLE_QS,GENERIC,LP,LP,false,45,12.50,60.94,9.99,MAXIMIZE_CONVERSIONS,SMART,none,
staplerfahrer arbeit,PHRASE,EX | 26 | CH | SEARCH | LEAD | Baumaschinenführer,AG | RSA | Baumaschinenführer,23473551299,191930702636,339454217412,,126,12,9.15,0.76,0.00,0.00,,NULL,NULL,NULL,QS_NULL,GENERIC,NONE,,false,0,22.09,51.81,12.03,MAXIMIZE_CONVERSIONS,SMART,none,
baumaschinenführer stellenangebote,BROAD,EX | 26 | CH | SEARCH | LEAD | Baumaschinenführer,AG | RSA | Baumaschinenführer,23473551299,191930702636,348293297704,,0,0,0.00,,0.00,0.00,,NULL,NULL,NULL,QS_NULL,GENERIC,NONE,,false,0,,,,MAXIMIZE_CONVERSIONS,SMART,none,
stelle als baumaschinenführer,EXACT,EX | 26 | CH | SEARCH | LEAD | Baumaschinenführer,AG | RSA | Baumaschinenführer,23473551299,191930702636,358531216765,,0,0,0.00,,0.00,0.00,,NULL,NULL,NULL,QS_NULL,GENERIC,NONE,,false,0,,,,MAXIMIZE_CONVERSIONS,SMART,none,
baumaschinenführer arbeit,BROAD,EX | 26 | CH | SEARCH | LEAD | Baumaschinenführer,AG | RSA | Baumaschinenführer,23473551299,191930702636,382656882926,,51,5,5.76,1.15,0.00,0.00,,NULL,NULL,NULL,QS_NULL,GENERIC,NONE,,false,0,22.37,38.16,15.07,MAXIMIZE_CONVERSIONS,SMART,none,
baumaschinenführer jobs in der nähe,BROAD,EX | 26 | CH | SEARCH | LEAD | Baumaschinenführer,AG | RSA | Baumaschinenführer,23473551299,191930702636,1663715971137,,0,0,0.00,,0.00,0.00,3,ABOVE_AVG,BELOW_AVG,BELOW_AVG,UNSTABLE_QS,GENERIC,MULTIPLE,ECTR|LP,false,0,9.99,90.01,9.99,MAXIMIZE_CONVERSIONS,SMART,none,
baumaschinenführer efz,EXACT,EX | 26 | CH | SEARCH | LEAD | Baumaschinenführer,AG | RSA | Baumaschinenführer,23473551299,191930702636,2264253328013,,0,0,0.00,,0.00,0.00,,NULL,NULL,NULL,QS_NULL,GENERIC,NONE,,false,0,9.99,90.01,9.99,MAXIMIZE_CONVERSIONS,SMART,none,
carpenter work,PHRASE,EX | 26 | CH | SEARCH | LEAD | Montage-Schreiner,AG | RSA | Montage-Schreiner,23468574954,192099072219,248250997,,1,1,0.50,0.50,0.00,0.00,3,ABOVE_AVG,BELOW_AVG,BELOW_AVG,UNSTABLE_QS,GENERIC,MULTIPLE,ECTR|LP,false,7,10.00,40.00,10.00,MAXIMIZE_CONVERSIONS,SMART,none,
stellenangebote schreiner,PHRASE,EX | 26 | CH | SEARCH | LEAD | Montage-Schreiner,AG | RSA | Montage-Schreiner,23468574954,192099072219,761371831,,26,2,4.38,2.19,0.00,0.00,,NULL,NULL,NULL,QS_NULL,GENERIC,NONE,,false,0,15.32,58.06,9.99,MAXIMIZE_CONVERSIONS,SMART,none,
jobs schreiner,PHRASE,EX | 26 | CH | SEARCH | LEAD | Montage-Schreiner,AG | RSA | Montage-Schreiner,23468574954,192099072219,1588395022,,21,1,1.14,1.14,0.00,0.00,5,ABOVE_AVG,AVG,BELOW_AVG,UNSTABLE_QS,GENERIC,LP,LP,false,105,10.49,60.84,9.99,MAXIMIZE_CONVERSIONS,SMART,none,
schreiner stellen,PHRASE,EX | 26 | CH | SEARCH | LEAD | Montage-Schreiner,AG | RSA | Montage-Schreiner,23468574954,192099072219,19998755523,,43,3,3.12,1.04,0.00,0.00,3,ABOVE_AVG,BELOW_AVG,BELOW_AVG,UNSTABLE_QS,GENERIC,MULTIPLE,ECTR|LP,false,301,10.09,58.50,9.99,MAXIMIZE_CONVERSIONS,SMART,none,
schreiner job,PHRASE,EX | 26 | CH | SEARCH | LEAD | Montage-Schreiner,AG | RSA | Montage-Schreiner,23468574954,192099072219,297476803591,,17,1,3.14,3.14,0.00,0.00,5,ABOVE_AVG,AVG,BELOW_AVG,UNSTABLE_QS,GENERIC,LP,LP,false,85,12.66,51.90,9.99,MAXIMIZE_CONVERSIONS,SMART,none,
schreiner offene stellen,PHRASE,EX | 26 | CH | SEARCH | LEAD | Montage-Schreiner,AG | RSA | Montage-Schreiner,23468574954,192099072219,297476803831,,193,22,35.62,1.62,0.00,0.00,5,ABOVE_AVG,AVG,BELOW_AVG,UNSTABLE_QS,GENERIC,LP,LP,false,965,23.16,46.14,14.46,MAXIMIZE_CONVERSIONS,SMART,none,
montagemitarbeiter jobs,PHRASE,EX | 26 | CH | SEARCH | LEAD | Montage-Schreiner,AG | RSA | Montage-Schreiner,23468574954,192099072219,297806797578,,565,36,49.53,1.38,0.50,0.00,5,ABOVE_AVG,AVG,BELOW_AVG,UNSTABLE_QS,GENERIC,LP,LP,false,2825,30.27,37.50,22.90,MAXIMIZE_CONVERSIONS,SMART,none,
stellenangebot tischler,PHRASE,EX | 26 | CH | SEARCH | LEAD | Montage-Schreiner,AG | RSA | Montage-Schreiner,23468574954,192099072219,304226754625,,1,0,0.00,,0.00,0.00,,NULL,NULL,NULL,QS_NULL,GENERIC,NONE,,false,0,14.29,57.14,14.29,MAXIMIZE_CONVERSIONS,SMART,none,
offene stellen tischler,PHRASE,EX | 26 | CH | SEARCH | LEAD | Montage-Schreiner,AG | RSA | Montage-Schreiner,23468574954,192099072219,320464070594,,0,0,0.00,,0.00,0.00,,NULL,NULL,NULL,QS_NULL,GENERIC,NONE,,false,0,,,,MAXIMIZE_CONVERSIONS,SMART,none,
tischler jobs,PHRASE,EX | 26 | CH | SEARCH | LEAD | Montage-Schreiner,AG | RSA | Montage-Schreiner,23468574954,192099072219,320464075154,,6,2,3.51,1.75,0.00,0.00,,NULL,NULL,NULL,QS_NULL,GENERIC,NONE,,false,0,26.32,57.89,15.79,MAXIMIZE_CONVERSIONS,SMART,none,
summer jobs switzerland,PHRASE,EX | 26 | CH | SEARCH | LEAD | Montage-Schreiner,AG | RSA | Montage-Schreiner,23468574954,192099072219,338429129462,,16,3,2.98,0.99,0.00,0.00,,NULL,NULL,NULL,QS_NULL,GENERIC,NONE,,false,0,9.99,70.83,9.99,MAXIMIZE_CONVERSIONS,SMART,none,
schreiner efz,EXACT,EX | 26 | CH | SEARCH | LEAD | Montage-Schreiner,AG | RSA | Montage-Schreiner,23468574954,192099072219,385174399813,,6,0,0.00,,0.00,0.00,,NULL,NULL,NULL,QS_NULL,GENERIC,NONE,,false,0,9.99,50.00,9.99,MAXIMIZE_CONVERSIONS,SMART,none,
offene stellen montage,PHRASE,EX | 26 | CH | SEARCH | LEAD | Montage-Schreiner,AG | RSA | Montage-Schreiner,23468574954,192099072219,410587689748,,144,11,16.28,1.48,0.00,0.00,7,ABOVE_AVG,ABOVE_AVG,BELOW_AVG,UNSTABLE_QS,GENERIC,LP,LP,false,432,20.45,49.43,14.71,MAXIMIZE_CONVERSIONS,SMART,none,
montageschreiner,EXACT,EX | 26 | CH | SEARCH | LEAD | Montage-Schreiner,AG | RSA | Montage-Schreiner,23468574954,192099072219,419071964394,,0,0,0.00,,0.00,0.00,5,ABOVE_AVG,AVG,BELOW_AVG,UNSTABLE_QS,GENERIC,LP,LP,false,0,9.99,50.00,9.99,MAXIMIZE_CONVERSIONS,SMART,none,
schreiner monteur jobs,PHRASE,EX | 26 | CH | SEARCH | LEAD | Montage-Schreiner,AG | RSA | Montage-Schreiner,23468574954,192099072219,437460696862,,3,0,0.00,,0.00,0.00,5,ABOVE_AVG,AVG,BELOW_AVG,UNSTABLE_QS,GENERIC,LP,LP,false,15,21.43,57.14,9.99,MAXIMIZE_CONVERSIONS,SMART,none,
montage schreiner,PHRASE,EX | 26 | CH | SEARCH | LEAD | Montage-Schreiner,AG | RSA | Montage-Schreiner,23468574954,192099072219,645895805501,,7,2,3.39,1.69,0.00,0.00,5,ABOVE_AVG,BELOW_AVG,AVG,UNSTABLE_QS,GENERIC,ECTR,ECTR,false,35,30.77,38.46,30.77,MAXIMIZE_CONVERSIONS,SMART,none,
montage schreiner job,EXACT,EX | 26 | CH | SEARCH | LEAD | Montage-Schreiner,AG | RSA | Montage-Schreiner,23468574954,192099072219,1247004352302,,0,0,0.00,,0.00,0.00,,NULL,NULL,NULL,QS_NULL,GENERIC,NONE,,false,0,9.99,90.01,9.99,MAXIMIZE_CONVERSIONS,SMART,none,
schreiner jobs in der nähe,PHRASE,EX | 26 | CH | SEARCH | LEAD | Montage-Schreiner,AG | RSA | Montage-Schreiner,23468574954,192099072219,1462458495529,,1,0,0.00,,0.00,0.00,7,ABOVE_AVG,ABOVE_AVG,BELOW_AVG,UNSTABLE_QS,GENERIC,LP,LP,false,3,11.11,66.67,11.11,MAXIMIZE_CONVERSIONS,SMART,none,
trockenbauer,EXACT,EX | 26 | CH | SEARCH | LEAD | Trockenbauer,AG | RSA | Trockenbauer,23473633574,192620715275,921401031,,34,4,12.16,3.04,0.00,0.00,3,ABOVE_AVG,BELOW_AVG,BELOW_AVG,UNSTABLE_QS,GENERIC,MULTIPLE,ECTR|LP,false,238,51.06,19.15,42.55,MAXIMIZE_CONVERSIONS,SMART,none,
trockenbauer job,EXACT,EX | 26 | CH | SEARCH | LEAD | Trockenbauer,AG | RSA | Trockenbauer,23473633574,192620715275,303055946766,,34,6,18.65,3.11,0.00,0.00,3,ABOVE_AVG,BELOW_AVG,BELOW_AVG,UNSTABLE_QS,GENERIC,MULTIPLE,ECTR|LP,false,238,53.85,11.54,47.06,MAXIMIZE_CONVERSIONS,SMART,none,
jobsuche trockenbau,PHRASE,EX | 26 | CH | SEARCH | LEAD | Trockenbauer,AG | RSA | Trockenbauer,23473633574,192620715275,354110690153,,20,1,5.17,5.17,0.00,0.00,,NULL,NULL,NULL,QS_NULL,GENERIC,NONE,,false,0,36.84,28.95,30.56,MAXIMIZE_CONVERSIONS,SMART,none,
job trockenbauer,PHRASE,EX | 26 | CH | SEARCH | LEAD | Trockenbauer,AG | RSA | Trockenbauer,23473633574,192620715275,355892099179,,9,0,0.00,,0.00,0.00,,NULL,NULL,NULL,QS_NULL,GENERIC,NONE,,false,0,38.46,23.08,16.67,MAXIMIZE_CONVERSIONS,SMART,none,
trockenbauer schweiz,EXACT,EX | 26 | CH | SEARCH | LEAD | Trockenbauer,AG | RSA | Trockenbauer,23473633574,192620715275,356964460218,,2,0,0.00,,0.00,0.00,,NULL,NULL,NULL,QS_NULL,GENERIC,NONE,,false,0,33.33,33.33,33.33,MAXIMIZE_CONVERSIONS,SMART,none,
stellenangebote trockenbauer,PHRASE,EX | 26 | CH | SEARCH | LEAD | Trockenbauer,AG | RSA | Trockenbauer,23473633574,192620715275,358678554869,,48,4,7.66,1.92,1.00,0.00,,NULL,NULL,NULL,QS_NULL,GENERIC,NONE,,false,0,62.75,9.80,46.00,MAXIMIZE_CONVERSIONS,SMART,none,
trockenbauer arbeit,PHRASE,EX | 26 | CH | SEARCH | LEAD | Trockenbauer,AG | RSA | Trockenbauer,23473633574,192620715275,370604877060,,1,0,0.00,,0.00,0.00,,NULL,NULL,NULL,QS_NULL,GENERIC,NONE,,false,0,,,,MAXIMIZE_CONVERSIONS,SMART,none,
trockenbau stelle,EXACT,EX | 26 | CH | SEARCH | LEAD | Trockenbauer,AG | RSA | Trockenbauer,23473633574,192620715275,420111006874,,0,0,0.00,,0.00,0.00,5,ABOVE_AVG,AVG,BELOW_AVG,UNSTABLE_QS,GENERIC,LP,LP,false,0,,,,MAXIMIZE_CONVERSIONS,SMART,none,
trockenbau jobs in der nähe,EXACT,EX | 26 | CH | SEARCH | LEAD | Trockenbauer,AG | RSA | Trockenbauer,23473633574,192620715275,458215943491,,7,2,7.99,4.00,0.00,0.00,,NULL,NULL,NULL,QS_NULL,GENERIC,NONE,,false,0,60.00,10.00,55.56,MAXIMIZE_CONVERSIONS,SMART,none,
stellen trockenbau,PHRASE,EX | 26 | CH | SEARCH | LEAD | Trockenbauer,AG | RSA | Trockenbauer,23473633574,192620715275,667466656716,,0,0,0.00,,0.00,0.00,,NULL,NULL,NULL,QS_NULL,GENERIC,NONE,,false,0,,,,MAXIMIZE_CONVERSIONS,SMART,none,
trockenbauer jobs schweiz,PHRASE,EX | 26 | CH | SEARCH | LEAD | Trockenbauer,AG | RSA | Trockenbauer,23473633574,192620715275,1255054755777,,42,12,33.18,2.77,0.00,0.00,5,ABOVE_AVG,AVG,BELOW_AVG,UNSTABLE_QS,GENERIC,LP,LP,false,210,49.21,14.29,46.55,MAXIMIZE_CONVERSIONS,SMART,none,
jobplattformen,BROAD,EX | 25 | CH | SEARCH | LEAD | Metallbauer,AG | RSA | Metallbauer,15347327648,193279372073,326507360554,,1804,135,193.96,1.44,3.99,0.00,,NULL,NULL,NULL,QS_NULL,GENERIC,NONE,,true,0,20.19,51.41,14.64,MAXIMIZE_CONVERSIONS,SMART,none,
jobs im metallbau,BROAD,EX | 25 | CH | SEARCH | LEAD | Metallbauer,AG | RSA | Metallbauer,15347327648,193279372073,359447328941,,7,0,0.00,,0.00,0.00,,NULL,NULL,NULL,QS_NULL,GENERIC,NONE,,false,0,10.53,44.74,11.43,MAXIMIZE_CONVERSIONS,SMART,none,
kranführer job,EXACT,EX | 26 | CH | SEARCH | LEAD | Kranführer,AG | RSA | Kranführer,23468568174,193352510633,302606088147,,9,0,0.00,,0.00,0.00,5,ABOVE_AVG,AVG,BELOW_AVG,UNSTABLE_QS,GENERIC,LP,LP,false,45,9.99,54.41,9.99,MAXIMIZE_CONVERSIONS,SMART,none,
kranführer jobs zürich,EXACT,EX | 26 | CH | SEARCH | LEAD | Kranführer,AG | RSA | Kranführer,23468568174,193352510633,327342289158,,12,1,5.73,5.73,0.00,0.00,5,ABOVE_AVG,AVG,BELOW_AVG,UNSTABLE_QS,GENERIC,LP,LP,false,60,26.83,34.15,23.08,MAXIMIZE_CONVERSIONS,SMART,none,
kran jobs,EXACT,EX | 26 | CH | SEARCH | LEAD | Kranführer,AG | RSA | Kranführer,23468568174,193352510633,331193987227,,1,0,0.00,,0.00,0.00,,NULL,NULL,NULL,QS_NULL,GENERIC,NONE,,false,0,9.99,57.14,11.11,MAXIMIZE_CONVERSIONS,SMART,none,
suche job als kranführer,EXACT,EX | 26 | CH | SEARCH | LEAD | Kranführer,AG | RSA | Kranführer,23468568174,193352510633,359112182818,,0,0,0.00,,0.00,0.00,,NULL,NULL,NULL,QS_NULL,GENERIC,NONE,,false,0,,,,MAXIMIZE_CONVERSIONS,SMART,none,
kranführer job schweiz,EXACT,EX | 26 | CH | SEARCH | LEAD | Kranführer,AG | RSA | Kranführer,23468568174,193352510633,359200254876,,0,0,0.00,,0.00,0.00,7,ABOVE_AVG,AVG,AVG,UNSTABLE_QS,GENERIC,NONE,,false,0,,,,MAXIMIZE_CONVERSIONS,SMART,none,
kranführer jobs schweiz,EXACT,EX | 26 | CH | SEARCH | LEAD | Kranführer,AG | RSA | Kranführer,23468568174,193352510633,359200255116,,12,2,2.49,1.25,0.00,0.00,5,ABOVE_AVG,AVG,BELOW_AVG,UNSTABLE_QS,GENERIC,LP,LP,false,60,38.46,30.77,30.77,MAXIMIZE_CONVERSIONS,SMART,none,
kranführer bern,EXACT,EX | 26 | CH | SEARCH | LEAD | Kranführer,AG | RSA | Kranführer,23468568174,193352510633,369247916550,,3,1,4.84,4.84,0.00,0.00,6,AVG,ABOVE_AVG,BELOW_AVG,UNSTABLE_QS,GENERIC,LP,LP,false,12,22.22,44.44,22.22,MAXIMIZE_CONVERSIONS,SMART,none,
kranführer zürich,EXACT,EX | 26 | CH | SEARCH | LEAD | Kranführer,AG | RSA | Kranführer,23468568174,193352510633,369247916830,,0,0,0.00,,0.00,0.00,4,AVG,AVG,BELOW_AVG,UNSTABLE_QS,GENERIC,LP,LP,false,0,,,,MAXIMIZE_CONVERSIONS,SMART,none,
jobs als kranführer,PHRASE,EX | 26 | CH | SEARCH | LEAD | Kranführer,AG | RSA | Kranführer,23468568174,193352510633,412719787167,,35,7,11.73,1.68,0.00,0.00,5,ABOVE_AVG,AVG,BELOW_AVG,UNSTABLE_QS,GENERIC,LP,LP,false,175,16.53,58.68,13.04,MAXIMIZE_CONVERSIONS,SMART,none,
Arbeit Kranführer,BROAD,EX | 26 | CH | SEARCH | LEAD | Kranführer,AG | RSA | Kranführer,23468568174,193352510633,588892320683,,291,23,30.31,1.32,0.00,0.00,,NULL,NULL,NULL,QS_NULL,GENERIC,NONE,,false,0,13.90,51.99,9.99,MAXIMIZE_CONVERSIONS,SMART,none,
hallenkranführer jobs,PHRASE,EX | 26 | CH | SEARCH | LEAD | Kranführer,AG | RSA | Kranführer,23468568174,193352510633,2228075776985,,1,0,0.00,,0.00,0.00,3,ABOVE_AVG,BELOW_AVG,BELOW_AVG,UNSTABLE_QS,GENERIC,MULTIPLE,ECTR|LP,false,7,25.00,50.00,9.99,MAXIMIZE_CONVERSIONS,SMART,none,
job Kran,BROAD,EX | 26 | CH | SEARCH | LEAD | Kranführer,AG | RSA | Kranführer,23468568174,193352510633,2461768970563,,6,0,0.00,,0.00,0.00,,NULL,NULL,NULL,QS_NULL,GENERIC,NONE,,false,0,9.99,37.74,9.99,MAXIMIZE_CONVERSIONS,SMART,none,
stellenangebot Kranführer,BROAD,EX | 26 | CH | SEARCH | LEAD | Kranführer,AG | RSA | Kranführer,23468568174,193352510633,2461768970603,,255,25,35.65,1.43,0.00,0.00,,NULL,NULL,NULL,QS_NULL,GENERIC,NONE,,false,0,17.06,46.70,11.85,MAXIMIZE_CONVERSIONS,SMART,none,
stellen Kran,BROAD,EX | 26 | CH | SEARCH | LEAD | Kranführer,AG | RSA | Kranführer,23468568174,193352510633,2461768970763,,274,20,29.50,1.48,0.00,0.00,,NULL,NULL,NULL,QS_NULL,GENERIC,NONE,,false,0,16.01,48.28,10.67,MAXIMIZE_CONVERSIONS,SMART,none,
jobs maler,BROAD,EX | 26 | CH | SEARCH | LEAD | Maler,AG | RSA | Maler,6503042592,193358511562,295373083586,,265,15,20.96,1.40,1.00,0.00,3,ABOVE_AVG,BELOW_AVG,BELOW_AVG,UNSTABLE_QS,GENERIC,MULTIPLE,ECTR|LP,false,1855,13.39,55.93,9.99,MAXIMIZE_CONVERSIONS,SMART,none,
arbeit maler,BROAD,EX | 26 | CH | SEARCH | LEAD | Maler,AG | RSA | Maler,6503042592,193358511562,297337521976,,765,76,120.19,1.58,1.00,0.00,5,ABOVE_AVG,AVG,BELOW_AVG,UNSTABLE_QS,GENERIC,LP,LP,true,3825,14.37,53.50,10.11,MAXIMIZE_CONVERSIONS,SMART,none,
freie stellen maler,PHRASE,EX | 26 | CH | SEARCH | LEAD | Maler,AG | RSA | Maler,6503042592,193358511562,298579994595,,265,33,36.58,1.11,0.00,0.00,,NULL,NULL,NULL,QS_NULL,GENERIC,NONE,,false,0,23.10,50.15,17.78,MAXIMIZE_CONVERSIONS,SMART,none,
stelle maler,BROAD,EX | 26 | CH | SEARCH | LEAD | Maler,AG | RSA | Maler,6503042592,193358511562,303050255928,,447,38,63.66,1.68,1.50,0.00,,NULL,NULL,NULL,QS_NULL,GENERIC,NONE,,true,0,14.41,56.45,9.99,MAXIMIZE_CONVERSIONS,SMART,none,
maler job zürich,PHRASE,EX | 26 | CH | SEARCH | LEAD | Maler,AG | RSA | Maler,6503042592,193358511562,327133999643,,71,11,20.06,1.82,0.00,0.00,5,ABOVE_AVG,AVG,BELOW_AVG,UNSTABLE_QS,GENERIC,LP,LP,false,355,42.06,35.51,33.33,MAXIMIZE_CONVERSIONS,SMART,none,
maler job schweiz,EXACT,EX | 26 | CH | SEARCH | LEAD | Maler,AG | RSA | Maler,6503042592,193358511562,356733197182,,9,3,3.60,1.20,0.00,0.00,,NULL,NULL,NULL,QS_NULL,GENERIC,NONE,,false,0,30.00,40.00,33.33,MAXIMIZE_CONVERSIONS,SMART,none,
maler job schweiz,PHRASE,EX | 26 | CH | SEARCH | LEAD | Maler,AG | RSA | Maler,6503042592,193358511562,358674935749,,22,1,1.93,1.93,0.00,0.00,,NULL,NULL,NULL,QS_NULL,GENERIC,NONE,,false,0,19.05,52.38,9.99,MAXIMIZE_CONVERSIONS,SMART,none,
maler jobs basel,PHRASE,EX | 26 | CH | SEARCH | LEAD | Maler,AG | RSA | Maler,6503042592,193358511562,358674935909,,74,5,8.18,1.64,0.00,0.00,5,ABOVE_AVG,AVG,BELOW_AVG,UNSTABLE_QS,GENERIC,LP,LP,false,370,26.09,46.58,20.75,MAXIMIZE_CONVERSIONS,SMART,none,
maler gipser jobs,EXACT,EX | 26 | CH | SEARCH | LEAD | Maler,AG | RSA | Maler,6503042592,193358511562,485332785837,,0,0,0.00,,0.00,0.00,7,ABOVE_AVG,ABOVE_AVG,BELOW_AVG,UNSTABLE_QS,GENERIC,LP,LP,false,0,,,,MAXIMIZE_CONVERSIONS,SMART,none,
temporärbüro maler,BROAD,EX | 26 | CH | SEARCH | LEAD | Maler,AG | RSA | Maler,6503042592,193358511562,489606454027,,138,27,55.80,2.07,1.00,0.00,8,ABOVE_AVG,ABOVE_AVG,AVG,UNSTABLE_QS,GENERIC,NONE,,true,276,33.05,36.75,26.99,MAXIMIZE_CONVERSIONS,SMART,none,
maler gipser jobs,PHRASE,EX | 26 | CH | SEARCH | LEAD | Maler,AG | RSA | Maler,6503042592,193358511562,501052987324,,19,1,1.36,1.36,0.00,0.00,7,ABOVE_AVG,ABOVE_AVG,BELOW_AVG,UNSTABLE_QS,GENERIC,LP,LP,false,57,18.75,43.75,9.99,MAXIMIZE_CONVERSIONS,SMART,none,
maler arbeit schweiz,PHRASE,EX | 26 | CH | SEARCH | LEAD | Maler,AG | RSA | Maler,6503042592,193358511562,577093092630,,36,2,3.21,1.60,0.00,0.00,7,ABOVE_AVG,ABOVE_AVG,BELOW_AVG,UNSTABLE_QS,GENERIC,LP,LP,false,108,34.57,38.27,33.33,MAXIMIZE_CONVERSIONS,SMART,none,
maler jobs festanstellung,PHRASE,EX | 26 | CH | SEARCH | LEAD | Maler,AG | RSA | Maler,6503042592,193358511562,1254100010360,,11,1,0.86,0.86,0.00,0.00,5,ABOVE_AVG,AVG,BELOW_AVG,UNSTABLE_QS,GENERIC,LP,LP,false,55,25.93,59.26,14.81,MAXIMIZE_CONVERSIONS,SMART,none,
maler jobs in der nähe,PHRASE,EX | 26 | CH | SEARCH | LEAD | Maler,AG | RSA | Maler,6503042592,193358511562,1409648890488,,18,1,0.59,0.59,0.00,0.00,7,ABOVE_AVG,ABOVE_AVG,BELOW_AVG,UNSTABLE_QS,GENERIC,LP,LP,false,54,39.39,39.39,30.30,MAXIMIZE_CONVERSIONS,SMART,none,
Automatisierungstechnik stellen,BROAD,EX | 25 | CH | SEARCH | LEAD | Automatiker,AG | RSA | Automatiker,15210620317,193394861642,1638179144,,3,0,0.00,,0.00,0.00,,NULL,NULL,NULL,QS_NULL,GENERIC,NONE,,false,0,,,,MAXIMIZE_CONVERSIONS,SMART,none,
Automatisierungstechnik jobs,BROAD,EX | 25 | CH | SEARCH | LEAD | Automatiker,AG | RSA | Automatiker,15210620317,193394861642,1638179234,,0,0,0.00,,0.00,0.00,,NULL,NULL,NULL,QS_NULL,GENERIC,NONE,,false,0,9.99,90.01,9.99,MAXIMIZE_CONVERSIONS,SMART,none,
automatiker job,BROAD,EX | 25 | CH | SEARCH | LEAD | Automatiker,AG | RSA | Automatiker,15210620317,193394861642,43624916610,,99,10,14.80,1.48,0.00,0.00,5,ABOVE_AVG,AVG,BELOW_AVG,UNSTABLE_QS,GENERIC,LP,LP,false,495,14.10,63.25,9.99,MAXIMIZE_CONVERSIONS,SMART,none,
stelle als automatiker,BROAD,EX | 25 | CH | SEARCH | LEAD | Automatiker,AG | RSA | Automatiker,15210620317,193394861642,376757387003,,417,32,58.37,1.82,2.02,0.00,,NULL,NULL,NULL,QS_NULL,GENERIC,NONE,,true,0,13.48,57.41,9.99,MAXIMIZE_CONVERSIONS,SMART,none,
automatiker schweiz,PHRASE,EX | 25 | CH | SEARCH | LEAD | Automatiker,AG | RSA | Automatiker,15210620317,193394861642,667051310810,,0,0,0.00,,0.00,0.00,,NULL,NULL,NULL,QS_NULL,GENERIC,NONE,,false,0,,,,MAXIMIZE_CONVERSIONS,SMART,none,
automatiker jobs zürich,BROAD,EX | 25 | CH | SEARCH | LEAD | Automatiker,AG | RSA | Automatiker,15210620317,193394861642,1207845613866,,334,17,20.20,1.19,1.00,0.00,5,ABOVE_AVG,AVG,BELOW_AVG,UNSTABLE_QS,GENERIC,LP,LP,false,1670,15.55,53.98,9.99,MAXIMIZE_CONVERSIONS,SMART,none,
factory worker switzerland,PHRASE,EX | 25 | CH | SEARCH | LEAD | Automatiker,AG | RSA | Automatiker,15210620317,193394861642,2077977426867,,39,8,10.68,1.33,0.00,0.00,,NULL,NULL,NULL,QS_NULL,GENERIC,NONE,,false,0,51.79,32.14,41.07,MAXIMIZE_CONVERSIONS,SMART,none,
automatiker temporär,BROAD,EX | 25 | CH | SEARCH | LEAD | Automatiker,AG | RSA | Automatiker,15210620317,193394861642,2200950237112,,734,67,135.84,2.03,5.00,0.00,8,ABOVE_AVG,ABOVE_AVG,AVG,UNSTABLE_QS,GENERIC,NONE,,true,1468,15.41,54.70,10.98,MAXIMIZE_CONVERSIONS,SMART,none,
Automatiker stellenangebote,BROAD,EX | 25 | CH | SEARCH | LEAD | Automatiker,AG | RSA | Automatiker,15210620317,193394861642,2225764523455,,319,18,24.84,1.38,0.00,0.00,,NULL,NULL,NULL,QS_NULL,GENERIC,NONE,,false,0,11.50,60.90,9.99,MAXIMIZE_CONVERSIONS,SMART,none,
strassenbau jobs,BROAD,EX | 26 | CH | SEARCH | LEAD | Strassenbauer,AG | RSA | Strassenbauer,23478262294,193437338762,5309773897,,109,14,18.78,1.34,0.00,0.00,7,ABOVE_AVG,ABOVE_AVG,BELOW_AVG,UNSTABLE_QS,GENERIC,LP,LP,false,327,15.69,52.21,12.28,MAXIMIZE_CONVERSIONS,SMART,none,
strassenbau stellen,BROAD,EX | 26 | CH | SEARCH | LEAD | Strassenbauer,AG | RSA | Strassenbauer,23478262294,193437338762,11102613116,,374,35,49.93,1.43,1.98,0.00,6,AVG,ABOVE_AVG,BELOW_AVG,UNSTABLE_QS,GENERIC,LP,LP,false,1496,16.29,51.41,11.27,MAXIMIZE_CONVERSIONS,SMART,none,
offene stellen strassenbau,BROAD,EX | 26 | CH | SEARCH | LEAD | Strassenbauer,AG | RSA | Strassenbauer,23478262294,193437338762,298317240901,,428,45,74.65,1.66,0.05,0.00,5,ABOVE_AVG,AVG,BELOW_AVG,UNSTABLE_QS,GENERIC,LP,LP,true,2140,14.68,51.52,10.32,MAXIMIZE_CONVERSIONS,SMART,none,
strassenbauer jobs,BROAD,EX | 26 | CH | SEARCH | LEAD | Strassenbauer,AG | RSA | Strassenbauer,23478262294,193437338762,298317241341,,268,26,39.46,1.52,0.04,0.00,7,ABOVE_AVG,ABOVE_AVG,BELOW_AVG,UNSTABLE_QS,GENERIC,LP,LP,false,804,14.54,59.96,11.16,MAXIMIZE_CONVERSIONS,SMART,none,
strassenbauer stellen,BROAD,EX | 26 | CH | SEARCH | LEAD | Strassenbauer,AG | RSA | Strassenbauer,23478262294,193437338762,298317241381,,14,0,0.00,,0.00,0.00,,NULL,NULL,NULL,QS_NULL,GENERIC,NONE,,false,0,9.99,47.13,9.99,MAXIMIZE_CONVERSIONS,SMART,none,
asphalt work,PHRASE,EX | 26 | CH | SEARCH | LEAD | Strassenbauer,AG | RSA | Strassenbauer,23478262294,193437338762,302375533651,,0,0,0.00,,0.00,0.00,,NULL,NULL,NULL,QS_NULL,GENERIC,NONE,,false,0,,,,MAXIMIZE_CONVERSIONS,SMART,none,
strassenbau stellenangebote,BROAD,EX | 26 | CH | SEARCH | LEAD | Strassenbauer,AG | RSA | Strassenbauer,23478262294,193437338762,304451261231,,10,2,3.58,1.79,0.00,0.00,,NULL,NULL,NULL,QS_NULL,GENERIC,NONE,,false,0,12.96,68.52,11.54,MAXIMIZE_CONVERSIONS,SMART,none,
city work,PHRASE,EX | 26 | CH | SEARCH | LEAD | Strassenbauer,AG | RSA | Strassenbauer,23478262294,193437338762,318591052251,,1,0,0.00,,0.00,0.00,4,AVG,AVG,BELOW_AVG,UNSTABLE_QS,GENERIC,LP,LP,false,6,50.00,50.00,50.00,MAXIMIZE_CONVERSIONS,SMART,none,
straßenbau stellenangebote,PHRASE,EX | 26 | CH | SEARCH | LEAD | Strassenbauer,AG | RSA | Strassenbauer,23478262294,193437338762,324041043065,,1,0,0.00,,0.00,0.00,3,ABOVE_AVG,BELOW_AVG,BELOW_AVG,UNSTABLE_QS,GENERIC,MULTIPLE,ECTR|LP,false,7,50.00,0.00,9.99,MAXIMIZE_CONVERSIONS,SMART,none,
job als strassenbauer,EXACT,EX | 26 | CH | SEARCH | LEAD | Strassenbauer,AG | RSA | Strassenbauer,23478262294,193437338762,359065875338,,2,1,1.46,1.46,0.00,0.00,7,ABOVE_AVG,ABOVE_AVG,BELOW_AVG,UNSTABLE_QS,GENERIC,LP,LP,false,6,100.00,0.00,100.00,MAXIMIZE_CONVERSIONS,SMART,none,
jobs strassenbauer,BROAD,EX | 26 | CH | SEARCH | LEAD | Strassenbauer,AG | RSA | Strassenbauer,23478262294,193437338762,384759846418,,268,24,40.55,1.69,1.00,0.00,,NULL,NULL,NULL,QS_NULL,GENERIC,NONE,,false,0,9.99,57.28,9.99,MAXIMIZE_CONVERSIONS,SMART,none,
strassenbauer efz,EXACT,EX | 26 | CH | SEARCH | LEAD | Strassenbauer,AG | RSA | Strassenbauer,23478262294,193437338762,887518821049,,2,0,0.00,,0.00,0.00,5,ABOVE_AVG,AVG,BELOW_AVG,UNSTABLE_QS,GENERIC,LP,LP,false,10,50.00,50.00,50.00,MAXIMIZE_CONVERSIONS,SMART,none,
strassenbauer jobs schweiz,PHRASE,EX | 26 | CH | SEARCH | LEAD | Strassenbauer,AG | RSA | Strassenbauer,23478262294,193437338762,1720220764245,,0,0,0.00,,0.00,0.00,7,ABOVE_AVG,ABOVE_AVG,BELOW_AVG,UNSTABLE_QS,GENERIC,LP,LP,false,0,,,,MAXIMIZE_CONVERSIONS,SMART,none,
asphalt arbeit,PHRASE,EX | 26 | CH | SEARCH | LEAD | Strassenbauer,AG | RSA | Strassenbauer,23478262294,193437338762,2421361806925,,0,0,0.00,,0.00,0.00,,NULL,NULL,NULL,QS_NULL,GENERIC,NONE,,false,0,,,,MAXIMIZE_CONVERSIONS,SMART,none,
temporär Strassenbauer,BROAD,EX | 26 | CH | SEARCH | LEAD | Strassenbauer,AG | RSA | Strassenbauer,23478262294,193437338762,2464253372875,,578,65,133.55,2.05,1.00,0.00,,NULL,NULL,NULL,QS_NULL,GENERIC,NONE,,true,0,23.29,45.31,17.52,MAXIMIZE_CONVERSIONS,SMART,none,
Adecco,BROAD,EX | 26 | CH | SEARCH | LEAD | Compeditor,AG | RSA | Compeditor,23619183073,193899557756,26492691,,807,49,71.05,1.45,4.49,0.00,1,BELOW_AVG,BELOW_AVG,BELOW_AVG,UNSTABLE_QS,COMPETITOR,MULTIPLE,AR|ECTR|LP,true,7263,11.71,56.99,9.99,MAXIMIZE_CONVERSIONS,SMART,none,
manpower,EXACT,EX | 26 | CH | SEARCH | LEAD | Compeditor,AG | RSA | Compeditor,23619183073,193899557756,101714104,,212,14,22.34,1.60,0.00,0.00,1,BELOW_AVG,BELOW_AVG,BELOW_AVG,UNSTABLE_QS,COMPETITOR,MULTIPLE,AR|ECTR|LP,false,1908,14.04,54.41,9.99,MAXIMIZE_CONVERSIONS,SMART,none,
adecco jobs,BROAD,EX | 26 | CH | SEARCH | LEAD | Compeditor,AG | RSA | Compeditor,23619183073,193899557756,108946645,,8,0,0.00,,0.00,0.00,3,BELOW_AVG,AVG,BELOW_AVG,UNSTABLE_QS,COMPETITOR,MULTIPLE,AR|LP,false,56,9.99,62.84,9.99,MAXIMIZE_CONVERSIONS,SMART,none,
Manpower jobs,BROAD,EX | 26 | CH | SEARCH | LEAD | Compeditor,AG | RSA | Compeditor,23619183073,193899557756,1373422821,,299,19,31.87,1.68,0.50,0.00,3,BELOW_AVG,AVG,BELOW_AVG,UNSTABLE_QS,COMPETITOR,MULTIPLE,AR|LP,false,2093,12.13,56.30,9.99,MAXIMIZE_CONVERSIONS,SMART,none,
Indeed jobs,PHRASE,EX | 26 | CH | SEARCH | LEAD | Compeditor,AG | RSA | Compeditor,23619183073,193899557756,310185476869,,54,14,8.85,0.63,1.00,0.00,3,BELOW_AVG,AVG,BELOW_AVG,UNSTABLE_QS,COMPETITOR,MULTIPLE,AR|LP,false,378,9.99,62.35,9.99,MAXIMIZE_CONVERSIONS,SMART,none,
Kelly Services jobs,BROAD,EX | 26 | CH | SEARCH | LEAD | Compeditor,AG | RSA | Compeditor,23619183073,193899557756,335737854154,,7,0,0.00,,0.00,0.00,,NULL,NULL,NULL,QS_NULL,COMPETITOR,NONE,,false,0,10.20,63.27,9.99,MAXIMIZE_CONVERSIONS,SMART,none,
migros industrie jobs,BROAD,EX | 26 | CH | SEARCH | LEAD | Compeditor,AG | RSA | Compeditor,23619183073,193899557756,449216991273,,0,0,0.00,,0.00,0.00,,NULL,NULL,NULL,QS_NULL,COMPETITOR,NONE,,false,0,9.99,90.01,9.99,MAXIMIZE_CONVERSIONS,SMART,none,
Jop.ch,BROAD,EX | 26 | CH | SEARCH | LEAD | Compeditor,AG | RSA | Compeditor,23619183073,193899557756,801030903974,,1421,93,115.65,1.24,0.00,0.00,3,BELOW_AVG,AVG,BELOW_AVG,QS_CRITICAL,COMPETITOR,MULTIPLE,AR|LP,true,9947,9.99,62.66,9.99,MAXIMIZE_CONVERSIONS,SMART,none,
JobCloud,BROAD,EX | 26 | CH | SEARCH | LEAD | Compeditor,AG | RSA | Compeditor,23619183073,193899557756,803285459748,,8,1,1.21,1.21,0.00,0.00,,NULL,NULL,NULL,QS_NULL,COMPETITOR,NONE,,false,0,9.99,71.43,9.99,MAXIMIZE_CONVERSIONS,SMART,none,
Job24,BROAD,EX | 26 | CH | SEARCH | LEAD | Compeditor,AG | RSA | Compeditor,23619183073,193899557756,819775100802,,3785,233,320.76,1.38,7.48,0.00,1,BELOW_AVG,BELOW_AVG,BELOW_AVG,QS_CRITICAL,COMPETITOR,MULTIPLE,AR|ECTR|LP,true,34065,9.99,55.59,9.99,MAXIMIZE_CONVERSIONS,SMART,none,
Jooble jobs,BROAD,EX | 26 | CH | SEARCH | LEAD | Compeditor,AG | RSA | Compeditor,23619183073,193899557756,902262814519,,0,0,0.00,,0.00,0.00,,NULL,NULL,NULL,QS_NULL,COMPETITOR,NONE,,false,0,9.99,90.01,9.99,MAXIMIZE_CONVERSIONS,SMART,none,
team.jobs,BROAD,EX | 26 | CH | SEARCH | LEAD | Compeditor,AG | RSA | Compeditor,23619183073,193899557756,2332015511973,,25,0,0.00,,0.00,0.00,1,BELOW_AVG,BELOW_AVG,BELOW_AVG,UNSTABLE_QS,COMPETITOR,MULTIPLE,AR|ECTR|LP,false,225,9.99,68.89,9.99,MAXIMIZE_CONVERSIONS,SMART,none,
OK Job,BROAD,EX | 26 | CH | SEARCH | LEAD | Compeditor,AG | RSA | Compeditor,23619183073,193899557756,2352403714734,,42,0,0.00,,0.00,0.00,1,BELOW_AVG,BELOW_AVG,BELOW_AVG,UNSTABLE_QS,COMPETITOR,MULTIPLE,AR|ECTR|LP,false,378,9.99,67.21,9.99,MAXIMIZE_CONVERSIONS,SMART,none,
WorkerJobs,BROAD,EX | 26 | CH | SEARCH | LEAD | Compeditor,AG | RSA | Compeditor,23619183073,193899557756,2467936205686,,344,22,26.23,1.19,0.00,0.00,,NULL,NULL,NULL,QS_NULL,COMPETITOR,NONE,,false,0,9.99,64.49,9.99,MAXIMIZE_CONVERSIONS,SMART,none,
JobScout24 jobs,BROAD,EX | 26 | CH | SEARCH | LEAD | Compeditor,AG | RSA | Compeditor,23619183073,193899557756,2476541210294,,58,3,3.89,1.30,1.00,0.00,,NULL,NULL,NULL,QS_NULL,COMPETITOR,NONE,,false,0,9.99,59.92,9.99,MAXIMIZE_CONVERSIONS,SMART,none,
Coople jobs,BROAD,EX | 26 | CH | SEARCH | LEAD | Compeditor,AG | RSA | Compeditor,23619183073,193899557756,2476541210334,,152,3,3.53,1.18,0.00,0.00,5,BELOW_AVG,AVG,AVG,UNSTABLE_QS,COMPETITOR,AR,AR,false,760,11.15,58.94,9.99,MAXIMIZE_CONVERSIONS,SMART,none,
das team job,BROAD,EX | 26 | CH | SEARCH | LEAD | Compeditor,AG | RSA | Compeditor,23619183073,193899557756,2476541210374,,16,0,0.00,,0.00,0.00,,NULL,NULL,NULL,QS_NULL,COMPETITOR,NONE,,false,0,9.99,32.66,9.99,MAXIMIZE_CONVERSIONS,SMART,none,
arbeit heizung,BROAD,EX | 25 | CH | SEARCH | LEAD | Heizungsinstallateur,AG | RSA | Heizungsinstallateur KW Testing,23473611323,194378322893,302308443980,,32,1,0.82,0.82,0.00,0.00,,NULL,NULL,NULL,QS_NULL,GENERIC,NONE,,false,0,12.20,87.80,9.99,MAXIMIZE_CONVERSIONS,SMART,none,
heizungsmonteur jobs,BROAD,EX | 25 | CH | SEARCH | LEAD | Heizungsinstallateur,AG | RSA | Heizungsinstallateur KW Testing,23473611323,194378322893,302308455100,,58,5,8.45,1.69,0.00,0.00,7,ABOVE_AVG,ABOVE_AVG,BELOW_AVG,UNSTABLE_QS,GENERIC,LP,LP,false,174,20.50,77.00,14.65,MAXIMIZE_CONVERSIONS,SMART,none,
heizung job,BROAD,EX | 25 | CH | SEARCH | LEAD | Heizungsinstallateur,AG | RSA | Heizungsinstallateur KW Testing,23473611323,194378322893,303135343129,,0,0,0.00,,0.00,0.00,,NULL,NULL,NULL,QS_NULL,GENERIC,NONE,,false,0,,,,MAXIMIZE_CONVERSIONS,SMART,none,
heizungsmonteur stellenangebote,BROAD,EX | 25 | CH | SEARCH | LEAD | Heizungsinstallateur,AG | RSA | Heizungsinstallateur KW Testing,23473611323,194378322893,303135343649,,512,71,113.87,1.60,1.00,0.00,,NULL,NULL,NULL,QS_NULL,GENERIC,NONE,,true,0,24.41,48.37,19.24,MAXIMIZE_CONVERSIONS,SMART,none,
servicetechniker heizung,BROAD,EX | 25 | CH | SEARCH | LEAD | Heizungsinstallateur,AG | RSA | Heizungsinstallateur KW Testing,23473611323,194378322893,308625970303,,3,0,0.00,,0.00,0.00,4,AVG,AVG,BELOW_AVG,UNSTABLE_QS,GENERIC,LP,LP,false,18,33.33,44.44,42.86,MAXIMIZE_CONVERSIONS,SMART,none,
heizungsinstallateur basel,BROAD,EX | 25 | CH | SEARCH | LEAD | Heizungsinstallateur,AG | RSA | Heizungsinstallateur KW Testing,23473611323,194378322893,315682387861,,11,0,0.00,,0.00,0.00,8,ABOVE_AVG,ABOVE_AVG,AVG,UNSTABLE_QS,GENERIC,NONE,,false,22,20.51,53.85,9.99,MAXIMIZE_CONVERSIONS,SMART,none,
stellenangebote heizung sanitär,BROAD,EX | 25 | CH | SEARCH | LEAD | Heizungsinstallateur,AG | RSA | Heizungsinstallateur KW Testing,23473611323,194378322893,319237167586,,392,40,61.67,1.54,0.00,0.00,,NULL,NULL,NULL,QS_NULL,GENERIC,NONE,,true,0,20.84,50.15,15.72,MAXIMIZE_CONVERSIONS,SMART,none,
heizung sanitär stellenangebote,PHRASE,EX | 25 | CH | SEARCH | LEAD | Heizungsinstallateur,AG | RSA | Heizungsinstallateur KW Testing,23473611323,194378322893,355326574705,,6,0,0.00,,0.00,0.00,,NULL,NULL,NULL,QS_NULL,GENERIC,NONE,,false,0,9.99,86.67,9.99,MAXIMIZE_CONVERSIONS,SMART,none,
heizung sanitär job,PHRASE,EX | 25 | CH | SEARCH | LEAD | Heizungsinstallateur,AG | RSA | Heizungsinstallateur KW Testing,23473611323,194378322893,358983154445,,57,4,8.22,2.06,0.00,0.00,5,ABOVE_AVG,AVG,BELOW_AVG,UNSTABLE_QS,GENERIC,LP,LP,false,285,14.98,53.14,12.00,MAXIMIZE_CONVERSIONS,SMART,none,
job als heizungsmonteur,BROAD,EX | 25 | CH | SEARCH | LEAD | Heizungsinstallateur,AG | RSA | Heizungsinstallateur KW Testing,23473611323,194378322893,447945944042,,903,97,157.59,1.62,2.97,0.00,,NULL,NULL,NULL,QS_NULL,GENERIC,NONE,,true,0,22.31,51.28,16.19,MAXIMIZE_CONVERSIONS,SMART,none,
heizung job,PHRASE,EX | 25 | CH | SEARCH | LEAD | Heizungsinstallateur,AG | RSA | Heizungsinstallateur KW Testing,23473611323,194378322893,516416236054,,36,1,1.03,1.03,0.00,0.00,,NULL,NULL,NULL,QS_NULL,GENERIC,NONE,,false,0,14.08,60.56,15.87,MAXIMIZE_CONVERSIONS,SMART,none,
gipser gesucht,PHRASE,EX | 25 | CH | SEARCH | LEAD | Gipser,AG | RSA | Gipser,23468556621,194724430511,11686663918,,0,0,0.00,,0.00,0.00,,NULL,NULL,NULL,QS_NULL,GENERIC,NONE,,false,0,,,,MAXIMIZE_CONVERSIONS,SMART,none,
gipser job,BROAD,EX | 25 | CH | SEARCH | LEAD | Gipser,AG | RSA | Gipser,23468556621,194724430511,303135331889,,521,49,86.18,1.76,0.50,0.00,3,ABOVE_AVG,BELOW_AVG,BELOW_AVG,UNSTABLE_QS,GENERIC,MULTIPLE,ECTR|LP,true,3647,22.70,53.43,16.87,MAXIMIZE_CONVERSIONS,SMART,none,
gipser jobs zürich,PHRASE,EX | 25 | CH | SEARCH | LEAD | Gipser,AG | RSA | Gipser,23468556621,194724430511,326258555449,,15,2,1.79,0.90,0.00,0.00,7,ABOVE_AVG,ABOVE_AVG,BELOW_AVG,UNSTABLE_QS,GENERIC,LP,LP,false,45,68.75,18.75,43.75,MAXIMIZE_CONVERSIONS,SMART,none,
gipser offene stellen,PHRASE,EX | 25 | CH | SEARCH | LEAD | Gipser,AG | RSA | Gipser,23468556621,194724430511,328490157259,,168,34,58.90,1.73,0.97,0.00,5,ABOVE_AVG,AVG,BELOW_AVG,UNSTABLE_QS,GENERIC,LP,LP,true,840,31.71,43.36,27.73,MAXIMIZE_CONVERSIONS,SMART,none,
stelle als gipser,PHRASE,EX | 25 | CH | SEARCH | LEAD | Gipser,AG | RSA | Gipser,23468556621,194724430511,357056989187,,17,0,0.00,,0.00,0.00,,NULL,NULL,NULL,QS_NULL,GENERIC,NONE,,false,0,31.82,31.82,27.27,MAXIMIZE_CONVERSIONS,SMART,none,
gipser stelle,BROAD,EX | 25 | CH | SEARCH | LEAD | Gipser,AG | RSA | Gipser,23468556621,194724430511,360873460690,,235,28,42.73,1.53,1.03,0.00,5,ABOVE_AVG,AVG,BELOW_AVG,UNSTABLE_QS,GENERIC,LP,LP,false,1175,23.70,55.44,18.40,MAXIMIZE_CONVERSIONS,SMART,none,
gipser stellen zürich,BROAD,EX | 25 | CH | SEARCH | LEAD | Gipser,AG | RSA | Gipser,23468556621,194724430511,378070795381,,793,80,163.07,2.04,3.50,0.00,,NULL,NULL,NULL,QS_NULL,GENERIC,NONE,,true,0,20.68,54.93,14.94,MAXIMIZE_CONVERSIONS,SMART,none,
gipser jobs basel,EXACT,EX | 25 | CH | SEARCH | LEAD | Gipser,AG | RSA | Gipser,23468556621,194724430511,387627578861,,4,1,2.11,2.11,0.00,0.00,5,ABOVE_AVG,AVG,BELOW_AVG,UNSTABLE_QS,GENERIC,LP,LP,false,20,22.22,44.44,40.00,MAXIMIZE_CONVERSIONS,SMART,none,
gipser freie stellen,BROAD,EX | 25 | CH | SEARCH | LEAD | Gipser,AG | RSA | Gipser,23468556621,194724430511,496859934688,,740,68,120.24,1.77,0.50,0.00,5,ABOVE_AVG,AVG,BELOW_AVG,UNSTABLE_QS,GENERIC,LP,LP,true,3700,16.85,59.48,12.69,MAXIMIZE_CONVERSIONS,SMART,none,
gipser efz,PHRASE,EX | 25 | CH | SEARCH | LEAD | Gipser,AG | RSA | Gipser,23468556621,194724430511,1463525311900,,2,0,0.00,,0.00,0.00,3,ABOVE_AVG,BELOW_AVG,BELOW_AVG,UNSTABLE_QS,GENERIC,MULTIPLE,ECTR|LP,false,14,9.99,90.01,9.99,MAXIMIZE_CONVERSIONS,SMART,none,
gipser temporär,PHRASE,EX | 25 | CH | SEARCH | LEAD | Gipser,AG | RSA | Gipser,23468556621,194724430511,1469632000692,,33,6,13.23,2.20,0.00,0.00,5,ABOVE_AVG,AVG,BELOW_AVG,UNSTABLE_QS,GENERIC,LP,LP,false,165,54.55,6.82,52.27,MAXIMIZE_CONVERSIONS,SMART,none,
cnc mechaniker job,BROAD,EX | 26 | CH | SEARCH | LEAD | Metallbaukonstrukteur,AG | RSA | Metallbaukonstukteur KW Testing,23478160315,194846353335,303982952083,,13,1,0.64,0.64,0.00,0.00,,NULL,NULL,NULL,QS_NULL,GENERIC,NONE,,false,0,9.99,51.72,9.99,MAXIMIZE_CONVERSIONS,SMART,none,
cnc fräser jobs,PHRASE,EX | 26 | CH | SEARCH | LEAD | Metallbaukonstrukteur,AG | RSA | Metallbaukonstukteur KW Testing,23478160315,194846353335,304435562818,,0,0,0.00,,0.00,0.00,5,ABOVE_AVG,AVG,BELOW_AVG,UNSTABLE_QS,GENERIC,LP,LP,false,0,9.99,40.00,9.99,MAXIMIZE_CONVERSIONS,SMART,none,
metallbau jobs schweiz,BROAD,EX | 26 | CH | SEARCH | LEAD | Metallbaukonstrukteur,AG | RSA | Metallbaukonstukteur KW Testing,23478160315,194846353335,312603820467,,245,17,21.74,1.28,0.00,0.00,7,ABOVE_AVG,ABOVE_AVG,BELOW_AVG,UNSTABLE_QS,GENERIC,LP,LP,false,735,13.49,60.25,9.99,MAXIMIZE_CONVERSIONS,SMART,none,
metallbaukonstrukteur jobs,BROAD,EX | 26 | CH | SEARCH | LEAD | Metallbaukonstrukteur,AG | RSA | Metallbaukonstukteur KW Testing,23478160315,194846353335,315391350623,,2,0,0.00,,0.00,0.00,7,ABOVE_AVG,ABOVE_AVG,BELOW_AVG,UNSTABLE_QS,GENERIC,LP,LP,false,6,13.33,60.00,9.99,MAXIMIZE_CONVERSIONS,SMART,none,
cnc fräser jobs,BROAD,EX | 26 | CH | SEARCH | LEAD | Metallbaukonstrukteur,AG | RSA | Metallbaukonstukteur KW Testing,23478160315,194846353335,365166689237,,0,0,0.00,,0.00,0.00,5,ABOVE_AVG,AVG,BELOW_AVG,UNSTABLE_QS,GENERIC,LP,LP,false,0,,,,MAXIMIZE_CONVERSIONS,SMART,none,
metallbaukonstrukteur,BROAD,EX | 26 | CH | SEARCH | LEAD | Metallbaukonstrukteur,AG | RSA | Metallbaukonstukteur KW Testing,23478160315,194846353335,509066169512,,2,0,0.00,,0.00,0.00,3,ABOVE_AVG,BELOW_AVG,BELOW_AVG,UNSTABLE_QS,GENERIC,MULTIPLE,ECTR|LP,false,14,9.99,62.50,9.99,MAXIMIZE_CONVERSIONS,SMART,none,
jobs bau,EXACT,EX | 26 | CH | SEARCH | LEAD | Bauarbeiter,AG | RSA | Bauarbeiter,23473587776,194925305514,1210920370,,3,0,0.00,,0.00,0.00,7,ABOVE_AVG,ABOVE_AVG,BELOW_AVG,UNSTABLE_QS,GENERIC,LP,LP,false,9,23.08,46.15,23.08,MAXIMIZE_CONVERSIONS,SMART,none,
bauarbeiter jobs,BROAD,EX | 26 | CH | SEARCH | LEAD | Bauarbeiter,AG | RSA | Bauarbeiter,23473587776,194925305514,2225770507,,389,32,40.27,1.26,0.99,0.00,5,ABOVE_AVG,AVG,BELOW_AVG,UNSTABLE_QS,GENERIC,LP,LP,false,1945,26.60,52.14,21.33,MAXIMIZE_CONVERSIONS,SMART,none,
temporärbüro bau,BROAD,EX | 26 | CH | SEARCH | LEAD | Bauarbeiter,AG | RSA | Bauarbeiter,23473587776,194925305514,298160867641,,233,35,72.24,2.06,0.99,0.00,7,ABOVE_AVG,AVG,AVG,UNSTABLE_QS,GENERIC,NONE,,true,699,32.51,46.20,25.94,MAXIMIZE_CONVERSIONS,SMART,none,
bauarbeiter jobs zürich,BROAD,EX | 26 | CH | SEARCH | LEAD | Bauarbeiter,AG | RSA | Bauarbeiter,23473587776,194925305514,304338709116,,113,21,30.81,1.47,1.00,0.00,5,ABOVE_AVG,AVG,BELOW_AVG,UNSTABLE_QS,GENERIC,LP,LP,false,565,23.10,53.80,19.71,MAXIMIZE_CONVERSIONS,SMART,none,
hilfsarbeiter bau,BROAD,EX | 26 | CH | SEARCH | LEAD | Bauarbeiter,AG | RSA | Bauarbeiter,23473587776,194925305514,304700265831,,577,81,102.74,1.27,0.02,0.00,7,ABOVE_AVG,ABOVE_AVG,BELOW_AVG,UNSTABLE_QS,GENERIC,LP,LP,true,1731,26.27,52.16,20.06,MAXIMIZE_CONVERSIONS,SMART,none,
offene stellen bau,BROAD,EX | 26 | CH | SEARCH | LEAD | Bauarbeiter,AG | RSA | Bauarbeiter,23473587776,194925305514,305905371826,,703,70,128.39,1.83,2.50,0.00,,NULL,NULL,NULL,QS_NULL,GENERIC,NONE,,true,0,15.55,63.49,11.38,MAXIMIZE_CONVERSIONS,SMART,none,
arbeit auf dem bau,BROAD,EX | 26 | CH | SEARCH | LEAD | Bauarbeiter,AG | RSA | Bauarbeiter,23473587776,194925305514,306467831179,,86,2,0.89,0.44,0.00,0.00,6,BELOW_AVG,ABOVE_AVG,AVG,UNSTABLE_QS,GENERIC,AR,AR,false,344,9.99,67.57,9.99,MAXIMIZE_CONVERSIONS,SMART,none,
bau jobs schweiz,BROAD,EX | 26 | CH | SEARCH | LEAD | Bauarbeiter,AG | RSA | Bauarbeiter,23473587776,194925305514,314818078761,,285,25,30.38,1.22,0.00,0.00,,NULL,NULL,NULL,QS_NULL,GENERIC,NONE,,false,0,16.95,62.04,11.25,MAXIMIZE_CONVERSIONS,SMART,none,
baustelle job,EXACT,EX | 26 | CH | SEARCH | LEAD | Bauarbeiter,AG | RSA | Bauarbeiter,23473587776,194925305514,333330587241,,29,2,3.55,1.77,0.00,0.00,7,ABOVE_AVG,ABOVE_AVG,BELOW_AVG,UNSTABLE_QS,GENERIC,LP,LP,false,87,30.43,47.83,27.94,MAXIMIZE_CONVERSIONS,SMART,none,
construction work near me,PHRASE,EX | 26 | CH | SEARCH | LEAD | Bauarbeiter,AG | RSA | Bauarbeiter,23473587776,194925305514,343810186525,,0,0,0.00,,0.00,0.00,,NULL,NULL,NULL,QS_NULL,GENERIC,NONE,,false,0,,,,MAXIMIZE_CONVERSIONS,SMART,none,
baustelle arbeit,BROAD,EX | 26 | CH | SEARCH | LEAD | Bauarbeiter,AG | RSA | Bauarbeiter,23473587776,194925305514,351539943762,,227,33,40.02,1.21,1.00,0.00,6,AVG,ABOVE_AVG,BELOW_AVG,UNSTABLE_QS,GENERIC,LP,LP,false,908,24.35,55.72,19.96,MAXIMIZE_CONVERSIONS,SMART,none,
baustelle jobs,PHRASE,EX | 26 | CH | SEARCH | LEAD | Bauarbeiter,AG | RSA | Bauarbeiter,23473587776,194925305514,353263659590,,274,40,60.64,1.52,0.98,0.00,,NULL,NULL,NULL,QS_NULL,GENERIC,NONE,,true,0,23.14,54.42,19.39,MAXIMIZE_CONVERSIONS,SMART,none,
baustelle jobs zürich,EXACT,EX | 26 | CH | SEARCH | LEAD | Bauarbeiter,AG | RSA | Bauarbeiter,23473587776,194925305514,390459704788,,36,10,19.94,1.99,0.00,0.00,7,AVG,ABOVE_AVG,AVG,UNSTABLE_QS,GENERIC,NONE,,false,108,62.16,10.81,61.11,MAXIMIZE_CONVERSIONS,SMART,none,
bau stellenangebote,EXACT,EX | 26 | CH | SEARCH | LEAD | Bauarbeiter,AG | RSA | Bauarbeiter,23473587776,194925305514,493585112112,,3,0,0.00,,0.00,0.00,,NULL,NULL,NULL,QS_NULL,GENERIC,NONE,,false,0,37.50,50.00,42.86,MAXIMIZE_CONVERSIONS,SMART,none,
mitarbeiter baustelle,EXACT,EX | 26 | CH | SEARCH | LEAD | Bauarbeiter,AG | RSA | Bauarbeiter,23473587776,194925305514,665608696059,,7,2,3.37,1.69,0.00,0.00,4,AVG,AVG,BELOW_AVG,UNSTABLE_QS,GENERIC,LP,LP,false,42,37.50,25.00,25.00,MAXIMIZE_CONVERSIONS,SMART,none,
construction worker switzerland,PHRASE,EX | 26 | CH | SEARCH | LEAD | Bauarbeiter,AG | RSA | Bauarbeiter,23473587776,194925305514,2077578230380,,55,5,11.48,2.30,0.00,0.00,8,ABOVE_AVG,ABOVE_AVG,AVG,UNSTABLE_QS,GENERIC,NONE,,false,110,45.78,42.17,43.37,MAXIMIZE_CONVERSIONS,SMART,none,
trabajo de albañil en suiza,PHRASE,EX | 26 | CH | SEARCH | LEAD | Bauarbeiter,AG | RSA | Bauarbeiter,23473587776,194925305514,2373512743331,,3,0,0.00,,0.00,0.00,,NULL,NULL,NULL,QS_NULL,GENERIC,NONE,,false,0,,,,MAXIMIZE_CONVERSIONS,SMART,none,
heizungsinstallateur jobs,BROAD,EX | 25 | CH | SEARCH | LEAD | Heizungsinstallateur,AG | RSA | Heizungsinstallateur,23473611323,194933381034,314512095563,,671,47,81.17,1.73,1.00,0.00,5,ABOVE_AVG,AVG,BELOW_AVG,UNSTABLE_QS,GENERIC,LP,LP,true,3355,16.41,57.61,12.14,MAXIMIZE_CONVERSIONS,SMART,none,
heizungsinstallateur jobs zürich,BROAD,EX | 25 | CH | SEARCH | LEAD | Heizungsinstallateur,AG | RSA | Heizungsinstallateur,23473611323,194933381034,1185690159756,,434,48,84.18,1.75,1.00,0.00,5,ABOVE_AVG,AVG,BELOW_AVG,UNSTABLE_QS,GENERIC,LP,LP,true,2170,20.02,53.26,14.29,MAXIMIZE_CONVERSIONS,SMART,none,
elektriker stellenangebote,EXACT,EX | 25 | CH | SEARCH | LEAD | Montage-Elektriker,AG | RSA | Montage-Elektriker,15145890855,195559356887,2183921581,,0,0,0.00,,0.00,0.00,,NULL,NULL,NULL,QS_NULL,GENERIC,NONE,,false,0,9.99,90.01,9.99,MAXIMIZE_CONVERSIONS,SMART,none,
job betriebselektriker,EXACT,EX | 25 | CH | SEARCH | LEAD | Montage-Elektriker,AG | RSA | Montage-Elektriker,15145890855,195559356887,11502519123,,0,0,0.00,,0.00,0.00,,NULL,NULL,NULL,QS_NULL,GENERIC,NONE,,false,0,9.99,50.00,9.99,MAXIMIZE_CONVERSIONS,SMART,none,
stellenangebote elektromonteur,EXACT,EX | 25 | CH | SEARCH | LEAD | Montage-Elektriker,AG | RSA | Montage-Elektriker,15145890855,195559356887,11502589773,,4,1,2.59,2.59,0.00,0.00,,NULL,NULL,NULL,QS_NULL,GENERIC,NONE,,false,0,15.79,57.89,16.67,MAXIMIZE_CONVERSIONS,SMART,none,
montage elektriker jobs,BROAD,EX | 25 | CH | SEARCH | LEAD | Montage-Elektriker,AG | RSA | Montage-Elektriker,15145890855,195559356887,31829320056,,460,36,75.18,2.09,0.00,0.00,5,ABOVE_AVG,AVG,BELOW_AVG,UNSTABLE_QS,GENERIC,LP,LP,true,2300,16.19,49.10,10.95,MAXIMIZE_CONVERSIONS,SMART,none,
elektriker job,BROAD,EX | 25 | CH | SEARCH | LEAD | Montage-Elektriker,AG | RSA | Montage-Elektriker,15145890855,195559356887,300901830212,,45,1,0.53,0.53,0.00,0.00,7,ABOVE_AVG,ABOVE_AVG,BELOW_AVG,UNSTABLE_QS,GENERIC,LP,LP,false,135,15.71,55.00,9.99,MAXIMIZE_CONVERSIONS,SMART,none,
job als elektriker,BROAD,EX | 25 | CH | SEARCH | LEAD | Montage-Elektriker,AG | RSA | Montage-Elektriker,15145890855,195559356887,301804124777,,280,19,41.15,2.17,0.35,0.00,,NULL,NULL,NULL,QS_NULL,GENERIC,NONE,,false,0,18.23,47.15,12.32,MAXIMIZE_CONVERSIONS,SMART,none,
elektriker stelle,EXACT,EX | 25 | CH | SEARCH | LEAD | Montage-Elektriker,AG | RSA | Montage-Elektriker,15145890855,195559356887,302778217356,,0,0,0.00,,0.00,0.00,,NULL,NULL,NULL,QS_NULL,GENERIC,NONE,,false,0,,,,MAXIMIZE_CONVERSIONS,SMART,none,
elektriker basel,BROAD,EX | 25 | CH | SEARCH | LEAD | Montage-Elektriker,AG | RSA | Montage-Elektriker,15145890855,195559356887,313831746214,,2,1,0.77,0.77,0.00,0.00,5,ABOVE_AVG,AVG,BELOW_AVG,UNSTABLE_QS,GENERIC,LP,LP,false,10,13.33,46.67,13.33,MAXIMIZE_CONVERSIONS,SMART,none,
construction and maintenance electrician,PHRASE,EX | 25 | CH | SEARCH | LEAD | Montage-Elektriker,AG | RSA | Montage-Elektriker,15145890855,195559356887,330417796533,,0,0,0.00,,0.00,0.00,,NULL,NULL,NULL,QS_NULL,GENERIC,NONE,,false,0,,,,MAXIMIZE_CONVERSIONS,SMART,none,
arbeit betriebselektriker,EXACT,EX | 25 | CH | SEARCH | LEAD | Montage-Elektriker,AG | RSA | Montage-Elektriker,15145890855,195559356887,331493304706,,0,0,0.00,,0.00,0.00,,NULL,NULL,NULL,QS_NULL,GENERIC,NONE,,false,0,,,,MAXIMIZE_CONVERSIONS,SMART,none,
montage elektriker efz,BROAD,EX | 25 | CH | SEARCH | LEAD | Montage-Elektriker,AG | RSA | Montage-Elektriker,15145890855,195559356887,349728739356,,151,9,15.38,1.71,0.49,0.00,3,ABOVE_AVG,BELOW_AVG,BELOW_AVG,UNSTABLE_QS,GENERIC,MULTIPLE,ECTR|LP,false,1057,14.83,46.79,9.99,MAXIMIZE_CONVERSIONS,SMART,none,
elektroniker efz,EXACT,EX | 25 | CH | SEARCH | LEAD | Montage-Elektriker,AG | RSA | Montage-Elektriker,15145890855,195559356887,372630950145,,5,0,0.00,,0.00,0.00,4,AVG,AVG,BELOW_AVG,UNSTABLE_QS,GENERIC,LP,LP,false,30,18.18,45.45,18.18,MAXIMIZE_CONVERSIONS,SMART,none,
montage elektriker jobs zürich,EXACT,EX | 25 | CH | SEARCH | LEAD | Montage-Elektriker,AG | RSA | Montage-Elektriker,15145890855,195559356887,389024344970,,0,0,0.00,,0.00,0.00,5,ABOVE_AVG,AVG,BELOW_AVG,UNSTABLE_QS,GENERIC,LP,LP,false,0,,,,MAXIMIZE_CONVERSIONS,SMART,none,
lavoro come elettricista in svizzera,PHRASE,EX | 25 | CH | SEARCH | LEAD | Montage-Elektriker,AG | RSA | Montage-Elektriker,15145890855,195559356887,454279766526,,1,0,0.00,,0.00,0.00,,NULL,NULL,NULL,QS_NULL,GENERIC,NONE,,false,0,,,,MAXIMIZE_CONVERSIONS,SMART,none,
montageelektriker,BROAD,EX | 25 | CH | SEARCH | LEAD | Montage-Elektriker,AG | RSA | Montage-Elektriker,15145890855,195559356887,662796260626,,2,0,0.00,,0.00,0.00,2,AVG,BELOW_AVG,BELOW_AVG,UNSTABLE_QS,GENERIC,MULTIPLE,ECTR|LP,false,16,9.99,75.00,9.99,MAXIMIZE_CONVERSIONS,SMART,none,
elektriker temporär,BROAD,EX | 25 | CH | SEARCH | LEAD | Montage-Elektriker,AG | RSA | Montage-Elektriker,15145890855,195559356887,950371173748,,236,29,61.48,2.12,1.02,0.00,7,ABOVE_AVG,AVG,AVG,UNSTABLE_QS,GENERIC,NONE,,true,708,16.11,47.02,12.50,MAXIMIZE_CONVERSIONS,SMART,none,
electrician job in switzerland,EXACT,EX | 25 | CH | SEARCH | LEAD | Montage-Elektriker,AG | RSA | Montage-Elektriker,15145890855,195559356887,1066748893605,,0,0,0.00,,0.00,0.00,,NULL,NULL,NULL,QS_NULL,GENERIC,NONE,,false,0,,,,MAXIMIZE_CONVERSIONS,SMART,none,
elektriker temporärbüro,BROAD,EX | 25 | CH | SEARCH | LEAD | Montage-Elektriker,AG | RSA | Montage-Elektriker,15145890855,195559356887,2007378306629,,157,17,44.49,2.62,0.00,0.00,8,ABOVE_AVG,ABOVE_AVG,AVG,UNSTABLE_QS,GENERIC,NONE,,false,314,14.56,49.08,10.79,MAXIMIZE_CONVERSIONS,SMART,none,
stellenangebote gerüstbauer,EXACT,EX | 25 | CH | SEARCH | LEAD | Gerüstbauer,AG | RSA | Gerüstbauer,23478231493,195707765470,7348738886,,0,0,0.00,,0.00,0.00,,NULL,NULL,NULL,QS_NULL,GENERIC,NONE,,false,0,9.99,75.00,9.99,MAXIMIZE_CONVERSIONS,SMART,none,
gerüstbauer gesucht,EXACT,EX | 25 | CH | SEARCH | LEAD | Gerüstbauer,AG | RSA | Gerüstbauer,23478231493,195707765470,10532003024,,0,0,0.00,,0.00,0.00,,NULL,NULL,NULL,QS_NULL,GENERIC,NONE,,false,0,9.99,90.01,9.99,MAXIMIZE_CONVERSIONS,SMART,none,
gerüstbauer stellenangebote,EXACT,EX | 25 | CH | SEARCH | LEAD | Gerüstbauer,AG | RSA | Gerüstbauer,23478231493,195707765470,12301935760,,11,1,1.42,1.42,0.00,0.00,3,ABOVE_AVG,BELOW_AVG,BELOW_AVG,UNSTABLE_QS,GENERIC,MULTIPLE,ECTR|LP,false,77,66.67,20.00,43.75,MAXIMIZE_CONVERSIONS,SMART,none,
gerüstbauer jobs,EXACT,EX | 25 | CH | SEARCH | LEAD | Gerüstbauer,AG | RSA | Gerüstbauer,23478231493,195707765470,12301937110,,29,4,8.88,2.22,0.00,0.00,5,ABOVE_AVG,AVG,BELOW_AVG,UNSTABLE_QS,GENERIC,LP,LP,false,145,38.78,28.57,34.88,MAXIMIZE_CONVERSIONS,SMART,none,
gerüstbauer arbeit,EXACT,EX | 25 | CH | SEARCH | LEAD | Gerüstbauer,AG | RSA | Gerüstbauer,23478231493,195707765470,12301955740,,3,0,0.00,,0.00,0.00,,NULL,NULL,NULL,QS_NULL,GENERIC,NONE,,false,0,20.00,70.00,10.00,MAXIMIZE_CONVERSIONS,SMART,none,
gerüstbauer job,EXACT,EX | 25 | CH | SEARCH | LEAD | Gerüstbauer,AG | RSA | Gerüstbauer,23478231493,195707765470,27287116937,,7,1,2.56,2.56,0.00,0.00,3,ABOVE_AVG,BELOW_AVG,BELOW_AVG,UNSTABLE_QS,GENERIC,MULTIPLE,ECTR|LP,false,49,36.84,36.84,21.05,MAXIMIZE_CONVERSIONS,SMART,none,
gerüstbauer jobs,PHRASE,EX | 25 | CH | SEARCH | LEAD | Gerüstbauer,AG | RSA | Gerüstbauer,23478231493,195707765470,307767267753,,48,7,19.61,2.80,0.00,0.00,5,ABOVE_AVG,AVG,BELOW_AVG,UNSTABLE_QS,GENERIC,LP,LP,false,240,38.64,37.50,37.65,MAXIMIZE_CONVERSIONS,SMART,none,
gerüstbauer stellenangebot,PHRASE,EX | 25 | CH | SEARCH | LEAD | Gerüstbauer,AG | RSA | Gerüstbauer,23478231493,195707765470,358091324134,,81,13,25.52,1.96,0.00,0.00,,NULL,NULL,NULL,QS_NULL,GENERIC,NONE,,false,0,48.44,25.00,40.80,MAXIMIZE_CONVERSIONS,SMART,none,
stellen gerüstbau,PHRASE,EX | 25 | CH | SEARCH | LEAD | Gerüstbauer,AG | RSA | Gerüstbauer,23478231493,195707765470,470415829340,,81,9,20.26,2.25,0.00,0.00,5,ABOVE_AVG,AVG,BELOW_AVG,UNSTABLE_QS,GENERIC,LP,LP,false,405,29.94,36.72,23.39,MAXIMIZE_CONVERSIONS,SMART,none,
gerüstbauer stelle,PHRASE,EX | 25 | CH | SEARCH | LEAD | Gerüstbauer,AG | RSA | Gerüstbauer,23478231493,195707765470,1641588936132,,39,8,13.23,1.65,0.00,0.00,5,ABOVE_AVG,AVG,BELOW_AVG,UNSTABLE_QS,GENERIC,LP,LP,false,195,34.07,35.16,19.79,MAXIMIZE_CONVERSIONS,SMART,none,
gerüstbau zürich jobs,PHRASE,EX | 25 | CH | SEARCH | LEAD | Gerüstbauer,AG | RSA | Gerüstbauer,23478231493,195707765470,2487522744902,,11,1,1.73,1.73,0.00,0.00,7,ABOVE_AVG,ABOVE_AVG,BELOW_AVG,UNSTABLE_QS,GENERIC,LP,LP,false,33,45.00,40.00,60.00,MAXIMIZE_CONVERSIONS,SMART,none,
garten jobs,BROAD,EX | 25 | CH | SEARCH | LEAD | Gärtner,AG | RSA | Gärtner,23468547546,197528102051,301655667966,,412,27,28.19,1.04,2.00,0.00,4,AVG,AVG,BELOW_AVG,UNSTABLE_QS,GENERIC,LP,LP,false,2472,14.39,56.84,10.29,MAXIMIZE_CONVERSIONS,SMART,none,
gärtner stellenangebot,BROAD,EX | 25 | CH | SEARCH | LEAD | Gärtner,AG | RSA | Gärtner,23468547546,197528102051,305961883638,,140,3,2.51,0.84,0.00,0.00,,NULL,NULL,NULL,QS_NULL,GENERIC,NONE,,false,0,13.64,57.58,9.99,MAXIMIZE_CONVERSIONS,SMART,none,
job als gärtner,BROAD,EX | 25 | CH | SEARCH | LEAD | Gärtner,AG | RSA | Gärtner,23468547546,197528102051,309840000403,,636,81,117.84,1.45,1.00,0.00,7,ABOVE_AVG,ABOVE_AVG,BELOW_AVG,UNSTABLE_QS,GENERIC,LP,LP,true,1908,16.92,55.35,12.03,MAXIMIZE_CONVERSIONS,SMART,none,
job gartenbau,PHRASE,EX | 25 | CH | SEARCH | LEAD | Gärtner,AG | RSA | Gärtner,23468547546,197528102051,311288382361,,108,12,12.78,1.06,0.00,0.00,,NULL,NULL,NULL,QS_NULL,GENERIC,NONE,,false,0,15.63,61.65,11.04,MAXIMIZE_CONVERSIONS,SMART,none,
gärtner jobs zürich,EXACT,EX | 25 | CH | SEARCH | LEAD | Gärtner,AG | RSA | Gärtner,23468547546,197528102051,315983469720,,6,0,0.00,,0.00,0.00,5,ABOVE_AVG,AVG,BELOW_AVG,UNSTABLE_QS,GENERIC,LP,LP,false,30,22.73,59.09,9.99,MAXIMIZE_CONVERSIONS,SMART,none,
gärtner arbeit,BROAD,EX | 25 | CH | SEARCH | LEAD | Gärtner,AG | RSA | Gärtner,23468547546,197528102051,326070154523,,139,13,15.31,1.18,0.00,0.00,5,ABOVE_AVG,AVG,BELOW_AVG,UNSTABLE_QS,GENERIC,LP,LP,false,695,14.68,57.80,11.14,MAXIMIZE_CONVERSIONS,SMART,none,
gartenhilfe jobs,PHRASE,EX | 25 | CH | SEARCH | LEAD | Gärtner,AG | RSA | Gärtner,23468547546,197528102051,353147795246,,60,3,1.41,0.47,0.00,0.00,7,ABOVE_AVG,ABOVE_AVG,BELOW_AVG,UNSTABLE_QS,GENERIC,LP,LP,false,180,24.17,59.17,17.86,MAXIMIZE_CONVERSIONS,SMART,none,
zierpflanzengärtner jobs,PHRASE,EX | 25 | CH | SEARCH | LEAD | Gärtner,AG | RSA | Gärtner,23468547546,197528102051,359009509824,,0,0,0.00,,0.00,0.00,5,ABOVE_AVG,AVG,BELOW_AVG,UNSTABLE_QS,GENERIC,LP,LP,false,0,9.99,90.01,9.99,MAXIMIZE_CONVERSIONS,SMART,none,
hilfsgärtner jobs,BROAD,EX | 25 | CH | SEARCH | LEAD | Gärtner,AG | RSA | Gärtner,23468547546,197528102051,362639620732,,200,15,19.19,1.28,0.00,0.00,5,ABOVE_AVG,AVG,BELOW_AVG,UNSTABLE_QS,GENERIC,LP,LP,false,1000,13.08,61.10,9.99,MAXIMIZE_CONVERSIONS,SMART,none,
gartenbauhelfer jobs,PHRASE,EX | 25 | CH | SEARCH | LEAD | Gärtner,AG | RSA | Gärtner,23468547546,197528102051,383696322644,,0,0,0.00,,0.00,0.00,1,BELOW_AVG,BELOW_AVG,BELOW_AVG,UNSTABLE_QS,GENERIC,MULTIPLE,AR|ECTR|LP,false,0,,,,MAXIMIZE_CONVERSIONS,SMART,none,
gartenbau jobsuche,PHRASE,EX | 25 | CH | SEARCH | LEAD | Gärtner,AG | RSA | Gärtner,23468547546,197528102051,442474665585,,151,8,6.56,0.82,0.00,0.00,,NULL,NULL,NULL,QS_NULL,GENERIC,NONE,,false,0,16.28,61.14,9.99,MAXIMIZE_CONVERSIONS,SMART,none,
gardener jobs,PHRASE,EX | 25 | CH | SEARCH | LEAD | Gärtner,AG | RSA | Gärtner,23468547546,197528102051,487770634312,,9,1,1.14,1.14,0.00,0.00,,NULL,NULL,NULL,QS_NULL,GENERIC,NONE,,false,0,25.00,43.75,20.69,MAXIMIZE_CONVERSIONS,SMART,none,
gärtner stellen basel,EXACT,EX | 25 | CH | SEARCH | LEAD | Gärtner,AG | RSA | Gärtner,23468547546,197528102051,514943179108,,42,1,1.64,1.64,0.00,0.00,5,ABOVE_AVG,AVG,BELOW_AVG,UNSTABLE_QS,GENERIC,LP,LP,false,210,21.43,58.33,14.10,MAXIMIZE_CONVERSIONS,SMART,none,
gärtner job in der nähe,EXACT,EX | 25 | CH | SEARCH | LEAD | Gärtner,AG | RSA | Gärtner,23468547546,197528102051,2565618609832,,1,0,0.00,,0.00,0.00,7,ABOVE_AVG,ABOVE_AVG,BELOW_AVG,UNSTABLE_QS,GENERIC,LP,LP,false,3,50.00,50.00,9.99,MAXIMIZE_CONVERSIONS,SMART,none,
cnc jobs,BROAD,EX | 26 | CH | SEARCH | LEAD | Metallbaukonstrukteur,AG | RSA | Metallbaukonstukteur,23478160315,198596624624,18621642,,48,1,0.27,0.27,0.00,0.00,5,ABOVE_AVG,AVG,BELOW_AVG,UNSTABLE_QS,GENERIC,LP,LP,false,240,22.45,67.35,16.67,MAXIMIZE_CONVERSIONS,SMART,none,
jobs metallbaukonstrukteur,BROAD,EX | 26 | CH | SEARCH | LEAD | Metallbaukonstrukteur,AG | RSA | Metallbaukonstukteur,23478160315,198596624624,382257075747,,360,32,46.20,1.44,1.99,0.00,,NULL,NULL,NULL,QS_NULL,GENERIC,NONE,,false,0,12.83,57.60,9.99,MAXIMIZE_CONVERSIONS,SMART,none,
stellen metallbaukonstrukteur,BROAD,EX | 26 | CH | SEARCH | LEAD | Metallbaukonstrukteur,AG | RSA | Metallbaukonstukteur,23478160315,198596624624,575736412518,,220,25,23.44,0.94,0.00,0.00,,NULL,NULL,NULL,QS_NULL,GENERIC,NONE,,false,0,10.34,60.34,9.99,MAXIMIZE_CONVERSIONS,SMART,none,
jobs bohrtechnik,BROAD,EX | 26 | CH | SEARCH | LEAD | Grundbauer,AG | RSA | Grundbauer,23473608146,200330564308,314816992459,,0,0,0.00,,0.00,0.00,,NULL,NULL,NULL,QS_NULL,GENERIC,NONE,,false,0,,,,MAXIMIZE_CONVERSIONS,SMART,none,
stellenangebote tiefbaufacharbeiter,BROAD,EX | 26 | CH | SEARCH | LEAD | Grundbauer,AG | RSA | Grundbauer,23473608146,200330564308,343355616713,,620,55,91.68,1.67,0.50,0.00,,NULL,NULL,NULL,QS_NULL,GENERIC,NONE,,true,0,10.53,58.42,9.99,MAXIMIZE_CONVERSIONS,SMART,none,
spezialtiefbau stellen,BROAD,EX | 26 | CH | SEARCH | LEAD | Grundbauer,AG | RSA | Grundbauer,23473608146,200330564308,358066503254,,1444,127,233.00,1.83,3.00,0.00,,NULL,NULL,NULL,QS_NULL,GENERIC,NONE,,true,0,14.14,54.39,9.99,MAXIMIZE_CONVERSIONS,SMART,none,
facharbeiter tiefbau,BROAD,EX | 26 | CH | SEARCH | LEAD | Grundbauer,AG | RSA | Grundbauer,23473608146,200330564308,388769533905,,275,26,43.62,1.68,3.00,0.00,,NULL,NULL,NULL,QS_NULL,GENERIC,NONE,,false,0,10.17,58.67,9.99,MAXIMIZE_CONVERSIONS,SMART,none,
grundbauer efz,BROAD,EX | 26 | CH | SEARCH | LEAD | Grundbauer,AG | RSA | Grundbauer,23473608146,200330564308,751650962057,,0,0,0.00,,0.00,0.00,,NULL,NULL,NULL,QS_NULL,GENERIC,NONE,,false,0,9.99,90.01,9.99,MAXIMIZE_CONVERSIONS,SMART,none,
klemm bohrtechnik stellenangebote,BROAD,EX | 26 | CH | SEARCH | LEAD | Grundbauer,AG | RSA | Grundbauer,23473608146,200330564308,2463235997703,,0,0,0.00,,0.00,0.00,,NULL,NULL,NULL,QS_NULL,GENERIC,NONE,,false,0,,,,MAXIMIZE_CONVERSIONS,SMART,none,
